Unity Editor version:    6000.5.2f1 (eb73d3b415a1)
Branch:                  6000.5/staging
Build type:              Release
Batch mode:              YES
macOS version:           Version 26.6.2 (Build 25G83)
Darwin version:          25.6.0
Architecture:            arm64
Running under Rosetta:   NO
Available memory:        65536 MB
Date:                    2026-08-27T05:11:06Z
[Licensing::Module] Trying to connect to existing licensing client channel...
[Licensing::IpcConnector] Successfully connected to: "LicenseClient-andrew" at "2026-08-27T05:11:06.826891Z"

COMMAND LINE ARGUMENTS:
/Applications/Unity/Hub/Editor/6000.5.2f1/Unity.app/Contents/MacOS/Unity
-adb2
-batchMode
-noUpm
-name
AssetImportWorkerHW0
-projectPath
/Users/andrew/ProyectosPersonales/Umbra/My project
-logFile
Logs/AssetImportWorkerHW0.log
-srvPort
52994
-parentPid
97100
-analyticsCloudUserId
4674182019760
-analyticsLocalProjectId
ebef308b1ca9040b5ab5911f4506d894
-licensingIpc
LicenseClient-andrew
-noDiagnosticSwitchPersistentStore
-job-worker-count
8
-background-job-worker-count
8
-asset-garbage-collectors
1
-force-metal
-name AssetImport
Successfully changed project path to: /Users/andrew/ProyectosPersonales/Umbra/My project
/Users/andrew/ProyectosPersonales/Umbra/My project
[UnityMemory] Configuration Parameters - Can be set up in boot.config
    "memorysetup-temp-allocator-size-gi-baking-worker=262144"
    "memorysetup-temp-allocator-size-gi-baking-worker=262144"
    "memorysetup-temp-allocator-size-gi-baking-worker=262144"
    "memorysetup-temp-allocator-size-gi-baking-worker=262144"
    "memorysetup-temp-allocator-size-gi-baking-worker=262144"
    "memorysetup-temp-allocator-size-nav-mesh-worker=65536"
    "memorysetup-temp-allocator-size-audio-worker=65536"
    "memorysetup-temp-allocator-size-cloud-worker=32768"
    "memorysetup-allocator-temp-initial-block-size-main=262144"
    "memorysetup-allocator-temp-initial-block-size-worker=262144"
    "memorysetup-temp-allocator-size-preload-manager=33554432"
    "memorysetup-temp-allocator-size-gfx=262144"
    "memorysetup-temp-allocator-size-background-worker=32768"
    "memorysetup-temp-allocator-size-job-worker=262144"
    "memorysetup-bucket-allocator-granularity=16"
    "memorysetup-bucket-allocator-bucket-count=8"
    "memorysetup-bucket-allocator-block-size=33554432"
    "memorysetup-bucket-allocator-block-count=8"
    "memorysetup-main-allocator-block-size=16777216"
    "memorysetup-thread-allocator-block-size=16777216"
    "memorysetup-main-allocator-mimalloc-enabled=0"
    "memorysetup-gfx-main-allocator-block-size=16777216"
    "memorysetup-gfx-thread-allocator-block-size=16777216"
    "memorysetup-cache-allocator-block-size=4194304"
    "memorysetup-typetree-allocator-block-size=2097152"
    "memorysetup-profiler-bucket-allocator-granularity=16"
    "memorysetup-profiler-bucket-allocator-bucket-count=8"
    "memorysetup-profiler-bucket-allocator-block-size=33554432"
    "memorysetup-profiler-bucket-allocator-block-count=8"
    "memorysetup-profiler-allocator-block-size=16777216"
    "memorysetup-profiler-editor-allocator-block-size=1048576"
    "memorysetup-temp-allocator-size-main=16777216"
    "memorysetup-job-temp-allocator-block-size=2097152"
    "memorysetup-job-temp-allocator-block-size-background=1048576"
    "memorysetup-job-temp-allocator-reduction-small-platforms=262144"
Player connection [8492917120]  Target information:

Player connection [8492917120]  * "[IP] 192.168.18.27 [Port] 0 [Flags] 2 [Guid] 3012835208 [EditorId] 3012835208 [Version] 1048832 [Id] OSXEditor(0,Andrews-MacBook-Pro.local) [Debug] 1 [PackageName] OSXEditor [ProjectName] Editor" 

Player connection [8492917120] Host joined multi-casting on [225.0.0.222:54997]...
Player connection [8492917120] Host joined alternative multi-casting on [225.0.0.222:34997]...
JobSystem: Creating JobQueue using job-worker-count value 8
Input System module state changed to: Initialized.
[Physics::Module] Initialized fallback backend.
[Physics::Module] Id: 0xdecafbad
Library Redirect Path: Library/
[Licensing::Client] Error: HandshakeResponse reported an error:
	ResponseCode: 505
	ResponseStatus: Unsupported protocol version '1.18.1'.
[Licensing::Module] Error: Failed to handshake to channel: "LicenseClient-andrew"
[Licensing::IpcConnector] LicenseClient-andrew channel disconnected successfully.
[Licensing::IpcConnector] Successfully connected to: "LicenseClient-andrew-6000.5.2" at "2026-08-27T05:11:07.01421Z"
[Physics::Module] Selected backend.
[Physics::Module] Name: PhysX
[Physics::Module] Id: 0xf2b8ea05
[Physics::Module] SDK Version: 4.1.2
[Physics::Module] Integration Version: 1.0.0
[Physics::Module] Threading Mode: Multi-Threaded
Initialize engine version: 6000.5.2f1 (eb73d3b415a1)
[Subsystems] Discovering subsystems at path /Applications/Unity/Hub/Editor/6000.5.2f1/Unity.app/Contents/Resources/UnitySubsystems
[Subsystems] Discovering subsystems at path /Users/andrew/ProyectosPersonales/Umbra/My project/Assets
Forcing GfxDevice: Metal
GfxDevice: creating device client; kGfxThreadingModeNonThreaded
 preferred device: Apple M5 Pro (high power)
Metal devices available: 1
0: Apple M5 Pro (high power)
Using device Apple M5 Pro (high power)
Initializing Metal device caps: Apple M5 Pro
Mac GPU Family: 2
Apple GPU Family: 9
MSL Version: 3.0
Has Float MSAA: 1
Has Float Filtering: 1
ReadWrite Texture Tier: 2
Initialize mono
Mono path[0] = '/Applications/Unity/Hub/Editor/6000.5.2f1/Unity.app/Contents/Resources/Scripting/Managed'
Mono path[1] = '/Applications/Unity/Hub/Editor/6000.5.2f1/Unity.app/Contents/Resources/Scripting/BCLExtensions/runtime/netstandard2.1'
Mono path[2] = '/Applications/Unity/Hub/Editor/6000.5.2f1/Unity.app/Contents/Resources/Scripting/MonoBleedingEdge/lib/mono/unityjit-macos'
Mono config path = '/Applications/Unity/Hub/Editor/6000.5.2f1/Unity.app/Contents/Resources/Scripting/MonoBleedingEdge/etc'
Using monoOptions --debugger-agent=transport=dt_socket,embedding=1,server=y,suspend=n,address=127.0.0.1:56302
CodeReloadManager initialized
Begin MonoManager ReloadAssembly
Registering precompiled unity dll's ...
Register platform support module: /Applications/Unity/Hub/Editor/6000.5.2f1/PlaybackEngines/WebGLSupport/UnityEditor.WebGL.Extensions.dll
Register platform support module: /Applications/Unity/Hub/Editor/6000.5.2f1/PlaybackEngines/MacStandaloneSupport/UnityEditor.OSXStandalone.Extensions.dll
Registered in 0.000298 seconds.
[Licensing::Client] Handshaking with LicensingClient:
  Version:                 1.18.1+9fbee8e
  Session Id:              e472d5af217d410a802f8d37d7329914
  Correlation Id:          576b808cb2462d49c5659e85a1154e88
  External correlation Id: 8997933070993905813
  Machine Id:              66r/rhb9bTTSFebFiCDkGiNyYkw=
[Licensing::Module] Successfully connected to LicensingClient on channel: "LicenseClient-andrew-6000.5.2" (connect: 0.00s, validation: 0.00s, handshake: 0.16s)
[Licensing::IpcConnector] Successfully connected to: "LicenseClient-andrew-6000.5.2-notifications" at "2026-08-27T05:11:07.178537Z"
[Licensing::Module] Licensing Background thread has ended after 0.35s
Native extension for OSXStandalone target not found
Native extension for WebGL target not found
Package Manager log level set to [2]
[Package Manager] Failed to launch server process. Reason: Unity was launched with the -noUpm command-line argument
[Package Manager] Unable to send message (not connected to server process).
[Package Manager] Cannot connect to Unity Package Manager local server
ScheduleIndexationOnStartup MainProcess:False IndexOnStartup:True
Mono: successfully reloaded assembly
- Finished resetting the current domain, in  0.161 seconds
Domain Reload Profiling: 355ms
	BeginReloadAssembly (37ms)
	RebuildNativeTypeToScriptingClass (8ms)
	initialDomainReloadingComplete (23ms)
	LoadAllAssembliesAndSetupDomain (123ms)
		LoadAssemblies (37ms)
		AnalyzeDomain (91ms)
			TypeCache.Refresh (91ms)
				TypeCache.ScanAssembly (83ms)
	FinalizeReload (161ms)
		SetupLoadedEditorAssemblies (0ms)
			BeforeProcessingInitializeOnLoad (38ms)
			ProcessInitializeOnLoadAttributes (43ms)
			ProcessInitializeOnLoadMethodAttributes (47ms)
Initializing Unity extensions:
[Licensing::Client] Successfully resolved entitlement details
[Licensing::Module] License group:
  Id: 4674181853197-u20227680mnb4xu41-UnityProStuXXXX
  Product: Unity Student
  Type: Assigned
  Expiration: 2027-04-01T02:31:37Z
[CoreBusinessMetrics] Unexpected thread when updating session info.
========================================================================
Worker process is ready to serve import requests
Import Worker Mode flag is 0x00
Begin MonoManager ReloadAssembly
Native extension for OSXStandalone target not found
Native extension for WebGL target not found
[Package Manager] Failed to launch server process. Reason: Unity was launched with the -noUpm command-line argument
[Package Manager] Unable to send message (not connected to server process).
[Package Manager] Cannot connect to Unity Package Manager local server
ScheduleIndexationOnStartup MainProcess:False IndexOnStartup:True
Mono: successfully reloaded assembly
- Finished resetting the current domain, in  0.163 seconds
Domain Reload Profiling: 297ms
	BeginReloadAssembly (61ms)
		CreateAndSetChildDomain (10ms)
	RebuildCommonClasses (4ms)
	RebuildNativeTypeToScriptingClass (7ms)
	initialDomainReloadingComplete (12ms)
	LoadAllAssembliesAndSetupDomain (50ms)
		LoadAssemblies (27ms)
		AnalyzeDomain (11ms)
			TypeCache.Refresh (7ms)
				TypeCache.ScanAssembly (4ms)
			BuildScriptInfoCaches (3ms)
	FinalizeReload (164ms)
		SetupLoadedEditorAssemblies (0ms)
			BeforeProcessingInitializeOnLoad (39ms)
			ProcessInitializeOnLoadAttributes (30ms)
			ProcessInitializeOnLoadMethodAttributes (32ms)
AcceleratorClientConnectionCallback - disconnected - :0
Launching external process: /Applications/Unity/Hub/Editor/6000.5.2f1/Unity.app/Contents/Helpers/UnityShaderCompiler
Launched and connected shader compiler UnityShaderCompiler after 0.02 seconds
Unloading 1 Unused Serialized files (Serialized files now loaded: 0)
Curl error 3: URL rejected: Error
Unloading 439 unused Assets / (123.4 KB). Loaded Objects now: 1044.
Memory consumption went from 82.8 MB to 82.6 MB.
Total: 2.806125 ms (FindLiveObjects: 0.029042 ms CreateObjectMapping: 0.030292 ms MarkObjects: 2.630583 ms  DeleteObjects: 0.115750 ms)

========================================================================
Received Import Request.
  Time of request: 2026-08-27T05:11:07.869226Z
  Time since last request: 343247.87811416597106 seconds.
  importAddress: GUID: 92a378669877c05c6071d0fed687bb95 - Path: Packages/com.unity.modules.tilemap/package.json - Importer: ScriptedImporter/UnityEditor.QuickSearchModule:UnityEditor.Search:ASIAI0B
Importing 'GUID: 92a378669877c05c6071d0fed687bb95 - Path: Packages/com.unity.modules.tilemap/package.json - Importer: ScriptedImporter/UnityEditor.QuickSearchModule:UnityEditor.Search:ASIAI0B' with importer (ScriptedImporter : UnityEditor.QuickSearchModule:UnityEditor.Search:ASIAI0B)
Imported 'GUID: 92a378669877c05c6071d0fed687bb95' -> (Import Result ID: '29f0e0b046b10184b87d81abd2c92b6f') in 0.041 seconds [static and dynamic dependencies]. Details - ImportResultOutputID=fb6bf2c4342486bc292fa8e1dfb82659 DependenciesID=4ec464d6f6224e6aa9aabb6e5975872f StaticDependenciesID=e91b9a913a6d17ff4cd84c28f21a4a56 
Number of updated asset objects reloaded before import = 0
Number of asset objects unloaded after import = 1
========================================================================
Received Import Request.
  Time of request: 2026-08-27T05:11:07.910477Z
  Time since last request: 0.00024675 seconds.
  importAddress: GUID: 23032f4383e95e772bce465c5896d0fd - Path: Packages/com.unity.modules.terrain/package.ModuleCompilationTrigger - Importer: ScriptedImporter/UnityEditor.QuickSearchModule:UnityEditor.Search:ASIAI0B
Importing 'GUID: 23032f4383e95e772bce465c5896d0fd - Path: Packages/com.unity.modules.terrain/package.ModuleCompilationTrigger - Importer: ScriptedImporter/UnityEditor.QuickSearchModule:UnityEditor.Search:ASIAI0B' with importer (ScriptedImporter : UnityEditor.QuickSearchModule:UnityEditor.Search:ASIAI0B)
Imported 'GUID: 23032f4383e95e772bce465c5896d0fd' -> (Import Result ID: '3dacaf82520cb4df611fb40cbd50ae10') in 0.001 seconds [static and dynamic dependencies]. Details - ImportResultOutputID=eeae141f9c2a826f3a09165769749912 DependenciesID=cce4e4238e982cc92e3d77649490bb6e StaticDependenciesID=fc371b15f371670ef053e0db2f8e8852 
Number of updated asset objects reloaded before import = 0
Number of asset objects unloaded after import = 1
========================================================================
Received Import Request.
  Time of request: 2026-08-27T05:11:07.912094Z
  Time since last request: 0.000224375 seconds.
  importAddress: GUID: ae856fabe171745289a6ad20fcee3ffe - Path: Assets/Scripts/KillZone.cs - Importer: ScriptedImporter/UnityEditor.QuickSearchModule:UnityEditor.Search:ASIAI0B
Importing 'GUID: ae856fabe171745289a6ad20fcee3ffe - Path: Assets/Scripts/KillZone.cs - Importer: ScriptedImporter/UnityEditor.QuickSearchModule:UnityEditor.Search:ASIAI0B' with importer (ScriptedImporter : UnityEditor.QuickSearchModule:UnityEditor.Search:ASIAI0B)
Imported 'GUID: ae856fabe171745289a6ad20fcee3ffe' -> (Import Result ID: 'fb2972dcc73157933f0a6e31aa3f5fb9') in 0.007 seconds [static and dynamic dependencies]. Details - ImportResultOutputID=aedbd342b86c0a28f3c2e2113d5c91ce DependenciesID=de263f75172212ecbf357176e18dfdb9 StaticDependenciesID=c659b9e99adeb167405d7c4d6f246be4 
Number of updated asset objects reloaded before import = 0
Number of asset objects unloaded after import = 0
========================================================================
Received Import Request.
  Time of request: 2026-08-27T05:11:07.919694Z
  Time since last request: 0.000232417 seconds.
  importAddress: GUID: ea11495227d864849bdb4fa69e931cbc - Path: Packages/com.unity.ugui/Editor/Analytics/UGUIBuildAnalytics.cs - Importer: ScriptedImporter/UnityEditor.QuickSearchModule:UnityEditor.Search:ASIAI0B
Importing 'GUID: ea11495227d864849bdb4fa69e931cbc - Path: Packages/com.unity.ugui/Editor/Analytics/UGUIBuildAnalytics.cs - Importer: ScriptedImporter/UnityEditor.QuickSearchModule:UnityEditor.Search:ASIAI0B' with importer (ScriptedImporter : UnityEditor.QuickSearchModule:UnityEditor.Search:ASIAI0B)
Imported 'GUID: ea11495227d864849bdb4fa69e931cbc' -> (Import Result ID: 'cfe83176f3de6aa6336a135f31864e8d') in 0.001 seconds [static and dynamic dependencies]. Details - ImportResultOutputID=7d68087df1c9747e4ae1d28638ea4980 DependenciesID=154f2e1d1ac61bf8cceb210e32ad4f78 StaticDependenciesID=ae50e8b1df61b2bf3daeed1729706cdf 
Number of updated asset objects reloaded before import = 0
Number of asset objects unloaded after import = 0
========================================================================
Received Import Request.
  Time of request: 2026-08-27T05:11:07.920749Z
  Time since last request: 0.0001455 seconds.
  importAddress: GUID: ff6d34f71e1a6af4290f9275ff94616c - Path: Packages/com.unity.ugui/Editor/Analytics/UGUIAnalytics.cs - Importer: ScriptedImporter/UnityEditor.QuickSearchModule:UnityEditor.Search:ASIAI0B
Importing 'GUID: ff6d34f71e1a6af4290f9275ff94616c - Path: Packages/com.unity.ugui/Editor/Analytics/UGUIAnalytics.cs - Importer: ScriptedImporter/UnityEditor.QuickSearchModule:UnityEditor.Search:ASIAI0B' with importer (ScriptedImporter : UnityEditor.QuickSearchModule:UnityEditor.Search:ASIAI0B)
Imported 'GUID: ff6d34f71e1a6af4290f9275ff94616c' -> (Import Result ID: '93b07bf2028fe2043479771be8efd2d3') in 0.001 seconds [static and dynamic dependencies]. Details - ImportResultOutputID=4657727d19883df85efa119487cbba0c DependenciesID=e94290dba2f2bb108a06f2d82a9f4e55 StaticDependenciesID=8d3b4e49f43d0f374da179d5fb00e65d 
Number of updated asset objects reloaded before import = 0
Number of asset objects unloaded after import = 0
========================================================================
Received Import Request.
  Time of request: 2026-08-27T05:11:07.921551Z
  Time since last request: 0.000142041 seconds.
  importAddress: GUID: 6e6fa6c68ac544f77832f72ae596d7bd - Path: Assets/Scripts/Hazard.cs - Importer: ScriptedImporter/UnityEditor.QuickSearchModule:UnityEditor.Search:ASIAI0B
Importing 'GUID: 6e6fa6c68ac544f77832f72ae596d7bd - Path: Assets/Scripts/Hazard.cs - Importer: ScriptedImporter/UnityEditor.QuickSearchModule:UnityEditor.Search:ASIAI0B' with importer (ScriptedImporter : UnityEditor.QuickSearchModule:UnityEditor.Search:ASIAI0B)
Imported 'GUID: 6e6fa6c68ac544f77832f72ae596d7bd' -> (Import Result ID: '9d73fc5b424d475260a4ba39821eb72d') in 0.001 seconds [static and dynamic dependencies]. Details - ImportResultOutputID=9ce24c03c871aa527bcf27733c4938fd DependenciesID=5ebae5ac56bdd814f65d8b9aadd77c62 StaticDependenciesID=06d9c87080a3a6b23c238e4b9df9e6d4 
Number of updated asset objects reloaded before import = 0
Number of asset objects unloaded after import = 0
========================================================================
Received Import Request.
  Time of request: 2026-08-27T05:11:07.9223Z
  Time since last request: 0.000124875 seconds.
  importAddress: GUID: c851bee4305bddf438cc6ffc515991ce - Path: Packages/com.unity.ugui/CHANGELOG.md - Importer: ScriptedImporter/UnityEditor.QuickSearchModule:UnityEditor.Search:ASIAI0B
Importing 'GUID: c851bee4305bddf438cc6ffc515991ce - Path: Packages/com.unity.ugui/CHANGELOG.md - Importer: ScriptedImporter/UnityEditor.QuickSearchModule:UnityEditor.Search:ASIAI0B' with importer (ScriptedImporter : UnityEditor.QuickSearchModule:UnityEditor.Search:ASIAI0B)
Imported 'GUID: c851bee4305bddf438cc6ffc515991ce' -> (Import Result ID: '9ddce6bc9424d9c5d50fdfe4826ebbd0') in 0.001 seconds [static and dynamic dependencies]. Details - ImportResultOutputID=c783fc67c581a1fece4b32a50fa73641 DependenciesID=49795451743c627d701ac1a670ac4eb5 StaticDependenciesID=2c56db5477890bb2df3d4dec75d235bd 
Number of updated asset objects reloaded before import = 0
Number of asset objects unloaded after import = 1
========================================================================
Received Import Request.
  Time of request: 2026-08-27T05:11:07.923632Z
  Time since last request: 0.000154459 seconds.
  importAddress: GUID: ed4f9a56c23b34d62a6044a1af99c08b - Path: Assets/Scripts/ParallaxLayer.cs - Importer: ScriptedImporter/UnityEditor.QuickSearchModule:UnityEditor.Search:ASIAI0B
Importing 'GUID: ed4f9a56c23b34d62a6044a1af99c08b - Path: Assets/Scripts/ParallaxLayer.cs - Importer: ScriptedImporter/UnityEditor.QuickSearchModule:UnityEditor.Search:ASIAI0B' with importer (ScriptedImporter : UnityEditor.QuickSearchModule:UnityEditor.Search:ASIAI0B)
Imported 'GUID: ed4f9a56c23b34d62a6044a1af99c08b' -> (Import Result ID: '830fcedbca09706df564331e340eeede') in 0.001 seconds [static and dynamic dependencies]. Details - ImportResultOutputID=3d90ce8cce5ae9e2d384c1790c8a37f9 DependenciesID=a49dd9739efc81960fbd826784322adf StaticDependenciesID=f8aa1fca64d3b0b09fb1e96c64bdd6aa 
Number of updated asset objects reloaded before import = 0
Number of asset objects unloaded after import = 0
========================================================================
Received Import Request.
  Time of request: 2026-08-27T05:11:07.924448Z
  Time since last request: 0.000216583 seconds.
  importAddress: GUID: be13c398521e3c1ad21fb9da30ab2ab6 - Path: Packages/com.unity.modules.imgui/package.ModuleCompilationTrigger - Importer: ScriptedImporter/UnityEditor.QuickSearchModule:UnityEditor.Search:ASIAI0B
Importing 'GUID: be13c398521e3c1ad21fb9da30ab2ab6 - Path: Packages/com.unity.modules.imgui/package.ModuleCompilationTrigger - Importer: ScriptedImporter/UnityEditor.QuickSearchModule:UnityEditor.Search:ASIAI0B' with importer (ScriptedImporter : UnityEditor.QuickSearchModule:UnityEditor.Search:ASIAI0B)
Imported 'GUID: be13c398521e3c1ad21fb9da30ab2ab6' -> (Import Result ID: '65376f95772553dad2e8b38feed87be1') in 0.001 seconds [static and dynamic dependencies]. Details - ImportResultOutputID=7b25d2c6dfde607a280442b42ac444dd DependenciesID=0e2fd24ea46c3958fd7b00932aca408c StaticDependenciesID=23d83c430a55fb13dee161f0931fb777 
Number of updated asset objects reloaded before import = 0
Number of asset objects unloaded after import = 1
========================================================================
Received Import Request.
  Time of request: 2026-08-27T05:11:07.925402Z
  Time since last request: 0.000189458 seconds.
  importAddress: GUID: 8a752aaaadd2410dd9a84e01c1bace9f - Path: Packages/com.unity.modules.uielements/package.ModuleCompilationTrigger - Importer: ScriptedImporter/UnityEditor.QuickSearchModule:UnityEditor.Search:ASIAI0B
Importing 'GUID: 8a752aaaadd2410dd9a84e01c1bace9f - Path: Packages/com.unity.modules.uielements/package.ModuleCompilationTrigger - Importer: ScriptedImporter/UnityEditor.QuickSearchModule:UnityEditor.Search:ASIAI0B' with importer (ScriptedImporter : UnityEditor.QuickSearchModule:UnityEditor.Search:ASIAI0B)
Imported 'GUID: 8a752aaaadd2410dd9a84e01c1bace9f' -> (Import Result ID: '01d4171e034bfae5750fab9ca3be545f') in 0.001 seconds [static and dynamic dependencies]. Details - ImportResultOutputID=0c3eb61bd238bd50b4b717b1b39f60a2 DependenciesID=8b9db9843dc267b56eafb8a89dee0c99 StaticDependenciesID=2dc8ca83857e0ac330035800252f43a3 
Number of updated asset objects reloaded before import = 0
Number of asset objects unloaded after import = 1
========================================================================
Received Import Request.
  Time of request: 2026-08-27T05:11:07.926207Z
  Time since last request: 0.000138792 seconds.
  importAddress: GUID: 4f0f9b9f3ed97ad2b9ba8f1a8e4666c2 - Path: Packages/com.unity.modules.uielements/package.json - Importer: ScriptedImporter/UnityEditor.QuickSearchModule:UnityEditor.Search:ASIAI0B
Importing 'GUID: 4f0f9b9f3ed97ad2b9ba8f1a8e4666c2 - Path: Packages/com.unity.modules.uielements/package.json - Importer: ScriptedImporter/UnityEditor.QuickSearchModule:UnityEditor.Search:ASIAI0B' with importer (ScriptedImporter : UnityEditor.QuickSearchModule:UnityEditor.Search:ASIAI0B)
Imported 'GUID: 4f0f9b9f3ed97ad2b9ba8f1a8e4666c2' -> (Import Result ID: '657bc91855c9036df62e86b9a0ed2cdd') in 0.001 seconds [static and dynamic dependencies]. Details - ImportResultOutputID=056ef3c9b3500611f9e163c8fce524b8 DependenciesID=1519628155f59e6445852ce53b9435a7 StaticDependenciesID=54bfc42101a5c555539e63fcd712eca9 
Number of updated asset objects reloaded before import = 0
Number of asset objects unloaded after import = 1
========================================================================
Received Import Request.
  Time of request: 2026-08-27T05:11:07.926949Z
  Time since last request: 0.000122792 seconds.
  importAddress: GUID: 6d56244f8c39a851975d3c0bd432c66f - Path: Packages/com.unity.modules.terrain/package.json - Importer: ScriptedImporter/UnityEditor.QuickSearchModule:UnityEditor.Search:ASIAI0B
Importing 'GUID: 6d56244f8c39a851975d3c0bd432c66f - Path: Packages/com.unity.modules.terrain/package.json - Importer: ScriptedImporter/UnityEditor.QuickSearchModule:UnityEditor.Search:ASIAI0B' with importer (ScriptedImporter : UnityEditor.QuickSearchModule:UnityEditor.Search:ASIAI0B)
Imported 'GUID: 6d56244f8c39a851975d3c0bd432c66f' -> (Import Result ID: 'dc1876f72148dfeca26c8599e142f603') in 0.001 seconds [static and dynamic dependencies]. Details - ImportResultOutputID=d5c230d7e7e3a1e2ede766fd4b63a69e DependenciesID=0ab0bc0963ec8273588d31390917c9f6 StaticDependenciesID=494b22839cc77ecf6a0f620fefff4ae4 
Number of updated asset objects reloaded before import = 0
Number of asset objects unloaded after import = 1
========================================================================
Received Import Request.
  Time of request: 2026-08-27T05:11:07.927655Z
  Time since last request: 0.000135917 seconds.
  importAddress: GUID: e1ef8466c8fd01a549f10baa4d51fa17 - Path: Packages/com.unity.modules.assetbundle/package.json - Importer: ScriptedImporter/UnityEditor.QuickSearchModule:UnityEditor.Search:ASIAI0B
Importing 'GUID: e1ef8466c8fd01a549f10baa4d51fa17 - Path: Packages/com.unity.modules.assetbundle/package.json - Importer: ScriptedImporter/UnityEditor.QuickSearchModule:UnityEditor.Search:ASIAI0B' with importer (ScriptedImporter : UnityEditor.QuickSearchModule:UnityEditor.Search:ASIAI0B)
Imported 'GUID: e1ef8466c8fd01a549f10baa4d51fa17' -> (Import Result ID: '5446f4d1aac93a76f3f856899633e636') in 0.001 seconds [static and dynamic dependencies]. Details - ImportResultOutputID=c38315dc9d8a6e6761c5996f93059ea0 DependenciesID=24efc750e12f0deb5cef39281df3e246 StaticDependenciesID=8813b598e56cee2bc24e7d0ae2c03c50 
Number of updated asset objects reloaded before import = 0
Number of asset objects unloaded after import = 1
========================================================================
Received Import Request.
  Time of request: 2026-08-27T05:11:07.92855Z
  Time since last request: 0.00016825 seconds.
  importAddress: GUID: 3c2269d796bed4f17adb0bb9b6d5d982 - Path: Assets/Scripts/TimedPlatform.cs - Importer: ScriptedImporter/UnityEditor.QuickSearchModule:UnityEditor.Search:ASIAI0B
Importing 'GUID: 3c2269d796bed4f17adb0bb9b6d5d982 - Path: Assets/Scripts/TimedPlatform.cs - Importer: ScriptedImporter/UnityEditor.QuickSearchModule:UnityEditor.Search:ASIAI0B' with importer (ScriptedImporter : UnityEditor.QuickSearchModule:UnityEditor.Search:ASIAI0B)
Imported 'GUID: 3c2269d796bed4f17adb0bb9b6d5d982' -> (Import Result ID: 'c6b6892997dd0c6a05a1a8f4cc37c54a') in 0.001 seconds [static and dynamic dependencies]. Details - ImportResultOutputID=3fd6fe71777d6ff364b4b5adfbf31a40 DependenciesID=b4a3afcd70050c2c6749eb28ca456759 StaticDependenciesID=3ca0c017a4ef35cd0671266595b1653c 
Number of updated asset objects reloaded before import = 0
Number of asset objects unloaded after import = 0
========================================================================
Received Import Request.
  Time of request: 2026-08-27T05:11:07.929417Z
  Time since last request: 0.000156667 seconds.
  importAddress: GUID: e9df95f53f1c1d0c9199e235d6c42b50 - Path: Packages/com.unity.modules.audio/package.json - Importer: ScriptedImporter/UnityEditor.QuickSearchModule:UnityEditor.Search:ASIAI0B
Importing 'GUID: e9df95f53f1c1d0c9199e235d6c42b50 - Path: Packages/com.unity.modules.audio/package.json - Importer: ScriptedImporter/UnityEditor.QuickSearchModule:UnityEditor.Search:ASIAI0B' with importer (ScriptedImporter : UnityEditor.QuickSearchModule:UnityEditor.Search:ASIAI0B)
Imported 'GUID: e9df95f53f1c1d0c9199e235d6c42b50' -> (Import Result ID: '6c9e84331177bad890fd8808c57a94eb') in 0.001 seconds [static and dynamic dependencies]. Details - ImportResultOutputID=6f163ab0bd0afa72e2b4c8e960cd2fe6 DependenciesID=1f367b5fe2c4aca1426832adcf648905 StaticDependenciesID=fa8e5581a00ffcc650d64b47be18f786 
Number of updated asset objects reloaded before import = 0
Number of asset objects unloaded after import = 1
========================================================================
Received Import Request.
  Time of request: 2026-08-27T05:11:07.930183Z
  Time since last request: 0.000194542 seconds.
  importAddress: GUID: 222fc39b0c85d800342910da2cd64781 - Path: Packages/com.unity.modules.assetbundle/package.ModuleCompilationTrigger - Importer: ScriptedImporter/UnityEditor.QuickSearchModule:UnityEditor.Search:ASIAI0B
Importing 'GUID: 222fc39b0c85d800342910da2cd64781 - Path: Packages/com.unity.modules.assetbundle/package.ModuleCompilationTrigger - Importer: ScriptedImporter/UnityEditor.QuickSearchModule:UnityEditor.Search:ASIAI0B' with importer (ScriptedImporter : UnityEditor.QuickSearchModule:UnityEditor.Search:ASIAI0B)
Imported 'GUID: 222fc39b0c85d800342910da2cd64781' -> (Import Result ID: 'a1d7d65833aecec2b538238149bf6361') in 0.001 seconds [static and dynamic dependencies]. Details - ImportResultOutputID=c5fdb18b96650914983eccfe729d9d08 DependenciesID=32794ac93d053b6b5654e034df540d15 StaticDependenciesID=1960515560e8a09e8606c298affb3894 
Number of updated asset objects reloaded before import = 0
Number of asset objects unloaded after import = 1
========================================================================
Received Import Request.
  Time of request: 2026-08-27T05:11:07.930865Z
  Time since last request: 0.000141542 seconds.
  importAddress: GUID: 553737203d61a8109f9544a97201e1aa - Path: Packages/com.unity.modules.unitywebrequestaudio/package.ModuleCompilationTrigger - Importer: ScriptedImporter/UnityEditor.QuickSearchModule:UnityEditor.Search:ASIAI0B
Importing 'GUID: 553737203d61a8109f9544a97201e1aa - Path: Packages/com.unity.modules.unitywebrequestaudio/package.ModuleCompilationTrigger - Importer: ScriptedImporter/UnityEditor.QuickSearchModule:UnityEditor.Search:ASIAI0B' with importer (ScriptedImporter : UnityEditor.QuickSearchModule:UnityEditor.Search:ASIAI0B)
Imported 'GUID: 553737203d61a8109f9544a97201e1aa' -> (Import Result ID: 'a6a0646496bbf972aac207ebe95efba7') in 0.000 seconds [static and dynamic dependencies]. Details - ImportResultOutputID=4e5926479d788feefd3abf081758595d DependenciesID=f41a5ba9f88217026727c555d6a632d6 StaticDependenciesID=47b4e217424907707b7c7b1e4731365d 
Number of updated asset objects reloaded before import = 0
Number of asset objects unloaded after import = 1
========================================================================
Received Import Request.
  Time of request: 2026-08-27T05:11:07.931518Z
  Time since last request: 0.000146 seconds.
  importAddress: GUID: 4aef6715b01294bc0bc3f8f8d66fc381 - Path: Assets/Scripts/PlayerController.cs - Importer: ScriptedImporter/UnityEditor.QuickSearchModule:UnityEditor.Search:ASIAI0B
Importing 'GUID: 4aef6715b01294bc0bc3f8f8d66fc381 - Path: Assets/Scripts/PlayerController.cs - Importer: ScriptedImporter/UnityEditor.QuickSearchModule:UnityEditor.Search:ASIAI0B' with importer (ScriptedImporter : UnityEditor.QuickSearchModule:UnityEditor.Search:ASIAI0B)
Imported 'GUID: 4aef6715b01294bc0bc3f8f8d66fc381' -> (Import Result ID: '8cc357fac3127ae011c554227f1837d9') in 0.001 seconds [static and dynamic dependencies]. Details - ImportResultOutputID=bdd25db192120aa1c3f945514d2fcbfb DependenciesID=a77b24dd0a203034b7d20f67e0ae0626 StaticDependenciesID=81bf33b0aa257a0aef0c67c748d00512 
Number of updated asset objects reloaded before import = 0
Number of asset objects unloaded after import = 0
========================================================================
Received Import Request.
  Time of request: 2026-08-27T05:11:07.932344Z
  Time since last request: 0.000208958 seconds.
  importAddress: GUID: 293a0cc261d4743cb9ee2512cd1a0263 - Path: Assets/Scripts/PatrolEnemy.cs - Importer: ScriptedImporter/UnityEditor.QuickSearchModule:UnityEditor.Search:ASIAI0B
Importing 'GUID: 293a0cc261d4743cb9ee2512cd1a0263 - Path: Assets/Scripts/PatrolEnemy.cs - Importer: ScriptedImporter/UnityEditor.QuickSearchModule:UnityEditor.Search:ASIAI0B' with importer (ScriptedImporter : UnityEditor.QuickSearchModule:UnityEditor.Search:ASIAI0B)
Imported 'GUID: 293a0cc261d4743cb9ee2512cd1a0263' -> (Import Result ID: 'c7cf462ac5650f0f7ee7da39789a8818') in 0.000 seconds [static and dynamic dependencies]. Details - ImportResultOutputID=a52d1db61a21fe015d9c4886660c83d5 DependenciesID=9d44e131634a865f728f0e88990c7153 StaticDependenciesID=5d3ba52f958ac2246634b0b10f507aeb 
Number of updated asset objects reloaded before import = 0
Number of asset objects unloaded after import = 0
========================================================================
Received Import Request.
  Time of request: 2026-08-27T05:11:07.93298Z
  Time since last request: 0.000136917 seconds.
  importAddress: GUID: f7b5717711e934421bb72f907bee0e91 - Path: Assets/Scripts/PlayerAnimatorController.cs - Importer: ScriptedImporter/UnityEditor.QuickSearchModule:UnityEditor.Search:ASIAI0B
Importing 'GUID: f7b5717711e934421bb72f907bee0e91 - Path: Assets/Scripts/PlayerAnimatorController.cs - Importer: ScriptedImporter/UnityEditor.QuickSearchModule:UnityEditor.Search:ASIAI0B' with importer (ScriptedImporter : UnityEditor.QuickSearchModule:UnityEditor.Search:ASIAI0B)
Imported 'GUID: f7b5717711e934421bb72f907bee0e91' -> (Import Result ID: 'bdca29c8ac573cf4465f545e885f4f72') in 0.000 seconds [static and dynamic dependencies]. Details - ImportResultOutputID=cd9a3fd9bb66a5096285bacc3bafeb44 DependenciesID=ce37139f45172ebac7f7ed9fa124dac2 StaticDependenciesID=bc5017ff00c0190875ac38ee8b2a38c8 
Number of updated asset objects reloaded before import = 0
Number of asset objects unloaded after import = 0
========================================================================
Received Import Request.
  Time of request: 2026-08-27T05:11:07.933677Z
  Time since last request: 0.00017625 seconds.
  importAddress: GUID: d9647b571c5e44729b71d756b3d55317 - Path: Packages/com.unity.ugui/Editor/TMP/TMP_ColorGradientAssetMenu.cs - Importer: ScriptedImporter/UnityEditor.QuickSearchModule:UnityEditor.Search:ASIAI0B
Importing 'GUID: d9647b571c5e44729b71d756b3d55317 - Path: Packages/com.unity.ugui/Editor/TMP/TMP_ColorGradientAssetMenu.cs - Importer: ScriptedImporter/UnityEditor.QuickSearchModule:UnityEditor.Search:ASIAI0B' with importer (ScriptedImporter : UnityEditor.QuickSearchModule:UnityEditor.Search:ASIAI0B)
Imported 'GUID: d9647b571c5e44729b71d756b3d55317' -> (Import Result ID: 'e359b1a3816e3a09fa7fb1fffa69cce9') in 0.001 seconds [static and dynamic dependencies]. Details - ImportResultOutputID=730e27ee877ae4392d5524bde8e42f0a DependenciesID=d3cecdcaa9c6a3ac8f17a7b69de64833 StaticDependenciesID=72fb49016f33e23ae59d4761eb20b274 
Number of updated asset objects reloaded before import = 0
Number of asset objects unloaded after import = 0
========================================================================
Received Import Request.
  Time of request: 2026-08-27T05:11:07.934464Z
  Time since last request: 0.000164333 seconds.
  importAddress: GUID: 6d3e2514251734634b1cc2bd583d100d - Path: Assets/Scripts/TogglePlatform.cs - Importer: ScriptedImporter/UnityEditor.QuickSearchModule:UnityEditor.Search:ASIAI0B
Importing 'GUID: 6d3e2514251734634b1cc2bd583d100d - Path: Assets/Scripts/TogglePlatform.cs - Importer: ScriptedImporter/UnityEditor.QuickSearchModule:UnityEditor.Search:ASIAI0B' with importer (ScriptedImporter : UnityEditor.QuickSearchModule:UnityEditor.Search:ASIAI0B)
Imported 'GUID: 6d3e2514251734634b1cc2bd583d100d' -> (Import Result ID: 'ebaea349ed41566694e0bb6f803f4cf8') in 0.000 seconds [static and dynamic dependencies]. Details - ImportResultOutputID=eaa358f0b63d1cd55931a2a7723276e3 DependenciesID=59d1e8a23a67fdbedfc0456baabb7fc6 StaticDependenciesID=966b6c27e02925b1a5e7604fda81987f 
Number of updated asset objects reloaded before import = 0
Number of asset objects unloaded after import = 0
========================================================================
Received Import Request.
  Time of request: 2026-08-27T05:11:07.93511Z
  Time since last request: 0.000125875 seconds.
  importAddress: GUID: 438efd46088d408d8a53f707fa68d976 - Path: Packages/com.unity.ugui/Editor/TMP/TMP_BaseShaderGUI.cs - Importer: ScriptedImporter/UnityEditor.QuickSearchModule:UnityEditor.Search:ASIAI0B
Importing 'GUID: 438efd46088d408d8a53f707fa68d976 - Path: Packages/com.unity.ugui/Editor/TMP/TMP_BaseShaderGUI.cs - Importer: ScriptedImporter/UnityEditor.QuickSearchModule:UnityEditor.Search:ASIAI0B' with importer (ScriptedImporter : UnityEditor.QuickSearchModule:UnityEditor.Search:ASIAI0B)
Imported 'GUID: 438efd46088d408d8a53f707fa68d976' -> (Import Result ID: 'c81fc861a3a49bede952472c79f4ecf2') in 0.001 seconds [static and dynamic dependencies]. Details - ImportResultOutputID=f0eb925165ba93a6e4f07904adefd854 DependenciesID=12d2752027f2afc50e76c956f6aa92f0 StaticDependenciesID=a5ac3ffa2b84c26066490448af341e6d 
Number of updated asset objects reloaded before import = 0
Number of asset objects unloaded after import = 0
========================================================================
Received Import Request.
  Time of request: 2026-08-27T05:11:07.935863Z
  Time since last request: 0.000135333 seconds.
  importAddress: GUID: 0e0afa652c0031c48896a97b424d027b - Path: Packages/com.unity.ugui/PackageConversionData_Assets.json - Importer: ScriptedImporter/UnityEditor.QuickSearchModule:UnityEditor.Search:ASIAI0B
Importing 'GUID: 0e0afa652c0031c48896a97b424d027b - Path: Packages/com.unity.ugui/PackageConversionData_Assets.json - Importer: ScriptedImporter/UnityEditor.QuickSearchModule:UnityEditor.Search:ASIAI0B' with importer (ScriptedImporter : UnityEditor.QuickSearchModule:UnityEditor.Search:ASIAI0B)
Imported 'GUID: 0e0afa652c0031c48896a97b424d027b' -> (Import Result ID: 'c022bc81106455f54cafa28d86ef0c0b') in 0.001 seconds [static and dynamic dependencies]. Details - ImportResultOutputID=133494fd3e1ae501b9ee0f038fc4a8dd DependenciesID=8b578b3910036f40a7bd7dd08b9e404a StaticDependenciesID=fcd717134c09be50ac32493eec26aa3d 
Number of updated asset objects reloaded before import = 0
Number of asset objects unloaded after import = 1
========================================================================
Received Import Request.
  Time of request: 2026-08-27T05:11:07.936649Z
  Time since last request: 0.000182209 seconds.
  importAddress: GUID: a31a332ce3485f00f7df8d987302a29c - Path: Packages/com.unity.modules.unitywebrequesttexture/package.ModuleCompilationTrigger - Importer: ScriptedImporter/UnityEditor.QuickSearchModule:UnityEditor.Search:ASIAI0B
Importing 'GUID: a31a332ce3485f00f7df8d987302a29c - Path: Packages/com.unity.modules.unitywebrequesttexture/package.ModuleCompilationTrigger - Importer: ScriptedImporter/UnityEditor.QuickSearchModule:UnityEditor.Search:ASIAI0B' with importer (ScriptedImporter : UnityEditor.QuickSearchModule:UnityEditor.Search:ASIAI0B)
Imported 'GUID: a31a332ce3485f00f7df8d987302a29c' -> (Import Result ID: '735858a8785bde3bbe5ed806bb258221') in 0.001 seconds [static and dynamic dependencies]. Details - ImportResultOutputID=f96f775e5556135d3b62df8cc23896d4 DependenciesID=57b51da99129750b2d975a155538a8c4 StaticDependenciesID=55dd8749b9f6530e7d2c275e03594a2a 
Number of updated asset objects reloaded before import = 0
Number of asset objects unloaded after import = 1
========================================================================
Received Import Request.
  Time of request: 2026-08-27T05:11:07.937542Z
  Time since last request: 0.000202041 seconds.
  importAddress: GUID: ce4ff17ca867d2b48b5c8a4181611901 - Path: Packages/com.unity.ugui/Package Resources/TMP Essential Resources.unitypackage - Importer: ScriptedImporter/UnityEditor.QuickSearchModule:UnityEditor.Search:ASIAI0B
Importing 'GUID: ce4ff17ca867d2b48b5c8a4181611901 - Path: Packages/com.unity.ugui/Package Resources/TMP Essential Resources.unitypackage - Importer: ScriptedImporter/UnityEditor.QuickSearchModule:UnityEditor.Search:ASIAI0B' with importer (ScriptedImporter : UnityEditor.QuickSearchModule:UnityEditor.Search:ASIAI0B)
Imported 'GUID: ce4ff17ca867d2b48b5c8a4181611901' -> (Import Result ID: '94f6e9659f86eca066ccb3834d3fbd5a') in 0.001 seconds [static and dynamic dependencies]. Details - ImportResultOutputID=1fb4ca51b612f1331d988c959211ec9f DependenciesID=bab94b2d341a58635e1758e04e63cded StaticDependenciesID=d3141f8e230e502ea1ffcc27a3d3e40c 
Number of updated asset objects reloaded before import = 0
Number of asset objects unloaded after import = 1
========================================================================
Received Import Request.
  Time of request: 2026-08-27T05:11:07.938274Z
  Time since last request: 0.000151667 seconds.
  importAddress: GUID: 4b518b37798c97b0f860962cbf615533 - Path: Packages/com.unity.modules.unitywebrequestaudio/package.json - Importer: ScriptedImporter/UnityEditor.QuickSearchModule:UnityEditor.Search:ASIAI0B
Importing 'GUID: 4b518b37798c97b0f860962cbf615533 - Path: Packages/com.unity.modules.unitywebrequestaudio/package.json - Importer: ScriptedImporter/UnityEditor.QuickSearchModule:UnityEditor.Search:ASIAI0B' with importer (ScriptedImporter : UnityEditor.QuickSearchModule:UnityEditor.Search:ASIAI0B)
Imported 'GUID: 4b518b37798c97b0f860962cbf615533' -> (Import Result ID: 'b3dc90ae5ae15f1ad96d20643f83740d') in 0.000 seconds [static and dynamic dependencies]. Details - ImportResultOutputID=493336b5c243039c619a82a7680c067a DependenciesID=19c685badf2a3ad028b892695dc3c576 StaticDependenciesID=53df6d41771e237c16fd4ac97c87737f 
Number of updated asset objects reloaded before import = 0
Number of asset objects unloaded after import = 1
========================================================================
Received Import Request.
  Time of request: 2026-08-27T05:11:07.938901Z
  Time since last request: 0.000127958 seconds.
  importAddress: GUID: 21c0044a7f964773be90d197a78e4703 - Path: Packages/com.unity.ugui/Editor/TMP/TMP_EditorPanelUI.cs - Importer: ScriptedImporter/UnityEditor.QuickSearchModule:UnityEditor.Search:ASIAI0B
Importing 'GUID: 21c0044a7f964773be90d197a78e4703 - Path: Packages/com.unity.ugui/Editor/TMP/TMP_EditorPanelUI.cs - Importer: ScriptedImporter/UnityEditor.QuickSearchModule:UnityEditor.Search:ASIAI0B' with importer (ScriptedImporter : UnityEditor.QuickSearchModule:UnityEditor.Search:ASIAI0B)
Imported 'GUID: 21c0044a7f964773be90d197a78e4703' -> (Import Result ID: '2e3f6b0abeb5235bb5301839d38bed8d') in 0.001 seconds [static and dynamic dependencies]. Details - ImportResultOutputID=73d1f3a63724cbba0752e5a46e8cf815 DependenciesID=6d2b10d5f6a76ac1cefc16d3cd1ff6ee StaticDependenciesID=722abcc348ffe028aacf6857182bd476 
Number of updated asset objects reloaded before import = 0
Number of asset objects unloaded after import = 0
========================================================================
Received Import Request.
  Time of request: 2026-08-27T05:11:07.93965Z
  Time since last request: 0.000124959 seconds.
  importAddress: GUID: b5930dbc378b45d406aeb881f06b6dfa - Path: Packages/com.unity.modules.physicscore2d/package.json - Importer: ScriptedImporter/UnityEditor.QuickSearchModule:UnityEditor.Search:ASIAI0B
Importing 'GUID: b5930dbc378b45d406aeb881f06b6dfa - Path: Packages/com.unity.modules.physicscore2d/package.json - Importer: ScriptedImporter/UnityEditor.QuickSearchModule:UnityEditor.Search:ASIAI0B' with importer (ScriptedImporter : UnityEditor.QuickSearchModule:UnityEditor.Search:ASIAI0B)
Imported 'GUID: b5930dbc378b45d406aeb881f06b6dfa' -> (Import Result ID: '5f79637cfe26e03a6ef1e4d98fb03e0c') in 0.000 seconds [static and dynamic dependencies]. Details - ImportResultOutputID=e5c6f5b3c90d52c19f482a23f57c586c DependenciesID=783fbdf91bc49d7394e0c5adf66cc0e9 StaticDependenciesID=b0217c15a86b3402b4dea036464d3a76 
Number of updated asset objects reloaded before import = 0
Number of asset objects unloaded after import = 1
========================================================================
Received Import Request.
  Time of request: 2026-08-27T05:11:07.940342Z
  Time since last request: 0.000201 seconds.
  importAddress: GUID: 8394c018a82352f41ae354f7bdad54e3 - Path: Packages/com.unity.ugui/Editor/Analytics/UnityEditor.UI.Analytics.asmdef - Importer: ScriptedImporter/UnityEditor.QuickSearchModule:UnityEditor.Search:ASIAI0B
Importing 'GUID: 8394c018a82352f41ae354f7bdad54e3 - Path: Packages/com.unity.ugui/Editor/Analytics/UnityEditor.UI.Analytics.asmdef - Importer: ScriptedImporter/UnityEditor.QuickSearchModule:UnityEditor.Search:ASIAI0B' with importer (ScriptedImporter : UnityEditor.QuickSearchModule:UnityEditor.Search:ASIAI0B)
Imported 'GUID: 8394c018a82352f41ae354f7bdad54e3' -> (Import Result ID: '3dccdecea57d80e8b307de39666bf73b') in 0.002 seconds [static and dynamic dependencies]. Details - ImportResultOutputID=84ad858ccbd7ead1386c370e554a0f6c DependenciesID=09497f99f75f084019836c53d506ed9e StaticDependenciesID=09beb046dfb20a1d1056a5cb0a54c8cd 
Number of updated asset objects reloaded before import = 0
Number of asset objects unloaded after import = 1
========================================================================
Received Import Request.
  Time of request: 2026-08-27T05:11:07.942064Z
  Time since last request: 0.000167041 seconds.
  importAddress: GUID: a1c42005fe7c5d78585a77ce396a5eea - Path: Packages/com.unity.modules.tilemap/package.ModuleCompilationTrigger - Importer: ScriptedImporter/UnityEditor.QuickSearchModule:UnityEditor.Search:ASIAI0B
Importing 'GUID: a1c42005fe7c5d78585a77ce396a5eea - Path: Packages/com.unity.modules.tilemap/package.ModuleCompilationTrigger - Importer: ScriptedImporter/UnityEditor.QuickSearchModule:UnityEditor.Search:ASIAI0B' with importer (ScriptedImporter : UnityEditor.QuickSearchModule:UnityEditor.Search:ASIAI0B)
Imported 'GUID: a1c42005fe7c5d78585a77ce396a5eea' -> (Import Result ID: 'eab151f411762145865cc26f1d39918d') in 0.001 seconds [static and dynamic dependencies]. Details - ImportResultOutputID=b3e07d44c3a547d57ec95928ee4e3c70 DependenciesID=8f33e9e1dfb421697b03bfae3e7430b0 StaticDependenciesID=6b24b6182ee74f833622d98f7f941e5b 
Number of updated asset objects reloaded before import = 0
Number of asset objects unloaded after import = 1
========================================================================
Received Import Request.
  Time of request: 2026-08-27T05:11:07.942859Z
  Time since last request: 0.000120916 seconds.
  importAddress: GUID: cbb1a39d56ce4d9ac1a46ac505893fa7 - Path: Packages/com.unity.modules.terrainphysics/package.ModuleCompilationTrigger - Importer: ScriptedImporter/UnityEditor.QuickSearchModule:UnityEditor.Search:ASIAI0B
Importing 'GUID: cbb1a39d56ce4d9ac1a46ac505893fa7 - Path: Packages/com.unity.modules.terrainphysics/package.ModuleCompilationTrigger - Importer: ScriptedImporter/UnityEditor.QuickSearchModule:UnityEditor.Search:ASIAI0B' with importer (ScriptedImporter : UnityEditor.QuickSearchModule:UnityEditor.Search:ASIAI0B)
Imported 'GUID: cbb1a39d56ce4d9ac1a46ac505893fa7' -> (Import Result ID: '5ea473a39d506fa3503078b570fb6380') in 0.002 seconds [static and dynamic dependencies]. Details - ImportResultOutputID=7ca01869958d6c1d392b98d544fe188d DependenciesID=d04625a47c2a94faae48278c165b1449 StaticDependenciesID=a72dd1b071fbac5615e5c68ddf0e0493 
Number of updated asset objects reloaded before import = 0
Number of asset objects unloaded after import = 1
========================================================================
Received Import Request.
  Time of request: 2026-08-27T05:11:07.944879Z
  Time since last request: 0.00017975 seconds.
  importAddress: GUID: 319b8889f363f5947acf209c17a94149 - Path: Packages/com.unity.ugui/package.json - Importer: ScriptedImporter/UnityEditor.QuickSearchModule:UnityEditor.Search:ASIAI0B
Importing 'GUID: 319b8889f363f5947acf209c17a94149 - Path: Packages/com.unity.ugui/package.json - Importer: ScriptedImporter/UnityEditor.QuickSearchModule:UnityEditor.Search:ASIAI0B' with importer (ScriptedImporter : UnityEditor.QuickSearchModule:UnityEditor.Search:ASIAI0B)
Imported 'GUID: 319b8889f363f5947acf209c17a94149' -> (Import Result ID: '8ef6ab307c08b8b15143a7171f402824') in 0.001 seconds [static and dynamic dependencies]. Details - ImportResultOutputID=e4aed53d89c7a4a0baafb528903db0f3 DependenciesID=734f26efc892138dc47111975dbb0cfe StaticDependenciesID=2e4cdb4a71fb812ca4da54c65b36c888 
Number of updated asset objects reloaded before import = 0
Number of asset objects unloaded after import = 1
========================================================================
Received Import Request.
  Time of request: 2026-08-27T05:11:07.945725Z
  Time since last request: 0.000178833 seconds.
  importAddress: GUID: b4aa8d1037c62480d93b74ea8884409c - Path: Assets/Scripts/Lever.cs - Importer: ScriptedImporter/UnityEditor.QuickSearchModule:UnityEditor.Search:ASIAI0B
Importing 'GUID: b4aa8d1037c62480d93b74ea8884409c - Path: Assets/Scripts/Lever.cs - Importer: ScriptedImporter/UnityEditor.QuickSearchModule:UnityEditor.Search:ASIAI0B' with importer (ScriptedImporter : UnityEditor.QuickSearchModule:UnityEditor.Search:ASIAI0B)
Imported 'GUID: b4aa8d1037c62480d93b74ea8884409c' -> (Import Result ID: '65073b207100dd82977b2481f2526b18') in 0.001 seconds [static and dynamic dependencies]. Details - ImportResultOutputID=bd4d2bf3bed1e3c03455e51369157262 DependenciesID=75a5284f41026a8a0f4ccedb8ba50fcf StaticDependenciesID=cf952964d46163ba1b751eeee0fac7e9 
Number of updated asset objects reloaded before import = 0
Number of asset objects unloaded after import = 0
========================================================================
Received Import Request.
  Time of request: 2026-08-27T05:11:07.946679Z
  Time since last request: 0.000211084 seconds.
  importAddress: GUID: fcc60c1d6bb544d9b712b652f418ff3a - Path: Packages/com.unity.ugui/Editor/TMP/TMP_ColorGradientEditor.cs - Importer: ScriptedImporter/UnityEditor.QuickSearchModule:UnityEditor.Search:ASIAI0B
Importing 'GUID: fcc60c1d6bb544d9b712b652f418ff3a - Path: Packages/com.unity.ugui/Editor/TMP/TMP_ColorGradientEditor.cs - Importer: ScriptedImporter/UnityEditor.QuickSearchModule:UnityEditor.Search:ASIAI0B' with importer (ScriptedImporter : UnityEditor.QuickSearchModule:UnityEditor.Search:ASIAI0B)
Imported 'GUID: fcc60c1d6bb544d9b712b652f418ff3a' -> (Import Result ID: 'edfd5a4390764d2eb46a585d22515a95') in 0.001 seconds [static and dynamic dependencies]. Details - ImportResultOutputID=c36ec304512ddf8490228de2457dc7d2 DependenciesID=25f3679626a1ec58708238ecfbe35131 StaticDependenciesID=d885b09eb6c544f4c78547dc9492a796 
Number of updated asset objects reloaded before import = 0
Number of asset objects unloaded after import = 0
========================================================================
Received Import Request.
  Time of request: 2026-08-27T05:11:07.947541Z
  Time since last request: 0.000138042 seconds.
  importAddress: GUID: 4d3d51749e989f747b2674e0b4d9b3d7 - Path: Packages/com.unity.ugui/LICENSE.md - Importer: ScriptedImporter/UnityEditor.QuickSearchModule:UnityEditor.Search:ASIAI0B
Importing 'GUID: 4d3d51749e989f747b2674e0b4d9b3d7 - Path: Packages/com.unity.ugui/LICENSE.md - Importer: ScriptedImporter/UnityEditor.QuickSearchModule:UnityEditor.Search:ASIAI0B' with importer (ScriptedImporter : UnityEditor.QuickSearchModule:UnityEditor.Search:ASIAI0B)
Imported 'GUID: 4d3d51749e989f747b2674e0b4d9b3d7' -> (Import Result ID: 'c607c1f9619afb6d054a526f1cad3b81') in 0.001 seconds [static and dynamic dependencies]. Details - ImportResultOutputID=a6a3d50a5b65856d0bdee9985e86f406 DependenciesID=8985eab8a5bf55b0d00664a96af0cfe4 StaticDependenciesID=6be6e6430a1518ec1ba9f6060628ad94 
Number of updated asset objects reloaded before import = 0
Number of asset objects unloaded after import = 1
========================================================================
Received Import Request.
  Time of request: 2026-08-27T05:11:07.948294Z
  Time since last request: 0.000148541 seconds.
  importAddress: GUID: 806de5a9211448c8b65c8435ebb48dd4 - Path: Packages/com.unity.ugui/Editor/TMP/TMP_BitmapShaderGUI.cs - Importer: ScriptedImporter/UnityEditor.QuickSearchModule:UnityEditor.Search:ASIAI0B
Importing 'GUID: 806de5a9211448c8b65c8435ebb48dd4 - Path: Packages/com.unity.ugui/Editor/TMP/TMP_BitmapShaderGUI.cs - Importer: ScriptedImporter/UnityEditor.QuickSearchModule:UnityEditor.Search:ASIAI0B' with importer (ScriptedImporter : UnityEditor.QuickSearchModule:UnityEditor.Search:ASIAI0B)
Imported 'GUID: 806de5a9211448c8b65c8435ebb48dd4' -> (Import Result ID: '21a945d2636528c2999bddfe8b68c440') in 0.001 seconds [static and dynamic dependencies]. Details - ImportResultOutputID=84e1640aa4f75c7c7e65d21b55828ee6 DependenciesID=4797ea3ec8a41a3bbe8fab4f4b5824e9 StaticDependenciesID=dc5dd402e1b2b79d03eee0872c5bf999 
Number of updated asset objects reloaded before import = 0
Number of asset objects unloaded after import = 0
========================================================================
Received Import Request.
  Time of request: 2026-08-27T05:11:07.949107Z
  Time since last request: 0.000172958 seconds.
  importAddress: GUID: 40bf3cec17fa0b49fe04443c8332d638 - Path: Packages/com.unity.modules.jsonserialize/package.json - Importer: ScriptedImporter/UnityEditor.QuickSearchModule:UnityEditor.Search:ASIAI0B
Importing 'GUID: 40bf3cec17fa0b49fe04443c8332d638 - Path: Packages/com.unity.modules.jsonserialize/package.json - Importer: ScriptedImporter/UnityEditor.QuickSearchModule:UnityEditor.Search:ASIAI0B' with importer (ScriptedImporter : UnityEditor.QuickSearchModule:UnityEditor.Search:ASIAI0B)
Imported 'GUID: 40bf3cec17fa0b49fe04443c8332d638' -> (Import Result ID: '98900b96951a741f11953827c538592e') in 0.001 seconds [static and dynamic dependencies]. Details - ImportResultOutputID=7d428a2a0d1019925be9a1a3024d87c0 DependenciesID=4c2377a02cd187fb1233f03b842c86ff StaticDependenciesID=3196012a44cda25ba5fb4fae72400548 
Number of updated asset objects reloaded before import = 0
Number of asset objects unloaded after import = 1
========================================================================
Received Import Request.
  Time of request: 2026-08-27T05:11:07.949857Z
  Time since last request: 0.000138792 seconds.
  importAddress: GUID: 042dc296246916648e55a43d0eeb2036 - Path: Packages/com.unity.modules.audio/package.ModuleCompilationTrigger - Importer: ScriptedImporter/UnityEditor.QuickSearchModule:UnityEditor.Search:ASIAI0B
Importing 'GUID: 042dc296246916648e55a43d0eeb2036 - Path: Packages/com.unity.modules.audio/package.ModuleCompilationTrigger - Importer: ScriptedImporter/UnityEditor.QuickSearchModule:UnityEditor.Search:ASIAI0B' with importer (ScriptedImporter : UnityEditor.QuickSearchModule:UnityEditor.Search:ASIAI0B)
Imported 'GUID: 042dc296246916648e55a43d0eeb2036' -> (Import Result ID: 'f348be2dff88600988307da3aef3e04b') in 0.001 seconds [static and dynamic dependencies]. Details - ImportResultOutputID=dc45a67ff53f3726191cd82669a68b44 DependenciesID=faf51ddfc74b8af0d8edc575e50a0ab7 StaticDependenciesID=ecad093def8bb1ef3867aead18dda637 
Number of updated asset objects reloaded before import = 0
Number of asset objects unloaded after import = 1
========================================================================
Received Import Request.
  Time of request: 2026-08-27T05:11:07.950604Z
  Time since last request: 0.000145 seconds.
  importAddress: GUID: 6b259c4003a802847b9ada90744e34c5 - Path: Packages/com.unity.ugui/Editor/TMP/TMP_EditorResourceManager.cs - Importer: ScriptedImporter/UnityEditor.QuickSearchModule:UnityEditor.Search:ASIAI0B
Importing 'GUID: 6b259c4003a802847b9ada90744e34c5 - Path: Packages/com.unity.ugui/Editor/TMP/TMP_EditorResourceManager.cs - Importer: ScriptedImporter/UnityEditor.QuickSearchModule:UnityEditor.Search:ASIAI0B' with importer (ScriptedImporter : UnityEditor.QuickSearchModule:UnityEditor.Search:ASIAI0B)
Imported 'GUID: 6b259c4003a802847b9ada90744e34c5' -> (Import Result ID: '84b7c1d0bca36202146012e4f7cfbb91') in 0.001 seconds [static and dynamic dependencies]. Details - ImportResultOutputID=f628a9119ba121cf1958e2306efe1a3c DependenciesID=d5bdc2d544778cf412c164133222bc5b StaticDependenciesID=4e0a2126a26e91af2eb6725df6fb9664 
Number of updated asset objects reloaded before import = 0
Number of asset objects unloaded after import = 0
========================================================================
Received Import Request.
  Time of request: 2026-08-27T05:11:07.951359Z
  Time since last request: 0.000132333 seconds.
  importAddress: GUID: 05f5bfd584002f948982a1498890f9a9 - Path: Packages/com.unity.ugui/PackageConversionData.json - Importer: ScriptedImporter/UnityEditor.QuickSearchModule:UnityEditor.Search:ASIAI0B
Importing 'GUID: 05f5bfd584002f948982a1498890f9a9 - Path: Packages/com.unity.ugui/PackageConversionData.json - Importer: ScriptedImporter/UnityEditor.QuickSearchModule:UnityEditor.Search:ASIAI0B' with importer (ScriptedImporter : UnityEditor.QuickSearchModule:UnityEditor.Search:ASIAI0B)
Imported 'GUID: 05f5bfd584002f948982a1498890f9a9' -> (Import Result ID: '42db0403fb18305e5b9b2635db2c7642') in 0.001 seconds [static and dynamic dependencies]. Details - ImportResultOutputID=499a48bff70099a81925cc6dd3980e28 DependenciesID=500c7fee7429aa2b9609af2b2572cd1b StaticDependenciesID=6f38b827c3edd62c18e0cfe9a16667cb 
Number of updated asset objects reloaded before import = 0
Number of asset objects unloaded after import = 1
========================================================================
Received Import Request.
  Time of request: 2026-08-27T05:11:07.952134Z
  Time since last request: 0.000157416 seconds.
  importAddress: GUID: 6dbcf248c987476181a37f01a1814975 - Path: Packages/com.unity.ugui/Editor/TMP/TMP_DropdownEditor.cs - Importer: ScriptedImporter/UnityEditor.QuickSearchModule:UnityEditor.Search:ASIAI0B
Importing 'GUID: 6dbcf248c987476181a37f01a1814975 - Path: Packages/com.unity.ugui/Editor/TMP/TMP_DropdownEditor.cs - Importer: ScriptedImporter/UnityEditor.QuickSearchModule:UnityEditor.Search:ASIAI0B' with importer (ScriptedImporter : UnityEditor.QuickSearchModule:UnityEditor.Search:ASIAI0B)
Imported 'GUID: 6dbcf248c987476181a37f01a1814975' -> (Import Result ID: '5a22254bce0fd63087be63fcd8729dde') in 0.001 seconds [static and dynamic dependencies]. Details - ImportResultOutputID=4073101dacd4d19f518fc7769f305c71 DependenciesID=9963c5d3221c82bcd17be76a71a6fb7f StaticDependenciesID=0abc89e272c07def68b743c72687714d 
Number of updated asset objects reloaded before import = 0
Number of asset objects unloaded after import = 0
========================================================================
Received Import Request.
  Time of request: 2026-08-27T05:11:07.952949Z
  Time since last request: 0.000174375 seconds.
  importAddress: GUID: 14e86f88e9a8c9c448d7e7df92f2aeec - Path: Packages/com.unity.modules.physicscore2d/package.ModuleCompilationTrigger - Importer: ScriptedImporter/UnityEditor.QuickSearchModule:UnityEditor.Search:ASIAI0B
Importing 'GUID: 14e86f88e9a8c9c448d7e7df92f2aeec - Path: Packages/com.unity.modules.physicscore2d/package.ModuleCompilationTrigger - Importer: ScriptedImporter/UnityEditor.QuickSearchModule:UnityEditor.Search:ASIAI0B' with importer (ScriptedImporter : UnityEditor.QuickSearchModule:UnityEditor.Search:ASIAI0B)
Imported 'GUID: 14e86f88e9a8c9c448d7e7df92f2aeec' -> (Import Result ID: '2840dfcce429a68752d6105e0f3fa58b') in 0.001 seconds [static and dynamic dependencies]. Details - ImportResultOutputID=56621b9e1d20be3f7d354680d56f2d6e DependenciesID=d78a0c237cf18c554b598fc2a4dd8d52 StaticDependenciesID=e2874be0511683b2e3c8487c49d4b47e 
Number of updated asset objects reloaded before import = 0
Number of asset objects unloaded after import = 1
========================================================================
Received Import Request.
  Time of request: 2026-08-27T05:11:07.953665Z
  Time since last request: 0.000164209 seconds.
  importAddress: GUID: d3cbe921f7b3d9a3257e7c61a5761796 - Path: Packages/com.unity.modules.terrainphysics/package.json - Importer: ScriptedImporter/UnityEditor.QuickSearchModule:UnityEditor.Search:ASIAI0B
Importing 'GUID: d3cbe921f7b3d9a3257e7c61a5761796 - Path: Packages/com.unity.modules.terrainphysics/package.json - Importer: ScriptedImporter/UnityEditor.QuickSearchModule:UnityEditor.Search:ASIAI0B' with importer (ScriptedImporter : UnityEditor.QuickSearchModule:UnityEditor.Search:ASIAI0B)
Imported 'GUID: d3cbe921f7b3d9a3257e7c61a5761796' -> (Import Result ID: '022cb37c903f01901c44aaf9c8d40a32') in 0.001 seconds [static and dynamic dependencies]. Details - ImportResultOutputID=448c8c99b4004b073143336350a2a46e DependenciesID=e4ac44b33ff81e40c37edf35e915f7b0 StaticDependenciesID=28a2c42e993be05a95bf518d5a40475d 
Number of updated asset objects reloaded before import = 0
Number of asset objects unloaded after import = 1
========================================================================
Received Import Request.
  Time of request: 2026-08-27T05:11:07.954424Z
  Time since last request: 0.000152042 seconds.
  importAddress: GUID: 2eddac2aee8fe4c8ca2e88314d2a0785 - Path: Assets/Scripts/GameManager.cs - Importer: ScriptedImporter/UnityEditor.QuickSearchModule:UnityEditor.Search:ASIAI0B
Importing 'GUID: 2eddac2aee8fe4c8ca2e88314d2a0785 - Path: Assets/Scripts/GameManager.cs - Importer: ScriptedImporter/UnityEditor.QuickSearchModule:UnityEditor.Search:ASIAI0B' with importer (ScriptedImporter : UnityEditor.QuickSearchModule:UnityEditor.Search:ASIAI0B)
Imported 'GUID: 2eddac2aee8fe4c8ca2e88314d2a0785' -> (Import Result ID: 'f21b7483d50958d99cb89dd46558f762') in 0.001 seconds [static and dynamic dependencies]. Details - ImportResultOutputID=dde566d7085b8d196b7ca35f6d00bf3e DependenciesID=ec5a449f554c9c6ceef35f38f8359237 StaticDependenciesID=b56b724cfe657f54fe5c7280cc26a622 
Number of updated asset objects reloaded before import = 0
Number of asset objects unloaded after import = 0
========================================================================
Received Import Request.
  Time of request: 2026-08-27T05:11:07.955121Z
  Time since last request: 0.000130958 seconds.
  importAddress: GUID: d0e3ad91972c66f5238f5b9b7d5ae58a - Path: Packages/com.unity.modules.unitywebrequesttexture/package.json - Importer: ScriptedImporter/UnityEditor.QuickSearchModule:UnityEditor.Search:ASIAI0B
Importing 'GUID: d0e3ad91972c66f5238f5b9b7d5ae58a - Path: Packages/com.unity.modules.unitywebrequesttexture/package.json - Importer: ScriptedImporter/UnityEditor.QuickSearchModule:UnityEditor.Search:ASIAI0B' with importer (ScriptedImporter : UnityEditor.QuickSearchModule:UnityEditor.Search:ASIAI0B)
Imported 'GUID: d0e3ad91972c66f5238f5b9b7d5ae58a' -> (Import Result ID: 'be1c31b6ad66f7a0cd784ad668c9f938') in 0.001 seconds [static and dynamic dependencies]. Details - ImportResultOutputID=6715f020b03bf9ed79dc3ac65b4a577d DependenciesID=57a43021209a09925b9da7366941b4c4 StaticDependenciesID=eb441264f985f30e5d726b51b82cd412 
Number of updated asset objects reloaded before import = 0
Number of asset objects unloaded after import = 1
========================================================================
Received Import Request.
  Time of request: 2026-08-27T05:11:07.955811Z
  Time since last request: 0.000135667 seconds.
  importAddress: GUID: 34f6695d37a94370a3697f6b068f5d5e - Path: Packages/com.unity.ugui/Editor/TMP/TMP_EditorPanel.cs - Importer: ScriptedImporter/UnityEditor.QuickSearchModule:UnityEditor.Search:ASIAI0B
Importing 'GUID: 34f6695d37a94370a3697f6b068f5d5e - Path: Packages/com.unity.ugui/Editor/TMP/TMP_EditorPanel.cs - Importer: ScriptedImporter/UnityEditor.QuickSearchModule:UnityEditor.Search:ASIAI0B' with importer (ScriptedImporter : UnityEditor.QuickSearchModule:UnityEditor.Search:ASIAI0B)
Imported 'GUID: 34f6695d37a94370a3697f6b068f5d5e' -> (Import Result ID: '9268f23034bee01907a4b6e1366f990a') in 0.001 seconds [static and dynamic dependencies]. Details - ImportResultOutputID=cda2591547c27f710f0fea2f6d9adab6 DependenciesID=fbc2ebae499544d369b288177e8d2a71 StaticDependenciesID=00ba487e0f565e3ff7e770ee52e65e8f 
Number of updated asset objects reloaded before import = 0
Number of asset objects unloaded after import = 0
========================================================================
Received Import Request.
  Time of request: 2026-08-27T05:11:07.956797Z
  Time since last request: 0.000237958 seconds.
  importAddress: GUID: 42fe78c8fe682715a2cb531422e6ccb3 - Path: Packages/com.unity.modules.imgui/package.json - Importer: ScriptedImporter/UnityEditor.QuickSearchModule:UnityEditor.Search:ASIAI0B
Importing 'GUID: 42fe78c8fe682715a2cb531422e6ccb3 - Path: Packages/com.unity.modules.imgui/package.json - Importer: ScriptedImporter/UnityEditor.QuickSearchModule:UnityEditor.Search:ASIAI0B' with importer (ScriptedImporter : UnityEditor.QuickSearchModule:UnityEditor.Search:ASIAI0B)
Imported 'GUID: 42fe78c8fe682715a2cb531422e6ccb3' -> (Import Result ID: '2dc0d02891f20bba829d564442f6ad02') in 0.001 seconds [static and dynamic dependencies]. Details - ImportResultOutputID=d70f6ae784b077ec024044eff90ffcf7 DependenciesID=c182f978cd1f04ca004b1c26b12b9300 StaticDependenciesID=e97d25ab1b936703eb3c6ff20e0a4438 
Number of updated asset objects reloaded before import = 0
Number of asset objects unloaded after import = 1
========================================================================
Received Import Request.
  Time of request: 2026-08-27T05:11:07.957504Z
  Time since last request: 0.000151458 seconds.
  importAddress: GUID: 9d31d6442a2dc46149a75e6ad6431fb9 - Path: Assets/Scripts/GoalZone.cs - Importer: ScriptedImporter/UnityEditor.QuickSearchModule:UnityEditor.Search:ASIAI0B
Importing 'GUID: 9d31d6442a2dc46149a75e6ad6431fb9 - Path: Assets/Scripts/GoalZone.cs - Importer: ScriptedImporter/UnityEditor.QuickSearchModule:UnityEditor.Search:ASIAI0B' with importer (ScriptedImporter : UnityEditor.QuickSearchModule:UnityEditor.Search:ASIAI0B)
Imported 'GUID: 9d31d6442a2dc46149a75e6ad6431fb9' -> (Import Result ID: 'c6fd1d02576c1d9e7c04f9a797738198') in 0.001 seconds [static and dynamic dependencies]. Details - ImportResultOutputID=49a5f7e75aa15f1b0d31473875cbaa80 DependenciesID=d77b6258c97ba2e934728d06e24d5562 StaticDependenciesID=8bbb72602227599787b3ac779ace6c21 
Number of updated asset objects reloaded before import = 0
Number of asset objects unloaded after import = 0
========================================================================
Received Import Request.
  Time of request: 2026-08-27T05:11:07.95825Z
  Time since last request: 0.000177958 seconds.
  importAddress: GUID: 6b8b545125d204cb3bde96b6f47bbbc7 - Path: Assets/Scripts/CameraFollow.cs - Importer: ScriptedImporter/UnityEditor.QuickSearchModule:UnityEditor.Search:ASIAI0B
Importing 'GUID: 6b8b545125d204cb3bde96b6f47bbbc7 - Path: Assets/Scripts/CameraFollow.cs - Importer: ScriptedImporter/UnityEditor.QuickSearchModule:UnityEditor.Search:ASIAI0B' with importer (ScriptedImporter : UnityEditor.QuickSearchModule:UnityEditor.Search:ASIAI0B)
Imported 'GUID: 6b8b545125d204cb3bde96b6f47bbbc7' -> (Import Result ID: '5a8859b9b160b109303bafd76e6c902a') in 0.001 seconds [static and dynamic dependencies]. Details - ImportResultOutputID=996c551d138b14845e28d707fb7aada6 DependenciesID=3980aae15bc3fb2a5d392acb526262c6 StaticDependenciesID=707f879aa3d037961a314c391657ba1f 
Number of updated asset objects reloaded before import = 0
Number of asset objects unloaded after import = 0
========================================================================
Received Import Request.
  Time of request: 2026-08-27T05:11:07.95902Z
  Time since last request: 0.000150042 seconds.
  importAddress: GUID: e0ae6629cc70b514889df37fccb76832 - Path: Packages/com.unity.ugui/README.md - Importer: ScriptedImporter/UnityEditor.QuickSearchModule:UnityEditor.Search:ASIAI0B
Importing 'GUID: e0ae6629cc70b514889df37fccb76832 - Path: Packages/com.unity.ugui/README.md - Importer: ScriptedImporter/UnityEditor.QuickSearchModule:UnityEditor.Search:ASIAI0B' with importer (ScriptedImporter : UnityEditor.QuickSearchModule:UnityEditor.Search:ASIAI0B)
Imported 'GUID: e0ae6629cc70b514889df37fccb76832' -> (Import Result ID: '4060a7390730b28febceb8bbe8d8f2f4') in 0.001 seconds [static and dynamic dependencies]. Details - ImportResultOutputID=6792d1b1c9fe7ad4f142866738ea1433 DependenciesID=50d45a8136a37b23bcea1864b59a25e8 StaticDependenciesID=5dbc506ffa257804035488389aa52915 
Number of updated asset objects reloaded before import = 0
Number of asset objects unloaded after import = 1
========================================================================
Received Import Request.
  Time of request: 2026-08-27T05:11:07.959771Z
  Time since last request: 0.0001305 seconds.
  importAddress: GUID: 8f3ba811be0494452b4494f1a15a91dd - Path: Assets/Scripts/Checkpoint.cs - Importer: ScriptedImporter/UnityEditor.QuickSearchModule:UnityEditor.Search:ASIAI0B
Importing 'GUID: 8f3ba811be0494452b4494f1a15a91dd - Path: Assets/Scripts/Checkpoint.cs - Importer: ScriptedImporter/UnityEditor.QuickSearchModule:UnityEditor.Search:ASIAI0B' with importer (ScriptedImporter : UnityEditor.QuickSearchModule:UnityEditor.Search:ASIAI0B)
Imported 'GUID: 8f3ba811be0494452b4494f1a15a91dd' -> (Import Result ID: 'aa4a4caadf1aa1386dd2d83e1d46a5e8') in 0.000 seconds [static and dynamic dependencies]. Details - ImportResultOutputID=bb6a72f5e5795feb6a86b8528521b351 DependenciesID=c80dbc6d3c48d9ea07792657c1b0d3b9 StaticDependenciesID=116eea8f269ad6c2a3127928266cccc8 
Number of updated asset objects reloaded before import = 0
Number of asset objects unloaded after import = 0
========================================================================
Received Import Request.
  Time of request: 2026-08-27T05:11:07.960342Z
  Time since last request: 0.000121459 seconds.
  importAddress: GUID: e6a135e3ea9cb46795d1b0e05ac3e1e5 - Path: Packages/com.unity.modules.jsonserialize/package.ModuleCompilationTrigger - Importer: ScriptedImporter/UnityEditor.QuickSearchModule:UnityEditor.Search:ASIAI0B
Importing 'GUID: e6a135e3ea9cb46795d1b0e05ac3e1e5 - Path: Packages/com.unity.modules.jsonserialize/package.ModuleCompilationTrigger - Importer: ScriptedImporter/UnityEditor.QuickSearchModule:UnityEditor.Search:ASIAI0B' with importer (ScriptedImporter : UnityEditor.QuickSearchModule:UnityEditor.Search:ASIAI0B)
Imported 'GUID: e6a135e3ea9cb46795d1b0e05ac3e1e5' -> (Import Result ID: '2dde8b1c78a96682a6c13d510da732a0') in 0.001 seconds [static and dynamic dependencies]. Details - ImportResultOutputID=fbc8776b4b091c34bda47b700b169546 DependenciesID=5ac7c139e0e90c65cee44a26f61a89f5 StaticDependenciesID=87cbc9f3f6f3ce3710a91df6a8119747 
Number of updated asset objects reloaded before import = 0
Number of asset objects unloaded after import = 1
========================================================================
Received Import Request.
  Time of request: 2026-08-27T05:11:07.961109Z
  Time since last request: 0.000217 seconds.
  importAddress: GUID: 4613152cc71d44f6bb290303b0de0b48 - Path: Assets/Scripts/MovingPlatform.cs - Importer: ScriptedImporter/UnityEditor.QuickSearchModule:UnityEditor.Search:ASIAI0B
Importing 'GUID: 4613152cc71d44f6bb290303b0de0b48 - Path: Assets/Scripts/MovingPlatform.cs - Importer: ScriptedImporter/UnityEditor.QuickSearchModule:UnityEditor.Search:ASIAI0B' with importer (ScriptedImporter : UnityEditor.QuickSearchModule:UnityEditor.Search:ASIAI0B)
Imported 'GUID: 4613152cc71d44f6bb290303b0de0b48' -> (Import Result ID: 'aefbe5cd221839ec179d8e408af0598d') in 0.001 seconds [static and dynamic dependencies]. Details - ImportResultOutputID=80602fc743b363c3526f038cdde98bb4 DependenciesID=51dccd5f4067c836231de94333143ae6 StaticDependenciesID=ddb29a607d20a4e0857ac3968936e5e8 
Number of updated asset objects reloaded before import = 0
Number of asset objects unloaded after import = 0
========================================================================
Received Import Request.
  Time of request: 2026-08-27T05:11:07.961825Z
  Time since last request: 0.000154958 seconds.
  importAddress: GUID: 71136fc5cf34f2cc10be0e33c0b08019 - Path: Packages/com.unity.modules.unityanalytics/package.ModuleCompilationTrigger - Importer: ScriptedImporter/UnityEditor.QuickSearchModule:UnityEditor.Search:ASIAI0B
Importing 'GUID: 71136fc5cf34f2cc10be0e33c0b08019 - Path: Packages/com.unity.modules.unityanalytics/package.ModuleCompilationTrigger - Importer: ScriptedImporter/UnityEditor.QuickSearchModule:UnityEditor.Search:ASIAI0B' with importer (ScriptedImporter : UnityEditor.QuickSearchModule:UnityEditor.Search:ASIAI0B)
Imported 'GUID: 71136fc5cf34f2cc10be0e33c0b08019' -> (Import Result ID: '8d6b3f6d01301f93fb029f57663f8903') in 0.001 seconds [static and dynamic dependencies]. Details - ImportResultOutputID=62ebeb627c5e66f3ccae4a5388430891 DependenciesID=662bf0c514610421b38ae4fa030dd05e StaticDependenciesID=0271529bae90857a75e811db014e4bb8 
Number of updated asset objects reloaded before import = 0
Number of asset objects unloaded after import = 1
========================================================================
Received Import Request.
  Time of request: 2026-08-27T05:11:07.962675Z
  Time since last request: 0.000241333 seconds.
  importAddress: GUID: bc00e25696e4132499f56528d3fed2e3 - Path: Packages/com.unity.ugui/Package Resources/TMP Examples & Extras.unitypackage - Importer: ScriptedImporter/UnityEditor.QuickSearchModule:UnityEditor.Search:ASIAI0B
Importing 'GUID: bc00e25696e4132499f56528d3fed2e3 - Path: Packages/com.unity.ugui/Package Resources/TMP Examples & Extras.unitypackage - Importer: ScriptedImporter/UnityEditor.QuickSearchModule:UnityEditor.Search:ASIAI0B' with importer (ScriptedImporter : UnityEditor.QuickSearchModule:UnityEditor.Search:ASIAI0B)
Imported 'GUID: bc00e25696e4132499f56528d3fed2e3' -> (Import Result ID: '63d54689761cba67d383710c22d14d87') in 0.001 seconds [static and dynamic dependencies]. Details - ImportResultOutputID=fa4d8c12c3c55318bd041c4b06572e17 DependenciesID=7f59aca7ccf73e64ade43ad1072f440f StaticDependenciesID=d4b0a8711b56e167d4b7251b9b700594 
Number of updated asset objects reloaded before import = 0
Number of asset objects unloaded after import = 1
========================================================================
Received Import Request.
  Time of request: 2026-08-27T05:11:07.96342Z
  Time since last request: 0.000142792 seconds.
  importAddress: GUID: 26a4f29db434fd79025c91f6126382cc - Path: Packages/com.unity.modules.unityanalytics/package.json - Importer: ScriptedImporter/UnityEditor.QuickSearchModule:UnityEditor.Search:ASIAI0B
Importing 'GUID: 26a4f29db434fd79025c91f6126382cc - Path: Packages/com.unity.modules.unityanalytics/package.json - Importer: ScriptedImporter/UnityEditor.QuickSearchModule:UnityEditor.Search:ASIAI0B' with importer (ScriptedImporter : UnityEditor.QuickSearchModule:UnityEditor.Search:ASIAI0B)
Imported 'GUID: 26a4f29db434fd79025c91f6126382cc' -> (Import Result ID: 'df4d923288760303263b23b883b186f1') in 0.001 seconds [static and dynamic dependencies]. Details - ImportResultOutputID=4c7f7eaceb4f1f93db5883e3f0eb6a7e DependenciesID=619ef704856e9fb7035e7129f1fb2fa9 StaticDependenciesID=1dc381da2483213c4f1565206ae25332 
Number of updated asset objects reloaded before import = 0
Number of asset objects unloaded after import = 1
========================================================================
Received Import Request.
  Time of request: 2026-08-27T05:11:07.964104Z
  Time since last request: 0.000133084 seconds.
  importAddress: GUID: 91950f78729ab144aa36e94690b28fad - Path: Packages/com.unity.ugui/Editor/TMP/TMP_BaseEditorPanel.cs - Importer: ScriptedImporter/UnityEditor.QuickSearchModule:UnityEditor.Search:ASIAI0B
Importing 'GUID: 91950f78729ab144aa36e94690b28fad - Path: Packages/com.unity.ugui/Editor/TMP/TMP_BaseEditorPanel.cs - Importer: ScriptedImporter/UnityEditor.QuickSearchModule:UnityEditor.Search:ASIAI0B' with importer (ScriptedImporter : UnityEditor.QuickSearchModule:UnityEditor.Search:ASIAI0B)
Imported 'GUID: 91950f78729ab144aa36e94690b28fad' -> (Import Result ID: '6db6a6bc8d1d9f4fcd1a811036ef4c98') in 0.001 seconds [static and dynamic dependencies]. Details - ImportResultOutputID=424cef374e5fc39df3f1679ceb0f5bb8 DependenciesID=09f204adf32da50ef31e9f76e41f3bc1 StaticDependenciesID=504daed9da34a82cced75d70cd5924a5 
Number of updated asset objects reloaded before import = 0
Number of asset objects unloaded after import = 0
========================================================================
Received Import Request.
  Time of request: 2026-08-27T05:11:07.965509Z
  Time since last request: 0.000157084 seconds.
  importAddress: GUID: 27a0335dab59ec542aadd6636a5b4ebd - Path: Packages/com.unity.ugui/Editor/TMP/TMP_EditorCoroutine.cs - Importer: ScriptedImporter/UnityEditor.QuickSearchModule:UnityEditor.Search:ASIAI0B
Importing 'GUID: 27a0335dab59ec542aadd6636a5b4ebd - Path: Packages/com.unity.ugui/Editor/TMP/TMP_EditorCoroutine.cs - Importer: ScriptedImporter/UnityEditor.QuickSearchModule:UnityEditor.Search:ASIAI0B' with importer (ScriptedImporter : UnityEditor.QuickSearchModule:UnityEditor.Search:ASIAI0B)
Imported 'GUID: 27a0335dab59ec542aadd6636a5b4ebd' -> (Import Result ID: '7547a6346392b0f2245345f6aedf764f') in 0.001 seconds [static and dynamic dependencies]. Details - ImportResultOutputID=22d72be824fab0acb9b13e3454c340cc DependenciesID=4f3f2505818a11cfa8dea9c68d0fef00 StaticDependenciesID=f74c8058f2f1c021eee2420ee3a8d2d3 
Number of updated asset objects reloaded before import = 0
Number of asset objects unloaded after import = 0
========================================================================
Received Import Request.
  Time of request: 2026-08-27T05:11:07.968902Z
  Time since last request: 0.002744458 seconds.
  importAddress: GUID: e156bcfa677d7479b9831c626b252c5e - Path: Assets/Scripts/ScreenFader.cs - Importer: ScriptedImporter/UnityEditor.QuickSearchModule:UnityEditor.Search:ASIAI0B
Importing 'GUID: e156bcfa677d7479b9831c626b252c5e - Path: Assets/Scripts/ScreenFader.cs - Importer: ScriptedImporter/UnityEditor.QuickSearchModule:UnityEditor.Search:ASIAI0B' with importer (ScriptedImporter : UnityEditor.QuickSearchModule:UnityEditor.Search:ASIAI0B)
Imported 'GUID: e156bcfa677d7479b9831c626b252c5e' -> (Import Result ID: '9396d20c5288ec2e7433ff53bcd6e040') in 0.001 seconds [static and dynamic dependencies]. Details - ImportResultOutputID=44b18cece4b8676c9d2a37ee78dca8a8 DependenciesID=07cf8cbf03e7cc737e66fc84587b3ae8 StaticDependenciesID=22d2c440b69871d75c4a7d6c0379b4e2 
Number of updated asset objects reloaded before import = 0
Number of asset objects unloaded after import = 0
========================================================================
Received Import Request.
  Time of request: 2026-08-27T05:11:07.984829Z
  Time since last request: 0.015177583 seconds.
  importAddress: GUID: 34e2c9b9d9e44953933afe37461f44e6 - Path: Packages/com.unity.ugui/Editor/TMP/TMP_StyleSheetEditor.cs - Importer: ScriptedImporter/UnityEditor.QuickSearchModule:UnityEditor.Search:ASIAI0B
Importing 'GUID: 34e2c9b9d9e44953933afe37461f44e6 - Path: Packages/com.unity.ugui/Editor/TMP/TMP_StyleSheetEditor.cs - Importer: ScriptedImporter/UnityEditor.QuickSearchModule:UnityEditor.Search:ASIAI0B' with importer (ScriptedImporter : UnityEditor.QuickSearchModule:UnityEditor.Search:ASIAI0B)
Imported 'GUID: 34e2c9b9d9e44953933afe37461f44e6' -> (Import Result ID: 'e365a3154345050dbb63f1e34025d6d6') in 0.001 seconds [static and dynamic dependencies]. Details - ImportResultOutputID=6b2b168264c344f72b9e2d0a8ddc06e3 DependenciesID=3907a73c48fc36a83fc9bee5fdf57154 StaticDependenciesID=e20eefdb3aa710488680bf95bca29a30 
Number of updated asset objects reloaded before import = 0
Number of asset objects unloaded after import = 0
========================================================================
Received Import Request.
  Time of request: 2026-08-27T05:11:07.985943Z
  Time since last request: 0.000194709 seconds.
  importAddress: GUID: 35ff0937876540d3bd4b6a941df62a92 - Path: Packages/com.unity.ugui/Editor Resources/Textures/btn_AlignCenterGeo_Light.psd - Importer: ScriptedImporter/UnityEditor.QuickSearchModule:UnityEditor.Search:ASIAI0B
Importing 'GUID: 35ff0937876540d3bd4b6a941df62a92 - Path: Packages/com.unity.ugui/Editor Resources/Textures/btn_AlignCenterGeo_Light.psd - Importer: ScriptedImporter/UnityEditor.QuickSearchModule:UnityEditor.Search:ASIAI0B' with importer (ScriptedImporter : UnityEditor.QuickSearchModule:UnityEditor.Search:ASIAI0B)
Imported 'GUID: 35ff0937876540d3bd4b6a941df62a92' -> (Import Result ID: '770c4785630ae29ed28b1656014cbe57') in 0.017 seconds [static and dynamic dependencies]. Details - ImportResultOutputID=9060b09ac5420929bf887de0e4c0fa91 DependenciesID=b3a1f123784f522c8d05aee4cb1e8aea StaticDependenciesID=49cffeeab088a82b4868f141f13153ab 
Number of updated asset objects reloaded before import = 0
Number of asset objects unloaded after import = 1
========================================================================
Received Import Request.
  Time of request: 2026-08-27T05:11:08.003444Z
  Time since last request: 0.000184208 seconds.
  importAddress: GUID: ca51b19024094d1b87f3e07edb0a75fb - Path: Packages/com.unity.ugui/Editor Resources/Textures/btn_AlignBottom.psd - Importer: ScriptedImporter/UnityEditor.QuickSearchModule:UnityEditor.Search:ASIAI0B
Importing 'GUID: ca51b19024094d1b87f3e07edb0a75fb - Path: Packages/com.unity.ugui/Editor Resources/Textures/btn_AlignBottom.psd - Importer: ScriptedImporter/UnityEditor.QuickSearchModule:UnityEditor.Search:ASIAI0B' with importer (ScriptedImporter : UnityEditor.QuickSearchModule:UnityEditor.Search:ASIAI0B)
Imported 'GUID: ca51b19024094d1b87f3e07edb0a75fb' -> (Import Result ID: '8c9e95372a69d14286965bd5afe31815') in 0.003 seconds [static and dynamic dependencies]. Details - ImportResultOutputID=d0fdf3ce77a0e4ddd6d0b2cd2f5efcf8 DependenciesID=6765511c0b8b5c2d9f58383e38b3a79d StaticDependenciesID=fc507ee32c1a2536dcf6594edfc34b0c 
Number of updated asset objects reloaded before import = 0
Number of asset objects unloaded after import = 1
========================================================================
Received Import Request.
  Time of request: 2026-08-27T05:11:08.006241Z
  Time since last request: 0.000205125 seconds.
  importAddress: GUID: 49679f302ac6408697f6b9314a38985c - Path: Packages/com.unity.ugui/Editor Resources/Textures/btn_AlignCapLine_Light.psd - Importer: ScriptedImporter/UnityEditor.QuickSearchModule:UnityEditor.Search:ASIAI0B
Importing 'GUID: 49679f302ac6408697f6b9314a38985c - Path: Packages/com.unity.ugui/Editor Resources/Textures/btn_AlignCapLine_Light.psd - Importer: ScriptedImporter/UnityEditor.QuickSearchModule:UnityEditor.Search:ASIAI0B' with importer (ScriptedImporter : UnityEditor.QuickSearchModule:UnityEditor.Search:ASIAI0B)
Imported 'GUID: 49679f302ac6408697f6b9314a38985c' -> (Import Result ID: 'fdabaa1c051528dcc7269d5e22dd022b') in 0.002 seconds [static and dynamic dependencies]. Details - ImportResultOutputID=33082ba6300884dcde9ddde09d536af5 DependenciesID=be2e077b64122023cb635d681d0eddf7 StaticDependenciesID=790e010a9aa26d57876e4cdb115f3159 
Number of updated asset objects reloaded before import = 0
Number of asset objects unloaded after import = 1
========================================================================
Received Import Request.
  Time of request: 2026-08-27T05:11:08.008419Z
  Time since last request: 0.00022075 seconds.
  importAddress: GUID: 96b44f7d98314b139324a8a87eb66067 - Path: Packages/com.unity.ugui/Editor/TMP/TMP_FontAssetEditor.cs - Importer: ScriptedImporter/UnityEditor.QuickSearchModule:UnityEditor.Search:ASIAI0B
Importing 'GUID: 96b44f7d98314b139324a8a87eb66067 - Path: Packages/com.unity.ugui/Editor/TMP/TMP_FontAssetEditor.cs - Importer: ScriptedImporter/UnityEditor.QuickSearchModule:UnityEditor.Search:ASIAI0B' with importer (ScriptedImporter : UnityEditor.QuickSearchModule:UnityEditor.Search:ASIAI0B)
Imported 'GUID: 96b44f7d98314b139324a8a87eb66067' -> (Import Result ID: '2c6217936223e7f7261e57759396c991') in 0.001 seconds [static and dynamic dependencies]. Details - ImportResultOutputID=51bc2a28ba0634cbb644363dca954b67 DependenciesID=6bead19157c5075005d6e28a64a37639 StaticDependenciesID=82a8c7f3c727b878277aa0685630af1b 
Number of updated asset objects reloaded before import = 0
Number of asset objects unloaded after import = 0
========================================================================
Received Import Request.
  Time of request: 2026-08-27T05:11:08.009477Z
  Time since last request: 0.000206958 seconds.
  importAddress: GUID: 9288066c33474b94b6ee5465f4df1cc0 - Path: Packages/com.unity.ugui/Editor Resources/Textures/btn_AlignLeft.psd - Importer: ScriptedImporter/UnityEditor.QuickSearchModule:UnityEditor.Search:ASIAI0B
Importing 'GUID: 9288066c33474b94b6ee5465f4df1cc0 - Path: Packages/com.unity.ugui/Editor Resources/Textures/btn_AlignLeft.psd - Importer: ScriptedImporter/UnityEditor.QuickSearchModule:UnityEditor.Search:ASIAI0B' with importer (ScriptedImporter : UnityEditor.QuickSearchModule:UnityEditor.Search:ASIAI0B)
Imported 'GUID: 9288066c33474b94b6ee5465f4df1cc0' -> (Import Result ID: '5753e73397129afd80c7aabd4408c2a3') in 0.002 seconds [static and dynamic dependencies]. Details - ImportResultOutputID=e27d9d8c20225c6710e53b21e387fd68 DependenciesID=65c89ae1319d6a63f028580d6b7dcae0 StaticDependenciesID=b7c508b09354ba485d3685b2b2687263 
Number of updated asset objects reloaded before import = 0
Number of asset objects unloaded after import = 1
========================================================================
Received Import Request.
  Time of request: 2026-08-27T05:11:08.011673Z
  Time since last request: 0.00018975 seconds.
  importAddress: GUID: 41b96614b2e6494ba995ddcd252d11ae - Path: Packages/com.unity.ugui/Editor Resources/Textures/btn_AlignMiddle.psd - Importer: ScriptedImporter/UnityEditor.QuickSearchModule:UnityEditor.Search:ASIAI0B
Importing 'GUID: 41b96614b2e6494ba995ddcd252d11ae - Path: Packages/com.unity.ugui/Editor Resources/Textures/btn_AlignMiddle.psd - Importer: ScriptedImporter/UnityEditor.QuickSearchModule:UnityEditor.Search:ASIAI0B' with importer (ScriptedImporter : UnityEditor.QuickSearchModule:UnityEditor.Search:ASIAI0B)
Imported 'GUID: 41b96614b2e6494ba995ddcd252d11ae' -> (Import Result ID: 'a9765057659e6981be575d2fe4c9f856') in 0.003 seconds [static and dynamic dependencies]. Details - ImportResultOutputID=139914ceb1e0a31d287f644b5b8b849f DependenciesID=382fa1d563d1661b5812fa2e18ec4264 StaticDependenciesID=7dcab359f3ee80f3688d7a1af074d0a4 
Number of updated asset objects reloaded before import = 0
Number of asset objects unloaded after import = 1
========================================================================
Received Import Request.
  Time of request: 2026-08-27T05:11:08.014486Z
  Time since last request: 0.000211459 seconds.
  importAddress: GUID: 9c442dc870b456e48b615cd8add0e9ef - Path: Packages/com.unity.ugui/Editor Resources/Shaders/TMP_SDF Internal Editor.shader - Importer: ScriptedImporter/UnityEditor.QuickSearchModule:UnityEditor.Search:ASIAI0B
Importing 'GUID: 9c442dc870b456e48b615cd8add0e9ef - Path: Packages/com.unity.ugui/Editor Resources/Shaders/TMP_SDF Internal Editor.shader - Importer: ScriptedImporter/UnityEditor.QuickSearchModule:UnityEditor.Search:ASIAI0B' with importer (ScriptedImporter : UnityEditor.QuickSearchModule:UnityEditor.Search:ASIAI0B)
Imported 'GUID: 9c442dc870b456e48b615cd8add0e9ef' -> (Import Result ID: '1af44fd6222f73ada574598ba62e4f5e') in 0.004 seconds [static and dynamic dependencies]. Details - ImportResultOutputID=91c7edd57ff51b86d994b189fcfa3779 DependenciesID=e0e05ca2ee1e213f2894be67519b97ad StaticDependenciesID=8c16d7321999e43099cdb5997f17ad14 
Number of updated asset objects reloaded before import = 0
Number of asset objects unloaded after import = 1
========================================================================
Received Import Request.
  Time of request: 2026-08-27T05:11:08.0185Z
  Time since last request: 0.000174791 seconds.
  importAddress: GUID: 225b67dcce9247b4c806e435b34695d2 - Path: Packages/com.unity.ugui/Editor/TMP/TMP_MarkupTagUpdateUtility.cs - Importer: ScriptedImporter/UnityEditor.QuickSearchModule:UnityEditor.Search:ASIAI0B
Importing 'GUID: 225b67dcce9247b4c806e435b34695d2 - Path: Packages/com.unity.ugui/Editor/TMP/TMP_MarkupTagUpdateUtility.cs - Importer: ScriptedImporter/UnityEditor.QuickSearchModule:UnityEditor.Search:ASIAI0B' with importer (ScriptedImporter : UnityEditor.QuickSearchModule:UnityEditor.Search:ASIAI0B)
Imported 'GUID: 225b67dcce9247b4c806e435b34695d2' -> (Import Result ID: 'aead86eed210f4baedaaf5e12bdbc396') in 0.001 seconds [static and dynamic dependencies]. Details - ImportResultOutputID=81d4475e6a92c40a42632b76dd161884 DependenciesID=ff793f64a4eba4399948b2d7e972c6fa StaticDependenciesID=c83be17ece9b18bbc0075b201b62f0f5 
Number of updated asset objects reloaded before import = 0
Number of asset objects unloaded after import = 0
========================================================================
Received Import Request.
  Time of request: 2026-08-27T05:11:08.019466Z
  Time since last request: 0.00016775 seconds.
  importAddress: GUID: fb5730e24283d0c489e5c7d0bee023d9 - Path: Packages/com.unity.ugui/Editor Resources/Textures/SectionHeader_Dark.psd - Importer: ScriptedImporter/UnityEditor.QuickSearchModule:UnityEditor.Search:ASIAI0B
Importing 'GUID: fb5730e24283d0c489e5c7d0bee023d9 - Path: Packages/com.unity.ugui/Editor Resources/Textures/SectionHeader_Dark.psd - Importer: ScriptedImporter/UnityEditor.QuickSearchModule:UnityEditor.Search:ASIAI0B' with importer (ScriptedImporter : UnityEditor.QuickSearchModule:UnityEditor.Search:ASIAI0B)
Imported 'GUID: fb5730e24283d0c489e5c7d0bee023d9' -> (Import Result ID: 'dae1f35a0a357b37309451c7b080bcab') in 0.002 seconds [static and dynamic dependencies]. Details - ImportResultOutputID=0fa72dffc6bcbcb5291a6c31aa74224a DependenciesID=cf38c5e8b3c6a6ccf305d0dfc86ef66b StaticDependenciesID=172c35671385c2080a1a8ef958208b29 
Number of updated asset objects reloaded before import = 0
Number of asset objects unloaded after import = 1
========================================================================
Received Import Request.
  Time of request: 2026-08-27T05:11:08.021584Z
  Time since last request: 0.000298708 seconds.
  importAddress: GUID: 88ed537c17c34f339121fe9a7d6d7a0e - Path: Packages/com.unity.ugui/Editor/TMP/TMPro_SortingLayerHelper.cs - Importer: ScriptedImporter/UnityEditor.QuickSearchModule:UnityEditor.Search:ASIAI0B
Importing 'GUID: 88ed537c17c34f339121fe9a7d6d7a0e - Path: Packages/com.unity.ugui/Editor/TMP/TMPro_SortingLayerHelper.cs - Importer: ScriptedImporter/UnityEditor.QuickSearchModule:UnityEditor.Search:ASIAI0B' with importer (ScriptedImporter : UnityEditor.QuickSearchModule:UnityEditor.Search:ASIAI0B)
Imported 'GUID: 88ed537c17c34f339121fe9a7d6d7a0e' -> (Import Result ID: '2f98fa9cbeda08de2b53bbd392671eab') in 0.001 seconds [static and dynamic dependencies]. Details - ImportResultOutputID=fe30d665e20b11d7740853911e9995fe DependenciesID=98d9923a73880d7bef0cc430cf48d67a StaticDependenciesID=8996c4712f6d1d664e88b5f26b461643 
Number of updated asset objects reloaded before import = 0
Number of asset objects unloaded after import = 0
========================================================================
Received Import Request.
  Time of request: 2026-08-27T05:11:08.022587Z
  Time since last request: 0.000190875 seconds.
  importAddress: GUID: e3b0f810fdea84e40ab4ba20f256f7e8 - Path: Packages/com.unity.ugui/Editor Resources/Textures/SectionHeader_Light.psd - Importer: ScriptedImporter/UnityEditor.QuickSearchModule:UnityEditor.Search:ASIAI0B
Importing 'GUID: e3b0f810fdea84e40ab4ba20f256f7e8 - Path: Packages/com.unity.ugui/Editor Resources/Textures/SectionHeader_Light.psd - Importer: ScriptedImporter/UnityEditor.QuickSearchModule:UnityEditor.Search:ASIAI0B' with importer (ScriptedImporter : UnityEditor.QuickSearchModule:UnityEditor.Search:ASIAI0B)
Imported 'GUID: e3b0f810fdea84e40ab4ba20f256f7e8' -> (Import Result ID: '42f707daa35b424a3f33f5baf10d8a60') in 0.002 seconds [static and dynamic dependencies]. Details - ImportResultOutputID=64801d572a01e2b6d1c29bfc914ebac1 DependenciesID=988bfa5a1812ac058f594179c9fa37aa StaticDependenciesID=61b9b2f064d6c11c0c6b4d07853bf375 
Number of updated asset objects reloaded before import = 0
Number of asset objects unloaded after import = 1
========================================================================
Received Import Request.
  Time of request: 2026-08-27T05:11:08.025304Z
  Time since last request: 0.000239458 seconds.
  importAddress: GUID: 0d9a36012a224080966c7b55896aa0f9 - Path: Packages/com.unity.ugui/Editor Resources/Textures/btn_AlignCapLine.psd - Importer: ScriptedImporter/UnityEditor.QuickSearchModule:UnityEditor.Search:ASIAI0B
Importing 'GUID: 0d9a36012a224080966c7b55896aa0f9 - Path: Packages/com.unity.ugui/Editor Resources/Textures/btn_AlignCapLine.psd - Importer: ScriptedImporter/UnityEditor.QuickSearchModule:UnityEditor.Search:ASIAI0B' with importer (ScriptedImporter : UnityEditor.QuickSearchModule:UnityEditor.Search:ASIAI0B)
Imported 'GUID: 0d9a36012a224080966c7b55896aa0f9' -> (Import Result ID: '95d2f7f3ecb24edd1f43d487bfb3c7ac') in 0.002 seconds [static and dynamic dependencies]. Details - ImportResultOutputID=c2423bd62ee9cd7dabefb6cc70c018fb DependenciesID=0756874e103bb4dcf4fe4d63158c4374 StaticDependenciesID=5218854ee76c4118d03995fd534ef9b7 
Number of updated asset objects reloaded before import = 0
Number of asset objects unloaded after import = 1
========================================================================
Received Import Request.
  Time of request: 2026-08-27T05:11:08.027448Z
  Time since last request: 0.000189541 seconds.
  importAddress: GUID: c76700ea0062413d9f69409b4e9e151b - Path: Packages/com.unity.ugui/Editor Resources/Textures/btn_AlignCenterGeo.psd - Importer: ScriptedImporter/UnityEditor.QuickSearchModule:UnityEditor.Search:ASIAI0B
Importing 'GUID: c76700ea0062413d9f69409b4e9e151b - Path: Packages/com.unity.ugui/Editor Resources/Textures/btn_AlignCenterGeo.psd - Importer: ScriptedImporter/UnityEditor.QuickSearchModule:UnityEditor.Search:ASIAI0B' with importer (ScriptedImporter : UnityEditor.QuickSearchModule:UnityEditor.Search:ASIAI0B)
Imported 'GUID: c76700ea0062413d9f69409b4e9e151b' -> (Import Result ID: '9c36c4fe7fbf45b37653cb57f5562853') in 0.002 seconds [static and dynamic dependencies]. Details - ImportResultOutputID=b0a5001f19515ae63e1617a6cc4ce7a4 DependenciesID=4056236b45154b8502acc5c9fa36f080 StaticDependenciesID=a73467cb4cdfb67d5cbd7a0e39dd9567 
Number of updated asset objects reloaded before import = 0
Number of asset objects unloaded after import = 1
========================================================================
Received Import Request.
  Time of request: 2026-08-27T05:11:08.029596Z
  Time since last request: 0.000203083 seconds.
  importAddress: GUID: ed041e68439749a69d0efa0e3d896c2e - Path: Packages/com.unity.ugui/Editor Resources/Textures/btn_AlignTop_Light.psd - Importer: ScriptedImporter/UnityEditor.QuickSearchModule:UnityEditor.Search:ASIAI0B
Importing 'GUID: ed041e68439749a69d0efa0e3d896c2e - Path: Packages/com.unity.ugui/Editor Resources/Textures/btn_AlignTop_Light.psd - Importer: ScriptedImporter/UnityEditor.QuickSearchModule:UnityEditor.Search:ASIAI0B' with importer (ScriptedImporter : UnityEditor.QuickSearchModule:UnityEditor.Search:ASIAI0B)
Imported 'GUID: ed041e68439749a69d0efa0e3d896c2e' -> (Import Result ID: '3c38c8b08ab15ab8aa7d00980172dada') in 0.002 seconds [static and dynamic dependencies]. Details - ImportResultOutputID=10bdbf756b525c27b081dd1184e978f0 DependenciesID=b0ac7ab61fb820a4c7b4edeba846438c StaticDependenciesID=56125e8ebb2178f13e86ffe16ffabf07 
Number of updated asset objects reloaded before import = 0
Number of asset objects unloaded after import = 1
========================================================================
Received Import Request.
  Time of request: 2026-08-27T05:11:08.032225Z
  Time since last request: 0.000185584 seconds.
  importAddress: GUID: 6fdea2af3daa40fe8f88e5e9cfc17abb - Path: Packages/com.unity.ugui/Editor/TMP/TMP_PostBuildProcessHandler.cs - Importer: ScriptedImporter/UnityEditor.QuickSearchModule:UnityEditor.Search:ASIAI0B
Importing 'GUID: 6fdea2af3daa40fe8f88e5e9cfc17abb - Path: Packages/com.unity.ugui/Editor/TMP/TMP_PostBuildProcessHandler.cs - Importer: ScriptedImporter/UnityEditor.QuickSearchModule:UnityEditor.Search:ASIAI0B' with importer (ScriptedImporter : UnityEditor.QuickSearchModule:UnityEditor.Search:ASIAI0B)
Imported 'GUID: 6fdea2af3daa40fe8f88e5e9cfc17abb' -> (Import Result ID: '83be5d51c6a71c076e199ac41a89e8a7') in 0.001 seconds [static and dynamic dependencies]. Details - ImportResultOutputID=394bd2b8ffe02d6d53a19315befa7e84 DependenciesID=81a8c016023a921fe82fc8cb055c3e73 StaticDependenciesID=5685b8a82710facb3004f9644263a5b7 
Number of updated asset objects reloaded before import = 0
Number of asset objects unloaded after import = 0
========================================================================
Received Import Request.
  Time of request: 2026-08-27T05:11:08.033211Z
  Time since last request: 0.0001655 seconds.
  importAddress: GUID: 92027f7f8cfc4feaa477da0dc38d3d46 - Path: Packages/com.unity.ugui/Editor Resources/Textures/btn_AlignJustified.psd - Importer: ScriptedImporter/UnityEditor.QuickSearchModule:UnityEditor.Search:ASIAI0B
Importing 'GUID: 92027f7f8cfc4feaa477da0dc38d3d46 - Path: Packages/com.unity.ugui/Editor Resources/Textures/btn_AlignJustified.psd - Importer: ScriptedImporter/UnityEditor.QuickSearchModule:UnityEditor.Search:ASIAI0B' with importer (ScriptedImporter : UnityEditor.QuickSearchModule:UnityEditor.Search:ASIAI0B)
Imported 'GUID: 92027f7f8cfc4feaa477da0dc38d3d46' -> (Import Result ID: '03f1b984c5f62dd55220c27047f687ee') in 0.002 seconds [static and dynamic dependencies]. Details - ImportResultOutputID=ba702f23a2df7fa5f50ad4fc6f5e8c14 DependenciesID=d4e11453c3a54c8332fe0bf540c3f59a StaticDependenciesID=479a223fe9b579709db9c291bb5ea48d 
Number of updated asset objects reloaded before import = 0
Number of asset objects unloaded after import = 1
========================================================================
Received Import Request.
  Time of request: 2026-08-27T05:11:08.035254Z
  Time since last request: 0.000156083 seconds.
  importAddress: GUID: 68eedd4e5b33b37429c02c4add0036fe - Path: Packages/com.unity.ugui/Editor/TMP/TMP_PackageUtilities.cs - Importer: ScriptedImporter/UnityEditor.QuickSearchModule:UnityEditor.Search:ASIAI0B
Importing 'GUID: 68eedd4e5b33b37429c02c4add0036fe - Path: Packages/com.unity.ugui/Editor/TMP/TMP_PackageUtilities.cs - Importer: ScriptedImporter/UnityEditor.QuickSearchModule:UnityEditor.Search:ASIAI0B' with importer (ScriptedImporter : UnityEditor.QuickSearchModule:UnityEditor.Search:ASIAI0B)
Imported 'GUID: 68eedd4e5b33b37429c02c4add0036fe' -> (Import Result ID: '20a28547bbe58b7953228030b05847d3') in 0.001 seconds [static and dynamic dependencies]. Details - ImportResultOutputID=30b7d9af6207cf579f7afc14d334c78d DependenciesID=0a79e2951d0795052373ae324b78fa4c StaticDependenciesID=213ad8cfd52f615604d6b985b53989d4 
Number of updated asset objects reloaded before import = 0
Number of asset objects unloaded after import = 0
========================================================================
Received Import Request.
  Time of request: 2026-08-27T05:11:08.036199Z
  Time since last request: 0.000147458 seconds.
  importAddress: GUID: 9c4a050f089abb04ebd4125e419f4548 - Path: Packages/com.unity.ugui/Editor/TMP/TMP_SerializedPropertyHolder.cs - Importer: ScriptedImporter/UnityEditor.QuickSearchModule:UnityEditor.Search:ASIAI0B
Importing 'GUID: 9c4a050f089abb04ebd4125e419f4548 - Path: Packages/com.unity.ugui/Editor/TMP/TMP_SerializedPropertyHolder.cs - Importer: ScriptedImporter/UnityEditor.QuickSearchModule:UnityEditor.Search:ASIAI0B' with importer (ScriptedImporter : UnityEditor.QuickSearchModule:UnityEditor.Search:ASIAI0B)
Imported 'GUID: 9c4a050f089abb04ebd4125e419f4548' -> (Import Result ID: '58d12d2c11cfe3abd1c4a800ebc42dcb') in 0.001 seconds [static and dynamic dependencies]. Details - ImportResultOutputID=418f4778b67c1d1f49315db205bc0214 DependenciesID=45acfbb61ceaa3e36d9b9dc606674d6d StaticDependenciesID=11e1c8ba8fb422ed27bfdd9609909c10 
Number of updated asset objects reloaded before import = 0
Number of asset objects unloaded after import = 0
========================================================================
Received Import Request.
  Time of request: 2026-08-27T05:11:08.037069Z
  Time since last request: 0.000192959 seconds.
  importAddress: GUID: 3c6c403084eacec478a1129ce20061ea - Path: Packages/com.unity.ugui/Editor Resources/Shaders/TMP_Properties.cginc - Importer: ScriptedImporter/UnityEditor.QuickSearchModule:UnityEditor.Search:ASIAI0B
Importing 'GUID: 3c6c403084eacec478a1129ce20061ea - Path: Packages/com.unity.ugui/Editor Resources/Shaders/TMP_Properties.cginc - Importer: ScriptedImporter/UnityEditor.QuickSearchModule:UnityEditor.Search:ASIAI0B' with importer (ScriptedImporter : UnityEditor.QuickSearchModule:UnityEditor.Search:ASIAI0B)
Imported 'GUID: 3c6c403084eacec478a1129ce20061ea' -> (Import Result ID: '344660363e9ab37456db473c111e719b') in 0.001 seconds [static and dynamic dependencies]. Details - ImportResultOutputID=c5ca14c3e978b110acef45c0d17a6917 DependenciesID=827bd770b77431a86f69789225bc20aa StaticDependenciesID=e53150faf320c556941f047e29962243 
Number of updated asset objects reloaded before import = 0
Number of asset objects unloaded after import = 1
========================================================================
Received Import Request.
  Time of request: 2026-08-27T05:11:08.037875Z
  Time since last request: 0.000136708 seconds.
  importAddress: GUID: e05ace3bd15740cda0bad60d89092a5b - Path: Packages/com.unity.ugui/Editor Resources/Textures/btn_AlignRight_Light.psd - Importer: ScriptedImporter/UnityEditor.QuickSearchModule:UnityEditor.Search:ASIAI0B
Importing 'GUID: e05ace3bd15740cda0bad60d89092a5b - Path: Packages/com.unity.ugui/Editor Resources/Textures/btn_AlignRight_Light.psd - Importer: ScriptedImporter/UnityEditor.QuickSearchModule:UnityEditor.Search:ASIAI0B' with importer (ScriptedImporter : UnityEditor.QuickSearchModule:UnityEditor.Search:ASIAI0B)
Imported 'GUID: e05ace3bd15740cda0bad60d89092a5b' -> (Import Result ID: '7b74fdfa26be475a35d06f6e228675f9') in 0.002 seconds [static and dynamic dependencies]. Details - ImportResultOutputID=7641138d1c0355a32bd8b8f4aa025943 DependenciesID=0715b5ab4ec9818d23485b19e3bc3c41 StaticDependenciesID=87f30f52c82550e9973c2a8ba925e794 
Number of updated asset objects reloaded before import = 0
Number of asset objects unloaded after import = 1
========================================================================
Received Import Request.
  Time of request: 2026-08-27T05:11:08.039963Z
  Time since last request: 0.000200041 seconds.
  importAddress: GUID: 48d034c499ee4697af9dd6e327110249 - Path: Packages/com.unity.ugui/Editor Resources/Textures/btn_AlignTop.psd - Importer: ScriptedImporter/UnityEditor.QuickSearchModule:UnityEditor.Search:ASIAI0B
Importing 'GUID: 48d034c499ee4697af9dd6e327110249 - Path: Packages/com.unity.ugui/Editor Resources/Textures/btn_AlignTop.psd - Importer: ScriptedImporter/UnityEditor.QuickSearchModule:UnityEditor.Search:ASIAI0B' with importer (ScriptedImporter : UnityEditor.QuickSearchModule:UnityEditor.Search:ASIAI0B)
Imported 'GUID: 48d034c499ee4697af9dd6e327110249' -> (Import Result ID: '2cd8421e0de68d613219ad4e32191500') in 0.002 seconds [static and dynamic dependencies]. Details - ImportResultOutputID=f8bb8c8b43b02f33678e8ffcefe26537 DependenciesID=9699cdff7cba0da1a1f2e384099a8157 StaticDependenciesID=2dfa10322fb4d7dc9ccdcf1107291cfc 
Number of updated asset objects reloaded before import = 0
Number of asset objects unloaded after import = 1
========================================================================
Received Import Request.
  Time of request: 2026-08-27T05:11:08.04259Z
  Time since last request: 0.0002565 seconds.
  importAddress: GUID: 0e751e877ed14d71a6b8e63ac54949cf - Path: Packages/com.unity.ugui/Editor/TMP/TMP_ProjectTextSettings.cs - Importer: ScriptedImporter/UnityEditor.QuickSearchModule:UnityEditor.Search:ASIAI0B
Importing 'GUID: 0e751e877ed14d71a6b8e63ac54949cf - Path: Packages/com.unity.ugui/Editor/TMP/TMP_ProjectTextSettings.cs - Importer: ScriptedImporter/UnityEditor.QuickSearchModule:UnityEditor.Search:ASIAI0B' with importer (ScriptedImporter : UnityEditor.QuickSearchModule:UnityEditor.Search:ASIAI0B)
Imported 'GUID: 0e751e877ed14d71a6b8e63ac54949cf' -> (Import Result ID: 'a9e4942c35078be5822fb4423c91e9cd') in 0.001 seconds [static and dynamic dependencies]. Details - ImportResultOutputID=2e537b5bb22f313c86731b379bd63ed8 DependenciesID=c2cf84856279d8784d51215b112d6dfe StaticDependenciesID=0be10f2751c50fae08b1e8bd8dc2ebe4 
Number of updated asset objects reloaded before import = 0
Number of asset objects unloaded after import = 0
========================================================================
Received Import Request.
  Time of request: 2026-08-27T05:11:08.043577Z
  Time since last request: 0.000140958 seconds.
  importAddress: GUID: 6546d7765b4165b40850b3667f981c26 - Path: Packages/com.unity.ugui/Editor/TMP/Unity.TextMeshPro.Editor.asmdef - Importer: ScriptedImporter/UnityEditor.QuickSearchModule:UnityEditor.Search:ASIAI0B
Importing 'GUID: 6546d7765b4165b40850b3667f981c26 - Path: Packages/com.unity.ugui/Editor/TMP/Unity.TextMeshPro.Editor.asmdef - Importer: ScriptedImporter/UnityEditor.QuickSearchModule:UnityEditor.Search:ASIAI0B' with importer (ScriptedImporter : UnityEditor.QuickSearchModule:UnityEditor.Search:ASIAI0B)
Imported 'GUID: 6546d7765b4165b40850b3667f981c26' -> (Import Result ID: 'bd8bc728b246bc7ca07d9519505c4d8d') in 0.001 seconds [static and dynamic dependencies]. Details - ImportResultOutputID=742476321f12640d2e3d4fbf1fff244b DependenciesID=e733f40e8b23499ebd3a062d4f937925 StaticDependenciesID=61eba784e96d1024745ecccaf0af286e 
Number of updated asset objects reloaded before import = 0
Number of asset objects unloaded after import = 1
========================================================================
Received Import Request.
  Time of request: 2026-08-27T05:11:08.044703Z
  Time since last request: 0.000125458 seconds.
  importAddress: GUID: 383966e89d344865a36addd5d378ffd3 - Path: Packages/com.unity.ugui/Editor/TMP/TMPro_FontAssetCreatorWindow.cs - Importer: ScriptedImporter/UnityEditor.QuickSearchModule:UnityEditor.Search:ASIAI0B
Importing 'GUID: 383966e89d344865a36addd5d378ffd3 - Path: Packages/com.unity.ugui/Editor/TMP/TMPro_FontAssetCreatorWindow.cs - Importer: ScriptedImporter/UnityEditor.QuickSearchModule:UnityEditor.Search:ASIAI0B' with importer (ScriptedImporter : UnityEditor.QuickSearchModule:UnityEditor.Search:ASIAI0B)
Imported 'GUID: 383966e89d344865a36addd5d378ffd3' -> (Import Result ID: 'fa0cc213994250126f1dcd60cc704522') in 0.001 seconds [static and dynamic dependencies]. Details - ImportResultOutputID=2b3881856124534032688b5ae2561c34 DependenciesID=2b497f1eb0df0da6502bf27e30c23039 StaticDependenciesID=be7a3e782f0148452f2b1cdf56919693 
Number of updated asset objects reloaded before import = 0
Number of asset objects unloaded after import = 0
========================================================================
Received Import Request.
  Time of request: 2026-08-27T05:11:08.045688Z
  Time since last request: 0.000228083 seconds.
  importAddress: GUID: aa160f27c3fe4052a5850e21108811b6 - Path: Packages/com.unity.ugui/Editor/TMP/TMP_InputFieldEditor.cs - Importer: ScriptedImporter/UnityEditor.QuickSearchModule:UnityEditor.Search:ASIAI0B
Importing 'GUID: aa160f27c3fe4052a5850e21108811b6 - Path: Packages/com.unity.ugui/Editor/TMP/TMP_InputFieldEditor.cs - Importer: ScriptedImporter/UnityEditor.QuickSearchModule:UnityEditor.Search:ASIAI0B' with importer (ScriptedImporter : UnityEditor.QuickSearchModule:UnityEditor.Search:ASIAI0B)
Imported 'GUID: aa160f27c3fe4052a5850e21108811b6' -> (Import Result ID: '6075b72d5f8661f34e3893cd9be0cf3f') in 0.001 seconds [static and dynamic dependencies]. Details - ImportResultOutputID=059e26e100458137329fca954bb78a2a DependenciesID=47530bc8e4820b549220dbe92fb001cc StaticDependenciesID=6974ba775cb3879fed0945c302602c4e 
Number of updated asset objects reloaded before import = 0
Number of asset objects unloaded after import = 0
========================================================================
Received Import Request.
  Time of request: 2026-08-27T05:11:08.046575Z
  Time since last request: 0.000173 seconds.
  importAddress: GUID: 7065397ff8184621aa3ca4f854491259 - Path: Packages/com.unity.ugui/Editor/TMP/TMPro_CreateObjectMenu.cs - Importer: ScriptedImporter/UnityEditor.QuickSearchModule:UnityEditor.Search:ASIAI0B
Importing 'GUID: 7065397ff8184621aa3ca4f854491259 - Path: Packages/com.unity.ugui/Editor/TMP/TMPro_CreateObjectMenu.cs - Importer: ScriptedImporter/UnityEditor.QuickSearchModule:UnityEditor.Search:ASIAI0B' with importer (ScriptedImporter : UnityEditor.QuickSearchModule:UnityEditor.Search:ASIAI0B)
Imported 'GUID: 7065397ff8184621aa3ca4f854491259' -> (Import Result ID: '3e25e902bc714212b605ea937c0c6050') in 0.001 seconds [static and dynamic dependencies]. Details - ImportResultOutputID=c59d9a838ec3352d32c65be0aadf48cc DependenciesID=8204b6df899f99d2463f0de04ce970c4 StaticDependenciesID=af616f6a8bfe1e385dc41915b42b1734 
Number of updated asset objects reloaded before import = 0
Number of asset objects unloaded after import = 0
========================================================================
Received Import Request.
  Time of request: 2026-08-27T05:11:08.047474Z
  Time since last request: 0.000184125 seconds.
  importAddress: GUID: 2fd6421f253b4ef1a19526541f9ffc0c - Path: Packages/com.unity.ugui/Editor Resources/Gizmos/TMP - Text Component Icon.psd - Importer: ScriptedImporter/UnityEditor.QuickSearchModule:UnityEditor.Search:ASIAI0B
Importing 'GUID: 2fd6421f253b4ef1a19526541f9ffc0c - Path: Packages/com.unity.ugui/Editor Resources/Gizmos/TMP - Text Component Icon.psd - Importer: ScriptedImporter/UnityEditor.QuickSearchModule:UnityEditor.Search:ASIAI0B' with importer (ScriptedImporter : UnityEditor.QuickSearchModule:UnityEditor.Search:ASIAI0B)
Imported 'GUID: 2fd6421f253b4ef1a19526541f9ffc0c' -> (Import Result ID: 'e293a64e8cb9b5444a10f7c8acd995f6') in 0.002 seconds [static and dynamic dependencies]. Details - ImportResultOutputID=5d264dd72883610b5a296013f195e8a9 DependenciesID=4ef1bee602ef1c99e4dfc675c5691379 StaticDependenciesID=a94ad2c6cd7b10ba9269487ef444bc48 
Number of updated asset objects reloaded before import = 0
Number of asset objects unloaded after import = 1
========================================================================
Received Import Request.
  Time of request: 2026-08-27T05:11:08.049594Z
  Time since last request: 0.00015625 seconds.
  importAddress: GUID: c2f7f6a88b4c4f20a53deb72f3d9144c - Path: Packages/com.unity.ugui/Editor Resources/Textures/btn_AlignMidLine.psd - Importer: ScriptedImporter/UnityEditor.QuickSearchModule:UnityEditor.Search:ASIAI0B
Importing 'GUID: c2f7f6a88b4c4f20a53deb72f3d9144c - Path: Packages/com.unity.ugui/Editor Resources/Textures/btn_AlignMidLine.psd - Importer: ScriptedImporter/UnityEditor.QuickSearchModule:UnityEditor.Search:ASIAI0B' with importer (ScriptedImporter : UnityEditor.QuickSearchModule:UnityEditor.Search:ASIAI0B)
Imported 'GUID: c2f7f6a88b4c4f20a53deb72f3d9144c' -> (Import Result ID: '521a407af414e48d2973a533f6ab991d') in 0.002 seconds [static and dynamic dependencies]. Details - ImportResultOutputID=6b7b8a538bfdf93fbfd6ede72239a7bb DependenciesID=16322475a0047085ba2a6da0f554603c StaticDependenciesID=5a926f657545a20fba3110a2f763422f 
Number of updated asset objects reloaded before import = 0
Number of asset objects unloaded after import = 1
========================================================================
Received Import Request.
  Time of request: 2026-08-27T05:11:08.052197Z
  Time since last request: 0.0001865 seconds.
  importAddress: GUID: 6ace62d30f494c948b71d5594afce11d - Path: Packages/com.unity.ugui/Editor Resources/Textures/btn_AlignCenter_Light.psd - Importer: ScriptedImporter/UnityEditor.QuickSearchModule:UnityEditor.Search:ASIAI0B
Importing 'GUID: 6ace62d30f494c948b71d5594afce11d - Path: Packages/com.unity.ugui/Editor Resources/Textures/btn_AlignCenter_Light.psd - Importer: ScriptedImporter/UnityEditor.QuickSearchModule:UnityEditor.Search:ASIAI0B' with importer (ScriptedImporter : UnityEditor.QuickSearchModule:UnityEditor.Search:ASIAI0B)
Imported 'GUID: 6ace62d30f494c948b71d5594afce11d' -> (Import Result ID: '404870c3a20b3bb7679ef8114e039010') in 0.002 seconds [static and dynamic dependencies]. Details - ImportResultOutputID=54d433af91cb6939b62bf944b61f3021 DependenciesID=fcfe2f0edf4da7d00a5778074fc3bfc5 StaticDependenciesID=074ab894b5fcdfc21053628245fccdd2 
Number of updated asset objects reloaded before import = 0
Number of asset objects unloaded after import = 1
========================================================================
Received Import Request.
  Time of request: 2026-08-27T05:11:08.054354Z
  Time since last request: 0.000184083 seconds.
  importAddress: GUID: bb42b2d967d6427983c901a4ffc8ecd9 - Path: Packages/com.unity.ugui/Editor Resources/Textures/btn_AlignMidline_Light.psd - Importer: ScriptedImporter/UnityEditor.QuickSearchModule:UnityEditor.Search:ASIAI0B
Importing 'GUID: bb42b2d967d6427983c901a4ffc8ecd9 - Path: Packages/com.unity.ugui/Editor Resources/Textures/btn_AlignMidline_Light.psd - Importer: ScriptedImporter/UnityEditor.QuickSearchModule:UnityEditor.Search:ASIAI0B' with importer (ScriptedImporter : UnityEditor.QuickSearchModule:UnityEditor.Search:ASIAI0B)
Imported 'GUID: bb42b2d967d6427983c901a4ffc8ecd9' -> (Import Result ID: 'c55c85c3a784699d9a33eed96802f673') in 0.002 seconds [static and dynamic dependencies]. Details - ImportResultOutputID=3a2bf779f58b013fbc3225070d83464f DependenciesID=75c2f0e4be879b89931ca8f0c929eaf5 StaticDependenciesID=31637b4c72b7ed0a730d8758f466300e 
Number of updated asset objects reloaded before import = 0
Number of asset objects unloaded after import = 1
========================================================================
Received Import Request.
  Time of request: 2026-08-27T05:11:08.056344Z
  Time since last request: 0.000181834 seconds.
  importAddress: GUID: 7496af95dfe67cf429ac65edaaf99106 - Path: Packages/com.unity.ugui/Editor/TMP/TMP_FontAsset_CreationMenu.cs - Importer: ScriptedImporter/UnityEditor.QuickSearchModule:UnityEditor.Search:ASIAI0B
Importing 'GUID: 7496af95dfe67cf429ac65edaaf99106 - Path: Packages/com.unity.ugui/Editor/TMP/TMP_FontAsset_CreationMenu.cs - Importer: ScriptedImporter/UnityEditor.QuickSearchModule:UnityEditor.Search:ASIAI0B' with importer (ScriptedImporter : UnityEditor.QuickSearchModule:UnityEditor.Search:ASIAI0B)
Imported 'GUID: 7496af95dfe67cf429ac65edaaf99106' -> (Import Result ID: 'b40f8dcf4ba94a15fa96593eec9f8e4a') in 0.001 seconds [static and dynamic dependencies]. Details - ImportResultOutputID=97354aa71c2af98a6bb05e599ef5afb8 DependenciesID=ae8e5fda1285e0958d1138572cb60bc6 StaticDependenciesID=735f3c4253f1466af667c36f1a187492 
Number of updated asset objects reloaded before import = 0
Number of asset objects unloaded after import = 0
========================================================================
Received Import Request.
  Time of request: 2026-08-27T05:11:08.057258Z
  Time since last request: 0.000131625 seconds.
  importAddress: GUID: 2300e75732d74890b38a8ff257a3ae15 - Path: Packages/com.unity.ugui/Editor/TMP/TMP_EditorUtility.cs - Importer: ScriptedImporter/UnityEditor.QuickSearchModule:UnityEditor.Search:ASIAI0B
Importing 'GUID: 2300e75732d74890b38a8ff257a3ae15 - Path: Packages/com.unity.ugui/Editor/TMP/TMP_EditorUtility.cs - Importer: ScriptedImporter/UnityEditor.QuickSearchModule:UnityEditor.Search:ASIAI0B' with importer (ScriptedImporter : UnityEditor.QuickSearchModule:UnityEditor.Search:ASIAI0B)
Imported 'GUID: 2300e75732d74890b38a8ff257a3ae15' -> (Import Result ID: '3b4c3aae14f1f33537874d29d1bddfde') in 0.001 seconds [static and dynamic dependencies]. Details - ImportResultOutputID=2a0adaf56f1f9c240613b3a0db884fe1 DependenciesID=f29fefa1f3e3d6eb79a0f4b0f3f7952e StaticDependenciesID=45722a609ecf2891880adcd3e47b4eda 
Number of updated asset objects reloaded before import = 0
Number of asset objects unloaded after import = 0
========================================================================
Received Import Request.
  Time of request: 2026-08-27T05:11:08.058162Z
  Time since last request: 0.000138542 seconds.
  importAddress: GUID: 64b9fad609434c489c32b1cdf2004a1c - Path: Packages/com.unity.ugui/Editor Resources/Textures/btn_AlignFlush_Light.psd - Importer: ScriptedImporter/UnityEditor.QuickSearchModule:UnityEditor.Search:ASIAI0B
Importing 'GUID: 64b9fad609434c489c32b1cdf2004a1c - Path: Packages/com.unity.ugui/Editor Resources/Textures/btn_AlignFlush_Light.psd - Importer: ScriptedImporter/UnityEditor.QuickSearchModule:UnityEditor.Search:ASIAI0B' with importer (ScriptedImporter : UnityEditor.QuickSearchModule:UnityEditor.Search:ASIAI0B)
Imported 'GUID: 64b9fad609434c489c32b1cdf2004a1c' -> (Import Result ID: '4ebc1a93e0496fb0d000102e8df4c100') in 0.002 seconds [static and dynamic dependencies]. Details - ImportResultOutputID=ea87357996ee087fdc21146f6c954f75 DependenciesID=a54e2d03b008298637f3ef2409454011 StaticDependenciesID=e5c176e540f79a8d4d9ccce6858e393c 
Number of updated asset objects reloaded before import = 0
Number of asset objects unloaded after import = 1
========================================================================
Received Import Request.
  Time of request: 2026-08-27T05:11:08.060557Z
  Time since last request: 0.000161292 seconds.
  importAddress: GUID: 3ee40aa79cd242a5b53b0b0ca4f13f0f - Path: Packages/com.unity.ugui/Editor Resources/Gizmos/TMP - Input Field Icon.psd - Importer: ScriptedImporter/UnityEditor.QuickSearchModule:UnityEditor.Search:ASIAI0B
Importing 'GUID: 3ee40aa79cd242a5b53b0b0ca4f13f0f - Path: Packages/com.unity.ugui/Editor Resources/Gizmos/TMP - Input Field Icon.psd - Importer: ScriptedImporter/UnityEditor.QuickSearchModule:UnityEditor.Search:ASIAI0B' with importer (ScriptedImporter : UnityEditor.QuickSearchModule:UnityEditor.Search:ASIAI0B)
Imported 'GUID: 3ee40aa79cd242a5b53b0b0ca4f13f0f' -> (Import Result ID: '1aee511a7bb42dafe704f30f73f5f87c') in 0.002 seconds [static and dynamic dependencies]. Details - ImportResultOutputID=51242a1140f17dc699e0ec71dce898f2 DependenciesID=c8e99c8f6918cc6b74719be562126f6f StaticDependenciesID=b32de61292567e9d86ffe439e2d6ebb5 
Number of updated asset objects reloaded before import = 0
Number of asset objects unloaded after import = 1
========================================================================
Received Import Request.
  Time of request: 2026-08-27T05:11:08.062691Z
  Time since last request: 0.000261 seconds.
  importAddress: GUID: 585b70cb75dd43efbfead809c30a1731 - Path: Packages/com.unity.ugui/Editor Resources/Textures/btn_AlignBottom_Light.psd - Importer: ScriptedImporter/UnityEditor.QuickSearchModule:UnityEditor.Search:ASIAI0B
Importing 'GUID: 585b70cb75dd43efbfead809c30a1731 - Path: Packages/com.unity.ugui/Editor Resources/Textures/btn_AlignBottom_Light.psd - Importer: ScriptedImporter/UnityEditor.QuickSearchModule:UnityEditor.Search:ASIAI0B' with importer (ScriptedImporter : UnityEditor.QuickSearchModule:UnityEditor.Search:ASIAI0B)
Imported 'GUID: 585b70cb75dd43efbfead809c30a1731' -> (Import Result ID: '7bacdbdefb0ed99f580af744ead30633') in 0.002 seconds [static and dynamic dependencies]. Details - ImportResultOutputID=b5ffd0e19d6012f30fdc02fff172e698 DependenciesID=fc2cd45b33fd75d6121f322ae71b2cbe StaticDependenciesID=554f12958a2e836096d80c45f9778873 
Number of updated asset objects reloaded before import = 0
Number of asset objects unloaded after import = 1
========================================================================
Received Import Request.
  Time of request: 2026-08-27T05:11:08.064703Z
  Time since last request: 0.000141541 seconds.
  importAddress: GUID: f4935fb862d54980b1bcbca942962642 - Path: Packages/com.unity.ugui/Editor/TMP/TMPro_TexturePostProcessor.cs - Importer: ScriptedImporter/UnityEditor.QuickSearchModule:UnityEditor.Search:ASIAI0B
Importing 'GUID: f4935fb862d54980b1bcbca942962642 - Path: Packages/com.unity.ugui/Editor/TMP/TMPro_TexturePostProcessor.cs - Importer: ScriptedImporter/UnityEditor.QuickSearchModule:UnityEditor.Search:ASIAI0B' with importer (ScriptedImporter : UnityEditor.QuickSearchModule:UnityEditor.Search:ASIAI0B)
Imported 'GUID: f4935fb862d54980b1bcbca942962642' -> (Import Result ID: '04a7cff1f8f537925fb25db612fe87fa') in 0.001 seconds [static and dynamic dependencies]. Details - ImportResultOutputID=1f2e457fd7258486bd6de2f43bd5b87f DependenciesID=847300059bec99083c543b9d6f09165c StaticDependenciesID=bc65e62aa59cbfd7dacb894fd4ec2f71 
Number of updated asset objects reloaded before import = 0
Number of asset objects unloaded after import = 0
========================================================================
Received Import Request.
  Time of request: 2026-08-27T05:11:08.06547Z
  Time since last request: 0.000136958 seconds.
  importAddress: GUID: 0386b6eb838c47138cd51d1c1b879a35 - Path: Packages/com.unity.ugui/Editor/TMP/TMP_SettingsEditor.cs - Importer: ScriptedImporter/UnityEditor.QuickSearchModule:UnityEditor.Search:ASIAI0B
Importing 'GUID: 0386b6eb838c47138cd51d1c1b879a35 - Path: Packages/com.unity.ugui/Editor/TMP/TMP_SettingsEditor.cs - Importer: ScriptedImporter/UnityEditor.QuickSearchModule:UnityEditor.Search:ASIAI0B' with importer (ScriptedImporter : UnityEditor.QuickSearchModule:UnityEditor.Search:ASIAI0B)
Imported 'GUID: 0386b6eb838c47138cd51d1c1b879a35' -> (Import Result ID: '51dc9c41b16004097c89d88650966a1e') in 0.001 seconds [static and dynamic dependencies]. Details - ImportResultOutputID=4e2a1e3964372558c31db2979767b8b7 DependenciesID=7a820e9c74820acc946051404f29ac60 StaticDependenciesID=202a6ba798f4d05ffc798c6116d7b578 
Number of updated asset objects reloaded before import = 0
Number of asset objects unloaded after import = 0
========================================================================
Received Import Request.
  Time of request: 2026-08-27T05:11:08.066296Z
  Time since last request: 0.000146459 seconds.
  importAddress: GUID: 23a562f2cac6401f9f91251c68a1a794 - Path: Packages/com.unity.ugui/Editor/TMP/TMP_StyleAssetMenu.cs - Importer: ScriptedImporter/UnityEditor.QuickSearchModule:UnityEditor.Search:ASIAI0B
Importing 'GUID: 23a562f2cac6401f9f91251c68a1a794 - Path: Packages/com.unity.ugui/Editor/TMP/TMP_StyleAssetMenu.cs - Importer: ScriptedImporter/UnityEditor.QuickSearchModule:UnityEditor.Search:ASIAI0B' with importer (ScriptedImporter : UnityEditor.QuickSearchModule:UnityEditor.Search:ASIAI0B)
Imported 'GUID: 23a562f2cac6401f9f91251c68a1a794' -> (Import Result ID: '873869e0b293ebfb3522201ac832b49c') in 0.001 seconds [static and dynamic dependencies]. Details - ImportResultOutputID=800010b9bdd64912d36451d7c1ecee34 DependenciesID=5503ead6b20693728207e270c21dab76 StaticDependenciesID=918393ea1a51d30e49987a93e8f8143f 
Number of updated asset objects reloaded before import = 0
Number of asset objects unloaded after import = 0
========================================================================
Received Import Request.
  Time of request: 2026-08-27T05:11:08.067173Z
  Time since last request: 0.000138041 seconds.
  importAddress: GUID: dd2fe74169b54bf58fca17288513ef38 - Path: Packages/com.unity.ugui/Editor/TMP/TMP_SubMesh_Editor.cs - Importer: ScriptedImporter/UnityEditor.QuickSearchModule:UnityEditor.Search:ASIAI0B
Importing 'GUID: dd2fe74169b54bf58fca17288513ef38 - Path: Packages/com.unity.ugui/Editor/TMP/TMP_SubMesh_Editor.cs - Importer: ScriptedImporter/UnityEditor.QuickSearchModule:UnityEditor.Search:ASIAI0B' with importer (ScriptedImporter : UnityEditor.QuickSearchModule:UnityEditor.Search:ASIAI0B)
Imported 'GUID: dd2fe74169b54bf58fca17288513ef38' -> (Import Result ID: '59bf7a22eec2ef4bb0e3b14a99adb4d6') in 0.001 seconds [static and dynamic dependencies]. Details - ImportResultOutputID=d9806045fd0c3265613f3d55be1a8a32 DependenciesID=ed745d8db622b81b5257d8357e28f2e9 StaticDependenciesID=86c10cb603bf2662cc9e56a6d5d52609 
Number of updated asset objects reloaded before import = 0
Number of asset objects unloaded after import = 0
========================================================================
Received Import Request.
  Time of request: 2026-08-27T05:11:08.067994Z
  Time since last request: 0.000157084 seconds.
  importAddress: GUID: 02893ffb522b490a9fa28eedd2584309 - Path: Packages/com.unity.ugui/Editor/TMP/TMPro_TextContainerEditor.cs - Importer: ScriptedImporter/UnityEditor.QuickSearchModule:UnityEditor.Search:ASIAI0B
Importing 'GUID: 02893ffb522b490a9fa28eedd2584309 - Path: Packages/com.unity.ugui/Editor/TMP/TMPro_TextContainerEditor.cs - Importer: ScriptedImporter/UnityEditor.QuickSearchModule:UnityEditor.Search:ASIAI0B' with importer (ScriptedImporter : UnityEditor.QuickSearchModule:UnityEditor.Search:ASIAI0B)
Imported 'GUID: 02893ffb522b490a9fa28eedd2584309' -> (Import Result ID: '83f01e392f2bbb065a0926ad66b76148') in 0.001 seconds [static and dynamic dependencies]. Details - ImportResultOutputID=f84c8fbe83bd8a9339e06a410c58459a DependenciesID=e6f18dea63e09b46082a74adb95c0935 StaticDependenciesID=dd94d2f5edbff6131033c4df59c7b71c 
Number of updated asset objects reloaded before import = 0
Number of asset objects unloaded after import = 0
========================================================================
Received Import Request.
  Time of request: 2026-08-27T05:11:08.068848Z
  Time since last request: 0.000173125 seconds.
  importAddress: GUID: b09be1f217d34247af54863a2f5587e1 - Path: Packages/com.unity.ugui/Editor/TMP/TMP_SpriteAssetEditor.cs - Importer: ScriptedImporter/UnityEditor.QuickSearchModule:UnityEditor.Search:ASIAI0B
Importing 'GUID: b09be1f217d34247af54863a2f5587e1 - Path: Packages/com.unity.ugui/Editor/TMP/TMP_SpriteAssetEditor.cs - Importer: ScriptedImporter/UnityEditor.QuickSearchModule:UnityEditor.Search:ASIAI0B' with importer (ScriptedImporter : UnityEditor.QuickSearchModule:UnityEditor.Search:ASIAI0B)
Imported 'GUID: b09be1f217d34247af54863a2f5587e1' -> (Import Result ID: '7d19724ee27830d16d0a41f69da3897b') in 0.001 seconds [static and dynamic dependencies]. Details - ImportResultOutputID=3fe12009053db8c2c611f327678864a6 DependenciesID=79953ab17e1a49e4349bed50d8e0691c StaticDependenciesID=896f8a7dd72520f3ce1e3b86d46b9f38 
Number of updated asset objects reloaded before import = 0
Number of asset objects unloaded after import = 0
========================================================================
Received Import Request.
  Time of request: 2026-08-27T05:11:08.069597Z
  Time since last request: 0.000148375 seconds.
  importAddress: GUID: ee148e281f3c41c5b4ff5f8a5afe5a6c - Path: Packages/com.unity.ugui/Editor Resources/Gizmos/TMP - Font Asset Icon.psd - Importer: ScriptedImporter/UnityEditor.QuickSearchModule:UnityEditor.Search:ASIAI0B
Importing 'GUID: ee148e281f3c41c5b4ff5f8a5afe5a6c - Path: Packages/com.unity.ugui/Editor Resources/Gizmos/TMP - Font Asset Icon.psd - Importer: ScriptedImporter/UnityEditor.QuickSearchModule:UnityEditor.Search:ASIAI0B' with importer (ScriptedImporter : UnityEditor.QuickSearchModule:UnityEditor.Search:ASIAI0B)
Imported 'GUID: ee148e281f3c41c5b4ff5f8a5afe5a6c' -> (Import Result ID: 'ca625ef7f2351543916bab5212ff2bde') in 0.003 seconds [static and dynamic dependencies]. Details - ImportResultOutputID=710aa967ee918fa9da06b439e2708640 DependenciesID=897f1e36945a073ec5c6bbe0751a069a StaticDependenciesID=f8e76dd589df07df17f4fc5e84f55f17 
Number of updated asset objects reloaded before import = 0
Number of asset objects unloaded after import = 1
========================================================================
Received Import Request.
  Time of request: 2026-08-27T05:11:08.072448Z
  Time since last request: 0.000191458 seconds.
  importAddress: GUID: 81ed8c76d2bc4a4c95d092c98af4e58f - Path: Packages/com.unity.ugui/Editor Resources/Textures/btn_AlignCenter.psd - Importer: ScriptedImporter/UnityEditor.QuickSearchModule:UnityEditor.Search:ASIAI0B
Importing 'GUID: 81ed8c76d2bc4a4c95d092c98af4e58f - Path: Packages/com.unity.ugui/Editor Resources/Textures/btn_AlignCenter.psd - Importer: ScriptedImporter/UnityEditor.QuickSearchModule:UnityEditor.Search:ASIAI0B' with importer (ScriptedImporter : UnityEditor.QuickSearchModule:UnityEditor.Search:ASIAI0B)
Imported 'GUID: 81ed8c76d2bc4a4c95d092c98af4e58f' -> (Import Result ID: '4287b1462f6db9b21c9f348095664a51') in 0.002 seconds [static and dynamic dependencies]. Details - ImportResultOutputID=e4750708efc7c2cf8c70cf833f2fe316 DependenciesID=061a0b63b5d3ce84bcf5d626706d1b90 StaticDependenciesID=38270ee05f68c675582b2be4095e6a3c 
Number of updated asset objects reloaded before import = 0
Number of asset objects unloaded after import = 1
========================================================================
Received Import Request.
  Time of request: 2026-08-27T05:11:08.074688Z
  Time since last request: 0.000229125 seconds.
  importAddress: GUID: bf8befe3c500aa84b9ce3860a226cf41 - Path: Packages/com.unity.ugui/Editor/TMP/TMP_PreBuildProcessor.cs - Importer: ScriptedImporter/UnityEditor.QuickSearchModule:UnityEditor.Search:ASIAI0B
Importing 'GUID: bf8befe3c500aa84b9ce3860a226cf41 - Path: Packages/com.unity.ugui/Editor/TMP/TMP_PreBuildProcessor.cs - Importer: ScriptedImporter/UnityEditor.QuickSearchModule:UnityEditor.Search:ASIAI0B' with importer (ScriptedImporter : UnityEditor.QuickSearchModule:UnityEditor.Search:ASIAI0B)
Imported 'GUID: bf8befe3c500aa84b9ce3860a226cf41' -> (Import Result ID: 'ac381deb1fb0cc981d70cac44bd5de17') in 0.001 seconds [static and dynamic dependencies]. Details - ImportResultOutputID=e0715cd1f05ec9695e64c2db797f4beb DependenciesID=0b12a3ef0e30ff60764c57abfc34c022 StaticDependenciesID=f0c417c5998a4210ed6c1915f6ef753c 
Number of updated asset objects reloaded before import = 0
Number of asset objects unloaded after import = 0
========================================================================
Received Import Request.
  Time of request: 2026-08-27T05:11:08.075605Z
  Time since last request: 0.000182667 seconds.
  importAddress: GUID: abe6991365a27d341a10580f3b7c0f44 - Path: Packages/com.unity.ugui/Editor Resources/Shaders/TMP_SDF_SSD.cginc - Importer: ScriptedImporter/UnityEditor.QuickSearchModule:UnityEditor.Search:ASIAI0B
Importing 'GUID: abe6991365a27d341a10580f3b7c0f44 - Path: Packages/com.unity.ugui/Editor Resources/Shaders/TMP_SDF_SSD.cginc - Importer: ScriptedImporter/UnityEditor.QuickSearchModule:UnityEditor.Search:ASIAI0B' with importer (ScriptedImporter : UnityEditor.QuickSearchModule:UnityEditor.Search:ASIAI0B)
Imported 'GUID: abe6991365a27d341a10580f3b7c0f44' -> (Import Result ID: '700da7b35aa1f5380f97739984cce2bf') in 0.001 seconds [static and dynamic dependencies]. Details - ImportResultOutputID=dcc140fd6dd7dac9c7a3dcee54980dca DependenciesID=a530f663482742812e8a369f2bac20e9 StaticDependenciesID=a5ccc1492204549bce894131d0b56ec4 
Number of updated asset objects reloaded before import = 0
Number of asset objects unloaded after import = 1
========================================================================
Received Import Request.
  Time of request: 2026-08-27T05:11:08.076422Z
  Time since last request: 0.000140875 seconds.
  importAddress: GUID: 342a0f8aca7f4f0691338912faec0494 - Path: Packages/com.unity.ugui/Editor Resources/Textures/btn_AlignRight.psd - Importer: ScriptedImporter/UnityEditor.QuickSearchModule:UnityEditor.Search:ASIAI0B
Importing 'GUID: 342a0f8aca7f4f0691338912faec0494 - Path: Packages/com.unity.ugui/Editor Resources/Textures/btn_AlignRight.psd - Importer: ScriptedImporter/UnityEditor.QuickSearchModule:UnityEditor.Search:ASIAI0B' with importer (ScriptedImporter : UnityEditor.QuickSearchModule:UnityEditor.Search:ASIAI0B)
Imported 'GUID: 342a0f8aca7f4f0691338912faec0494' -> (Import Result ID: 'e21da7324bdcf0b55239be5fd2152dc8') in 0.002 seconds [static and dynamic dependencies]. Details - ImportResultOutputID=e29ac7f9aef6801e5c32e99ed2f7fb17 DependenciesID=16c95356b11a870721e8cd003b75bc83 StaticDependenciesID=cce63a52cd0f252b679c750e1d2f9067 
Number of updated asset objects reloaded before import = 0
Number of asset objects unloaded after import = 1
========================================================================
Received Import Request.
  Time of request: 2026-08-27T05:11:08.07838Z
  Time since last request: 0.0001725 seconds.
  importAddress: GUID: a7ec9e7ad8b847b7ae4510af83c5d868 - Path: Packages/com.unity.ugui/Editor Resources/Gizmos/TMP - Dropdown Icon.psd - Importer: ScriptedImporter/UnityEditor.QuickSearchModule:UnityEditor.Search:ASIAI0B
Importing 'GUID: a7ec9e7ad8b847b7ae4510af83c5d868 - Path: Packages/com.unity.ugui/Editor Resources/Gizmos/TMP - Dropdown Icon.psd - Importer: ScriptedImporter/UnityEditor.QuickSearchModule:UnityEditor.Search:ASIAI0B' with importer (ScriptedImporter : UnityEditor.QuickSearchModule:UnityEditor.Search:ASIAI0B)
Imported 'GUID: a7ec9e7ad8b847b7ae4510af83c5d868' -> (Import Result ID: '91c39eaee848c2fe234b51479826d540') in 0.003 seconds [static and dynamic dependencies]. Details - ImportResultOutputID=fa7df07a433387e9c4ebc0109621e3e6 DependenciesID=4f8c98ffea8cc9446228a36a9eab6e75 StaticDependenciesID=005fafd8424a48f575d771e4979ed037 
Number of updated asset objects reloaded before import = 0
Number of asset objects unloaded after import = 1
========================================================================
Received Import Request.
  Time of request: 2026-08-27T05:11:08.081638Z
  Time since last request: 0.000251417 seconds.
  importAddress: GUID: 1048a87135154606808bf2030da32d18 - Path: Packages/com.unity.ugui/Editor/TMP/TMP_SpriteAssetMenu.cs - Importer: ScriptedImporter/UnityEditor.QuickSearchModule:UnityEditor.Search:ASIAI0B
Importing 'GUID: 1048a87135154606808bf2030da32d18 - Path: Packages/com.unity.ugui/Editor/TMP/TMP_SpriteAssetMenu.cs - Importer: ScriptedImporter/UnityEditor.QuickSearchModule:UnityEditor.Search:ASIAI0B' with importer (ScriptedImporter : UnityEditor.QuickSearchModule:UnityEditor.Search:ASIAI0B)
Imported 'GUID: 1048a87135154606808bf2030da32d18' -> (Import Result ID: '71a7476708dd82f764cb783b51457195') in 0.001 seconds [static and dynamic dependencies]. Details - ImportResultOutputID=aad3e759de5c602e6fbf8d6fef80b82b DependenciesID=d8c11d02f86d5cd3ec98c090f8726bf8 StaticDependenciesID=6f2a72b45973df15378fbf80c0a01903 
Number of updated asset objects reloaded before import = 0
Number of asset objects unloaded after import = 0
========================================================================
Received Import Request.
  Time of request: 2026-08-27T05:11:08.083129Z
  Time since last request: 0.000432875 seconds.
  importAddress: GUID: 18775b51e3bd42299fd30bd036ea982f - Path: Packages/com.unity.ugui/Editor Resources/Textures/btn_AlignBaseLine_Light.psd - Importer: ScriptedImporter/UnityEditor.QuickSearchModule:UnityEditor.Search:ASIAI0B
Importing 'GUID: 18775b51e3bd42299fd30bd036ea982f - Path: Packages/com.unity.ugui/Editor Resources/Textures/btn_AlignBaseLine_Light.psd - Importer: ScriptedImporter/UnityEditor.QuickSearchModule:UnityEditor.Search:ASIAI0B' with importer (ScriptedImporter : UnityEditor.QuickSearchModule:UnityEditor.Search:ASIAI0B)
Imported 'GUID: 18775b51e3bd42299fd30bd036ea982f' -> (Import Result ID: '65b376c373ce1168697e9fdcda1d644b') in 0.002 seconds [static and dynamic dependencies]. Details - ImportResultOutputID=2fa21bbf509ee33eb98ad7362a7bb040 DependenciesID=14b8d930f3ae9a1a40b94ca19b157568 StaticDependenciesID=a68799cb0820c3d1c6698bc8c167e05a 
Number of updated asset objects reloaded before import = 0
Number of asset objects unloaded after import = 1
========================================================================
Received Import Request.
  Time of request: 2026-08-27T05:11:08.085703Z
  Time since last request: 0.00034175 seconds.
  importAddress: GUID: 30a939dce2fd4073955f2f20e659d506 - Path: Packages/com.unity.ugui/Editor/TMP/TMP_UIStyleManager.cs - Importer: ScriptedImporter/UnityEditor.QuickSearchModule:UnityEditor.Search:ASIAI0B
Importing 'GUID: 30a939dce2fd4073955f2f20e659d506 - Path: Packages/com.unity.ugui/Editor/TMP/TMP_UIStyleManager.cs - Importer: ScriptedImporter/UnityEditor.QuickSearchModule:UnityEditor.Search:ASIAI0B' with importer (ScriptedImporter : UnityEditor.QuickSearchModule:UnityEditor.Search:ASIAI0B)
Imported 'GUID: 30a939dce2fd4073955f2f20e659d506' -> (Import Result ID: '4e2de8aacd1e5079008692cea4fa7440') in 0.001 seconds [static and dynamic dependencies]. Details - ImportResultOutputID=680b15a337c1a3570cf8de592eb7e703 DependenciesID=b450c0a1cf9d741cbef144edf901cf40 StaticDependenciesID=01fd47d1898cdc85cc8d03e9f921f7e2 
Number of updated asset objects reloaded before import = 0
Number of asset objects unloaded after import = 0
========================================================================
Received Import Request.
  Time of request: 2026-08-27T05:11:08.086832Z
  Time since last request: 0.000319292 seconds.
  importAddress: GUID: f1ea944dcf8849ebab391e461b99ccb7 - Path: Packages/com.unity.ugui/Editor/TMP/TMP_SpriteAssetImporter.cs - Importer: ScriptedImporter/UnityEditor.QuickSearchModule:UnityEditor.Search:ASIAI0B
Importing 'GUID: f1ea944dcf8849ebab391e461b99ccb7 - Path: Packages/com.unity.ugui/Editor/TMP/TMP_SpriteAssetImporter.cs - Importer: ScriptedImporter/UnityEditor.QuickSearchModule:UnityEditor.Search:ASIAI0B' with importer (ScriptedImporter : UnityEditor.QuickSearchModule:UnityEditor.Search:ASIAI0B)
Imported 'GUID: f1ea944dcf8849ebab391e461b99ccb7' -> (Import Result ID: '2aa6b12006000f99b161aa53c3931c2b') in 0.001 seconds [static and dynamic dependencies]. Details - ImportResultOutputID=aa35fe909350f5e6304327994137920c DependenciesID=23a36a1f8d1c56202433fd8cba77e5a9 StaticDependenciesID=1c567c054acc53bd67c51cefd9b8c021 
Number of updated asset objects reloaded before import = 0
Number of asset objects unloaded after import = 0
========================================================================
Received Import Request.
  Time of request: 2026-08-27T05:11:08.087831Z
  Time since last request: 0.000167042 seconds.
  importAddress: GUID: 8bc445bb79654bf496c92d0407840a92 - Path: Packages/com.unity.ugui/Editor Resources/Textures/btn_AlignBaseLine.psd - Importer: ScriptedImporter/UnityEditor.QuickSearchModule:UnityEditor.Search:ASIAI0B
Importing 'GUID: 8bc445bb79654bf496c92d0407840a92 - Path: Packages/com.unity.ugui/Editor Resources/Textures/btn_AlignBaseLine.psd - Importer: ScriptedImporter/UnityEditor.QuickSearchModule:UnityEditor.Search:ASIAI0B' with importer (ScriptedImporter : UnityEditor.QuickSearchModule:UnityEditor.Search:ASIAI0B)
Imported 'GUID: 8bc445bb79654bf496c92d0407840a92' -> (Import Result ID: '9da7c26f73ea5d2f15793f0b0a9855e3') in 0.002 seconds [static and dynamic dependencies]. Details - ImportResultOutputID=24878e9085e6a5959aec36fd076e6ac6 DependenciesID=5b1ad555b42a7603e5a7b145b6942223 StaticDependenciesID=4b926591ae0922dc0e0a9e0a62fe4cae 
Number of updated asset objects reloaded before import = 0
Number of asset objects unloaded after import = 1
========================================================================
Received Import Request.
  Time of request: 2026-08-27T05:11:08.09014Z
  Time since last request: 0.000260833 seconds.
  importAddress: GUID: 7241c7dc25374fc1a6ab3ef9da79c363 - Path: Packages/com.unity.ugui/Editor/TMP/TMP_ResourcesLoader.cs - Importer: ScriptedImporter/UnityEditor.QuickSearchModule:UnityEditor.Search:ASIAI0B
Importing 'GUID: 7241c7dc25374fc1a6ab3ef9da79c363 - Path: Packages/com.unity.ugui/Editor/TMP/TMP_ResourcesLoader.cs - Importer: ScriptedImporter/UnityEditor.QuickSearchModule:UnityEditor.Search:ASIAI0B' with importer (ScriptedImporter : UnityEditor.QuickSearchModule:UnityEditor.Search:ASIAI0B)
Imported 'GUID: 7241c7dc25374fc1a6ab3ef9da79c363' -> (Import Result ID: '17b77c60dfce131efc011fa0f99b35be') in 0.001 seconds [static and dynamic dependencies]. Details - ImportResultOutputID=497fecb44e878203cd824877f0f0d68a DependenciesID=7abace97e02453b573ff4b50b40fefa0 StaticDependenciesID=c7e2181b0129ec3b647320205348c49c 
Number of updated asset objects reloaded before import = 0
Number of asset objects unloaded after import = 0
========================================================================
Received Import Request.
  Time of request: 2026-08-27T05:11:08.091265Z
  Time since last request: 0.000252375 seconds.
  importAddress: GUID: 12736c98af174f91827a26b66d2b01b9 - Path: Packages/com.unity.ugui/Editor Resources/Textures/btn_AlignLeft_Light.psd - Importer: ScriptedImporter/UnityEditor.QuickSearchModule:UnityEditor.Search:ASIAI0B
Importing 'GUID: 12736c98af174f91827a26b66d2b01b9 - Path: Packages/com.unity.ugui/Editor Resources/Textures/btn_AlignLeft_Light.psd - Importer: ScriptedImporter/UnityEditor.QuickSearchModule:UnityEditor.Search:ASIAI0B' with importer (ScriptedImporter : UnityEditor.QuickSearchModule:UnityEditor.Search:ASIAI0B)
Imported 'GUID: 12736c98af174f91827a26b66d2b01b9' -> (Import Result ID: '5ff93746209eeec7f6e5310c0a687a1e') in 0.003 seconds [static and dynamic dependencies]. Details - ImportResultOutputID=7c42d0c77dbfffed30538aecffaac9ff DependenciesID=8c14ca511a5f89027c99f138826dff3b StaticDependenciesID=d5dae82ac2804330017850d2dcd6fc3a 
Number of updated asset objects reloaded before import = 0
Number of asset objects unloaded after import = 1
========================================================================
Received Import Request.
  Time of request: 2026-08-27T05:11:08.09463Z
  Time since last request: 0.000663083 seconds.
  importAddress: GUID: 066619c9c9c84f89acb1b48c11a7efe2 - Path: Packages/com.unity.ugui/Editor Resources/Textures/btn_AlignMiddle_Light.psd - Importer: ScriptedImporter/UnityEditor.QuickSearchModule:UnityEditor.Search:ASIAI0B
Importing 'GUID: 066619c9c9c84f89acb1b48c11a7efe2 - Path: Packages/com.unity.ugui/Editor Resources/Textures/btn_AlignMiddle_Light.psd - Importer: ScriptedImporter/UnityEditor.QuickSearchModule:UnityEditor.Search:ASIAI0B' with importer (ScriptedImporter : UnityEditor.QuickSearchModule:UnityEditor.Search:ASIAI0B)
Imported 'GUID: 066619c9c9c84f89acb1b48c11a7efe2' -> (Import Result ID: '640d4db4d6253d299d9975e01e7d429c') in 0.003 seconds [static and dynamic dependencies]. Details - ImportResultOutputID=47dfab341773b755ff69eb85ed21d7a9 DependenciesID=001737860f7af4f8ac44d69c9365142c StaticDependenciesID=e86026d88fbd6285c6ac69c2973dc04d 
Number of updated asset objects reloaded before import = 0
Number of asset objects unloaded after import = 1
========================================================================
Received Import Request.
  Time of request: 2026-08-27T05:11:08.097493Z
  Time since last request: 0.000174625 seconds.
  importAddress: GUID: aa76955fe5bb44f7915d91db8c7043c4 - Path: Packages/com.unity.ugui/Editor/TMP/TMPro_EditorShaderUtilities.cs - Importer: ScriptedImporter/UnityEditor.QuickSearchModule:UnityEditor.Search:ASIAI0B
Importing 'GUID: aa76955fe5bb44f7915d91db8c7043c4 - Path: Packages/com.unity.ugui/Editor/TMP/TMPro_EditorShaderUtilities.cs - Importer: ScriptedImporter/UnityEditor.QuickSearchModule:UnityEditor.Search:ASIAI0B' with importer (ScriptedImporter : UnityEditor.QuickSearchModule:UnityEditor.Search:ASIAI0B)
Imported 'GUID: aa76955fe5bb44f7915d91db8c7043c4' -> (Import Result ID: '2003c343ae15d8fb914ad00aa17d7134') in 0.001 seconds [static and dynamic dependencies]. Details - ImportResultOutputID=4c8f4fcf2e8d57f67317015d0d2c713d DependenciesID=186559dcd982e0c5fef5186f94e093ea StaticDependenciesID=bdfaad36baf9fadea2791194bc7b83d9 
Number of updated asset objects reloaded before import = 0
Number of asset objects unloaded after import = 0
========================================================================
Received Import Request.
  Time of request: 2026-08-27T05:11:08.098499Z
  Time since last request: 0.000175583 seconds.
  importAddress: GUID: 691475c57a824010be0c6f474caeb7e1 - Path: Packages/com.unity.ugui/Editor Resources/Textures/btn_AlignFlush.psd - Importer: ScriptedImporter/UnityEditor.QuickSearchModule:UnityEditor.Search:ASIAI0B
Importing 'GUID: 691475c57a824010be0c6f474caeb7e1 - Path: Packages/com.unity.ugui/Editor Resources/Textures/btn_AlignFlush.psd - Importer: ScriptedImporter/UnityEditor.QuickSearchModule:UnityEditor.Search:ASIAI0B' with importer (ScriptedImporter : UnityEditor.QuickSearchModule:UnityEditor.Search:ASIAI0B)
Imported 'GUID: 691475c57a824010be0c6f474caeb7e1' -> (Import Result ID: '32f760c8a0533de340088c66af9421eb') in 0.002 seconds [static and dynamic dependencies]. Details - ImportResultOutputID=2e3b3bfa5e62692d127c13d5c061472a DependenciesID=e5ddfbb6840feb5fc90b8c1de3734f9e StaticDependenciesID=431258e04cf30c0b0b3e23225faaf3f8 
Number of updated asset objects reloaded before import = 0
Number of asset objects unloaded after import = 1
========================================================================
Received Import Request.
  Time of request: 2026-08-27T05:11:08.100852Z
  Time since last request: 0.000210209 seconds.
  importAddress: GUID: ec7c645d93308c04d8840982af12101e - Path: Packages/com.unity.ugui/Editor Resources/Gizmos/TMP - Sprite Asset Icon.psd - Importer: ScriptedImporter/UnityEditor.QuickSearchModule:UnityEditor.Search:ASIAI0B
Importing 'GUID: ec7c645d93308c04d8840982af12101e - Path: Packages/com.unity.ugui/Editor Resources/Gizmos/TMP - Sprite Asset Icon.psd - Importer: ScriptedImporter/UnityEditor.QuickSearchModule:UnityEditor.Search:ASIAI0B' with importer (ScriptedImporter : UnityEditor.QuickSearchModule:UnityEditor.Search:ASIAI0B)
Imported 'GUID: ec7c645d93308c04d8840982af12101e' -> (Import Result ID: 'db120d775461c54bcb4eddc7303d0dcb') in 0.003 seconds [static and dynamic dependencies]. Details - ImportResultOutputID=5bc8a6366ebda81a3d036171486e1557 DependenciesID=1b9f348d7a0e9fb7d93864be1a085b40 StaticDependenciesID=2b9da131a559ce44f85e8e1856eb7a5d 
Number of updated asset objects reloaded before import = 0
Number of asset objects unloaded after import = 1
========================================================================
Received Import Request.
  Time of request: 2026-08-27T05:11:08.103835Z
  Time since last request: 0.000282417 seconds.
  importAddress: GUID: 6b01141ed8f74d198965c86f25eb7040 - Path: Packages/com.unity.ugui/Editor/TMP/TMP_SubMeshUI_Editor.cs - Importer: ScriptedImporter/UnityEditor.QuickSearchModule:UnityEditor.Search:ASIAI0B
Importing 'GUID: 6b01141ed8f74d198965c86f25eb7040 - Path: Packages/com.unity.ugui/Editor/TMP/TMP_SubMeshUI_Editor.cs - Importer: ScriptedImporter/UnityEditor.QuickSearchModule:UnityEditor.Search:ASIAI0B' with importer (ScriptedImporter : UnityEditor.QuickSearchModule:UnityEditor.Search:ASIAI0B)
Imported 'GUID: 6b01141ed8f74d198965c86f25eb7040' -> (Import Result ID: '863942c50345ceaa9b5b382f9210ec0b') in 0.001 seconds [static and dynamic dependencies]. Details - ImportResultOutputID=15af5df49f93ef740b59506c7c4d67af DependenciesID=b78d0c307a6de15992f2f1b5d6104e5d StaticDependenciesID=9415959f86592f858e595d450a9369ae 
Number of updated asset objects reloaded before import = 0
Number of asset objects unloaded after import = 0
========================================================================
Received Import Request.
  Time of request: 2026-08-27T05:11:08.104974Z
  Time since last request: 0.000206166 seconds.
  importAddress: GUID: 44e1d646473a40178712cb2150f54cec - Path: Packages/com.unity.ugui/Editor/TMP/TMPro_ContextMenus.cs - Importer: ScriptedImporter/UnityEditor.QuickSearchModule:UnityEditor.Search:ASIAI0B
Importing 'GUID: 44e1d646473a40178712cb2150f54cec - Path: Packages/com.unity.ugui/Editor/TMP/TMPro_ContextMenus.cs - Importer: ScriptedImporter/UnityEditor.QuickSearchModule:UnityEditor.Search:ASIAI0B' with importer (ScriptedImporter : UnityEditor.QuickSearchModule:UnityEditor.Search:ASIAI0B)
Imported 'GUID: 44e1d646473a40178712cb2150f54cec' -> (Import Result ID: 'b7c8bba131172846b2c027051fd26021') in 0.001 seconds [static and dynamic dependencies]. Details - ImportResultOutputID=d8bc21703cd75cd0327b8afa9d206acb DependenciesID=7ee102afa86874156bd54a6145098bf6 StaticDependenciesID=a78139599d9c5236f4e2a3bd0c824b95 
Number of updated asset objects reloaded before import = 0
Number of asset objects unloaded after import = 0
========================================================================
Received Import Request.
  Time of request: 2026-08-27T05:11:08.105906Z
  Time since last request: 0.00019925 seconds.
  importAddress: GUID: fa6bd40a216346b783a4cce741d277a5 - Path: Packages/com.unity.ugui/Editor Resources/Textures/btn_AlignJustified_Light.psd - Importer: ScriptedImporter/UnityEditor.QuickSearchModule:UnityEditor.Search:ASIAI0B
Importing 'GUID: fa6bd40a216346b783a4cce741d277a5 - Path: Packages/com.unity.ugui/Editor Resources/Textures/btn_AlignJustified_Light.psd - Importer: ScriptedImporter/UnityEditor.QuickSearchModule:UnityEditor.Search:ASIAI0B' with importer (ScriptedImporter : UnityEditor.QuickSearchModule:UnityEditor.Search:ASIAI0B)
Imported 'GUID: fa6bd40a216346b783a4cce741d277a5' -> (Import Result ID: 'dcab4870f1a3b22ece50e032ed22b2c0') in 0.002 seconds [static and dynamic dependencies]. Details - ImportResultOutputID=71d624b864b1573e373dd6b33b0ccc4f DependenciesID=05de8ce423aa0ac2e442019a35766b72 StaticDependenciesID=25a4214198ced0c4a0d5841131aa9880 
Number of updated asset objects reloaded before import = 0
Number of asset objects unloaded after import = 1
========================================================================
Received Import Request.
  Time of request: 2026-08-27T05:11:08.108405Z
  Time since last request: 0.000181834 seconds.
  importAddress: GUID: 8413ca0e506d42a1a4bd9769f204ad16 - Path: Packages/com.unity.ugui/Editor/TMP/TMP_SDFShaderGUI.cs - Importer: ScriptedImporter/UnityEditor.QuickSearchModule:UnityEditor.Search:ASIAI0B
Importing 'GUID: 8413ca0e506d42a1a4bd9769f204ad16 - Path: Packages/com.unity.ugui/Editor/TMP/TMP_SDFShaderGUI.cs - Importer: ScriptedImporter/UnityEditor.QuickSearchModule:UnityEditor.Search:ASIAI0B' with importer (ScriptedImporter : UnityEditor.QuickSearchModule:UnityEditor.Search:ASIAI0B)
Imported 'GUID: 8413ca0e506d42a1a4bd9769f204ad16' -> (Import Result ID: '1d09d9ab228b40445e4e8b46d1138f7b') in 0.001 seconds [static and dynamic dependencies]. Details - ImportResultOutputID=452de6e76ce53169ed5125da4e14795f DependenciesID=b496f3d03bb995c95f01e8d4082b91dd StaticDependenciesID=0f740b29d8d318c085c266d9b587ec7d 
Number of updated asset objects reloaded before import = 0
Number of asset objects unloaded after import = 0
========================================================================
Received Import Request.
  Time of request: 2026-08-27T05:11:08.109328Z
  Time since last request: 0.0001545 seconds.
  importAddress: GUID: 343deaaf83e0cee4ca978e7df0b80d21 - Path: Packages/com.unity.ugui/Editor/UGUI/UnityEditor.UI.asmdef - Importer: ScriptedImporter/UnityEditor.QuickSearchModule:UnityEditor.Search:ASIAI0B
Importing 'GUID: 343deaaf83e0cee4ca978e7df0b80d21 - Path: Packages/com.unity.ugui/Editor/UGUI/UnityEditor.UI.asmdef - Importer: ScriptedImporter/UnityEditor.QuickSearchModule:UnityEditor.Search:ASIAI0B' with importer (ScriptedImporter : UnityEditor.QuickSearchModule:UnityEditor.Search:ASIAI0B)
Imported 'GUID: 343deaaf83e0cee4ca978e7df0b80d21' -> (Import Result ID: 'f4c754bfc3207d8a025bffb6858a0e3e') in 0.001 seconds [static and dynamic dependencies]. Details - ImportResultOutputID=213e13d8b7d409227bfa797bcdfb2eef DependenciesID=1a164cb01a93591c50319b688995fecb StaticDependenciesID=1fb5748f1b07d9e602bcbf71977ffca8 
Number of updated asset objects reloaded before import = 0
Number of asset objects unloaded after import = 1
========================================================================
Received Import Request.
  Time of request: 2026-08-27T05:11:08.126905Z
  Time since last request: 0.01687575 seconds.
  importAddress: GUID: 43b111c4a445f446abd2c02e77750ff5 - Path: Packages/com.unity.ugui/Runtime/InternalBridge/Unity.InternalAPIEngineBridge.004.asmdef - Importer: ScriptedImporter/UnityEditor.QuickSearchModule:UnityEditor.Search:ASIAI0B
Importing 'GUID: 43b111c4a445f446abd2c02e77750ff5 - Path: Packages/com.unity.ugui/Runtime/InternalBridge/Unity.InternalAPIEngineBridge.004.asmdef - Importer: ScriptedImporter/UnityEditor.QuickSearchModule:UnityEditor.Search:ASIAI0B' with importer (ScriptedImporter : UnityEditor.QuickSearchModule:UnityEditor.Search:ASIAI0B)
Imported 'GUID: 43b111c4a445f446abd2c02e77750ff5' -> (Import Result ID: '1f81eb61978d068f61294af37af9222f') in 0.001 seconds [static and dynamic dependencies]. Details - ImportResultOutputID=25f28c637238b661efc14ef5ae787a65 DependenciesID=63a698388928b9c2654b223eadcf733b StaticDependenciesID=865bbee524988b7966ef8b7acbcc97c8 
Number of updated asset objects reloaded before import = 0
Number of asset objects unloaded after import = 1
========================================================================
Received Import Request.
  Time of request: 2026-08-27T05:11:08.128038Z
  Time since last request: 0.000204208 seconds.
  importAddress: GUID: 658c1fb149e7498aa072b0c0f3bf13f0 - Path: Packages/com.unity.ugui/Runtime/TMP/TMP_CoroutineTween.cs - Importer: ScriptedImporter/UnityEditor.QuickSearchModule:UnityEditor.Search:ASIAI0B
Importing 'GUID: 658c1fb149e7498aa072b0c0f3bf13f0 - Path: Packages/com.unity.ugui/Runtime/TMP/TMP_CoroutineTween.cs - Importer: ScriptedImporter/UnityEditor.QuickSearchModule:UnityEditor.Search:ASIAI0B' with importer (ScriptedImporter : UnityEditor.QuickSearchModule:UnityEditor.Search:ASIAI0B)
Imported 'GUID: 658c1fb149e7498aa072b0c0f3bf13f0' -> (Import Result ID: 'b40fe33b1db7d6b3f0abec196b450202') in 0.001 seconds [static and dynamic dependencies]. Details - ImportResultOutputID=8b2ca25a6f24a18b49021a2095722adb DependenciesID=52e20edd472d81f2a13910565c549506 StaticDependenciesID=f8296bc28ee2afd019ee896d089854d5 
Number of updated asset objects reloaded before import = 0
Number of asset objects unloaded after import = 0
========================================================================
Received Import Request.
  Time of request: 2026-08-27T05:11:08.128957Z
  Time since last request: 0.000205375 seconds.
  importAddress: GUID: 326e2b1b31fc06d4fa884c803b27b46a - Path: Packages/com.unity.ugui/Runtime/TMP/FontFeatureCommon.cs - Importer: ScriptedImporter/UnityEditor.QuickSearchModule:UnityEditor.Search:ASIAI0B
Importing 'GUID: 326e2b1b31fc06d4fa884c803b27b46a - Path: Packages/com.unity.ugui/Runtime/TMP/FontFeatureCommon.cs - Importer: ScriptedImporter/UnityEditor.QuickSearchModule:UnityEditor.Search:ASIAI0B' with importer (ScriptedImporter : UnityEditor.QuickSearchModule:UnityEditor.Search:ASIAI0B)
Imported 'GUID: 326e2b1b31fc06d4fa884c803b27b46a' -> (Import Result ID: 'd3b035ace4191f744b68e3a298583cc1') in 0.001 seconds [static and dynamic dependencies]. Details - ImportResultOutputID=b6763a0863d710c23f375e42515b4778 DependenciesID=fbfb8458e516c65b55628591146ccc69 StaticDependenciesID=3720dbea317fce2bcd4b7c4341977c83 
Number of updated asset objects reloaded before import = 0
Number of asset objects unloaded after import = 0
========================================================================
Received Import Request.
  Time of request: 2026-08-27T05:11:08.12991Z
  Time since last request: 0.00021825 seconds.
  importAddress: GUID: 0ce5fe4db14be432cab1bc46704eef4c - Path: Packages/com.unity.ugui/Runtime/InternalBridge/ObjectUtilsBridge.cs - Importer: ScriptedImporter/UnityEditor.QuickSearchModule:UnityEditor.Search:ASIAI0B
Importing 'GUID: 0ce5fe4db14be432cab1bc46704eef4c - Path: Packages/com.unity.ugui/Runtime/InternalBridge/ObjectUtilsBridge.cs - Importer: ScriptedImporter/UnityEditor.QuickSearchModule:UnityEditor.Search:ASIAI0B' with importer (ScriptedImporter : UnityEditor.QuickSearchModule:UnityEditor.Search:ASIAI0B)
Imported 'GUID: 0ce5fe4db14be432cab1bc46704eef4c' -> (Import Result ID: '1e816f68f83d2207de272e0c89eda803') in 0.001 seconds [static and dynamic dependencies]. Details - ImportResultOutputID=fd323f3695eea9fe6593d74efa1fff66 DependenciesID=d246b93cb0d708251ed9e587b5846766 StaticDependenciesID=6709304fe14fc1f7d5865329afad72e8 
Number of updated asset objects reloaded before import = 0
Number of asset objects unloaded after import = 0
========================================================================
Received Import Request.
  Time of request: 2026-08-27T05:11:08.13092Z
  Time since last request: 0.00024825 seconds.
  importAddress: GUID: aaf9006568d76504f982305b517fb490 - Path: Packages/com.unity.ugui/Runtime/TMP/TMP_DynamicFontAssetUtilities.cs - Importer: ScriptedImporter/UnityEditor.QuickSearchModule:UnityEditor.Search:ASIAI0B
Importing 'GUID: aaf9006568d76504f982305b517fb490 - Path: Packages/com.unity.ugui/Runtime/TMP/TMP_DynamicFontAssetUtilities.cs - Importer: ScriptedImporter/UnityEditor.QuickSearchModule:UnityEditor.Search:ASIAI0B' with importer (ScriptedImporter : UnityEditor.QuickSearchModule:UnityEditor.Search:ASIAI0B)
Imported 'GUID: aaf9006568d76504f982305b517fb490' -> (Import Result ID: '4fe5dac54323972db8d522d0b9eee1fb') in 0.001 seconds [static and dynamic dependencies]. Details - ImportResultOutputID=49b569161e93778bc9ea4d18cf01d41d DependenciesID=efa8d20879a3bcd2fab981bac090b127 StaticDependenciesID=a8c865130332965da11e2554259531a9 
Number of updated asset objects reloaded before import = 0
Number of asset objects unloaded after import = 0
========================================================================
Received Import Request.
  Time of request: 2026-08-27T05:11:08.132049Z
  Time since last request: 0.000222791 seconds.
  importAddress: GUID: 9541d86e2fd84c1d9990edf0852d74ab - Path: Packages/com.unity.ugui/Runtime/TMP/TextMeshPro.cs - Importer: ScriptedImporter/UnityEditor.QuickSearchModule:UnityEditor.Search:ASIAI0B
Importing 'GUID: 9541d86e2fd84c1d9990edf0852d74ab - Path: Packages/com.unity.ugui/Runtime/TMP/TextMeshPro.cs - Importer: ScriptedImporter/UnityEditor.QuickSearchModule:UnityEditor.Search:ASIAI0B' with importer (ScriptedImporter : UnityEditor.QuickSearchModule:UnityEditor.Search:ASIAI0B)
Imported 'GUID: 9541d86e2fd84c1d9990edf0852d74ab' -> (Import Result ID: '98bc3878891ba0d2691c5024bb675a1e') in 0.003 seconds [static and dynamic dependencies]. Details - ImportResultOutputID=07c778accac86ef3d3fd66b1efcfc2c6 DependenciesID=10899186e654cbc9a69cf043c09fdca1 StaticDependenciesID=186a6f6113fa0b7ddc804f2b23a8b50e 
Number of updated asset objects reloaded before import = 0
Number of asset objects unloaded after import = 1
========================================================================
Received Import Request.
  Time of request: 2026-08-27T05:11:08.135484Z
  Time since last request: 0.0003055 seconds.
  importAddress: GUID: fea49a0730244a98bf1087f7ca9410a8 - Path: Packages/com.unity.ugui/Runtime/TMP/TMP_ShaderUtilities.cs - Importer: ScriptedImporter/UnityEditor.QuickSearchModule:UnityEditor.Search:ASIAI0B
Importing 'GUID: fea49a0730244a98bf1087f7ca9410a8 - Path: Packages/com.unity.ugui/Runtime/TMP/TMP_ShaderUtilities.cs - Importer: ScriptedImporter/UnityEditor.QuickSearchModule:UnityEditor.Search:ASIAI0B' with importer (ScriptedImporter : UnityEditor.QuickSearchModule:UnityEditor.Search:ASIAI0B)
Imported 'GUID: fea49a0730244a98bf1087f7ca9410a8' -> (Import Result ID: 'c0d2643143e96c836fb36bf2eeb1b94b') in 0.001 seconds [static and dynamic dependencies]. Details - ImportResultOutputID=a4106347c90cfd6da8df23511abcea9b DependenciesID=da8f54011466bd385a8228307bc642e2 StaticDependenciesID=ffd98e2afead9de663bc81611bf085f8 
Number of updated asset objects reloaded before import = 0
Number of asset objects unloaded after import = 0
========================================================================
Received Import Request.
  Time of request: 2026-08-27T05:11:08.136449Z
  Time since last request: 0.000169125 seconds.
  importAddress: GUID: 27df3b12f30d0b74a9b10a3968c402ff - Path: Packages/com.unity.ugui/Runtime/TMP/TMP_FontFeaturesCommon.cs - Importer: ScriptedImporter/UnityEditor.QuickSearchModule:UnityEditor.Search:ASIAI0B
Importing 'GUID: 27df3b12f30d0b74a9b10a3968c402ff - Path: Packages/com.unity.ugui/Runtime/TMP/TMP_FontFeaturesCommon.cs - Importer: ScriptedImporter/UnityEditor.QuickSearchModule:UnityEditor.Search:ASIAI0B' with importer (ScriptedImporter : UnityEditor.QuickSearchModule:UnityEditor.Search:ASIAI0B)
Imported 'GUID: 27df3b12f30d0b74a9b10a3968c402ff' -> (Import Result ID: '35a134645a2d5460290cf951c4dfc929') in 0.001 seconds [static and dynamic dependencies]. Details - ImportResultOutputID=b55865fc831500f027d43869e5278a38 DependenciesID=2a5487ccf41ef97f4d3e7810b0652670 StaticDependenciesID=1bb76ffccc23356e348bac93dac42c86 
Number of updated asset objects reloaded before import = 0
Number of asset objects unloaded after import = 0
========================================================================
Received Import Request.
  Time of request: 2026-08-27T05:11:08.13733Z
  Time since last request: 0.000147292 seconds.
  importAddress: GUID: 2705215ac5b84b70bacc50632be6e391 - Path: Packages/com.unity.ugui/Runtime/TMP/TMP_Settings.cs - Importer: ScriptedImporter/UnityEditor.QuickSearchModule:UnityEditor.Search:ASIAI0B
Importing 'GUID: 2705215ac5b84b70bacc50632be6e391 - Path: Packages/com.unity.ugui/Runtime/TMP/TMP_Settings.cs - Importer: ScriptedImporter/UnityEditor.QuickSearchModule:UnityEditor.Search:ASIAI0B' with importer (ScriptedImporter : UnityEditor.QuickSearchModule:UnityEditor.Search:ASIAI0B)
Imported 'GUID: 2705215ac5b84b70bacc50632be6e391' -> (Import Result ID: '6c8986b415b5fc252e35bb85ed14beb1') in 0.001 seconds [static and dynamic dependencies]. Details - ImportResultOutputID=e4acec7e284751195de9622144ca4108 DependenciesID=ca3c1e23105e61d00a7bdf5d74780d6d StaticDependenciesID=b76615b172f7087339c8507cb527e32a 
Number of updated asset objects reloaded before import = 0
Number of asset objects unloaded after import = 0
========================================================================
Received Import Request.
  Time of request: 2026-08-27T05:11:08.138019Z
  Time since last request: 0.000129291 seconds.
  importAddress: GUID: effb76e1937b45ff8adf45e51a4c08cf - Path: Packages/com.unity.ugui/Runtime/TMP/TMPro_MeshUtilities.cs - Importer: ScriptedImporter/UnityEditor.QuickSearchModule:UnityEditor.Search:ASIAI0B
Importing 'GUID: effb76e1937b45ff8adf45e51a4c08cf - Path: Packages/com.unity.ugui/Runtime/TMP/TMPro_MeshUtilities.cs - Importer: ScriptedImporter/UnityEditor.QuickSearchModule:UnityEditor.Search:ASIAI0B' with importer (ScriptedImporter : UnityEditor.QuickSearchModule:UnityEditor.Search:ASIAI0B)
Imported 'GUID: effb76e1937b45ff8adf45e51a4c08cf' -> (Import Result ID: 'c23e8d457057e3087ee2bd392a5d2bd0') in 0.001 seconds [static and dynamic dependencies]. Details - ImportResultOutputID=80552b2aad63350fc7be8f285fcb19b1 DependenciesID=4375d247e2f1df72d50cc9b41b290c41 StaticDependenciesID=c2508658ad9c8a650f4023cf215a74d7 
Number of updated asset objects reloaded before import = 0
Number of asset objects unloaded after import = 0
========================================================================
Received Import Request.
  Time of request: 2026-08-27T05:11:08.138999Z
  Time since last request: 0.000205042 seconds.
  importAddress: GUID: 96e9072453a441618754c478755b3028 - Path: Packages/com.unity.ugui/Runtime/TMP/TMPro_EventManager.cs - Importer: ScriptedImporter/UnityEditor.QuickSearchModule:UnityEditor.Search:ASIAI0B
Importing 'GUID: 96e9072453a441618754c478755b3028 - Path: Packages/com.unity.ugui/Runtime/TMP/TMPro_EventManager.cs - Importer: ScriptedImporter/UnityEditor.QuickSearchModule:UnityEditor.Search:ASIAI0B' with importer (ScriptedImporter : UnityEditor.QuickSearchModule:UnityEditor.Search:ASIAI0B)
Imported 'GUID: 96e9072453a441618754c478755b3028' -> (Import Result ID: '241adbb5abd7171a150b331248c01018') in 0.001 seconds [static and dynamic dependencies]. Details - ImportResultOutputID=2a2104cbeeb25cf3d78dfa37971624d4 DependenciesID=e06b875ac1f7509e65a5ef35a65efc0e StaticDependenciesID=302cc83be453a6de98c3e5bd61c9f8b5 
Number of updated asset objects reloaded before import = 0
Number of asset objects unloaded after import = 0
========================================================================
Received Import Request.
  Time of request: 2026-08-27T05:11:08.13982Z
  Time since last request: 0.000191375 seconds.
  importAddress: GUID: 6366ee97f6b541449155028b9487355a - Path: Packages/com.unity.ugui/Runtime/TMP/TMP_SpriteAnimator.cs - Importer: ScriptedImporter/UnityEditor.QuickSearchModule:UnityEditor.Search:ASIAI0B
Importing 'GUID: 6366ee97f6b541449155028b9487355a - Path: Packages/com.unity.ugui/Runtime/TMP/TMP_SpriteAnimator.cs - Importer: ScriptedImporter/UnityEditor.QuickSearchModule:UnityEditor.Search:ASIAI0B' with importer (ScriptedImporter : UnityEditor.QuickSearchModule:UnityEditor.Search:ASIAI0B)
Imported 'GUID: 6366ee97f6b541449155028b9487355a' -> (Import Result ID: '26665c34024459fecb41366574f1f94c') in 0.001 seconds [static and dynamic dependencies]. Details - ImportResultOutputID=5a00d1ea75bff880318566d933f94e45 DependenciesID=6b8294c85ae0dd5f3f3cda408d0ae05f StaticDependenciesID=8c44bbfab424df69d6bbaf0c03586748 
Number of updated asset objects reloaded before import = 0
Number of asset objects unloaded after import = 0
========================================================================
Received Import Request.
  Time of request: 2026-08-27T05:11:08.140673Z
  Time since last request: 0.000177833 seconds.
  importAddress: GUID: 3bda1886f58f4e0ab1139400b160c3ee - Path: Packages/com.unity.ugui/Runtime/TMP/TMP_Asset.cs - Importer: ScriptedImporter/UnityEditor.QuickSearchModule:UnityEditor.Search:ASIAI0B
Importing 'GUID: 3bda1886f58f4e0ab1139400b160c3ee - Path: Packages/com.unity.ugui/Runtime/TMP/TMP_Asset.cs - Importer: ScriptedImporter/UnityEditor.QuickSearchModule:UnityEditor.Search:ASIAI0B' with importer (ScriptedImporter : UnityEditor.QuickSearchModule:UnityEditor.Search:ASIAI0B)
Imported 'GUID: 3bda1886f58f4e0ab1139400b160c3ee' -> (Import Result ID: '4f3adc67cd3efd673a04a2b0fed0071e') in 0.001 seconds [static and dynamic dependencies]. Details - ImportResultOutputID=15f197edaf6c51011e0b7a93932dd228 DependenciesID=0c56815cce2da0df3d3c0cc5fb14e9a8 StaticDependenciesID=37550e59ef2f7a650ab49ea71bc75af9 
Number of updated asset objects reloaded before import = 0
Number of asset objects unloaded after import = 0
========================================================================
Received Import Request.
  Time of request: 2026-08-27T05:11:08.141352Z
  Time since last request: 0.00013475 seconds.
  importAddress: GUID: 84a92b25f83d49b9bc132d206b370281 - Path: Packages/com.unity.ugui/Runtime/TMP/TMP_SpriteAsset.cs - Importer: ScriptedImporter/UnityEditor.QuickSearchModule:UnityEditor.Search:ASIAI0B
Importing 'GUID: 84a92b25f83d49b9bc132d206b370281 - Path: Packages/com.unity.ugui/Runtime/TMP/TMP_SpriteAsset.cs - Importer: ScriptedImporter/UnityEditor.QuickSearchModule:UnityEditor.Search:ASIAI0B' with importer (ScriptedImporter : UnityEditor.QuickSearchModule:UnityEditor.Search:ASIAI0B)
Imported 'GUID: 84a92b25f83d49b9bc132d206b370281' -> (Import Result ID: '3bea6b160fe75e34f03fed0d7f3cbf3b') in 0.001 seconds [static and dynamic dependencies]. Details - ImportResultOutputID=46677a805decea88e260eab7f6a2a488 DependenciesID=702cc1a5d111275b1ccef3377ea7b21f StaticDependenciesID=756d07c73843af6fe7a1bf660e4ab8dd 
Number of updated asset objects reloaded before import = 0
Number of asset objects unloaded after import = 1
========================================================================
Received Import Request.
  Time of request: 2026-08-27T05:11:08.142476Z
  Time since last request: 0.000178333 seconds.
  importAddress: GUID: ca819640f53b48919bf7774744f7f15e - Path: Packages/com.unity.ugui/Runtime/TMP/TMP_SelectionCaret.cs - Importer: ScriptedImporter/UnityEditor.QuickSearchModule:UnityEditor.Search:ASIAI0B
Importing 'GUID: ca819640f53b48919bf7774744f7f15e - Path: Packages/com.unity.ugui/Runtime/TMP/TMP_SelectionCaret.cs - Importer: ScriptedImporter/UnityEditor.QuickSearchModule:UnityEditor.Search:ASIAI0B' with importer (ScriptedImporter : UnityEditor.QuickSearchModule:UnityEditor.Search:ASIAI0B)
Imported 'GUID: ca819640f53b48919bf7774744f7f15e' -> (Import Result ID: 'ed46d851d68b3db2d3820739b667ba0c') in 0.001 seconds [static and dynamic dependencies]. Details - ImportResultOutputID=91afec1003c1b38d9441b03d5998c00a DependenciesID=31f688518ccf3a2ee4ba97da3c62514c StaticDependenciesID=574fd1aad81573ba88d66fb8940ca39e 
Number of updated asset objects reloaded before import = 0
Number of asset objects unloaded after import = 0
========================================================================
Received Import Request.
  Time of request: 2026-08-27T05:11:08.1436Z
  Time since last request: 0.000205542 seconds.
  importAddress: GUID: 32d40088a6124c578ad6b428df586e2e - Path: Packages/com.unity.ugui/Runtime/TMP/TextContainer.cs - Importer: ScriptedImporter/UnityEditor.QuickSearchModule:UnityEditor.Search:ASIAI0B
Importing 'GUID: 32d40088a6124c578ad6b428df586e2e - Path: Packages/com.unity.ugui/Runtime/TMP/TextContainer.cs - Importer: ScriptedImporter/UnityEditor.QuickSearchModule:UnityEditor.Search:ASIAI0B' with importer (ScriptedImporter : UnityEditor.QuickSearchModule:UnityEditor.Search:ASIAI0B)
Imported 'GUID: 32d40088a6124c578ad6b428df586e2e' -> (Import Result ID: 'acc333855d7ea0bfa75590448223d9a5') in 0.001 seconds [static and dynamic dependencies]. Details - ImportResultOutputID=27ac113d8e8baa85bd9e349d207c992b DependenciesID=d8d6d56b3abc900f0a5044ac127c10a6 StaticDependenciesID=24c354903a1caa3ea947805639a440fe 
Number of updated asset objects reloaded before import = 0
Number of asset objects unloaded after import = 0
========================================================================
Received Import Request.
  Time of request: 2026-08-27T05:11:08.144528Z
  Time since last request: 0.000163167 seconds.
  importAddress: GUID: 322392995be44d23a3c86cfd972f838f - Path: Packages/com.unity.ugui/Runtime/TMP/TMP_DefaultControls.cs - Importer: ScriptedImporter/UnityEditor.QuickSearchModule:UnityEditor.Search:ASIAI0B
Importing 'GUID: 322392995be44d23a3c86cfd972f838f - Path: Packages/com.unity.ugui/Runtime/TMP/TMP_DefaultControls.cs - Importer: ScriptedImporter/UnityEditor.QuickSearchModule:UnityEditor.Search:ASIAI0B' with importer (ScriptedImporter : UnityEditor.QuickSearchModule:UnityEditor.Search:ASIAI0B)
Imported 'GUID: 322392995be44d23a3c86cfd972f838f' -> (Import Result ID: 'c041af5ca6b3d956cdf3d4ff07708917') in 0.001 seconds [static and dynamic dependencies]. Details - ImportResultOutputID=6249d721c1d63f2e32727495edab8ab4 DependenciesID=6ce73c685568da8eebfa8befbe61acd6 StaticDependenciesID=9c8f98901e83e69fb41ff79b8dada66e 
Number of updated asset objects reloaded before import = 0
Number of asset objects unloaded after import = 0
========================================================================
Received Import Request.
  Time of request: 2026-08-27T05:11:08.145366Z
  Time since last request: 0.000152792 seconds.
  importAddress: GUID: 1c147d10db452eb4b854a35f84472017 - Path: Packages/com.unity.ugui/Runtime/TMP/AssemblyInfo.cs - Importer: ScriptedImporter/UnityEditor.QuickSearchModule:UnityEditor.Search:ASIAI0B
Importing 'GUID: 1c147d10db452eb4b854a35f84472017 - Path: Packages/com.unity.ugui/Runtime/TMP/AssemblyInfo.cs - Importer: ScriptedImporter/UnityEditor.QuickSearchModule:UnityEditor.Search:ASIAI0B' with importer (ScriptedImporter : UnityEditor.QuickSearchModule:UnityEditor.Search:ASIAI0B)
Imported 'GUID: 1c147d10db452eb4b854a35f84472017' -> (Import Result ID: '3697297b9f30d2c935cc6733da58ac9e') in 0.000 seconds [static and dynamic dependencies]. Details - ImportResultOutputID=b1b73df34a04974dde79de9075f7a3e6 DependenciesID=7fc317cba51b34abf2d386b4e6ba3652 StaticDependenciesID=f4aa3c847286c855ee2bf21cef7ad11e 
Number of updated asset objects reloaded before import = 0
Number of asset objects unloaded after import = 0
========================================================================
Received Import Request.
  Time of request: 2026-08-27T05:11:08.145998Z
  Time since last request: 0.000145125 seconds.
  importAddress: GUID: 6d9df2bc198c417db00037803568139c - Path: Packages/com.unity.ugui/Runtime/TMP/TMP_MaterialManager.cs - Importer: ScriptedImporter/UnityEditor.QuickSearchModule:UnityEditor.Search:ASIAI0B
Importing 'GUID: 6d9df2bc198c417db00037803568139c - Path: Packages/com.unity.ugui/Runtime/TMP/TMP_MaterialManager.cs - Importer: ScriptedImporter/UnityEditor.QuickSearchModule:UnityEditor.Search:ASIAI0B' with importer (ScriptedImporter : UnityEditor.QuickSearchModule:UnityEditor.Search:ASIAI0B)
Imported 'GUID: 6d9df2bc198c417db00037803568139c' -> (Import Result ID: '7c492907d6abb1656c22201d568f3db0') in 0.001 seconds [static and dynamic dependencies]. Details - ImportResultOutputID=99127a24e013ac4ec7b31626daccac97 DependenciesID=6bfeb78738b6056605e1e796b45b5f60 StaticDependenciesID=091f85a6cad63e066fd7e3cb0bfa0b40 
Number of updated asset objects reloaded before import = 0
Number of asset objects unloaded after import = 0
========================================================================
Received Import Request.
  Time of request: 2026-08-27T05:11:08.146863Z
  Time since last request: 0.000278083 seconds.
  importAddress: GUID: afc31ad767318c9488de260c166cd21d - Path: Packages/com.unity.ugui/Runtime/TMP/ITextPreProcessor.cs - Importer: ScriptedImporter/UnityEditor.QuickSearchModule:UnityEditor.Search:ASIAI0B
Importing 'GUID: afc31ad767318c9488de260c166cd21d - Path: Packages/com.unity.ugui/Runtime/TMP/ITextPreProcessor.cs - Importer: ScriptedImporter/UnityEditor.QuickSearchModule:UnityEditor.Search:ASIAI0B' with importer (ScriptedImporter : UnityEditor.QuickSearchModule:UnityEditor.Search:ASIAI0B)
Imported 'GUID: afc31ad767318c9488de260c166cd21d' -> (Import Result ID: '540b5b4dab86fa2913dbc910762fe798') in 0.001 seconds [static and dynamic dependencies]. Details - ImportResultOutputID=5dd35566c70a00f9e9835d9dcbf14bac DependenciesID=b7c9ef933afc34de9651146e7e73f47e StaticDependenciesID=ecd2b1d4aeca51cb19a3cdab7ba48b00 
Number of updated asset objects reloaded before import = 0
Number of asset objects unloaded after import = 0
========================================================================
Received Import Request.
  Time of request: 2026-08-27T05:11:08.148091Z
  Time since last request: 0.000393541 seconds.
  importAddress: GUID: 691db8cb70c4426a8ae718465c21345f - Path: Packages/com.unity.ugui/Runtime/TMP/TMP_UpdateManager.cs - Importer: ScriptedImporter/UnityEditor.QuickSearchModule:UnityEditor.Search:ASIAI0B
Importing 'GUID: 691db8cb70c4426a8ae718465c21345f - Path: Packages/com.unity.ugui/Runtime/TMP/TMP_UpdateManager.cs - Importer: ScriptedImporter/UnityEditor.QuickSearchModule:UnityEditor.Search:ASIAI0B' with importer (ScriptedImporter : UnityEditor.QuickSearchModule:UnityEditor.Search:ASIAI0B)
Imported 'GUID: 691db8cb70c4426a8ae718465c21345f' -> (Import Result ID: '8eec2b877dc75d2176834323360ab144') in 0.001 seconds [static and dynamic dependencies]. Details - ImportResultOutputID=e543b6704e03ea8caf369e7aad09d343 DependenciesID=ab14514d0f994ab5f468776e4097b004 StaticDependenciesID=9982128dee81f3ea3d0bf337e4e825e7 
Number of updated asset objects reloaded before import = 0
Number of asset objects unloaded after import = 0
========================================================================
Received Import Request.
  Time of request: 2026-08-27T05:11:08.148953Z
  Time since last request: 0.000201125 seconds.
  importAddress: GUID: e4e0b1de1aee400d81ed4273141e7823 - Path: Packages/com.unity.ugui/Runtime/TMP/TMP_SpriteAssetImportFormats.cs - Importer: ScriptedImporter/UnityEditor.QuickSearchModule:UnityEditor.Search:ASIAI0B
Importing 'GUID: e4e0b1de1aee400d81ed4273141e7823 - Path: Packages/com.unity.ugui/Runtime/TMP/TMP_SpriteAssetImportFormats.cs - Importer: ScriptedImporter/UnityEditor.QuickSearchModule:UnityEditor.Search:ASIAI0B' with importer (ScriptedImporter : UnityEditor.QuickSearchModule:UnityEditor.Search:ASIAI0B)
Imported 'GUID: e4e0b1de1aee400d81ed4273141e7823' -> (Import Result ID: '02a0b6bd624b1f1c0ac5a2e170a04f2f') in 0.001 seconds [static and dynamic dependencies]. Details - ImportResultOutputID=bb3ff3a83c7cdb9bf771d2c512035e4b DependenciesID=49a4da8cbb3aa0ace70df151962b5207 StaticDependenciesID=6aeefa3ff2b0a932d19b2b953dfa444b 
Number of updated asset objects reloaded before import = 0
Number of asset objects unloaded after import = 0
========================================================================
Received Import Request.
  Time of request: 2026-08-27T05:11:08.149752Z
  Time since last request: 0.00015925 seconds.
  importAddress: GUID: b6e75d7f429a4e7e9e1ffb4f85cff49f - Path: Packages/com.unity.ugui/Runtime/TMP/TMP_LineInfo.cs - Importer: ScriptedImporter/UnityEditor.QuickSearchModule:UnityEditor.Search:ASIAI0B
Importing 'GUID: b6e75d7f429a4e7e9e1ffb4f85cff49f - Path: Packages/com.unity.ugui/Runtime/TMP/TMP_LineInfo.cs - Importer: ScriptedImporter/UnityEditor.QuickSearchModule:UnityEditor.Search:ASIAI0B' with importer (ScriptedImporter : UnityEditor.QuickSearchModule:UnityEditor.Search:ASIAI0B)
Imported 'GUID: b6e75d7f429a4e7e9e1ffb4f85cff49f' -> (Import Result ID: '82708cde60ab401d4698089164436b86') in 0.001 seconds [static and dynamic dependencies]. Details - ImportResultOutputID=736b2223271b2a72b311bbe1fcd28bc5 DependenciesID=cb7c5620ba1831bc9c34a9fa9f1d071b StaticDependenciesID=ab5ad4e24cc0e1656a37f72f4c7ae3de 
Number of updated asset objects reloaded before import = 0
Number of asset objects unloaded after import = 0
========================================================================
Received Import Request.
  Time of request: 2026-08-27T05:11:08.150509Z
  Time since last request: 0.000221916 seconds.
  importAddress: GUID: e21bec35f48a44298911b25ead550ce3 - Path: Packages/com.unity.ugui/Runtime/TMP/TMP_MeshInfo.cs - Importer: ScriptedImporter/UnityEditor.QuickSearchModule:UnityEditor.Search:ASIAI0B
Importing 'GUID: e21bec35f48a44298911b25ead550ce3 - Path: Packages/com.unity.ugui/Runtime/TMP/TMP_MeshInfo.cs - Importer: ScriptedImporter/UnityEditor.QuickSearchModule:UnityEditor.Search:ASIAI0B' with importer (ScriptedImporter : UnityEditor.QuickSearchModule:UnityEditor.Search:ASIAI0B)
Imported 'GUID: e21bec35f48a44298911b25ead550ce3' -> (Import Result ID: 'ae1c12702093858c62a28a823a9bd9d0') in 0.001 seconds [static and dynamic dependencies]. Details - ImportResultOutputID=d73176bd0b0b6884ee144d2e5699e3e4 DependenciesID=9f6853599d9a218ae32ef8d638176bfa StaticDependenciesID=0f23ab74f1c998330b360839089a0acf 
Number of updated asset objects reloaded before import = 0
Number of asset objects unloaded after import = 0
========================================================================
Received Import Request.
  Time of request: 2026-08-27T05:11:08.151518Z
  Time since last request: 0.000227125 seconds.
  importAddress: GUID: 30bed781e402439ab8ce4e3357708115 - Path: Packages/com.unity.ugui/Runtime/TMP/TMP_Style.cs - Importer: ScriptedImporter/UnityEditor.QuickSearchModule:UnityEditor.Search:ASIAI0B
Importing 'GUID: 30bed781e402439ab8ce4e3357708115 - Path: Packages/com.unity.ugui/Runtime/TMP/TMP_Style.cs - Importer: ScriptedImporter/UnityEditor.QuickSearchModule:UnityEditor.Search:ASIAI0B' with importer (ScriptedImporter : UnityEditor.QuickSearchModule:UnityEditor.Search:ASIAI0B)
Imported 'GUID: 30bed781e402439ab8ce4e3357708115' -> (Import Result ID: '8263103a9286eb40bbea975ce84b242f') in 0.001 seconds [static and dynamic dependencies]. Details - ImportResultOutputID=a25c28b0fbe6cffe910c992e023759f9 DependenciesID=70316628f7dfbd21f1bf699e358e5966 StaticDependenciesID=1a0e36d295a31978a20341954da72cdb 
Number of updated asset objects reloaded before import = 0
Number of asset objects unloaded after import = 0
========================================================================
Received Import Request.
  Time of request: 2026-08-27T05:11:08.152466Z
  Time since last request: 0.000246375 seconds.
  importAddress: GUID: 54d21f6ece3b46479f0c328f8c6007e0 - Path: Packages/com.unity.ugui/Runtime/TMP/TMP_ColorGradient.cs - Importer: ScriptedImporter/UnityEditor.QuickSearchModule:UnityEditor.Search:ASIAI0B
Importing 'GUID: 54d21f6ece3b46479f0c328f8c6007e0 - Path: Packages/com.unity.ugui/Runtime/TMP/TMP_ColorGradient.cs - Importer: ScriptedImporter/UnityEditor.QuickSearchModule:UnityEditor.Search:ASIAI0B' with importer (ScriptedImporter : UnityEditor.QuickSearchModule:UnityEditor.Search:ASIAI0B)
Imported 'GUID: 54d21f6ece3b46479f0c328f8c6007e0' -> (Import Result ID: '55fc39e1827f1e39be23b6ba46d50b94') in 0.001 seconds [static and dynamic dependencies]. Details - ImportResultOutputID=82763e83d92e1d880b16ba8855f9cf41 DependenciesID=c99b75a4434b5f839da9a6ba43cbfe57 StaticDependenciesID=0afaefdc51386b4a6e43dd4cae1697d0 
Number of updated asset objects reloaded before import = 0
Number of asset objects unloaded after import = 0
========================================================================
Received Import Request.
  Time of request: 2026-08-27T05:11:08.153343Z
  Time since last request: 0.000183625 seconds.
  importAddress: GUID: 968a09f153574430a6e15ae975145768 - Path: Packages/com.unity.ugui/Runtime/TMP/TMP_Sprite.cs - Importer: ScriptedImporter/UnityEditor.QuickSearchModule:UnityEditor.Search:ASIAI0B
Importing 'GUID: 968a09f153574430a6e15ae975145768 - Path: Packages/com.unity.ugui/Runtime/TMP/TMP_Sprite.cs - Importer: ScriptedImporter/UnityEditor.QuickSearchModule:UnityEditor.Search:ASIAI0B' with importer (ScriptedImporter : UnityEditor.QuickSearchModule:UnityEditor.Search:ASIAI0B)
Imported 'GUID: 968a09f153574430a6e15ae975145768' -> (Import Result ID: 'b360128c9cb06a3766d431bae5afebfa') in 0.001 seconds [static and dynamic dependencies]. Details - ImportResultOutputID=2e5ccc75804eed01b51d387c557051e6 DependenciesID=03ff6acd23640a2c83bcbc47710ea027 StaticDependenciesID=23567aa8364b680186ef0cc7de5f11e2 
Number of updated asset objects reloaded before import = 0
Number of asset objects unloaded after import = 0
========================================================================
Received Import Request.
  Time of request: 2026-08-27T05:11:08.154028Z
  Time since last request: 0.000139292 seconds.
  importAddress: GUID: 79ff392d1bde4ad78a3836a4a480392d - Path: Packages/com.unity.ugui/Runtime/TMP/TMP_InputValidator.cs - Importer: ScriptedImporter/UnityEditor.QuickSearchModule:UnityEditor.Search:ASIAI0B
Importing 'GUID: 79ff392d1bde4ad78a3836a4a480392d - Path: Packages/com.unity.ugui/Runtime/TMP/TMP_InputValidator.cs - Importer: ScriptedImporter/UnityEditor.QuickSearchModule:UnityEditor.Search:ASIAI0B' with importer (ScriptedImporter : UnityEditor.QuickSearchModule:UnityEditor.Search:ASIAI0B)
Imported 'GUID: 79ff392d1bde4ad78a3836a4a480392d' -> (Import Result ID: 'b4a5894b35a3ac3b5c082233846546a5') in 0.001 seconds [static and dynamic dependencies]. Details - ImportResultOutputID=f429a1d92b3f003b98bef96cfdad4b64 DependenciesID=8008c67320eb98d073dc56943849fc44 StaticDependenciesID=2b8459c7993fa1e4651c56e6de29ddb2 
Number of updated asset objects reloaded before import = 0
Number of asset objects unloaded after import = 0
========================================================================
Received Import Request.
  Time of request: 2026-08-27T05:11:08.155754Z
  Time since last request: 0.000245042 seconds.
  importAddress: GUID: 90fe1c65e6bb3bc4e90862df7297719e - Path: Packages/com.unity.ugui/Runtime/TMP/TMP_CharacterInfo.cs - Importer: ScriptedImporter/UnityEditor.QuickSearchModule:UnityEditor.Search:ASIAI0B
Importing 'GUID: 90fe1c65e6bb3bc4e90862df7297719e - Path: Packages/com.unity.ugui/Runtime/TMP/TMP_CharacterInfo.cs - Importer: ScriptedImporter/UnityEditor.QuickSearchModule:UnityEditor.Search:ASIAI0B' with importer (ScriptedImporter : UnityEditor.QuickSearchModule:UnityEditor.Search:ASIAI0B)
Imported 'GUID: 90fe1c65e6bb3bc4e90862df7297719e' -> (Import Result ID: '5ec9c21f2cd0372e49b337baf606669f') in 0.001 seconds [static and dynamic dependencies]. Details - ImportResultOutputID=0a4dbeba4c003dd152a83cbb4886dd79 DependenciesID=38a67499317e239ca838eba2287def83 StaticDependenciesID=38da3b65a35e5ac56143419bd0f67bd7 
Number of updated asset objects reloaded before import = 0
Number of asset objects unloaded after import = 0
========================================================================
Received Import Request.
  Time of request: 2026-08-27T05:11:08.156716Z
  Time since last request: 0.000266666 seconds.
  importAddress: GUID: 28375447bcea455c9b51a6650b10c9d7 - Path: Packages/com.unity.ugui/Runtime/TMP/TMP_ListPool.cs - Importer: ScriptedImporter/UnityEditor.QuickSearchModule:UnityEditor.Search:ASIAI0B
Importing 'GUID: 28375447bcea455c9b51a6650b10c9d7 - Path: Packages/com.unity.ugui/Runtime/TMP/TMP_ListPool.cs - Importer: ScriptedImporter/UnityEditor.QuickSearchModule:UnityEditor.Search:ASIAI0B' with importer (ScriptedImporter : UnityEditor.QuickSearchModule:UnityEditor.Search:ASIAI0B)
Imported 'GUID: 28375447bcea455c9b51a6650b10c9d7' -> (Import Result ID: '46d2c6a6710ecceb8b024727becc76a2') in 0.001 seconds [static and dynamic dependencies]. Details - ImportResultOutputID=f79d22dc69b3699c6b427de8e4c778fd DependenciesID=eeb9d5dce94d0dca404ea06d297853c5 StaticDependenciesID=6dd1d62f1896989619bfd8bf8268939e 
Number of updated asset objects reloaded before import = 0
Number of asset objects unloaded after import = 0
========================================================================
Received Import Request.
  Time of request: 2026-08-27T05:11:08.157489Z
  Time since last request: 0.000183791 seconds.
  importAddress: GUID: 4f0ca6874aa74540bb3d4fe5a0f86bcc - Path: Packages/com.unity.ugui/Runtime/TMP/TMP_TextUtilities.cs - Importer: ScriptedImporter/UnityEditor.QuickSearchModule:UnityEditor.Search:ASIAI0B
Importing 'GUID: 4f0ca6874aa74540bb3d4fe5a0f86bcc - Path: Packages/com.unity.ugui/Runtime/TMP/TMP_TextUtilities.cs - Importer: ScriptedImporter/UnityEditor.QuickSearchModule:UnityEditor.Search:ASIAI0B' with importer (ScriptedImporter : UnityEditor.QuickSearchModule:UnityEditor.Search:ASIAI0B)
Imported 'GUID: 4f0ca6874aa74540bb3d4fe5a0f86bcc' -> (Import Result ID: 'aa0554a2f27af08a557e4f110c0351ab') in 0.001 seconds [static and dynamic dependencies]. Details - ImportResultOutputID=479c120bb1df98c970885d6294085fda DependenciesID=4484f027c12c50d64efb2e60d12b1325 StaticDependenciesID=5a22d75c002b2b657921499dc9e1e96c 
Number of updated asset objects reloaded before import = 0
Number of asset objects unloaded after import = 0
========================================================================
Received Import Request.
  Time of request: 2026-08-27T05:11:08.158213Z
  Time since last request: 0.000193458 seconds.
  importAddress: GUID: cf1fe50a641faac4691bf49eb32ce333 - Path: Packages/com.unity.ugui/Runtime/TMP/TMP_PackageResourceImporter.cs - Importer: ScriptedImporter/UnityEditor.QuickSearchModule:UnityEditor.Search:ASIAI0B
Importing 'GUID: cf1fe50a641faac4691bf49eb32ce333 - Path: Packages/com.unity.ugui/Runtime/TMP/TMP_PackageResourceImporter.cs - Importer: ScriptedImporter/UnityEditor.QuickSearchModule:UnityEditor.Search:ASIAI0B' with importer (ScriptedImporter : UnityEditor.QuickSearchModule:UnityEditor.Search:ASIAI0B)
Imported 'GUID: cf1fe50a641faac4691bf49eb32ce333' -> (Import Result ID: 'c311da4ae399aa71f620ac1e24410aac') in 0.001 seconds [static and dynamic dependencies]. Details - ImportResultOutputID=cbd42d2f3b101d428f09b9f9877a765f DependenciesID=e0df181c08c26129bb67813333179120 StaticDependenciesID=fa8785d156cc6b621c20737bc7d3e5ec 
Number of updated asset objects reloaded before import = 0
Number of asset objects unloaded after import = 0
========================================================================
Received Import Request.
  Time of request: 2026-08-27T05:11:08.15904Z
  Time since last request: 0.000166958 seconds.
  importAddress: GUID: 987fa2c7d1a0e2242839cb8af2fcecc9 - Path: Packages/com.unity.ugui/Runtime/InternalBridge/TMPHelpURL.cs - Importer: ScriptedImporter/UnityEditor.QuickSearchModule:UnityEditor.Search:ASIAI0B
Importing 'GUID: 987fa2c7d1a0e2242839cb8af2fcecc9 - Path: Packages/com.unity.ugui/Runtime/InternalBridge/TMPHelpURL.cs - Importer: ScriptedImporter/UnityEditor.QuickSearchModule:UnityEditor.Search:ASIAI0B' with importer (ScriptedImporter : UnityEditor.QuickSearchModule:UnityEditor.Search:ASIAI0B)
Imported 'GUID: 987fa2c7d1a0e2242839cb8af2fcecc9' -> (Import Result ID: '78dd84a9741d6b3849451cca004fbf9c') in 0.001 seconds [static and dynamic dependencies]. Details - ImportResultOutputID=1cefa74261f649fdf068f5b0c3a5f799 DependenciesID=c8bbc05838a5e1bbad6c73affde8e607 StaticDependenciesID=4cc039d0a40bef02e1cac29558ea460a 
Number of updated asset objects reloaded before import = 0
Number of asset objects unloaded after import = 0
========================================================================
Received Import Request.
  Time of request: 2026-08-27T05:11:08.159838Z
  Time since last request: 0.000162625 seconds.
  importAddress: GUID: 87ab1bebe13f41f89d5427e7d2c34d58 - Path: Packages/com.unity.ugui/Runtime/TMP/TMP_TextElement_Legacy.cs - Importer: ScriptedImporter/UnityEditor.QuickSearchModule:UnityEditor.Search:ASIAI0B
Importing 'GUID: 87ab1bebe13f41f89d5427e7d2c34d58 - Path: Packages/com.unity.ugui/Runtime/TMP/TMP_TextElement_Legacy.cs - Importer: ScriptedImporter/UnityEditor.QuickSearchModule:UnityEditor.Search:ASIAI0B' with importer (ScriptedImporter : UnityEditor.QuickSearchModule:UnityEditor.Search:ASIAI0B)
Imported 'GUID: 87ab1bebe13f41f89d5427e7d2c34d58' -> (Import Result ID: '20d89f35ef2e8c675cf073ad27079b19') in 0.001 seconds [static and dynamic dependencies]. Details - ImportResultOutputID=42a96f3a7fffa418ba37b30d91f3297d DependenciesID=1ada1990d239453ff9ba524a9f186ac6 StaticDependenciesID=73dc4dc4e07a00892f306c566a442b42 
Number of updated asset objects reloaded before import = 0
Number of asset objects unloaded after import = 0
========================================================================
Received Import Request.
  Time of request: 2026-08-27T05:11:08.16067Z
  Time since last request: 0.000176041 seconds.
  importAddress: GUID: 4ac5b6a65aaeb59478e3b78660e9f134 - Path: Packages/com.unity.ugui/Runtime/TMP/TMP_Character.cs - Importer: ScriptedImporter/UnityEditor.QuickSearchModule:UnityEditor.Search:ASIAI0B
Importing 'GUID: 4ac5b6a65aaeb59478e3b78660e9f134 - Path: Packages/com.unity.ugui/Runtime/TMP/TMP_Character.cs - Importer: ScriptedImporter/UnityEditor.QuickSearchModule:UnityEditor.Search:ASIAI0B' with importer (ScriptedImporter : UnityEditor.QuickSearchModule:UnityEditor.Search:ASIAI0B)
Imported 'GUID: 4ac5b6a65aaeb59478e3b78660e9f134' -> (Import Result ID: 'b66c933b588e78789255f9635a04bf24') in 0.001 seconds [static and dynamic dependencies]. Details - ImportResultOutputID=f249e4130e910d8640deb0da79f8614c DependenciesID=3b60f352b35e00762f5b88d3404da907 StaticDependenciesID=68920922e15b5306641b56559841a58f 
Number of updated asset objects reloaded before import = 0
Number of asset objects unloaded after import = 0
========================================================================
Received Import Request.
  Time of request: 2026-08-27T05:11:08.161436Z
  Time since last request: 0.000131875 seconds.
  importAddress: GUID: b458b2c7f196bdc4581b2f9fd6a5d931 - Path: Packages/com.unity.ugui/Runtime/TMP/TMP_RichTextTagsCommon.cs - Importer: ScriptedImporter/UnityEditor.QuickSearchModule:UnityEditor.Search:ASIAI0B
Importing 'GUID: b458b2c7f196bdc4581b2f9fd6a5d931 - Path: Packages/com.unity.ugui/Runtime/TMP/TMP_RichTextTagsCommon.cs - Importer: ScriptedImporter/UnityEditor.QuickSearchModule:UnityEditor.Search:ASIAI0B' with importer (ScriptedImporter : UnityEditor.QuickSearchModule:UnityEditor.Search:ASIAI0B)
Imported 'GUID: b458b2c7f196bdc4581b2f9fd6a5d931' -> (Import Result ID: '2804a7e3925ff682b3713b045dd5ae13') in 0.001 seconds [static and dynamic dependencies]. Details - ImportResultOutputID=f7830b2b502ea6899c44116add3cbc2c DependenciesID=be7822ae51b99486497e01c846c3e355 StaticDependenciesID=2f66cee95d9ba99f4cbf4e38ec9775bf 
Number of updated asset objects reloaded before import = 0
Number of asset objects unloaded after import = 0
========================================================================
Received Import Request.
  Time of request: 2026-08-27T05:11:08.162348Z
  Time since last request: 0.000147042 seconds.
  importAddress: GUID: 71c1514a6bd24e1e882cebbe1904ce04 - Path: Packages/com.unity.ugui/Runtime/TMP/TMP_FontAsset.cs - Importer: ScriptedImporter/UnityEditor.QuickSearchModule:UnityEditor.Search:ASIAI0B
Importing 'GUID: 71c1514a6bd24e1e882cebbe1904ce04 - Path: Packages/com.unity.ugui/Runtime/TMP/TMP_FontAsset.cs - Importer: ScriptedImporter/UnityEditor.QuickSearchModule:UnityEditor.Search:ASIAI0B' with importer (ScriptedImporter : UnityEditor.QuickSearchModule:UnityEditor.Search:ASIAI0B)
Imported 'GUID: 71c1514a6bd24e1e882cebbe1904ce04' -> (Import Result ID: 'acabd47a62ccb769f184445fa9f7a34a') in 0.001 seconds [static and dynamic dependencies]. Details - ImportResultOutputID=97f59feae9ad4a77dafd225392f5a523 DependenciesID=e3848bdd1ac839b2f6d76dc8329a4d1b StaticDependenciesID=ae5ae004f82194b3f806728235a415d1 
Number of updated asset objects reloaded before import = 0
Number of asset objects unloaded after import = 1
========================================================================
Received Import Request.
  Time of request: 2026-08-27T05:11:08.163455Z
  Time since last request: 0.000268959 seconds.
  importAddress: GUID: ab2114bdc8544297b417dfefe9f1e410 - Path: Packages/com.unity.ugui/Runtime/TMP/TMP_StyleSheet.cs - Importer: ScriptedImporter/UnityEditor.QuickSearchModule:UnityEditor.Search:ASIAI0B
Importing 'GUID: ab2114bdc8544297b417dfefe9f1e410 - Path: Packages/com.unity.ugui/Runtime/TMP/TMP_StyleSheet.cs - Importer: ScriptedImporter/UnityEditor.QuickSearchModule:UnityEditor.Search:ASIAI0B' with importer (ScriptedImporter : UnityEditor.QuickSearchModule:UnityEditor.Search:ASIAI0B)
Imported 'GUID: ab2114bdc8544297b417dfefe9f1e410' -> (Import Result ID: 'b31b60c913bfd13e8d8dc09d2008bba7') in 0.001 seconds [static and dynamic dependencies]. Details - ImportResultOutputID=27918ab47625efa90608c0ae02a2c88a DependenciesID=e3546a2baf11f1dd917158fdc019a08f StaticDependenciesID=ba6adafe32a1e70f827ca0d0792466e1 
Number of updated asset objects reloaded before import = 0
Number of asset objects unloaded after import = 0
========================================================================
Received Import Request.
  Time of request: 2026-08-27T05:11:08.164362Z
  Time since last request: 0.000178375 seconds.
  importAddress: GUID: 4ae64f3f72004807a9f919f9c27af0db - Path: Packages/com.unity.ugui/Runtime/TMP/TMP_TextInfo.cs - Importer: ScriptedImporter/UnityEditor.QuickSearchModule:UnityEditor.Search:ASIAI0B
Importing 'GUID: 4ae64f3f72004807a9f919f9c27af0db - Path: Packages/com.unity.ugui/Runtime/TMP/TMP_TextInfo.cs - Importer: ScriptedImporter/UnityEditor.QuickSearchModule:UnityEditor.Search:ASIAI0B' with importer (ScriptedImporter : UnityEditor.QuickSearchModule:UnityEditor.Search:ASIAI0B)
Imported 'GUID: 4ae64f3f72004807a9f919f9c27af0db' -> (Import Result ID: '6f3f67d81c73454f2ea9959df33ad133') in 0.001 seconds [static and dynamic dependencies]. Details - ImportResultOutputID=c7b1a623e6bb42d658609623e96147c4 DependenciesID=3f80063f8e93422da5604e1d930e7e9b StaticDependenciesID=a1720824aa9301a594c2058fcefb5d15 
Number of updated asset objects reloaded before import = 0
Number of asset objects unloaded after import = 0
========================================================================
Received Import Request.
  Time of request: 2026-08-27T05:11:08.165252Z
  Time since last request: 0.000309167 seconds.
  importAddress: GUID: 20a9b557a46149dfbfa04a3a7080f5aa - Path: Packages/com.unity.ugui/Runtime/TMP/TMP_TextProcessingStack.cs - Importer: ScriptedImporter/UnityEditor.QuickSearchModule:UnityEditor.Search:ASIAI0B
Importing 'GUID: 20a9b557a46149dfbfa04a3a7080f5aa - Path: Packages/com.unity.ugui/Runtime/TMP/TMP_TextProcessingStack.cs - Importer: ScriptedImporter/UnityEditor.QuickSearchModule:UnityEditor.Search:ASIAI0B' with importer (ScriptedImporter : UnityEditor.QuickSearchModule:UnityEditor.Search:ASIAI0B)
Imported 'GUID: 20a9b557a46149dfbfa04a3a7080f5aa' -> (Import Result ID: 'bc14cabc0a9f67dd90a4e9041d082aa0') in 0.001 seconds [static and dynamic dependencies]. Details - ImportResultOutputID=6f58c97c51bc58d7597ff634810fe14a DependenciesID=af0f550407bb4f4ae29c57d8e6481cfb StaticDependenciesID=0a2d1b26e9fb89840f1c339afa2ae222 
Number of updated asset objects reloaded before import = 0
Number of asset objects unloaded after import = 0
========================================================================
Received Import Request.
  Time of request: 2026-08-27T05:11:08.166091Z
  Time since last request: 0.000135167 seconds.
  importAddress: GUID: 77476292f9fa4905a787e6417853846b - Path: Packages/com.unity.ugui/Runtime/TMP/TMPro_ExtensionMethods.cs - Importer: ScriptedImporter/UnityEditor.QuickSearchModule:UnityEditor.Search:ASIAI0B
Importing 'GUID: 77476292f9fa4905a787e6417853846b - Path: Packages/com.unity.ugui/Runtime/TMP/TMPro_ExtensionMethods.cs - Importer: ScriptedImporter/UnityEditor.QuickSearchModule:UnityEditor.Search:ASIAI0B' with importer (ScriptedImporter : UnityEditor.QuickSearchModule:UnityEditor.Search:ASIAI0B)
Imported 'GUID: 77476292f9fa4905a787e6417853846b' -> (Import Result ID: '7ea9093ab03e048c31950a8b7a112a5a') in 0.001 seconds [static and dynamic dependencies]. Details - ImportResultOutputID=4a58009fc8eb7d5d4b678bcff11cb179 DependenciesID=71f1506668b782d3b129ce63156ba560 StaticDependenciesID=4c8dd2c470eb2f1f6904544762aa78c5 
Number of updated asset objects reloaded before import = 0
Number of asset objects unloaded after import = 0
========================================================================
Received Import Request.
  Time of request: 2026-08-27T05:11:08.166801Z
  Time since last request: 0.000132042 seconds.
  importAddress: GUID: 5ea9f573d4b800a49b9d83a1f61c0a88 - Path: Packages/com.unity.ugui/Runtime/TMP/TMP_FontFeatureTable.cs - Importer: ScriptedImporter/UnityEditor.QuickSearchModule:UnityEditor.Search:ASIAI0B
Importing 'GUID: 5ea9f573d4b800a49b9d83a1f61c0a88 - Path: Packages/com.unity.ugui/Runtime/TMP/TMP_FontFeatureTable.cs - Importer: ScriptedImporter/UnityEditor.QuickSearchModule:UnityEditor.Search:ASIAI0B' with importer (ScriptedImporter : UnityEditor.QuickSearchModule:UnityEditor.Search:ASIAI0B)
Imported 'GUID: 5ea9f573d4b800a49b9d83a1f61c0a88' -> (Import Result ID: '5d08fbc1abe5c0627155753d1551a5d5') in 0.001 seconds [static and dynamic dependencies]. Details - ImportResultOutputID=a15b6513f17c76ecaa6f5fdd211ee79b DependenciesID=a3a80cc06fa8c6392a7f412fb9da1ec7 StaticDependenciesID=e3ebb47be10be794760a41ae63c005fb 
Number of updated asset objects reloaded before import = 0
Number of asset objects unloaded after import = 0
========================================================================
Received Import Request.
  Time of request: 2026-08-27T05:11:08.167568Z
  Time since last request: 0.000172584 seconds.
  importAddress: GUID: 07994bfe8b0e4adb97d706de5dea48d5 - Path: Packages/com.unity.ugui/Runtime/TMP/TMP_SubMesh.cs - Importer: ScriptedImporter/UnityEditor.QuickSearchModule:UnityEditor.Search:ASIAI0B
Importing 'GUID: 07994bfe8b0e4adb97d706de5dea48d5 - Path: Packages/com.unity.ugui/Runtime/TMP/TMP_SubMesh.cs - Importer: ScriptedImporter/UnityEditor.QuickSearchModule:UnityEditor.Search:ASIAI0B' with importer (ScriptedImporter : UnityEditor.QuickSearchModule:UnityEditor.Search:ASIAI0B)
Imported 'GUID: 07994bfe8b0e4adb97d706de5dea48d5' -> (Import Result ID: '69058b35f10dc30ca51213647ec2d830') in 0.001 seconds [static and dynamic dependencies]. Details - ImportResultOutputID=fb84f58bf94298c4ad71bc0d19bd52ea DependenciesID=482f3d840354af819be488e3ffec9ee5 StaticDependenciesID=ec6abfd9cb919309263f0f0546c1e02d 
Number of updated asset objects reloaded before import = 0
Number of asset objects unloaded after import = 0
========================================================================
Received Import Request.
  Time of request: 2026-08-27T05:11:08.168399Z
  Time since last request: 0.000223291 seconds.
  importAddress: GUID: 2da0c512f12947e489f739169773d7ca - Path: Packages/com.unity.ugui/Runtime/TMP/TMP_InputField.cs - Importer: ScriptedImporter/UnityEditor.QuickSearchModule:UnityEditor.Search:ASIAI0B
Importing 'GUID: 2da0c512f12947e489f739169773d7ca - Path: Packages/com.unity.ugui/Runtime/TMP/TMP_InputField.cs - Importer: ScriptedImporter/UnityEditor.QuickSearchModule:UnityEditor.Search:ASIAI0B' with importer (ScriptedImporter : UnityEditor.QuickSearchModule:UnityEditor.Search:ASIAI0B)
Imported 'GUID: 2da0c512f12947e489f739169773d7ca' -> (Import Result ID: 'eaafb38279ae01948d1384d0defdd7d7') in 0.001 seconds [static and dynamic dependencies]. Details - ImportResultOutputID=9b85cf3c4a840a65cb372b6202f8d7a6 DependenciesID=360dcf6a34bac8ab876e0b5f81768265 StaticDependenciesID=9cbe128399b05c0193cd5f6dc388abd8 
Number of updated asset objects reloaded before import = 0
Number of asset objects unloaded after import = 1
========================================================================
Received Import Request.
  Time of request: 2026-08-27T05:11:08.169518Z
  Time since last request: 0.000153834 seconds.
  importAddress: GUID: a55fb7b4961a425381d1282fc424f966 - Path: Packages/com.unity.ugui/Runtime/TMP/TMP_UpdateRegistery.cs - Importer: ScriptedImporter/UnityEditor.QuickSearchModule:UnityEditor.Search:ASIAI0B
Importing 'GUID: a55fb7b4961a425381d1282fc424f966 - Path: Packages/com.unity.ugui/Runtime/TMP/TMP_UpdateRegistery.cs - Importer: ScriptedImporter/UnityEditor.QuickSearchModule:UnityEditor.Search:ASIAI0B' with importer (ScriptedImporter : UnityEditor.QuickSearchModule:UnityEditor.Search:ASIAI0B)
Imported 'GUID: a55fb7b4961a425381d1282fc424f966' -> (Import Result ID: '829e03b43c346fdd4065f0b3c16cd710') in 0.001 seconds [static and dynamic dependencies]. Details - ImportResultOutputID=8677f12c12e72c0d4df2d26d712dc91a DependenciesID=eb8cd4a34de64834d2e18fc086ab9477 StaticDependenciesID=4fe3d0ee477130abbcdec5585560ae9a 
Number of updated asset objects reloaded before import = 0
Number of asset objects unloaded after import = 0
========================================================================
Received Import Request.
  Time of request: 2026-08-27T05:11:08.170358Z
  Time since last request: 0.000125542 seconds.
  importAddress: GUID: 543674eec776b1442a192c932e6cd9b3 - Path: Packages/com.unity.ugui/Runtime/TMP/TMP_TextElement.cs - Importer: ScriptedImporter/UnityEditor.QuickSearchModule:UnityEditor.Search:ASIAI0B
Importing 'GUID: 543674eec776b1442a192c932e6cd9b3 - Path: Packages/com.unity.ugui/Runtime/TMP/TMP_TextElement.cs - Importer: ScriptedImporter/UnityEditor.QuickSearchModule:UnityEditor.Search:ASIAI0B' with importer (ScriptedImporter : UnityEditor.QuickSearchModule:UnityEditor.Search:ASIAI0B)
Imported 'GUID: 543674eec776b1442a192c932e6cd9b3' -> (Import Result ID: '2f7672a834603db47bdf82defa1b1c42') in 0.001 seconds [static and dynamic dependencies]. Details - ImportResultOutputID=6ee1d26b6ac9275a73d6c563baa38196 DependenciesID=1fb9a516f5e4c54cfed2169e3f9d0e13 StaticDependenciesID=6f034fbd085aef5083424fec1c1fbf29 
Number of updated asset objects reloaded before import = 0
Number of asset objects unloaded after import = 0
========================================================================
Received Import Request.
  Time of request: 2026-08-27T05:11:08.171028Z
  Time since last request: 0.000131375 seconds.
  importAddress: GUID: 5143f58107604835ab1a5efa2d8818fd - Path: Packages/com.unity.ugui/Runtime/TMP/TMP_Text.cs - Importer: ScriptedImporter/UnityEditor.QuickSearchModule:UnityEditor.Search:ASIAI0B
Importing 'GUID: 5143f58107604835ab1a5efa2d8818fd - Path: Packages/com.unity.ugui/Runtime/TMP/TMP_Text.cs - Importer: ScriptedImporter/UnityEditor.QuickSearchModule:UnityEditor.Search:ASIAI0B' with importer (ScriptedImporter : UnityEditor.QuickSearchModule:UnityEditor.Search:ASIAI0B)
Imported 'GUID: 5143f58107604835ab1a5efa2d8818fd' -> (Import Result ID: '2b00470916b0ae3514b57bc0fb9edbf2') in 0.001 seconds [static and dynamic dependencies]. Details - ImportResultOutputID=da8a952247c7f8362850371c44034bb6 DependenciesID=69954a7fad3a30bbe2c3a70e5227657a StaticDependenciesID=801a3fdedae9a5609a756c8b92e3d4a4 
Number of updated asset objects reloaded before import = 0
Number of asset objects unloaded after import = 0
========================================================================
Received Import Request.
  Time of request: 2026-08-27T05:11:08.171824Z
  Time since last request: 0.000213042 seconds.
  importAddress: GUID: 202d758d102b6854a9710c8b93db742c - Path: Packages/com.unity.ugui/Runtime/TMP/TMP_SpriteCharacter.cs - Importer: ScriptedImporter/UnityEditor.QuickSearchModule:UnityEditor.Search:ASIAI0B
Importing 'GUID: 202d758d102b6854a9710c8b93db742c - Path: Packages/com.unity.ugui/Runtime/TMP/TMP_SpriteCharacter.cs - Importer: ScriptedImporter/UnityEditor.QuickSearchModule:UnityEditor.Search:ASIAI0B' with importer (ScriptedImporter : UnityEditor.QuickSearchModule:UnityEditor.Search:ASIAI0B)
Imported 'GUID: 202d758d102b6854a9710c8b93db742c' -> (Import Result ID: '30d51ad64ce316453b36d3ae14ea6573') in 0.001 seconds [static and dynamic dependencies]. Details - ImportResultOutputID=136aadbd096e8e0eed659dd97a2ea75e DependenciesID=cf8ad2ce1402b48de4aff8c3679c7ab4 StaticDependenciesID=083ab795bc04ef775229d5bffaf04dac 
Number of updated asset objects reloaded before import = 0
Number of asset objects unloaded after import = 0
========================================================================
Received Import Request.
  Time of request: 2026-08-27T05:11:08.172597Z
  Time since last request: 0.00019475 seconds.
  importAddress: GUID: 77b2d47bca9376f4a8ae69084a485957 - Path: Packages/com.unity.ugui/Runtime/TMP/FontFeatureCommonGSUB.cs - Importer: ScriptedImporter/UnityEditor.QuickSearchModule:UnityEditor.Search:ASIAI0B
Importing 'GUID: 77b2d47bca9376f4a8ae69084a485957 - Path: Packages/com.unity.ugui/Runtime/TMP/FontFeatureCommonGSUB.cs - Importer: ScriptedImporter/UnityEditor.QuickSearchModule:UnityEditor.Search:ASIAI0B' with importer (ScriptedImporter : UnityEditor.QuickSearchModule:UnityEditor.Search:ASIAI0B)
Imported 'GUID: 77b2d47bca9376f4a8ae69084a485957' -> (Import Result ID: '2757018c5f68bf277c1dbe62211c81f7') in 0.001 seconds [static and dynamic dependencies]. Details - ImportResultOutputID=086f495a0c9b5506195f7f4b35dd9ea0 DependenciesID=f52ffb701d2fc479135575c216c4736e StaticDependenciesID=534dbbbfcb714f3be9ab4df5d80a5b07 
Number of updated asset objects reloaded before import = 0
Number of asset objects unloaded after import = 0
========================================================================
Received Import Request.
  Time of request: 2026-08-27T05:11:08.173314Z
  Time since last request: 0.000151834 seconds.
  importAddress: GUID: 871f8edd56e84b8fb295b10cc3c78f36 - Path: Packages/com.unity.ugui/Runtime/TMP/FastAction.cs - Importer: ScriptedImporter/UnityEditor.QuickSearchModule:UnityEditor.Search:ASIAI0B
Importing 'GUID: 871f8edd56e84b8fb295b10cc3c78f36 - Path: Packages/com.unity.ugui/Runtime/TMP/FastAction.cs - Importer: ScriptedImporter/UnityEditor.QuickSearchModule:UnityEditor.Search:ASIAI0B' with importer (ScriptedImporter : UnityEditor.QuickSearchModule:UnityEditor.Search:ASIAI0B)
Imported 'GUID: 871f8edd56e84b8fb295b10cc3c78f36' -> (Import Result ID: 'ce966e4520c64fb4c47a334c18d59f4e') in 0.001 seconds [static and dynamic dependencies]. Details - ImportResultOutputID=856c363885dd30860745b143c29bb338 DependenciesID=bb2936e5638a440730d3efd7694352ea StaticDependenciesID=040083a2eda160acb5f167fe866c7fbf 
Number of updated asset objects reloaded before import = 0
Number of asset objects unloaded after import = 0
========================================================================
Received Import Request.
  Time of request: 2026-08-27T05:11:08.174521Z
  Time since last request: 0.000122 seconds.
  importAddress: GUID: 11a6a034ab84493cbed6af5ae7aae78b - Path: Packages/com.unity.ugui/Runtime/TMP/MaterialReferenceManager.cs - Importer: ScriptedImporter/UnityEditor.QuickSearchModule:UnityEditor.Search:ASIAI0B
Importing 'GUID: 11a6a034ab84493cbed6af5ae7aae78b - Path: Packages/com.unity.ugui/Runtime/TMP/MaterialReferenceManager.cs - Importer: ScriptedImporter/UnityEditor.QuickSearchModule:UnityEditor.Search:ASIAI0B' with importer (ScriptedImporter : UnityEditor.QuickSearchModule:UnityEditor.Search:ASIAI0B)
Imported 'GUID: 11a6a034ab84493cbed6af5ae7aae78b' -> (Import Result ID: '659b5ce00dd5b7ad2056e9e525cef2d6') in 0.001 seconds [static and dynamic dependencies]. Details - ImportResultOutputID=4b197111188c187a78b891706424b86b DependenciesID=e213adf7a0823559f0cc2848f45a97a4 StaticDependenciesID=59b7f7349fbc6505fc608d436a2bf65c 
Number of updated asset objects reloaded before import = 0
Number of asset objects unloaded after import = 0
========================================================================
Received Import Request.
  Time of request: 2026-08-27T05:11:08.175312Z
  Time since last request: 0.000235833 seconds.
  importAddress: GUID: a4bbbb1fed4e2b7448af9313d6d00536 - Path: Packages/com.unity.ugui/Runtime/TMP/FontFeatureCommonGPOS.cs - Importer: ScriptedImporter/UnityEditor.QuickSearchModule:UnityEditor.Search:ASIAI0B
Importing 'GUID: a4bbbb1fed4e2b7448af9313d6d00536 - Path: Packages/com.unity.ugui/Runtime/TMP/FontFeatureCommonGPOS.cs - Importer: ScriptedImporter/UnityEditor.QuickSearchModule:UnityEditor.Search:ASIAI0B' with importer (ScriptedImporter : UnityEditor.QuickSearchModule:UnityEditor.Search:ASIAI0B)
Imported 'GUID: a4bbbb1fed4e2b7448af9313d6d00536' -> (Import Result ID: '1d3b46dd95635d62dfee76f6f962739f') in 0.001 seconds [static and dynamic dependencies]. Details - ImportResultOutputID=328edf20ac1b350feaebd992c2b173fa DependenciesID=272342f097da855cf81f057f42865daa StaticDependenciesID=53c62d747552894df79daea212c1817b 
Number of updated asset objects reloaded before import = 0
Number of asset objects unloaded after import = 0
========================================================================
Received Import Request.
  Time of request: 2026-08-27T05:11:08.17609Z
  Time since last request: 0.0002075 seconds.
  importAddress: GUID: e69259f6ff914146ad610be5491eb44a - Path: Packages/com.unity.ugui/Runtime/TMP/TMP_ObjectPool.cs - Importer: ScriptedImporter/UnityEditor.QuickSearchModule:UnityEditor.Search:ASIAI0B
Importing 'GUID: e69259f6ff914146ad610be5491eb44a - Path: Packages/com.unity.ugui/Runtime/TMP/TMP_ObjectPool.cs - Importer: ScriptedImporter/UnityEditor.QuickSearchModule:UnityEditor.Search:ASIAI0B' with importer (ScriptedImporter : UnityEditor.QuickSearchModule:UnityEditor.Search:ASIAI0B)
Imported 'GUID: e69259f6ff914146ad610be5491eb44a' -> (Import Result ID: '9fbc54cf74aac6b359ad45db6453c219') in 0.001 seconds [static and dynamic dependencies]. Details - ImportResultOutputID=7bd8c8239ee3ca50f662ce7c43d5eab0 DependenciesID=03138d570f044ec98fb43664847bc770 StaticDependenciesID=9c07207a8e3617d2d93cf34c2f0d7195 
Number of updated asset objects reloaded before import = 0
Number of asset objects unloaded after import = 0
========================================================================
Received Import Request.
  Time of request: 2026-08-27T05:11:08.176822Z
  Time since last request: 0.000172416 seconds.
  importAddress: GUID: 7b743370ac3e4ec2a1668f5455a8ef8a - Path: Packages/com.unity.ugui/Runtime/TMP/TMP_Dropdown.cs - Importer: ScriptedImporter/UnityEditor.QuickSearchModule:UnityEditor.Search:ASIAI0B
Importing 'GUID: 7b743370ac3e4ec2a1668f5455a8ef8a - Path: Packages/com.unity.ugui/Runtime/TMP/TMP_Dropdown.cs - Importer: ScriptedImporter/UnityEditor.QuickSearchModule:UnityEditor.Search:ASIAI0B' with importer (ScriptedImporter : UnityEditor.QuickSearchModule:UnityEditor.Search:ASIAI0B)
Imported 'GUID: 7b743370ac3e4ec2a1668f5455a8ef8a' -> (Import Result ID: 'bda29c9beb4d70fc19fced407e4d636b') in 0.001 seconds [static and dynamic dependencies]. Details - ImportResultOutputID=332bcc2c3fc9fdfb65e81b628b8e28b6 DependenciesID=2bd24c860d4c2249550a9a9b4c02e9f0 StaticDependenciesID=af0c4e05a4cd75ccc5b926e31d3c4484 
Number of updated asset objects reloaded before import = 0
Number of asset objects unloaded after import = 1
========================================================================
Received Import Request.
  Time of request: 2026-08-27T05:11:08.177931Z
  Time since last request: 0.000163 seconds.
  importAddress: GUID: 0a017569bfe174e4890797b4d64cbabc - Path: Packages/com.unity.ugui/Runtime/TMP/TMP_FontAssetUtilities.cs - Importer: ScriptedImporter/UnityEditor.QuickSearchModule:UnityEditor.Search:ASIAI0B
Importing 'GUID: 0a017569bfe174e4890797b4d64cbabc - Path: Packages/com.unity.ugui/Runtime/TMP/TMP_FontAssetUtilities.cs - Importer: ScriptedImporter/UnityEditor.QuickSearchModule:UnityEditor.Search:ASIAI0B' with importer (ScriptedImporter : UnityEditor.QuickSearchModule:UnityEditor.Search:ASIAI0B)
Imported 'GUID: 0a017569bfe174e4890797b4d64cbabc' -> (Import Result ID: '22dbbe8a2e641539602b45d860b5c821') in 0.001 seconds [static and dynamic dependencies]. Details - ImportResultOutputID=a649473709dd19beda83dc41711dd4fa DependenciesID=4198ee07fa6babc9f26e63fc609eebd1 StaticDependenciesID=b8f3772364813a63ae127df43f571ebf 
Number of updated asset objects reloaded before import = 0
Number of asset objects unloaded after import = 0
========================================================================
Received Import Request.
  Time of request: 2026-08-27T05:11:08.178668Z
  Time since last request: 0.000135208 seconds.
  importAddress: GUID: 4877f87131635e6408f8c44e5d86791e - Path: Packages/com.unity.ugui/Runtime/TMP/TMP_ResourcesManager.cs - Importer: ScriptedImporter/UnityEditor.QuickSearchModule:UnityEditor.Search:ASIAI0B
Importing 'GUID: 4877f87131635e6408f8c44e5d86791e - Path: Packages/com.unity.ugui/Runtime/TMP/TMP_ResourcesManager.cs - Importer: ScriptedImporter/UnityEditor.QuickSearchModule:UnityEditor.Search:ASIAI0B' with importer (ScriptedImporter : UnityEditor.QuickSearchModule:UnityEditor.Search:ASIAI0B)
Imported 'GUID: 4877f87131635e6408f8c44e5d86791e' -> (Import Result ID: '1d588915e42e8099452a923444e3faff') in 0.001 seconds [static and dynamic dependencies]. Details - ImportResultOutputID=968dd2a394a547495d85ec7022e756db DependenciesID=4c7841b09acbc26a29f2c7f5b4ce5843 StaticDependenciesID=cfd8a5d3769ad3f23427ee554a94d353 
Number of updated asset objects reloaded before import = 0
Number of asset objects unloaded after import = 0
========================================================================
Received Import Request.
  Time of request: 2026-08-27T05:11:08.17951Z
  Time since last request: 0.000240333 seconds.
  importAddress: GUID: 5b5c6a576605b3c4aab7d27193785f27 - Path: Packages/com.unity.ugui/Runtime/TMP/TMP_SpriteGlyph.cs - Importer: ScriptedImporter/UnityEditor.QuickSearchModule:UnityEditor.Search:ASIAI0B
Importing 'GUID: 5b5c6a576605b3c4aab7d27193785f27 - Path: Packages/com.unity.ugui/Runtime/TMP/TMP_SpriteGlyph.cs - Importer: ScriptedImporter/UnityEditor.QuickSearchModule:UnityEditor.Search:ASIAI0B' with importer (ScriptedImporter : UnityEditor.QuickSearchModule:UnityEditor.Search:ASIAI0B)
Imported 'GUID: 5b5c6a576605b3c4aab7d27193785f27' -> (Import Result ID: '4e5c2bbe6604dcc8d3530b3262a7ec6b') in 0.001 seconds [static and dynamic dependencies]. Details - ImportResultOutputID=d73b74943e7f7e3d97070db188937d18 DependenciesID=4ae4207180a79185652285523fd665d0 StaticDependenciesID=d8da0dc1d9d4e7fc357b3e0a89bde572 
Number of updated asset objects reloaded before import = 0
Number of asset objects unloaded after import = 0
========================================================================
Received Import Request.
  Time of request: 2026-08-27T05:11:08.180479Z
  Time since last request: 0.000226625 seconds.
  importAddress: GUID: c8f647c4cc6a64e4ba36c171768ab9a7 - Path: Packages/com.unity.ugui/Runtime/TMP/TMP_TextProcessingCommon.cs - Importer: ScriptedImporter/UnityEditor.QuickSearchModule:UnityEditor.Search:ASIAI0B
Importing 'GUID: c8f647c4cc6a64e4ba36c171768ab9a7 - Path: Packages/com.unity.ugui/Runtime/TMP/TMP_TextProcessingCommon.cs - Importer: ScriptedImporter/UnityEditor.QuickSearchModule:UnityEditor.Search:ASIAI0B' with importer (ScriptedImporter : UnityEditor.QuickSearchModule:UnityEditor.Search:ASIAI0B)
Imported 'GUID: c8f647c4cc6a64e4ba36c171768ab9a7' -> (Import Result ID: 'dd0d2c8ae4343d1e13ada9f631e6fd6a') in 0.001 seconds [static and dynamic dependencies]. Details - ImportResultOutputID=7bf293f70739512d93c733797583aa5b DependenciesID=df2307df8e8c4f4365470074331110e1 StaticDependenciesID=7dd031dec7c91aa95835bc1cffc11be8 
Number of updated asset objects reloaded before import = 0
Number of asset objects unloaded after import = 0
========================================================================
Received Import Request.
  Time of request: 2026-08-27T05:11:08.18125Z
  Time since last request: 0.000161167 seconds.
  importAddress: GUID: f695b5f9415c40b39ae877eaff41c96e - Path: Packages/com.unity.ugui/Runtime/TMP/TMP_FontAssetCommon.cs - Importer: ScriptedImporter/UnityEditor.QuickSearchModule:UnityEditor.Search:ASIAI0B
Importing 'GUID: f695b5f9415c40b39ae877eaff41c96e - Path: Packages/com.unity.ugui/Runtime/TMP/TMP_FontAssetCommon.cs - Importer: ScriptedImporter/UnityEditor.QuickSearchModule:UnityEditor.Search:ASIAI0B' with importer (ScriptedImporter : UnityEditor.QuickSearchModule:UnityEditor.Search:ASIAI0B)
Imported 'GUID: f695b5f9415c40b39ae877eaff41c96e' -> (Import Result ID: 'c54a8bf3131e77e5f649a3668fcd66cc') in 0.001 seconds [static and dynamic dependencies]. Details - ImportResultOutputID=47a147e5348fc10561639494122fbd21 DependenciesID=075f949f50e59b17f74d4b3a4489aeb9 StaticDependenciesID=21d6cb2423c2cd48e26432cc280f5463 
Number of updated asset objects reloaded before import = 0
Number of asset objects unloaded after import = 0
========================================================================
Received Import Request.
  Time of request: 2026-08-27T05:11:08.182034Z
  Time since last request: 0.000137292 seconds.
  importAddress: GUID: 6ad632cbcc87f634d9b86006cdffdaf5 - Path: Packages/com.unity.ugui/Runtime/TMP/TMP_TextParsingUtilities.cs - Importer: ScriptedImporter/UnityEditor.QuickSearchModule:UnityEditor.Search:ASIAI0B
Importing 'GUID: 6ad632cbcc87f634d9b86006cdffdaf5 - Path: Packages/com.unity.ugui/Runtime/TMP/TMP_TextParsingUtilities.cs - Importer: ScriptedImporter/UnityEditor.QuickSearchModule:UnityEditor.Search:ASIAI0B' with importer (ScriptedImporter : UnityEditor.QuickSearchModule:UnityEditor.Search:ASIAI0B)
Imported 'GUID: 6ad632cbcc87f634d9b86006cdffdaf5' -> (Import Result ID: '2f259f8708f2d6d67f9316fbe09873c2') in 0.001 seconds [static and dynamic dependencies]. Details - ImportResultOutputID=1ad25335f90f1e4b7688fb47a659285c DependenciesID=84e7092fb0545e2371584870e9e4c8fe StaticDependenciesID=b09c92a296f54a606c92bdc33de66073 
Number of updated asset objects reloaded before import = 0
Number of asset objects unloaded after import = 0
========================================================================
Received Import Request.
  Time of request: 2026-08-27T05:11:08.182741Z
  Time since last request: 0.000170875 seconds.
  importAddress: GUID: 058cba836c1846c3aa1c5fd2e28aea77 - Path: Packages/com.unity.ugui/Runtime/TMP/TMP_SubMeshUI.cs - Importer: ScriptedImporter/UnityEditor.QuickSearchModule:UnityEditor.Search:ASIAI0B
Importing 'GUID: 058cba836c1846c3aa1c5fd2e28aea77 - Path: Packages/com.unity.ugui/Runtime/TMP/TMP_SubMeshUI.cs - Importer: ScriptedImporter/UnityEditor.QuickSearchModule:UnityEditor.Search:ASIAI0B' with importer (ScriptedImporter : UnityEditor.QuickSearchModule:UnityEditor.Search:ASIAI0B)
Imported 'GUID: 058cba836c1846c3aa1c5fd2e28aea77' -> (Import Result ID: 'd4b0766ea8a7953e6925903f255a5f0e') in 0.001 seconds [static and dynamic dependencies]. Details - ImportResultOutputID=ffb64aceda3de722703890a7852100aa DependenciesID=a3561bd50df995f83ea4178fcd55b46c StaticDependenciesID=a76c7d7d1bd244aadba9096fceb43096 
Number of updated asset objects reloaded before import = 0
Number of asset objects unloaded after import = 0
========================================================================
Received Import Request.
  Time of request: 2026-08-27T05:11:08.184015Z
  Time since last request: 0.0001935 seconds.
  importAddress: GUID: f5bdc05a613799d43845f94fb8735763 - Path: Packages/com.unity.ugui/Runtime/InternalBridge/AssemblyInfo.cs - Importer: ScriptedImporter/UnityEditor.QuickSearchModule:UnityEditor.Search:ASIAI0B
Importing 'GUID: f5bdc05a613799d43845f94fb8735763 - Path: Packages/com.unity.ugui/Runtime/InternalBridge/AssemblyInfo.cs - Importer: ScriptedImporter/UnityEditor.QuickSearchModule:UnityEditor.Search:ASIAI0B' with importer (ScriptedImporter : UnityEditor.QuickSearchModule:UnityEditor.Search:ASIAI0B)
Imported 'GUID: f5bdc05a613799d43845f94fb8735763' -> (Import Result ID: 'f9dfc241e7b04d7c27322afecfa836d9') in 0.001 seconds [static and dynamic dependencies]. Details - ImportResultOutputID=e1da19f587b9b7ec6297e3a416513749 DependenciesID=a3306851df7493e83dba002e779def72 StaticDependenciesID=233c39a98d56dbfe8cc8763cb24db7c0 
Number of updated asset objects reloaded before import = 0
Number of asset objects unloaded after import = 0
========================================================================
Received Import Request.
  Time of request: 2026-08-27T05:11:08.184889Z
  Time since last request: 0.000268375 seconds.
  importAddress: GUID: 34e150112c1c42ac83170b52d898e322 - Path: Packages/com.unity.ugui/Runtime/TMP/TMP_ScrollbarEventHandler.cs - Importer: ScriptedImporter/UnityEditor.QuickSearchModule:UnityEditor.Search:ASIAI0B
Importing 'GUID: 34e150112c1c42ac83170b52d898e322 - Path: Packages/com.unity.ugui/Runtime/TMP/TMP_ScrollbarEventHandler.cs - Importer: ScriptedImporter/UnityEditor.QuickSearchModule:UnityEditor.Search:ASIAI0B' with importer (ScriptedImporter : UnityEditor.QuickSearchModule:UnityEditor.Search:ASIAI0B)
Imported 'GUID: 34e150112c1c42ac83170b52d898e322' -> (Import Result ID: 'c2acf083cd53dc52c33bd073eac145d9') in 0.001 seconds [static and dynamic dependencies]. Details - ImportResultOutputID=3a4a900cab9bd6be0d0d161d28e774b5 DependenciesID=74677c578a2ecc875ca08820591e0597 StaticDependenciesID=381c214f25880f32a5be767e8516ffdb 
Number of updated asset objects reloaded before import = 0
Number of asset objects unloaded after import = 0
========================================================================
Received Import Request.
  Time of request: 2026-08-27T05:11:08.185779Z
  Time since last request: 0.000172625 seconds.
  importAddress: GUID: 21364f754cf9b9b47a60742332d4af56 - Path: Packages/com.unity.ugui/Runtime/TMP/TMP_Compatibility.cs - Importer: ScriptedImporter/UnityEditor.QuickSearchModule:UnityEditor.Search:ASIAI0B
Importing 'GUID: 21364f754cf9b9b47a60742332d4af56 - Path: Packages/com.unity.ugui/Runtime/TMP/TMP_Compatibility.cs - Importer: ScriptedImporter/UnityEditor.QuickSearchModule:UnityEditor.Search:ASIAI0B' with importer (ScriptedImporter : UnityEditor.QuickSearchModule:UnityEditor.Search:ASIAI0B)
Imported 'GUID: 21364f754cf9b9b47a60742332d4af56' -> (Import Result ID: '546d19816fa03ad1f6cc25b8d3b8792c') in 0.001 seconds [static and dynamic dependencies]. Details - ImportResultOutputID=4516864d210ccd7ff2855283b5c930ae DependenciesID=7845ed53a975219a5104a401e9249588 StaticDependenciesID=558959639b02d896fb2b5c47b7792b48 
Number of updated asset objects reloaded before import = 0
Number of asset objects unloaded after import = 0
========================================================================
Received Import Request.
  Time of request: 2026-08-27T05:11:08.200129Z
  Time since last request: 0.013782083 seconds.
  importAddress: GUID: 76c392e42b5098c458856cdf6ecaaaa1 - Path: Packages/com.unity.ugui/Runtime/UGUI/EventSystem/EventSystem.cs - Importer: ScriptedImporter/UnityEditor.QuickSearchModule:UnityEditor.Search:ASIAI0B
Importing 'GUID: 76c392e42b5098c458856cdf6ecaaaa1 - Path: Packages/com.unity.ugui/Runtime/UGUI/EventSystem/EventSystem.cs - Importer: ScriptedImporter/UnityEditor.QuickSearchModule:UnityEditor.Search:ASIAI0B' with importer (ScriptedImporter : UnityEditor.QuickSearchModule:UnityEditor.Search:ASIAI0B)
Imported 'GUID: 76c392e42b5098c458856cdf6ecaaaa1' -> (Import Result ID: 'f62a4192945c30005330d3249a25c72e') in 0.001 seconds [static and dynamic dependencies]. Details - ImportResultOutputID=d92b987c38f9dea842126644d69c961c DependenciesID=5c52fdc5eaf535b4cf8df5fb3bf680b6 StaticDependenciesID=3ea13be39f8fd6787341e28c05328d12 
Number of updated asset objects reloaded before import = 0
Number of asset objects unloaded after import = 0
========================================================================
Received Import Request.
  Time of request: 2026-08-27T05:11:08.201252Z
  Time since last request: 0.00020075 seconds.
  importAddress: GUID: a62706dc421fc9b4fa368a8050a930f7 - Path: Packages/com.unity.ugui/Editor/UGUI/UI/PrefabLayoutRebuilder.cs - Importer: ScriptedImporter/UnityEditor.QuickSearchModule:UnityEditor.Search:ASIAI0B
Importing 'GUID: a62706dc421fc9b4fa368a8050a930f7 - Path: Packages/com.unity.ugui/Editor/UGUI/UI/PrefabLayoutRebuilder.cs - Importer: ScriptedImporter/UnityEditor.QuickSearchModule:UnityEditor.Search:ASIAI0B' with importer (ScriptedImporter : UnityEditor.QuickSearchModule:UnityEditor.Search:ASIAI0B)
Imported 'GUID: a62706dc421fc9b4fa368a8050a930f7' -> (Import Result ID: 'a9a3493d953aa9fba42227f1055ba2e9') in 0.001 seconds [static and dynamic dependencies]. Details - ImportResultOutputID=e77490b85980fda46cf7cd77a97a0d15 DependenciesID=ec9340086b37e2df69e4b13ab7181eeb StaticDependenciesID=1b3ed93d3193793bbdd7c59c1bcbe8fe 
Number of updated asset objects reloaded before import = 0
Number of asset objects unloaded after import = 0
========================================================================
Received Import Request.
  Time of request: 2026-08-27T05:11:08.202142Z
  Time since last request: 0.000149833 seconds.
  importAddress: GUID: d0b148fe25e99eb48b9724523833bab1 - Path: Packages/com.unity.ugui/Runtime/UGUI/EventSystem/EventTrigger.cs - Importer: ScriptedImporter/UnityEditor.QuickSearchModule:UnityEditor.Search:ASIAI0B
Importing 'GUID: d0b148fe25e99eb48b9724523833bab1 - Path: Packages/com.unity.ugui/Runtime/UGUI/EventSystem/EventTrigger.cs - Importer: ScriptedImporter/UnityEditor.QuickSearchModule:UnityEditor.Search:ASIAI0B' with importer (ScriptedImporter : UnityEditor.QuickSearchModule:UnityEditor.Search:ASIAI0B)
Imported 'GUID: d0b148fe25e99eb48b9724523833bab1' -> (Import Result ID: 'c68e426a4d81db54843c7182ac60ab89') in 0.001 seconds [static and dynamic dependencies]. Details - ImportResultOutputID=a7811027862d11e8bd36d21656a74f94 DependenciesID=05e3029cf754485f6269b26f65208d0f StaticDependenciesID=e02eb45725cc8e9bcc211aee81a6370c 
Number of updated asset objects reloaded before import = 0
Number of asset objects unloaded after import = 0
========================================================================
Received Import Request.
  Time of request: 2026-08-27T05:11:08.202877Z
  Time since last request: 0.000129209 seconds.
  importAddress: GUID: b759d61544e231c41bc88530b1d94ee8 - Path: Packages/com.unity.ugui/Editor/UGUI/UI/ImageEditor.cs - Importer: ScriptedImporter/UnityEditor.QuickSearchModule:UnityEditor.Search:ASIAI0B
Importing 'GUID: b759d61544e231c41bc88530b1d94ee8 - Path: Packages/com.unity.ugui/Editor/UGUI/UI/ImageEditor.cs - Importer: ScriptedImporter/UnityEditor.QuickSearchModule:UnityEditor.Search:ASIAI0B' with importer (ScriptedImporter : UnityEditor.QuickSearchModule:UnityEditor.Search:ASIAI0B)
Imported 'GUID: b759d61544e231c41bc88530b1d94ee8' -> (Import Result ID: '7c40f38e412866400b18bc30172127d6') in 0.001 seconds [static and dynamic dependencies]. Details - ImportResultOutputID=0e218710c6557c7638f07a0ac69a82b3 DependenciesID=3e38889ee840a4bf8fbf55f07154a37e StaticDependenciesID=43536ae91489da4161b4288a79792f90 
Number of updated asset objects reloaded before import = 0
Number of asset objects unloaded after import = 0
========================================================================
Received Import Request.
  Time of request: 2026-08-27T05:11:08.203657Z
  Time since last request: 0.000164333 seconds.
  importAddress: GUID: 8bc2b083b068f3546a9509c805e0541c - Path: Packages/com.unity.ugui/Editor/TMP/PropertyDrawers/GlyphRectPropertyDrawer.cs - Importer: ScriptedImporter/UnityEditor.QuickSearchModule:UnityEditor.Search:ASIAI0B
Importing 'GUID: 8bc2b083b068f3546a9509c805e0541c - Path: Packages/com.unity.ugui/Editor/TMP/PropertyDrawers/GlyphRectPropertyDrawer.cs - Importer: ScriptedImporter/UnityEditor.QuickSearchModule:UnityEditor.Search:ASIAI0B' with importer (ScriptedImporter : UnityEditor.QuickSearchModule:UnityEditor.Search:ASIAI0B)
Imported 'GUID: 8bc2b083b068f3546a9509c805e0541c' -> (Import Result ID: 'b89aac864f9e4c2545854b9124ae7d6d') in 0.001 seconds [static and dynamic dependencies]. Details - ImportResultOutputID=6c5c1dba1685bd900df0b201c5269c51 DependenciesID=be4389aafca1cebdff369de9c55e6d19 StaticDependenciesID=b712ae19b96a4ada5a75aa4bd63cba4e 
Number of updated asset objects reloaded before import = 0
Number of asset objects unloaded after import = 0
========================================================================
Received Import Request.
  Time of request: 2026-08-27T05:11:08.20463Z
  Time since last request: 0.000188167 seconds.
  importAddress: GUID: 35d143b352678294ab0f5feb97b67f88 - Path: Packages/com.unity.ugui/Editor/UGUI/UI/ContentSizeFitterEditor.cs - Importer: ScriptedImporter/UnityEditor.QuickSearchModule:UnityEditor.Search:ASIAI0B
Importing 'GUID: 35d143b352678294ab0f5feb97b67f88 - Path: Packages/com.unity.ugui/Editor/UGUI/UI/ContentSizeFitterEditor.cs - Importer: ScriptedImporter/UnityEditor.QuickSearchModule:UnityEditor.Search:ASIAI0B' with importer (ScriptedImporter : UnityEditor.QuickSearchModule:UnityEditor.Search:ASIAI0B)
Imported 'GUID: 35d143b352678294ab0f5feb97b67f88' -> (Import Result ID: 'c5c7eead1c8473c9a4df01c8e723bbd8') in 0.001 seconds [static and dynamic dependencies]. Details - ImportResultOutputID=4b2ebebbba2d2176667c2d6d66bec2d0 DependenciesID=a0d65ba5f12b7ba20f6f4d61d06f972e StaticDependenciesID=bc4c17ea6cfb2fc99b8e48229e69fd16 
Number of updated asset objects reloaded before import = 0
Number of asset objects unloaded after import = 0
========================================================================
Received Import Request.
  Time of request: 2026-08-27T05:11:08.205512Z
  Time since last request: 0.000163584 seconds.
  importAddress: GUID: f867743975592a743a3581ff042bcc25 - Path: Packages/com.unity.ugui/Editor/UGUI/UI/MenuOptions.cs - Importer: ScriptedImporter/UnityEditor.QuickSearchModule:UnityEditor.Search:ASIAI0B
Importing 'GUID: f867743975592a743a3581ff042bcc25 - Path: Packages/com.unity.ugui/Editor/UGUI/UI/MenuOptions.cs - Importer: ScriptedImporter/UnityEditor.QuickSearchModule:UnityEditor.Search:ASIAI0B' with importer (ScriptedImporter : UnityEditor.QuickSearchModule:UnityEditor.Search:ASIAI0B)
Imported 'GUID: f867743975592a743a3581ff042bcc25' -> (Import Result ID: 'e2eb2a6f74ff556250eb65acaac28b36') in 0.001 seconds [static and dynamic dependencies]. Details - ImportResultOutputID=febe2922c7bd1dc6b6cea189a05fe921 DependenciesID=f01f85fd8808f5d4b342307a17dc28e0 StaticDependenciesID=bd27c1392ae226fe75a9b3ffe87c633d 
Number of updated asset objects reloaded before import = 0
Number of asset objects unloaded after import = 0
========================================================================
Received Import Request.
  Time of request: 2026-08-27T05:11:08.206284Z
  Time since last request: 0.000123334 seconds.
  importAddress: GUID: 2bafac87e7f4b9b418d9448d219b01ab - Path: Packages/com.unity.ugui/Runtime/UGUI/UnityEngine.UI.asmdef - Importer: ScriptedImporter/UnityEditor.QuickSearchModule:UnityEditor.Search:ASIAI0B
Importing 'GUID: 2bafac87e7f4b9b418d9448d219b01ab - Path: Packages/com.unity.ugui/Runtime/UGUI/UnityEngine.UI.asmdef - Importer: ScriptedImporter/UnityEditor.QuickSearchModule:UnityEditor.Search:ASIAI0B' with importer (ScriptedImporter : UnityEditor.QuickSearchModule:UnityEditor.Search:ASIAI0B)
Imported 'GUID: 2bafac87e7f4b9b418d9448d219b01ab' -> (Import Result ID: '0943e9c28db055018052b50e31d70e64') in 0.001 seconds [static and dynamic dependencies]. Details - ImportResultOutputID=83dd427585fa504a5d4daf7fb48953e0 DependenciesID=16d40e8240f182234b69ee69755faf72 StaticDependenciesID=7d338e357f15ec90f8abeab3a024c47d 
Number of updated asset objects reloaded before import = 0
Number of asset objects unloaded after import = 1
========================================================================
Received Import Request.
  Time of request: 2026-08-27T05:11:08.207599Z
  Time since last request: 0.0001535 seconds.
  importAddress: GUID: d256fa541faf5d4409992c631adb98a1 - Path: Packages/com.unity.ugui/Editor/TMP/PropertyDrawers/GlyphPairAdjustmentRecordPropertyDrawer.cs - Importer: ScriptedImporter/UnityEditor.QuickSearchModule:UnityEditor.Search:ASIAI0B
Importing 'GUID: d256fa541faf5d4409992c631adb98a1 - Path: Packages/com.unity.ugui/Editor/TMP/PropertyDrawers/GlyphPairAdjustmentRecordPropertyDrawer.cs - Importer: ScriptedImporter/UnityEditor.QuickSearchModule:UnityEditor.Search:ASIAI0B' with importer (ScriptedImporter : UnityEditor.QuickSearchModule:UnityEditor.Search:ASIAI0B)
Imported 'GUID: d256fa541faf5d4409992c631adb98a1' -> (Import Result ID: 'd406972d224d1897cb4103663b41775c') in 0.001 seconds [static and dynamic dependencies]. Details - ImportResultOutputID=c1f698d93ecd98f51b22dfb84a1a156f DependenciesID=4d9cdda2d8ff9bd957abce08fdaa3415 StaticDependenciesID=56c2137cea9f58e887aa7ef28603e71d 
Number of updated asset objects reloaded before import = 0
Number of asset objects unloaded after import = 0
========================================================================
Received Import Request.
  Time of request: 2026-08-27T05:11:08.208428Z
  Time since last request: 0.000189917 seconds.
  importAddress: GUID: 56ba6cb160ebfc042b48224bd1a35614 - Path: Packages/com.unity.ugui/Editor/UGUI/UI/ScrollRectEditor.cs - Importer: ScriptedImporter/UnityEditor.QuickSearchModule:UnityEditor.Search:ASIAI0B
Importing 'GUID: 56ba6cb160ebfc042b48224bd1a35614 - Path: Packages/com.unity.ugui/Editor/UGUI/UI/ScrollRectEditor.cs - Importer: ScriptedImporter/UnityEditor.QuickSearchModule:UnityEditor.Search:ASIAI0B' with importer (ScriptedImporter : UnityEditor.QuickSearchModule:UnityEditor.Search:ASIAI0B)
Imported 'GUID: 56ba6cb160ebfc042b48224bd1a35614' -> (Import Result ID: '4fdb78b0d26db7f2562f97a82a9b76f5') in 0.001 seconds [static and dynamic dependencies]. Details - ImportResultOutputID=5c2cee6e6cf9bbf214d37e55c637ffd6 DependenciesID=1bd9f02dfcb74c1342de079fa99e2f4b StaticDependenciesID=593e68b134853abd560290cc8fef81a1 
Number of updated asset objects reloaded before import = 0
Number of asset objects unloaded after import = 0
========================================================================
Received Import Request.
  Time of request: 2026-08-27T05:11:08.209439Z
  Time since last request: 0.00030225 seconds.
  importAddress: GUID: 3fa274f26b1574c40b949e114327022e - Path: Packages/com.unity.ugui/Runtime/UGUI/EventSystem/EventTriggerType.cs - Importer: ScriptedImporter/UnityEditor.QuickSearchModule:UnityEditor.Search:ASIAI0B
Importing 'GUID: 3fa274f26b1574c40b949e114327022e - Path: Packages/com.unity.ugui/Runtime/UGUI/EventSystem/EventTriggerType.cs - Importer: ScriptedImporter/UnityEditor.QuickSearchModule:UnityEditor.Search:ASIAI0B' with importer (ScriptedImporter : UnityEditor.QuickSearchModule:UnityEditor.Search:ASIAI0B)
Imported 'GUID: 3fa274f26b1574c40b949e114327022e' -> (Import Result ID: 'f588262ceec0c522681a2252feebf87a') in 0.001 seconds [static and dynamic dependencies]. Details - ImportResultOutputID=0407572f6b378b5dcf3adf0511d2dc57 DependenciesID=30af76bf9a0ed3833f9e855e0cef735e StaticDependenciesID=f166682d3c6800bd465c418b6f4961e5 
Number of updated asset objects reloaded before import = 0
Number of asset objects unloaded after import = 0
========================================================================
Received Import Request.
  Time of request: 2026-08-27T05:11:08.210352Z
  Time since last request: 0.000164375 seconds.
  importAddress: GUID: 3550d8ec6f29ab34d895ae9a43d560c2 - Path: Packages/com.unity.ugui/Runtime/UGUI/EventSystem/RaycastResult.cs - Importer: ScriptedImporter/UnityEditor.QuickSearchModule:UnityEditor.Search:ASIAI0B
Importing 'GUID: 3550d8ec6f29ab34d895ae9a43d560c2 - Path: Packages/com.unity.ugui/Runtime/UGUI/EventSystem/RaycastResult.cs - Importer: ScriptedImporter/UnityEditor.QuickSearchModule:UnityEditor.Search:ASIAI0B' with importer (ScriptedImporter : UnityEditor.QuickSearchModule:UnityEditor.Search:ASIAI0B)
Imported 'GUID: 3550d8ec6f29ab34d895ae9a43d560c2' -> (Import Result ID: '2a38f3dd75129940e609eb50377da1fc') in 0.001 seconds [static and dynamic dependencies]. Details - ImportResultOutputID=bfc7430db8a8bdba34ab7561840a0afa DependenciesID=dd89fdd63b5308ca108266d42d1ee192 StaticDependenciesID=a7c9e25175676743e937436cb5e6f788 
Number of updated asset objects reloaded before import = 0
Number of asset objects unloaded after import = 0
========================================================================
Received Import Request.
  Time of request: 2026-08-27T05:11:08.211274Z
  Time since last request: 0.000130125 seconds.
  importAddress: GUID: 6a981cd1456bec84b86e1c66773f57f5 - Path: Packages/com.unity.ugui/Editor/UGUI/UI/GridLayoutGroupEditor.cs - Importer: ScriptedImporter/UnityEditor.QuickSearchModule:UnityEditor.Search:ASIAI0B
Importing 'GUID: 6a981cd1456bec84b86e1c66773f57f5 - Path: Packages/com.unity.ugui/Editor/UGUI/UI/GridLayoutGroupEditor.cs - Importer: ScriptedImporter/UnityEditor.QuickSearchModule:UnityEditor.Search:ASIAI0B' with importer (ScriptedImporter : UnityEditor.QuickSearchModule:UnityEditor.Search:ASIAI0B)
Imported 'GUID: 6a981cd1456bec84b86e1c66773f57f5' -> (Import Result ID: '9dbb197b74e252a6ca7bcbf60db49729') in 0.001 seconds [static and dynamic dependencies]. Details - ImportResultOutputID=f197034f9e2969b169df5f6f6cda30a3 DependenciesID=c6df410820305ca05035fb988bc94732 StaticDependenciesID=15b26428ba48eca019f44728c2564f65 
Number of updated asset objects reloaded before import = 0
Number of asset objects unloaded after import = 0
========================================================================
Received Import Request.
  Time of request: 2026-08-27T05:11:08.212134Z
  Time since last request: 0.000195791 seconds.
  importAddress: GUID: 9545c9eb3bf94265810463794fec8334 - Path: Packages/com.unity.ugui/Editor/TMP/PropertyDrawers/DropdownOptionListDrawer.cs - Importer: ScriptedImporter/UnityEditor.QuickSearchModule:UnityEditor.Search:ASIAI0B
Importing 'GUID: 9545c9eb3bf94265810463794fec8334 - Path: Packages/com.unity.ugui/Editor/TMP/PropertyDrawers/DropdownOptionListDrawer.cs - Importer: ScriptedImporter/UnityEditor.QuickSearchModule:UnityEditor.Search:ASIAI0B' with importer (ScriptedImporter : UnityEditor.QuickSearchModule:UnityEditor.Search:ASIAI0B)
Imported 'GUID: 9545c9eb3bf94265810463794fec8334' -> (Import Result ID: '46b37c766fa5d9b216610de45e37276f') in 0.001 seconds [static and dynamic dependencies]. Details - ImportResultOutputID=17e02c7ab1ca85a238c0275611a74d8e DependenciesID=8dddfffb435124e3cd18505df8a7f04f StaticDependenciesID=fa58ee0a9ee180dfc477d3016dce038a 
Number of updated asset objects reloaded before import = 0
Number of asset objects unloaded after import = 0
========================================================================
Received Import Request.
  Time of request: 2026-08-27T05:11:08.213087Z
  Time since last request: 0.000188541 seconds.
  importAddress: GUID: b10cb8fee5b39014d8a417bf413f5e5c - Path: Packages/com.unity.ugui/Editor/UGUI/UI/MaskEditor.cs - Importer: ScriptedImporter/UnityEditor.QuickSearchModule:UnityEditor.Search:ASIAI0B
Importing 'GUID: b10cb8fee5b39014d8a417bf413f5e5c - Path: Packages/com.unity.ugui/Editor/UGUI/UI/MaskEditor.cs - Importer: ScriptedImporter/UnityEditor.QuickSearchModule:UnityEditor.Search:ASIAI0B' with importer (ScriptedImporter : UnityEditor.QuickSearchModule:UnityEditor.Search:ASIAI0B)
Imported 'GUID: b10cb8fee5b39014d8a417bf413f5e5c' -> (Import Result ID: '337bbc839b7889dd4c95819b5e3e5845') in 0.001 seconds [static and dynamic dependencies]. Details - ImportResultOutputID=ab9f864edbeea79976aa0d0e148aab76 DependenciesID=a5faea00a8415663756a5ec9c963d40a StaticDependenciesID=ba63a7f211ef683dce7bed171ec58682 
Number of updated asset objects reloaded before import = 0
Number of asset objects unloaded after import = 0
========================================================================
Received Import Request.
  Time of request: 2026-08-27T05:11:08.213985Z
  Time since last request: 0.000163041 seconds.
  importAddress: GUID: e3795795b029fde4395e6953ce72b5a6 - Path: Packages/com.unity.ugui/Editor/TMP/HDRP/TMP_BaseHDRPLitShaderGUI.cs - Importer: ScriptedImporter/UnityEditor.QuickSearchModule:UnityEditor.Search:ASIAI0B
Importing 'GUID: e3795795b029fde4395e6953ce72b5a6 - Path: Packages/com.unity.ugui/Editor/TMP/HDRP/TMP_BaseHDRPLitShaderGUI.cs - Importer: ScriptedImporter/UnityEditor.QuickSearchModule:UnityEditor.Search:ASIAI0B' with importer (ScriptedImporter : UnityEditor.QuickSearchModule:UnityEditor.Search:ASIAI0B)
Imported 'GUID: e3795795b029fde4395e6953ce72b5a6' -> (Import Result ID: 'a118d036016c6f7ea277da8657d124c7') in 0.001 seconds [static and dynamic dependencies]. Details - ImportResultOutputID=5b18b0a5f8cd92451294f80c61197276 DependenciesID=7c2065d3af6df4d48ff947f0e30ab609 StaticDependenciesID=aca214c1e711f8f8f5707b2bd90be726 
Number of updated asset objects reloaded before import = 0
Number of asset objects unloaded after import = 0
========================================================================
Received Import Request.
  Time of request: 2026-08-27T05:11:08.214942Z
  Time since last request: 0.000154 seconds.
  importAddress: GUID: d36a7c7a1ed377c4b8008e53032d7dcf - Path: Packages/com.unity.ugui/Editor/UGUI/UI/ToggleEditor.cs - Importer: ScriptedImporter/UnityEditor.QuickSearchModule:UnityEditor.Search:ASIAI0B
Importing 'GUID: d36a7c7a1ed377c4b8008e53032d7dcf - Path: Packages/com.unity.ugui/Editor/UGUI/UI/ToggleEditor.cs - Importer: ScriptedImporter/UnityEditor.QuickSearchModule:UnityEditor.Search:ASIAI0B' with importer (ScriptedImporter : UnityEditor.QuickSearchModule:UnityEditor.Search:ASIAI0B)
Imported 'GUID: d36a7c7a1ed377c4b8008e53032d7dcf' -> (Import Result ID: 'dc32ad633dcf03a9b6421c2f0271db2b') in 0.001 seconds [static and dynamic dependencies]. Details - ImportResultOutputID=3d5b8f737bbcb55a1ccee55c5dcaba25 DependenciesID=3507227041bb4ef8a69c2caa9d6688a4 StaticDependenciesID=e32f4da294cdcacbd9decc584b364679 
Number of updated asset objects reloaded before import = 0
Number of asset objects unloaded after import = 0
========================================================================
Received Import Request.
  Time of request: 2026-08-27T05:11:08.215804Z
  Time since last request: 0.00017125 seconds.
  importAddress: GUID: 37b164a494cd92a498526852ecceedef - Path: Packages/com.unity.ugui/Editor/UGUI/EventSystem/EventTriggerEditor.cs - Importer: ScriptedImporter/UnityEditor.QuickSearchModule:UnityEditor.Search:ASIAI0B
Importing 'GUID: 37b164a494cd92a498526852ecceedef - Path: Packages/com.unity.ugui/Editor/UGUI/EventSystem/EventTriggerEditor.cs - Importer: ScriptedImporter/UnityEditor.QuickSearchModule:UnityEditor.Search:ASIAI0B' with importer (ScriptedImporter : UnityEditor.QuickSearchModule:UnityEditor.Search:ASIAI0B)
Imported 'GUID: 37b164a494cd92a498526852ecceedef' -> (Import Result ID: 'd348e547e20490a330931bbafdf5dd9d') in 0.001 seconds [static and dynamic dependencies]. Details - ImportResultOutputID=9e85aee45b50daa242ff60fe687ad8ac DependenciesID=8210838a56b72ca67fe5a88b9dd25333 StaticDependenciesID=a62250adfbb82b08bb809fc8f6df9755 
Number of updated asset objects reloaded before import = 0
Number of asset objects unloaded after import = 0
========================================================================
Received Import Request.
  Time of request: 2026-08-27T05:11:08.216688Z
  Time since last request: 0.00022975 seconds.
  importAddress: GUID: 260b531edc40677429c0198d6961e448 - Path: Packages/com.unity.ugui/Editor/UGUI/UI/SpriteDrawUtility.cs - Importer: ScriptedImporter/UnityEditor.QuickSearchModule:UnityEditor.Search:ASIAI0B
Importing 'GUID: 260b531edc40677429c0198d6961e448 - Path: Packages/com.unity.ugui/Editor/UGUI/UI/SpriteDrawUtility.cs - Importer: ScriptedImporter/UnityEditor.QuickSearchModule:UnityEditor.Search:ASIAI0B' with importer (ScriptedImporter : UnityEditor.QuickSearchModule:UnityEditor.Search:ASIAI0B)
Imported 'GUID: 260b531edc40677429c0198d6961e448' -> (Import Result ID: '0269a4845d6699ee4088bb64b418b408') in 0.001 seconds [static and dynamic dependencies]. Details - ImportResultOutputID=a6c2cc46c31e4dcafa2aaaa8fec9c1c6 DependenciesID=13c1f0ce03f5440aff41d9b8e8a758d8 StaticDependenciesID=949969e52e602ed1bdd20b39ac2ece2a 
Number of updated asset objects reloaded before import = 0
Number of asset objects unloaded after import = 0
========================================================================
Received Import Request.
  Time of request: 2026-08-27T05:11:08.21809Z
  Time since last request: 0.000222292 seconds.
  importAddress: GUID: cb319974ad8ebd44aa1e1fbb02640b5b - Path: Packages/com.unity.ugui/Editor/UGUI/UI/HorizontalOrVerticalLayoutGroupEditor.cs - Importer: ScriptedImporter/UnityEditor.QuickSearchModule:UnityEditor.Search:ASIAI0B
Importing 'GUID: cb319974ad8ebd44aa1e1fbb02640b5b - Path: Packages/com.unity.ugui/Editor/UGUI/UI/HorizontalOrVerticalLayoutGroupEditor.cs - Importer: ScriptedImporter/UnityEditor.QuickSearchModule:UnityEditor.Search:ASIAI0B' with importer (ScriptedImporter : UnityEditor.QuickSearchModule:UnityEditor.Search:ASIAI0B)
Imported 'GUID: cb319974ad8ebd44aa1e1fbb02640b5b' -> (Import Result ID: '7a671f06a85bb7b4d9a9659f93001db3') in 0.001 seconds [static and dynamic dependencies]. Details - ImportResultOutputID=4db00143bb4bd16065910d7f1a412e8a DependenciesID=eaad1c1b9d2091281c2fdf32005583ba StaticDependenciesID=7ca2ebcb6505f1297b9fe32b1bf7bc1a 
Number of updated asset objects reloaded before import = 0
Number of asset objects unloaded after import = 0
========================================================================
Received Import Request.
  Time of request: 2026-08-27T05:11:08.21904Z
  Time since last request: 0.000154583 seconds.
  importAddress: GUID: 1336690ece4db2740b4ba38873e00dfb - Path: Packages/com.unity.ugui/Editor/UGUI/UI/TextEditor.cs - Importer: ScriptedImporter/UnityEditor.QuickSearchModule:UnityEditor.Search:ASIAI0B
Importing 'GUID: 1336690ece4db2740b4ba38873e00dfb - Path: Packages/com.unity.ugui/Editor/UGUI/UI/TextEditor.cs - Importer: ScriptedImporter/UnityEditor.QuickSearchModule:UnityEditor.Search:ASIAI0B' with importer (ScriptedImporter : UnityEditor.QuickSearchModule:UnityEditor.Search:ASIAI0B)
Imported 'GUID: 1336690ece4db2740b4ba38873e00dfb' -> (Import Result ID: 'dc807f7b8383d8a06e055f832056be6c') in 0.001 seconds [static and dynamic dependencies]. Details - ImportResultOutputID=29e6c4dd7250d11f28e57573c3eb8481 DependenciesID=be0f9f1931c8933bdd7f7777cbfabc75 StaticDependenciesID=141eae6269ac0183657c893dac26569e 
Number of updated asset objects reloaded before import = 0
Number of asset objects unloaded after import = 0
========================================================================
Received Import Request.
  Time of request: 2026-08-27T05:11:08.219917Z
  Time since last request: 0.000185917 seconds.
  importAddress: GUID: 794f3951c48395848920fdb593a2ae38 - Path: Packages/com.unity.ugui/Editor/UGUI/UI/LayoutPropertiesPreview.cs - Importer: ScriptedImporter/UnityEditor.QuickSearchModule:UnityEditor.Search:ASIAI0B
Importing 'GUID: 794f3951c48395848920fdb593a2ae38 - Path: Packages/com.unity.ugui/Editor/UGUI/UI/LayoutPropertiesPreview.cs - Importer: ScriptedImporter/UnityEditor.QuickSearchModule:UnityEditor.Search:ASIAI0B' with importer (ScriptedImporter : UnityEditor.QuickSearchModule:UnityEditor.Search:ASIAI0B)
Imported 'GUID: 794f3951c48395848920fdb593a2ae38' -> (Import Result ID: 'cf33608d32ffe27fe313ca57b1ecb8ff') in 0.001 seconds [static and dynamic dependencies]. Details - ImportResultOutputID=2663bd3ee0041df7203131464fc7d2c5 DependenciesID=24b99035f552f719e0e973801e32fd0b StaticDependenciesID=8e3733b8cd142c8832b839cef18846ef 
Number of updated asset objects reloaded before import = 0
Number of asset objects unloaded after import = 0
========================================================================
Received Import Request.
  Time of request: 2026-08-27T05:11:08.220807Z
  Time since last request: 0.000228292 seconds.
  importAddress: GUID: 58c9792f08de21b4194eb2f9d862dc22 - Path: Packages/com.unity.ugui/Runtime/UGUI/AssemblyInfo.cs - Importer: ScriptedImporter/UnityEditor.QuickSearchModule:UnityEditor.Search:ASIAI0B
Importing 'GUID: 58c9792f08de21b4194eb2f9d862dc22 - Path: Packages/com.unity.ugui/Runtime/UGUI/AssemblyInfo.cs - Importer: ScriptedImporter/UnityEditor.QuickSearchModule:UnityEditor.Search:ASIAI0B' with importer (ScriptedImporter : UnityEditor.QuickSearchModule:UnityEditor.Search:ASIAI0B)
Imported 'GUID: 58c9792f08de21b4194eb2f9d862dc22' -> (Import Result ID: '0582a0bc293b6ce216c4a93f969a32dd') in 0.001 seconds [static and dynamic dependencies]. Details - ImportResultOutputID=109e2e4877d43cd55f89d383fc34b4ec DependenciesID=3253df28815572a5a20f5d90bc6aab07 StaticDependenciesID=ce36cf212c2c99e5eb32f71f98bf4265 
Number of updated asset objects reloaded before import = 0
Number of asset objects unloaded after import = 0
========================================================================
Received Import Request.
  Time of request: 2026-08-27T05:11:08.221639Z
  Time since last request: 0.000199625 seconds.
  importAddress: GUID: 37cff9f5a86ae494c8cb04423580480d - Path: Packages/com.unity.ugui/Editor/TMP/PropertyDrawers/TMP_SpriteCharacterPropertyDrawer.cs - Importer: ScriptedImporter/UnityEditor.QuickSearchModule:UnityEditor.Search:ASIAI0B
Importing 'GUID: 37cff9f5a86ae494c8cb04423580480d - Path: Packages/com.unity.ugui/Editor/TMP/PropertyDrawers/TMP_SpriteCharacterPropertyDrawer.cs - Importer: ScriptedImporter/UnityEditor.QuickSearchModule:UnityEditor.Search:ASIAI0B' with importer (ScriptedImporter : UnityEditor.QuickSearchModule:UnityEditor.Search:ASIAI0B)
Imported 'GUID: 37cff9f5a86ae494c8cb04423580480d' -> (Import Result ID: '92bc1d2dbeb3edc26f6dd2c1b603913f') in 0.001 seconds [static and dynamic dependencies]. Details - ImportResultOutputID=ed3372f0db031b43da47383d222b6ead DependenciesID=18988ef9112f4bbc60b2c40caca5172a StaticDependenciesID=4bcf2299f66eb41b802943f52c4f89b1 
Number of updated asset objects reloaded before import = 0
Number of asset objects unloaded after import = 0
========================================================================
Received Import Request.
  Time of request: 2026-08-27T05:11:08.222449Z
  Time since last request: 0.000151416 seconds.
  importAddress: GUID: 645409e9544820042937871953f20509 - Path: Packages/com.unity.ugui/Editor/TMP/HDRP/TMP_BaseHDRPUnlitShaderGUI.cs - Importer: ScriptedImporter/UnityEditor.QuickSearchModule:UnityEditor.Search:ASIAI0B
Importing 'GUID: 645409e9544820042937871953f20509 - Path: Packages/com.unity.ugui/Editor/TMP/HDRP/TMP_BaseHDRPUnlitShaderGUI.cs - Importer: ScriptedImporter/UnityEditor.QuickSearchModule:UnityEditor.Search:ASIAI0B' with importer (ScriptedImporter : UnityEditor.QuickSearchModule:UnityEditor.Search:ASIAI0B)
Imported 'GUID: 645409e9544820042937871953f20509' -> (Import Result ID: '67c6088ce2eb66738d29fd6965cc3040') in 0.001 seconds [static and dynamic dependencies]. Details - ImportResultOutputID=bdf5a0051ffb21d519853192dba8ce82 DependenciesID=ec42eb917f27fd1966efeadfe911a3cf StaticDependenciesID=013fb91341232a9de824c4c632a259a8 
Number of updated asset objects reloaded before import = 0
Number of asset objects unloaded after import = 0
========================================================================
Received Import Request.
  Time of request: 2026-08-27T05:11:08.2233Z
  Time since last request: 0.000134166 seconds.
  importAddress: GUID: 6f72aa6eab9392548b9e9d92eb6b2ef8 - Path: Packages/com.unity.ugui/Editor/UGUI/EventSystem/EventSystemEditor.cs - Importer: ScriptedImporter/UnityEditor.QuickSearchModule:UnityEditor.Search:ASIAI0B
Importing 'GUID: 6f72aa6eab9392548b9e9d92eb6b2ef8 - Path: Packages/com.unity.ugui/Editor/UGUI/EventSystem/EventSystemEditor.cs - Importer: ScriptedImporter/UnityEditor.QuickSearchModule:UnityEditor.Search:ASIAI0B' with importer (ScriptedImporter : UnityEditor.QuickSearchModule:UnityEditor.Search:ASIAI0B)
Imported 'GUID: 6f72aa6eab9392548b9e9d92eb6b2ef8' -> (Import Result ID: 'd614dccb92082f6104e52da679e59a26') in 0.001 seconds [static and dynamic dependencies]. Details - ImportResultOutputID=b8cb2406e80d466226bc7b6258e22b43 DependenciesID=10f97ca91a9a4d2625b9a13ecb0b5e70 StaticDependenciesID=56688beacff288eafe50927f19e0b8cc 
Number of updated asset objects reloaded before import = 0
Number of asset objects unloaded after import = 0
========================================================================
Received Import Request.
  Time of request: 2026-08-27T05:11:08.224153Z
  Time since last request: 0.000204042 seconds.
  importAddress: GUID: 371a2245f9a9ff344997fec3609bf73e - Path: Packages/com.unity.ugui/Editor/TMP/PropertyDrawers/TMP_PropertyDrawerUtilities.cs - Importer: ScriptedImporter/UnityEditor.QuickSearchModule:UnityEditor.Search:ASIAI0B
Importing 'GUID: 371a2245f9a9ff344997fec3609bf73e - Path: Packages/com.unity.ugui/Editor/TMP/PropertyDrawers/TMP_PropertyDrawerUtilities.cs - Importer: ScriptedImporter/UnityEditor.QuickSearchModule:UnityEditor.Search:ASIAI0B' with importer (ScriptedImporter : UnityEditor.QuickSearchModule:UnityEditor.Search:ASIAI0B)
Imported 'GUID: 371a2245f9a9ff344997fec3609bf73e' -> (Import Result ID: '77f6e7f323615ea897fecb4d2c142744') in 0.001 seconds [static and dynamic dependencies]. Details - ImportResultOutputID=c279c2c14a37cf93354bb46db0074570 DependenciesID=9adaee12fe4fecd69ba3916e202eea96 StaticDependenciesID=afd932271d67cd01d285af6cd65dd0b0 
Number of updated asset objects reloaded before import = 0
Number of asset objects unloaded after import = 0
========================================================================
Received Import Request.
  Time of request: 2026-08-27T05:11:08.225043Z
  Time since last request: 0.000190625 seconds.
  importAddress: GUID: 127023922adddf744b59fa7b0b0c3030 - Path: Packages/com.unity.ugui/Editor/UGUI/UI/InterceptedEventsPreview.cs - Importer: ScriptedImporter/UnityEditor.QuickSearchModule:UnityEditor.Search:ASIAI0B
Importing 'GUID: 127023922adddf744b59fa7b0b0c3030 - Path: Packages/com.unity.ugui/Editor/UGUI/UI/InterceptedEventsPreview.cs - Importer: ScriptedImporter/UnityEditor.QuickSearchModule:UnityEditor.Search:ASIAI0B' with importer (ScriptedImporter : UnityEditor.QuickSearchModule:UnityEditor.Search:ASIAI0B)
Imported 'GUID: 127023922adddf744b59fa7b0b0c3030' -> (Import Result ID: '92ec7e93602a03757bdb995e991420b9') in 0.001 seconds [static and dynamic dependencies]. Details - ImportResultOutputID=9b4adbde50a88683a8ac4a4b3d731a48 DependenciesID=af19540e490772a486bef600ef64ea73 StaticDependenciesID=825a65f205d54a79806189affbd4fbf3 
Number of updated asset objects reloaded before import = 0
Number of asset objects unloaded after import = 0
========================================================================
Received Import Request.
  Time of request: 2026-08-27T05:11:08.225836Z
  Time since last request: 0.000145333 seconds.
  importAddress: GUID: 6055be8ebefd69e48b49212b09b47b2f - Path: Packages/com.unity.ugui/Runtime/TMP/Unity.TextMeshPro.asmdef - Importer: ScriptedImporter/UnityEditor.QuickSearchModule:UnityEditor.Search:ASIAI0B
Importing 'GUID: 6055be8ebefd69e48b49212b09b47b2f - Path: Packages/com.unity.ugui/Runtime/TMP/Unity.TextMeshPro.asmdef - Importer: ScriptedImporter/UnityEditor.QuickSearchModule:UnityEditor.Search:ASIAI0B' with importer (ScriptedImporter : UnityEditor.QuickSearchModule:UnityEditor.Search:ASIAI0B)
Imported 'GUID: 6055be8ebefd69e48b49212b09b47b2f' -> (Import Result ID: '8eb28d3b244b5f71a0f842b63e902658') in 0.001 seconds [static and dynamic dependencies]. Details - ImportResultOutputID=67b969c1400bef3e4e1f00ff300902c5 DependenciesID=8db5b83cf0456e24cebdc1a409e28c42 StaticDependenciesID=9568c4dd1d8d4cf5092e0275ad1cd953 
Number of updated asset objects reloaded before import = 0
Number of asset objects unloaded after import = 1
========================================================================
Received Import Request.
  Time of request: 2026-08-27T05:11:08.226768Z
  Time since last request: 0.000235583 seconds.
  importAddress: GUID: d51458b261e0ecc4a98904e53924dc1c - Path: Packages/com.unity.ugui/Editor/UGUI/Properties/AssemblyInfo.cs - Importer: ScriptedImporter/UnityEditor.QuickSearchModule:UnityEditor.Search:ASIAI0B
Importing 'GUID: d51458b261e0ecc4a98904e53924dc1c - Path: Packages/com.unity.ugui/Editor/UGUI/Properties/AssemblyInfo.cs - Importer: ScriptedImporter/UnityEditor.QuickSearchModule:UnityEditor.Search:ASIAI0B' with importer (ScriptedImporter : UnityEditor.QuickSearchModule:UnityEditor.Search:ASIAI0B)
Imported 'GUID: d51458b261e0ecc4a98904e53924dc1c' -> (Import Result ID: '39f3a73e66191d79a5e3d004dddf9f11') in 0.001 seconds [static and dynamic dependencies]. Details - ImportResultOutputID=760dc5e5b6ba5b13df9f0b2791e417d3 DependenciesID=71345249cbc8c877b0ccf84154f21ca3 StaticDependenciesID=5011a7255d734226153f9592f3fee1ae 
Number of updated asset objects reloaded before import = 0
Number of asset objects unloaded after import = 0
========================================================================
Received Import Request.
  Time of request: 2026-08-27T05:11:08.228522Z
  Time since last request: 0.000279667 seconds.
  importAddress: GUID: 21d2d5d6901f2ca43a8015c60ada4e2c - Path: Packages/com.unity.ugui/Editor/UGUI/UI/InputFieldEditor.cs - Importer: ScriptedImporter/UnityEditor.QuickSearchModule:UnityEditor.Search:ASIAI0B
Importing 'GUID: 21d2d5d6901f2ca43a8015c60ada4e2c - Path: Packages/com.unity.ugui/Editor/UGUI/UI/InputFieldEditor.cs - Importer: ScriptedImporter/UnityEditor.QuickSearchModule:UnityEditor.Search:ASIAI0B' with importer (ScriptedImporter : UnityEditor.QuickSearchModule:UnityEditor.Search:ASIAI0B)
Imported 'GUID: 21d2d5d6901f2ca43a8015c60ada4e2c' -> (Import Result ID: '101b416b42962ffebb6680bd26c498c3') in 0.001 seconds [static and dynamic dependencies]. Details - ImportResultOutputID=8732035395a6d8ba449c2f2445aba361 DependenciesID=9aaa5665a7b6c23443261d9d0debc0aa StaticDependenciesID=90f29533efac05fa1bf9d78363d8083e 
Number of updated asset objects reloaded before import = 0
Number of asset objects unloaded after import = 0
========================================================================
Received Import Request.
  Time of request: 2026-08-27T05:11:08.229531Z
  Time since last request: 0.000189292 seconds.
  importAddress: GUID: db7dd43fe1278a9459cd6036f096b91d - Path: Packages/com.unity.ugui/Runtime/UGUI/EventSystem/EventHandle.cs - Importer: ScriptedImporter/UnityEditor.QuickSearchModule:UnityEditor.Search:ASIAI0B
Importing 'GUID: db7dd43fe1278a9459cd6036f096b91d - Path: Packages/com.unity.ugui/Runtime/UGUI/EventSystem/EventHandle.cs - Importer: ScriptedImporter/UnityEditor.QuickSearchModule:UnityEditor.Search:ASIAI0B' with importer (ScriptedImporter : UnityEditor.QuickSearchModule:UnityEditor.Search:ASIAI0B)
Imported 'GUID: db7dd43fe1278a9459cd6036f096b91d' -> (Import Result ID: '52cb785c9086fed19c69069cfea0ab02') in 0.001 seconds [static and dynamic dependencies]. Details - ImportResultOutputID=5005e5aa2220d5747c2215c1b222165c DependenciesID=f407e3f3d2c9e10001fe362f85e1d1ab StaticDependenciesID=2c32e1c378509fc7942891d803029f90 
Number of updated asset objects reloaded before import = 0
Number of asset objects unloaded after import = 0
========================================================================
Received Import Request.
  Time of request: 2026-08-27T05:11:08.230495Z
  Time since last request: 0.000174625 seconds.
  importAddress: GUID: e9253e696cd45794d9aec6d4de366b6e - Path: Packages/com.unity.ugui/Editor/UGUI/UI/SelectableEditor.cs - Importer: ScriptedImporter/UnityEditor.QuickSearchModule:UnityEditor.Search:ASIAI0B
Importing 'GUID: e9253e696cd45794d9aec6d4de366b6e - Path: Packages/com.unity.ugui/Editor/UGUI/UI/SelectableEditor.cs - Importer: ScriptedImporter/UnityEditor.QuickSearchModule:UnityEditor.Search:ASIAI0B' with importer (ScriptedImporter : UnityEditor.QuickSearchModule:UnityEditor.Search:ASIAI0B)
Imported 'GUID: e9253e696cd45794d9aec6d4de366b6e' -> (Import Result ID: 'd2dcef15064cdd25735c34b4a4fd7c67') in 0.001 seconds [static and dynamic dependencies]. Details - ImportResultOutputID=6b37a4071523422ff1c9a5baac49e842 DependenciesID=7196d6c88c1a4cccaa17dc606c5ad170 StaticDependenciesID=4ea3cd1decb04de5bd39909a81798254 
Number of updated asset objects reloaded before import = 0
Number of asset objects unloaded after import = 0
========================================================================
Received Import Request.
  Time of request: 2026-08-27T05:11:08.231352Z
  Time since last request: 0.000130209 seconds.
  importAddress: GUID: d25515b7ecc4c4ad0ad42bb0a34b5bd5 - Path: Packages/com.unity.ugui/Editor/UGUI/UI/RaycastReceiverEditor.cs - Importer: ScriptedImporter/UnityEditor.QuickSearchModule:UnityEditor.Search:ASIAI0B
Importing 'GUID: d25515b7ecc4c4ad0ad42bb0a34b5bd5 - Path: Packages/com.unity.ugui/Editor/UGUI/UI/RaycastReceiverEditor.cs - Importer: ScriptedImporter/UnityEditor.QuickSearchModule:UnityEditor.Search:ASIAI0B' with importer (ScriptedImporter : UnityEditor.QuickSearchModule:UnityEditor.Search:ASIAI0B)
Imported 'GUID: d25515b7ecc4c4ad0ad42bb0a34b5bd5' -> (Import Result ID: '077a8c48e1f78aa61f4f7d47662163a1') in 0.001 seconds [static and dynamic dependencies]. Details - ImportResultOutputID=716ade6bddb9aaaaa81e7305e310abe8 DependenciesID=9526c1162aa7d917a7f14927a8d37368 StaticDependenciesID=6872dc3559d2ab2d475758fddd70837a 
Number of updated asset objects reloaded before import = 0
Number of asset objects unloaded after import = 0
========================================================================
Received Import Request.
  Time of request: 2026-08-27T05:11:08.232161Z
  Time since last request: 0.000217834 seconds.
  importAddress: GUID: 765f7aac6597fc444a90dac4294e929d - Path: Packages/com.unity.ugui/Editor/UGUI/EventSystem/InputModuleComponentFactory.cs - Importer: ScriptedImporter/UnityEditor.QuickSearchModule:UnityEditor.Search:ASIAI0B
Importing 'GUID: 765f7aac6597fc444a90dac4294e929d - Path: Packages/com.unity.ugui/Editor/UGUI/EventSystem/InputModuleComponentFactory.cs - Importer: ScriptedImporter/UnityEditor.QuickSearchModule:UnityEditor.Search:ASIAI0B' with importer (ScriptedImporter : UnityEditor.QuickSearchModule:UnityEditor.Search:ASIAI0B)
Imported 'GUID: 765f7aac6597fc444a90dac4294e929d' -> (Import Result ID: 'f94b6f0fbbb5f582f91b6535bbe929fb') in 0.001 seconds [static and dynamic dependencies]. Details - ImportResultOutputID=88cb81e233ea8f794941b9fccf3e4072 DependenciesID=adef5bb5f268cb81b2a92b2fe2db4b78 StaticDependenciesID=3c78051b474fe0fb145393a51be60bca 
Number of updated asset objects reloaded before import = 0
Number of asset objects unloaded after import = 0
========================================================================
Received Import Request.
  Time of request: 2026-08-27T05:11:08.233023Z
  Time since last request: 0.000169833 seconds.
  importAddress: GUID: e976a5e755c7016418f66e15223c1b90 - Path: Packages/com.unity.ugui/Editor/UGUI/EventSystem/PhysicsRaycasterEditor.cs - Importer: ScriptedImporter/UnityEditor.QuickSearchModule:UnityEditor.Search:ASIAI0B
Importing 'GUID: e976a5e755c7016418f66e15223c1b90 - Path: Packages/com.unity.ugui/Editor/UGUI/EventSystem/PhysicsRaycasterEditor.cs - Importer: ScriptedImporter/UnityEditor.QuickSearchModule:UnityEditor.Search:ASIAI0B' with importer (ScriptedImporter : UnityEditor.QuickSearchModule:UnityEditor.Search:ASIAI0B)
Imported 'GUID: e976a5e755c7016418f66e15223c1b90' -> (Import Result ID: '0d4eefa04db548edd49ec8a133be7efd') in 0.001 seconds [static and dynamic dependencies]. Details - ImportResultOutputID=c21e82def00a2c36120a0d2c677cd773 DependenciesID=d60aaaa287eeae7b3a029550df9e0d6e StaticDependenciesID=d96f6188cfee77f12212889eea2115b6 
Number of updated asset objects reloaded before import = 0
Number of asset objects unloaded after import = 0
========================================================================
Received Import Request.
  Time of request: 2026-08-27T05:11:08.233854Z
  Time since last request: 0.000190792 seconds.
  importAddress: GUID: c55a64c7570474f47a94abe39ebfef04 - Path: Packages/com.unity.ugui/Editor/TMP/PropertyDrawers/TMP_TextAlignmentDrawer.cs - Importer: ScriptedImporter/UnityEditor.QuickSearchModule:UnityEditor.Search:ASIAI0B
Importing 'GUID: c55a64c7570474f47a94abe39ebfef04 - Path: Packages/com.unity.ugui/Editor/TMP/PropertyDrawers/TMP_TextAlignmentDrawer.cs - Importer: ScriptedImporter/UnityEditor.QuickSearchModule:UnityEditor.Search:ASIAI0B' with importer (ScriptedImporter : UnityEditor.QuickSearchModule:UnityEditor.Search:ASIAI0B)
Imported 'GUID: c55a64c7570474f47a94abe39ebfef04' -> (Import Result ID: '5d7f28281d2b0c127e1e8b4f23e545c5') in 0.001 seconds [static and dynamic dependencies]. Details - ImportResultOutputID=c6b6a8ce5dbe5762a527d1c8c5883bfe DependenciesID=3a87ce44c4a7e73aaab371223883e1be StaticDependenciesID=d6b7c855af2157babaca2993e866489e 
Number of updated asset objects reloaded before import = 0
Number of asset objects unloaded after import = 0
========================================================================
Received Import Request.
  Time of request: 2026-08-27T05:11:08.234783Z
  Time since last request: 0.000149 seconds.
  importAddress: GUID: 2359c66dee10c454c97f6aea84e3fe22 - Path: Packages/com.unity.ugui/Runtime/UGUI/EventSystem/EventInterfaces.cs - Importer: ScriptedImporter/UnityEditor.QuickSearchModule:UnityEditor.Search:ASIAI0B
Importing 'GUID: 2359c66dee10c454c97f6aea84e3fe22 - Path: Packages/com.unity.ugui/Runtime/UGUI/EventSystem/EventInterfaces.cs - Importer: ScriptedImporter/UnityEditor.QuickSearchModule:UnityEditor.Search:ASIAI0B' with importer (ScriptedImporter : UnityEditor.QuickSearchModule:UnityEditor.Search:ASIAI0B)
Imported 'GUID: 2359c66dee10c454c97f6aea84e3fe22' -> (Import Result ID: 'a74c2c7c345989822e063197e7175178') in 0.001 seconds [static and dynamic dependencies]. Details - ImportResultOutputID=878a028e52a141faf42be51ac35d3b67 DependenciesID=98136e85d2f82a0b755b12ad58ba88cb StaticDependenciesID=bc4fa25c23be10cab1721d9adac93605 
Number of updated asset objects reloaded before import = 0
Number of asset objects unloaded after import = 0
========================================================================
Received Import Request.
  Time of request: 2026-08-27T05:11:08.235915Z
  Time since last request: 0.000241875 seconds.
  importAddress: GUID: c4777500b5da6094e956c3d4f04de4db - Path: Packages/com.unity.ugui/Editor/TMP/PropertyDrawers/TMP_GlyphPropertyDrawer.cs - Importer: ScriptedImporter/UnityEditor.QuickSearchModule:UnityEditor.Search:ASIAI0B
Importing 'GUID: c4777500b5da6094e956c3d4f04de4db - Path: Packages/com.unity.ugui/Editor/TMP/PropertyDrawers/TMP_GlyphPropertyDrawer.cs - Importer: ScriptedImporter/UnityEditor.QuickSearchModule:UnityEditor.Search:ASIAI0B' with importer (ScriptedImporter : UnityEditor.QuickSearchModule:UnityEditor.Search:ASIAI0B)
Imported 'GUID: c4777500b5da6094e956c3d4f04de4db' -> (Import Result ID: '19d96df3632f799168ac20e5880aea65') in 0.001 seconds [static and dynamic dependencies]. Details - ImportResultOutputID=a591bb3f3d27d4dee2f17ad35a246daf DependenciesID=6872d7e7f2004fdaf77d4ecf6c60c8cb StaticDependenciesID=1670fbc8405d17bea8bfb65b63d30482 
Number of updated asset objects reloaded before import = 0
Number of asset objects unloaded after import = 0
========================================================================
Received Import Request.
  Time of request: 2026-08-27T05:11:08.237104Z
  Time since last request: 0.000258125 seconds.
  importAddress: GUID: 065a7fcf0d7286d418f3114ec18d1a2d - Path: Packages/com.unity.ugui/Editor/TMP/PropertyDrawers/TMP_MarkToBaseAdjustmentRecordPropertyDrawer.cs - Importer: ScriptedImporter/UnityEditor.QuickSearchModule:UnityEditor.Search:ASIAI0B
Importing 'GUID: 065a7fcf0d7286d418f3114ec18d1a2d - Path: Packages/com.unity.ugui/Editor/TMP/PropertyDrawers/TMP_MarkToBaseAdjustmentRecordPropertyDrawer.cs - Importer: ScriptedImporter/UnityEditor.QuickSearchModule:UnityEditor.Search:ASIAI0B' with importer (ScriptedImporter : UnityEditor.QuickSearchModule:UnityEditor.Search:ASIAI0B)
Imported 'GUID: 065a7fcf0d7286d418f3114ec18d1a2d' -> (Import Result ID: '2e73648c6713b7f8c167ba625531bbec') in 0.001 seconds [static and dynamic dependencies]. Details - ImportResultOutputID=a85c55e2800313fc52c00054517ff1e6 DependenciesID=4913fc3a286742269cdbde1abfe2ccc6 StaticDependenciesID=5826d58000fa0388091654b2150cd623 
Number of updated asset objects reloaded before import = 0
Number of asset objects unloaded after import = 0
========================================================================
Received Import Request.
  Time of request: 2026-08-27T05:11:08.238047Z
  Time since last request: 0.000151875 seconds.
  importAddress: GUID: 1143ae6bb91836f4a8f8ebfaabb9396d - Path: Packages/com.unity.ugui/Editor/UGUI/EventSystem/Physics2DRaycasterEditor.cs - Importer: ScriptedImporter/UnityEditor.QuickSearchModule:UnityEditor.Search:ASIAI0B
Importing 'GUID: 1143ae6bb91836f4a8f8ebfaabb9396d - Path: Packages/com.unity.ugui/Editor/UGUI/EventSystem/Physics2DRaycasterEditor.cs - Importer: ScriptedImporter/UnityEditor.QuickSearchModule:UnityEditor.Search:ASIAI0B' with importer (ScriptedImporter : UnityEditor.QuickSearchModule:UnityEditor.Search:ASIAI0B)
Imported 'GUID: 1143ae6bb91836f4a8f8ebfaabb9396d' -> (Import Result ID: 'f5879749b2789206aabcccdcad22bf91') in 0.001 seconds [static and dynamic dependencies]. Details - ImportResultOutputID=a060d9f5ad88d1095e4cfaa700816b29 DependenciesID=ceec076de57a1991822be25d67b56ff1 StaticDependenciesID=2a1b66f24aa177eba09a7de47bacf2e8 
Number of updated asset objects reloaded before import = 0
Number of asset objects unloaded after import = 0
========================================================================
Received Import Request.
  Time of request: 2026-08-27T05:11:08.238859Z
  Time since last request: 0.000144416 seconds.
  importAddress: GUID: 3bce033ee26244e419b3bb3bba95a37d - Path: Packages/com.unity.ugui/Editor/UGUI/UI/CanvasScalerEditor.cs - Importer: ScriptedImporter/UnityEditor.QuickSearchModule:UnityEditor.Search:ASIAI0B
Importing 'GUID: 3bce033ee26244e419b3bb3bba95a37d - Path: Packages/com.unity.ugui/Editor/UGUI/UI/CanvasScalerEditor.cs - Importer: ScriptedImporter/UnityEditor.QuickSearchModule:UnityEditor.Search:ASIAI0B' with importer (ScriptedImporter : UnityEditor.QuickSearchModule:UnityEditor.Search:ASIAI0B)
Imported 'GUID: 3bce033ee26244e419b3bb3bba95a37d' -> (Import Result ID: '8eda634cecb70865d05e89f01397f0a3') in 0.001 seconds [static and dynamic dependencies]. Details - ImportResultOutputID=0c79d286e682330bf9a0b60051ab4e89 DependenciesID=0aef0e8a93073f2b6f8f2c5c9e07c191 StaticDependenciesID=6c11963de5741cc888c5b81900946d71 
Number of updated asset objects reloaded before import = 0
Number of asset objects unloaded after import = 0
========================================================================
Received Import Request.
  Time of request: 2026-08-27T05:11:08.239581Z
  Time since last request: 0.000135625 seconds.
  importAddress: GUID: 05f582d4fbc8e0c40afccb76bbbe0935 - Path: Packages/com.unity.ugui/Editor/UGUI/UI/DropdownEditor.cs - Importer: ScriptedImporter/UnityEditor.QuickSearchModule:UnityEditor.Search:ASIAI0B
Importing 'GUID: 05f582d4fbc8e0c40afccb76bbbe0935 - Path: Packages/com.unity.ugui/Editor/UGUI/UI/DropdownEditor.cs - Importer: ScriptedImporter/UnityEditor.QuickSearchModule:UnityEditor.Search:ASIAI0B' with importer (ScriptedImporter : UnityEditor.QuickSearchModule:UnityEditor.Search:ASIAI0B)
Imported 'GUID: 05f582d4fbc8e0c40afccb76bbbe0935' -> (Import Result ID: '62fa06a52c0a5ad76c3a6b50e7d58cfa') in 0.001 seconds [static and dynamic dependencies]. Details - ImportResultOutputID=e13d327b9759669462bcd23a7309398e DependenciesID=cf8bb601abc0b34a9da7ea620e6df880 StaticDependenciesID=c92d55bfa159036a43e43f5f722a70fd 
Number of updated asset objects reloaded before import = 0
Number of asset objects unloaded after import = 0
========================================================================
Received Import Request.
  Time of request: 2026-08-27T05:11:08.240309Z
  Time since last request: 0.000152875 seconds.
  importAddress: GUID: c890977a36bfdc849872b9337ab89098 - Path: Packages/com.unity.ugui/Editor/UGUI/UI/GraphicEditor.cs - Importer: ScriptedImporter/UnityEditor.QuickSearchModule:UnityEditor.Search:ASIAI0B
Importing 'GUID: c890977a36bfdc849872b9337ab89098 - Path: Packages/com.unity.ugui/Editor/UGUI/UI/GraphicEditor.cs - Importer: ScriptedImporter/UnityEditor.QuickSearchModule:UnityEditor.Search:ASIAI0B' with importer (ScriptedImporter : UnityEditor.QuickSearchModule:UnityEditor.Search:ASIAI0B)
Imported 'GUID: c890977a36bfdc849872b9337ab89098' -> (Import Result ID: '6e1f8708e53a54661e67dd3692e4c983') in 0.001 seconds [static and dynamic dependencies]. Details - ImportResultOutputID=c9723e1bee677dc9207d892962a8a5d7 DependenciesID=07e2fe39cf9f566f6588d220ab3b2f65 StaticDependenciesID=a5fcf65f3fee38e43bd4e37a466ad6a3 
Number of updated asset objects reloaded before import = 0
Number of asset objects unloaded after import = 0
========================================================================
Received Import Request.
  Time of request: 2026-08-27T05:11:08.241179Z
  Time since last request: 0.000223125 seconds.
  importAddress: GUID: b5f70efd2f7b286498ca6c00adbb4a13 - Path: Packages/com.unity.ugui/Editor/UGUI/UI/AspectRatioFitterEditor.cs - Importer: ScriptedImporter/UnityEditor.QuickSearchModule:UnityEditor.Search:ASIAI0B
Importing 'GUID: b5f70efd2f7b286498ca6c00adbb4a13 - Path: Packages/com.unity.ugui/Editor/UGUI/UI/AspectRatioFitterEditor.cs - Importer: ScriptedImporter/UnityEditor.QuickSearchModule:UnityEditor.Search:ASIAI0B' with importer (ScriptedImporter : UnityEditor.QuickSearchModule:UnityEditor.Search:ASIAI0B)
Imported 'GUID: b5f70efd2f7b286498ca6c00adbb4a13' -> (Import Result ID: 'f05cd59e853a54565b98dd63d643693e') in 0.001 seconds [static and dynamic dependencies]. Details - ImportResultOutputID=1b93795da50a38b577cc939c430fd45d DependenciesID=15690729de755629435ceddd902555cd StaticDependenciesID=4afeea878e3eefe8ce3619c823873a0a 
Number of updated asset objects reloaded before import = 0
Number of asset objects unloaded after import = 0
========================================================================
Received Import Request.
  Time of request: 2026-08-27T05:11:08.24204Z
  Time since last request: 0.000164167 seconds.
  importAddress: GUID: 056819c66570ca54cadb72330a354050 - Path: Packages/com.unity.ugui/Editor/TMP/PropertyDrawers/TMP_SpriteGlyphPropertyDrawer.cs - Importer: ScriptedImporter/UnityEditor.QuickSearchModule:UnityEditor.Search:ASIAI0B
Importing 'GUID: 056819c66570ca54cadb72330a354050 - Path: Packages/com.unity.ugui/Editor/TMP/PropertyDrawers/TMP_SpriteGlyphPropertyDrawer.cs - Importer: ScriptedImporter/UnityEditor.QuickSearchModule:UnityEditor.Search:ASIAI0B' with importer (ScriptedImporter : UnityEditor.QuickSearchModule:UnityEditor.Search:ASIAI0B)
Imported 'GUID: 056819c66570ca54cadb72330a354050' -> (Import Result ID: 'd49b15d6196bb03772253603c263484d') in 0.001 seconds [static and dynamic dependencies]. Details - ImportResultOutputID=3cd5a097cc5faf34aa70d6603c19315e DependenciesID=bbe0749419fbc163d69e9fb9da9d55b0 StaticDependenciesID=70e20afd2b0052e25f466b65af690d4b 
Number of updated asset objects reloaded before import = 0
Number of asset objects unloaded after import = 0
========================================================================
Received Import Request.
  Time of request: 2026-08-27T05:11:08.242803Z
  Time since last request: 0.00012475 seconds.
  importAddress: GUID: 149e85704eb73624ba2d705408274f3e - Path: Packages/com.unity.ugui/Editor/TMP/PropertyDrawers/TMP_MarkToMarkAdjustmentRecordPropertyDrawer.cs - Importer: ScriptedImporter/UnityEditor.QuickSearchModule:UnityEditor.Search:ASIAI0B
Importing 'GUID: 149e85704eb73624ba2d705408274f3e - Path: Packages/com.unity.ugui/Editor/TMP/PropertyDrawers/TMP_MarkToMarkAdjustmentRecordPropertyDrawer.cs - Importer: ScriptedImporter/UnityEditor.QuickSearchModule:UnityEditor.Search:ASIAI0B' with importer (ScriptedImporter : UnityEditor.QuickSearchModule:UnityEditor.Search:ASIAI0B)
Imported 'GUID: 149e85704eb73624ba2d705408274f3e' -> (Import Result ID: '3730b323cda5681c30ac81f7bf43c757') in 0.001 seconds [static and dynamic dependencies]. Details - ImportResultOutputID=e7b16f0759ecc4159251258d2fa1526c DependenciesID=4144581d5add275e4f0f10aaa98c9752 StaticDependenciesID=2bd6c8a727b112293717f78fbca731ac 
Number of updated asset objects reloaded before import = 0
Number of asset objects unloaded after import = 0
========================================================================
Received Import Request.
  Time of request: 2026-08-27T05:11:08.243543Z
  Time since last request: 0.000141709 seconds.
  importAddress: GUID: 4d2250412b81fe34abf39f246e274479 - Path: Packages/com.unity.ugui/Runtime/UGUI/EventSystem/MoveDirection.cs - Importer: ScriptedImporter/UnityEditor.QuickSearchModule:UnityEditor.Search:ASIAI0B
Importing 'GUID: 4d2250412b81fe34abf39f246e274479 - Path: Packages/com.unity.ugui/Runtime/UGUI/EventSystem/MoveDirection.cs - Importer: ScriptedImporter/UnityEditor.QuickSearchModule:UnityEditor.Search:ASIAI0B' with importer (ScriptedImporter : UnityEditor.QuickSearchModule:UnityEditor.Search:ASIAI0B)
Imported 'GUID: 4d2250412b81fe34abf39f246e274479' -> (Import Result ID: '5437f2dc3705bd816521fededd0e036f') in 0.001 seconds [static and dynamic dependencies]. Details - ImportResultOutputID=041eed68e21178f4292e568fa640aa4d DependenciesID=ddeff2fba12ee5e9d16701271308e3a6 StaticDependenciesID=0e60ffdd2db40a6b7dab19ff4482fac9 
Number of updated asset objects reloaded before import = 0
Number of asset objects unloaded after import = 0
========================================================================
Received Import Request.
  Time of request: 2026-08-27T05:11:08.244522Z
  Time since last request: 0.000249042 seconds.
  importAddress: GUID: 24cda912b57cf784d9eebefb7c59111c - Path: Packages/com.unity.ugui/Editor/Analytics/IAnalytic/UGUIBuildEvent.cs - Importer: ScriptedImporter/UnityEditor.QuickSearchModule:UnityEditor.Search:ASIAI0B
Importing 'GUID: 24cda912b57cf784d9eebefb7c59111c - Path: Packages/com.unity.ugui/Editor/Analytics/IAnalytic/UGUIBuildEvent.cs - Importer: ScriptedImporter/UnityEditor.QuickSearchModule:UnityEditor.Search:ASIAI0B' with importer (ScriptedImporter : UnityEditor.QuickSearchModule:UnityEditor.Search:ASIAI0B)
Imported 'GUID: 24cda912b57cf784d9eebefb7c59111c' -> (Import Result ID: 'a7cb4eaad1511d134c6bfb77d460632b') in 0.001 seconds [static and dynamic dependencies]. Details - ImportResultOutputID=a5912f350303de8f02391b4ce4138c71 DependenciesID=802d9d1d678479abb92e763a6b139919 StaticDependenciesID=efadef6a8d83659ab855ff3a387a40a7 
Number of updated asset objects reloaded before import = 0
Number of asset objects unloaded after import = 0
========================================================================
Received Import Request.
  Time of request: 2026-08-27T05:11:08.245434Z
  Time since last request: 0.000257208 seconds.
  importAddress: GUID: 85016528879d5d644981050d1d0a4368 - Path: Packages/com.unity.ugui/Editor/TMP/HDRP/TMP_SDF_HDRPLitShaderGUI.cs - Importer: ScriptedImporter/UnityEditor.QuickSearchModule:UnityEditor.Search:ASIAI0B
Importing 'GUID: 85016528879d5d644981050d1d0a4368 - Path: Packages/com.unity.ugui/Editor/TMP/HDRP/TMP_SDF_HDRPLitShaderGUI.cs - Importer: ScriptedImporter/UnityEditor.QuickSearchModule:UnityEditor.Search:ASIAI0B' with importer (ScriptedImporter : UnityEditor.QuickSearchModule:UnityEditor.Search:ASIAI0B)
Imported 'GUID: 85016528879d5d644981050d1d0a4368' -> (Import Result ID: '479fa22e16fbf63586c7a1c40340daee') in 0.001 seconds [static and dynamic dependencies]. Details - ImportResultOutputID=0ee2355647072b15e96ce641a7704355 DependenciesID=452f042664172d9639515790d556cb95 StaticDependenciesID=f808b05ed76ca77a86b016f0476ff47e 
Number of updated asset objects reloaded before import = 0
Number of asset objects unloaded after import = 0
========================================================================
Received Import Request.
  Time of request: 2026-08-27T05:11:08.246324Z
  Time since last request: 0.000157959 seconds.
  importAddress: GUID: bc98484caab3b6d4facbcff38be93380 - Path: Packages/com.unity.ugui/Editor/UGUI/UI/SliderEditor.cs - Importer: ScriptedImporter/UnityEditor.QuickSearchModule:UnityEditor.Search:ASIAI0B
Importing 'GUID: bc98484caab3b6d4facbcff38be93380 - Path: Packages/com.unity.ugui/Editor/UGUI/UI/SliderEditor.cs - Importer: ScriptedImporter/UnityEditor.QuickSearchModule:UnityEditor.Search:ASIAI0B' with importer (ScriptedImporter : UnityEditor.QuickSearchModule:UnityEditor.Search:ASIAI0B)
Imported 'GUID: bc98484caab3b6d4facbcff38be93380' -> (Import Result ID: 'e94b5d0e98827ec508a5aa26a376bcec') in 0.001 seconds [static and dynamic dependencies]. Details - ImportResultOutputID=2a6e949be20b5afc79a955d12be782ef DependenciesID=8f32a452cff5ef648f5957a689d7cb70 StaticDependenciesID=10f2a52846d2b5fbb628b7573fcb3ee5 
Number of updated asset objects reloaded before import = 0
Number of asset objects unloaded after import = 0
========================================================================
Received Import Request.
  Time of request: 2026-08-27T05:11:08.247659Z
  Time since last request: 0.000125375 seconds.
  importAddress: GUID: f4688fdb7df04437aeb418b961361dc5 - Path: Packages/com.unity.ugui/Runtime/TMP/TextMeshProUGUI.cs - Importer: ScriptedImporter/UnityEditor.QuickSearchModule:UnityEditor.Search:ASIAI0B
Importing 'GUID: f4688fdb7df04437aeb418b961361dc5 - Path: Packages/com.unity.ugui/Runtime/TMP/TextMeshProUGUI.cs - Importer: ScriptedImporter/UnityEditor.QuickSearchModule:UnityEditor.Search:ASIAI0B' with importer (ScriptedImporter : UnityEditor.QuickSearchModule:UnityEditor.Search:ASIAI0B)
Imported 'GUID: f4688fdb7df04437aeb418b961361dc5' -> (Import Result ID: '810d784cbd74fd13299c32cffa9644f9') in 0.001 seconds [static and dynamic dependencies]. Details - ImportResultOutputID=42c1bd7693ef2b4499929a6edbe32977 DependenciesID=23e84d2f4eb79d5845671941fcefa2f9 StaticDependenciesID=65e503fdabf5f601d24527634719da89 
Number of updated asset objects reloaded before import = 0
Number of asset objects unloaded after import = 1
========================================================================
Received Import Request.
  Time of request: 2026-08-27T05:11:08.24866Z
  Time since last request: 0.000154291 seconds.
  importAddress: GUID: 58e7d991249847640b1534192721c5ea - Path: Packages/com.unity.ugui/Editor/UGUI/UI/RectMask2DEditor.cs - Importer: ScriptedImporter/UnityEditor.QuickSearchModule:UnityEditor.Search:ASIAI0B
Importing 'GUID: 58e7d991249847640b1534192721c5ea - Path: Packages/com.unity.ugui/Editor/UGUI/UI/RectMask2DEditor.cs - Importer: ScriptedImporter/UnityEditor.QuickSearchModule:UnityEditor.Search:ASIAI0B' with importer (ScriptedImporter : UnityEditor.QuickSearchModule:UnityEditor.Search:ASIAI0B)
Imported 'GUID: 58e7d991249847640b1534192721c5ea' -> (Import Result ID: '9b26ba828ee21f330a773a4340433711') in 0.001 seconds [static and dynamic dependencies]. Details - ImportResultOutputID=6f0c3b94fa2007baaa27e4c1a0cfae18 DependenciesID=387d8d518e1468ba9bf59b6c6884a3b8 StaticDependenciesID=784e8456bda4b8bed9512c7e5d2be38b 
Number of updated asset objects reloaded before import = 0
Number of asset objects unloaded after import = 0
========================================================================
Received Import Request.
  Time of request: 2026-08-27T05:11:08.249474Z
  Time since last request: 0.000172625 seconds.
  importAddress: GUID: 7b6c2e51603686247afd5ab620c490e6 - Path: Packages/com.unity.ugui/Editor/TMP/PropertyDrawers/LigatureSubstitutionRecordPropertyDrawer.cs - Importer: ScriptedImporter/UnityEditor.QuickSearchModule:UnityEditor.Search:ASIAI0B
Importing 'GUID: 7b6c2e51603686247afd5ab620c490e6 - Path: Packages/com.unity.ugui/Editor/TMP/PropertyDrawers/LigatureSubstitutionRecordPropertyDrawer.cs - Importer: ScriptedImporter/UnityEditor.QuickSearchModule:UnityEditor.Search:ASIAI0B' with importer (ScriptedImporter : UnityEditor.QuickSearchModule:UnityEditor.Search:ASIAI0B)
Imported 'GUID: 7b6c2e51603686247afd5ab620c490e6' -> (Import Result ID: '6c3abc47d1bf26ff6078dbbe191ad2ac') in 0.001 seconds [static and dynamic dependencies]. Details - ImportResultOutputID=7f286bcc882b9e9602c5e94c3ed2a8ce DependenciesID=5b3a7319e72bb7c785e5ff70e539b0ea StaticDependenciesID=9f2274c1a080247316e49ebfe7976d33 
Number of updated asset objects reloaded before import = 0
Number of asset objects unloaded after import = 0
========================================================================
Received Import Request.
  Time of request: 2026-08-27T05:11:08.250306Z
  Time since last request: 0.000141083 seconds.
  importAddress: GUID: 623c79a1e113b4941afdbfc88d19e8fd - Path: Packages/com.unity.ugui/Runtime/UGUI/EventSystem/ExecuteEvents.cs - Importer: ScriptedImporter/UnityEditor.QuickSearchModule:UnityEditor.Search:ASIAI0B
Importing 'GUID: 623c79a1e113b4941afdbfc88d19e8fd - Path: Packages/com.unity.ugui/Runtime/UGUI/EventSystem/ExecuteEvents.cs - Importer: ScriptedImporter/UnityEditor.QuickSearchModule:UnityEditor.Search:ASIAI0B' with importer (ScriptedImporter : UnityEditor.QuickSearchModule:UnityEditor.Search:ASIAI0B)
Imported 'GUID: 623c79a1e113b4941afdbfc88d19e8fd' -> (Import Result ID: 'b389b9011fe89c55b964c609665d4217') in 0.001 seconds [static and dynamic dependencies]. Details - ImportResultOutputID=64a8e52d132fed87bd57252c4511d868 DependenciesID=648f6c7a06df4db016273018f8c4307b StaticDependenciesID=3918626ea0ad9a0c3dd50f9b6365293a 
Number of updated asset objects reloaded before import = 0
Number of asset objects unloaded after import = 0
========================================================================
Received Import Request.
  Time of request: 2026-08-27T05:11:08.251058Z
  Time since last request: 0.000129708 seconds.
  importAddress: GUID: e3882522a08b6f5459b4dea6f8791278 - Path: Packages/com.unity.ugui/Editor/TMP/PropertyDrawers/GlyphMetricsPropertyDrawer.cs - Importer: ScriptedImporter/UnityEditor.QuickSearchModule:UnityEditor.Search:ASIAI0B
Importing 'GUID: e3882522a08b6f5459b4dea6f8791278 - Path: Packages/com.unity.ugui/Editor/TMP/PropertyDrawers/GlyphMetricsPropertyDrawer.cs - Importer: ScriptedImporter/UnityEditor.QuickSearchModule:UnityEditor.Search:ASIAI0B' with importer (ScriptedImporter : UnityEditor.QuickSearchModule:UnityEditor.Search:ASIAI0B)
Imported 'GUID: e3882522a08b6f5459b4dea6f8791278' -> (Import Result ID: 'a4508faa9c025e457f8032830da6388a') in 0.001 seconds [static and dynamic dependencies]. Details - ImportResultOutputID=12be18c4008fbe639d2acab342942e15 DependenciesID=31ab910c12e2b2731d48f5fbf69963cf StaticDependenciesID=632ec100d14fb36ef42295aa38ef5b50 
Number of updated asset objects reloaded before import = 0
Number of asset objects unloaded after import = 0
========================================================================
Received Import Request.
  Time of request: 2026-08-27T05:11:08.251736Z
  Time since last request: 0.000128583 seconds.
  importAddress: GUID: 7693972390a4ed841a986c0c452c1058 - Path: Packages/com.unity.ugui/Editor/UGUI/UI/LayoutElementEditor.cs - Importer: ScriptedImporter/UnityEditor.QuickSearchModule:UnityEditor.Search:ASIAI0B
Importing 'GUID: 7693972390a4ed841a986c0c452c1058 - Path: Packages/com.unity.ugui/Editor/UGUI/UI/LayoutElementEditor.cs - Importer: ScriptedImporter/UnityEditor.QuickSearchModule:UnityEditor.Search:ASIAI0B' with importer (ScriptedImporter : UnityEditor.QuickSearchModule:UnityEditor.Search:ASIAI0B)
Imported 'GUID: 7693972390a4ed841a986c0c452c1058' -> (Import Result ID: 'f1af8edffb75fb1add43d0758f046ce7') in 0.001 seconds [static and dynamic dependencies]. Details - ImportResultOutputID=9bd2c6aa154d87455d8cbb3408784e83 DependenciesID=e2c2579d9517c1fa3ea5154a0b6e95d6 StaticDependenciesID=ee23171dc8a714d9d134b779cc2daa28 
Number of updated asset objects reloaded before import = 0
Number of asset objects unloaded after import = 0
========================================================================
Received Import Request.
  Time of request: 2026-08-27T05:11:08.252566Z
  Time since last request: 0.0001805 seconds.
  importAddress: GUID: f700f31b2e40d7f4bb69753fdbbbc2b5 - Path: Packages/com.unity.ugui/Editor/UGUI/UI/ScrollbarEditor.cs - Importer: ScriptedImporter/UnityEditor.QuickSearchModule:UnityEditor.Search:ASIAI0B
Importing 'GUID: f700f31b2e40d7f4bb69753fdbbbc2b5 - Path: Packages/com.unity.ugui/Editor/UGUI/UI/ScrollbarEditor.cs - Importer: ScriptedImporter/UnityEditor.QuickSearchModule:UnityEditor.Search:ASIAI0B' with importer (ScriptedImporter : UnityEditor.QuickSearchModule:UnityEditor.Search:ASIAI0B)
Imported 'GUID: f700f31b2e40d7f4bb69753fdbbbc2b5' -> (Import Result ID: '3af6f7ccfa51c59394c0fb7887fced67') in 0.001 seconds [static and dynamic dependencies]. Details - ImportResultOutputID=a51a55ab2f0c79659fd2af0a2f05f17e DependenciesID=5b2f7b6043ab9f1f7f533765a74f33ab StaticDependenciesID=4b979546ef78a9ca9fdf7428ba3fae34 
Number of updated asset objects reloaded before import = 0
Number of asset objects unloaded after import = 0
========================================================================
Received Import Request.
  Time of request: 2026-08-27T05:11:08.25338Z
  Time since last request: 0.000208375 seconds.
  importAddress: GUID: bad96c2cfa78a124cb8ec890d2386dfe - Path: Packages/com.unity.ugui/Editor/TMP/HDRP/TMP_SDF_HDRPUnlitShaderGUI.cs - Importer: ScriptedImporter/UnityEditor.QuickSearchModule:UnityEditor.Search:ASIAI0B
Importing 'GUID: bad96c2cfa78a124cb8ec890d2386dfe - Path: Packages/com.unity.ugui/Editor/TMP/HDRP/TMP_SDF_HDRPUnlitShaderGUI.cs - Importer: ScriptedImporter/UnityEditor.QuickSearchModule:UnityEditor.Search:ASIAI0B' with importer (ScriptedImporter : UnityEditor.QuickSearchModule:UnityEditor.Search:ASIAI0B)
Imported 'GUID: bad96c2cfa78a124cb8ec890d2386dfe' -> (Import Result ID: 'ec9d01f49fa99a922838deccc0fa5098') in 0.001 seconds [static and dynamic dependencies]. Details - ImportResultOutputID=356ad87d885e8e15d85e43acc0ef3d44 DependenciesID=33c81d76f097cbdad59b5431b3c1e5a8 StaticDependenciesID=0477310ec19cabeeebb22fd328ecb5b7 
Number of updated asset objects reloaded before import = 0
Number of asset objects unloaded after import = 0
========================================================================
Received Import Request.
  Time of request: 2026-08-27T05:11:08.254276Z
  Time since last request: 0.000151667 seconds.
  importAddress: GUID: 472a6f18dd2f97c41af72271d22db869 - Path: Packages/com.unity.ugui/Editor/UGUI/UI/ButtonEditor.cs - Importer: ScriptedImporter/UnityEditor.QuickSearchModule:UnityEditor.Search:ASIAI0B
Importing 'GUID: 472a6f18dd2f97c41af72271d22db869 - Path: Packages/com.unity.ugui/Editor/UGUI/UI/ButtonEditor.cs - Importer: ScriptedImporter/UnityEditor.QuickSearchModule:UnityEditor.Search:ASIAI0B' with importer (ScriptedImporter : UnityEditor.QuickSearchModule:UnityEditor.Search:ASIAI0B)
Imported 'GUID: 472a6f18dd2f97c41af72271d22db869' -> (Import Result ID: 'e2c0247f559acdc43eff56241bf64cee') in 0.001 seconds [static and dynamic dependencies]. Details - ImportResultOutputID=3e9173fefb6981b22b8e6ee0601564e6 DependenciesID=efc3573aca77ab5dc3f4979f6614f151 StaticDependenciesID=acb1959050b7df96347ec8d5087de0c5 
Number of updated asset objects reloaded before import = 0
Number of asset objects unloaded after import = 0
========================================================================
Received Import Request.
  Time of request: 2026-08-27T05:11:08.255065Z
  Time since last request: 0.000177958 seconds.
  importAddress: GUID: dcf00682bef4d264d84a5c92c8f5a40f - Path: Packages/com.unity.ugui/Editor/UGUI/UI/SelfControllerEditor.cs - Importer: ScriptedImporter/UnityEditor.QuickSearchModule:UnityEditor.Search:ASIAI0B
Importing 'GUID: dcf00682bef4d264d84a5c92c8f5a40f - Path: Packages/com.unity.ugui/Editor/UGUI/UI/SelfControllerEditor.cs - Importer: ScriptedImporter/UnityEditor.QuickSearchModule:UnityEditor.Search:ASIAI0B' with importer (ScriptedImporter : UnityEditor.QuickSearchModule:UnityEditor.Search:ASIAI0B)
Imported 'GUID: dcf00682bef4d264d84a5c92c8f5a40f' -> (Import Result ID: 'dfcb776e8c9e05da3657dc26281034fe') in 0.001 seconds [static and dynamic dependencies]. Details - ImportResultOutputID=9d305912479ebbee7a0577eb57d65669 DependenciesID=583ca1adfb602de203a08258e2ff6358 StaticDependenciesID=3621196363e35522d083b43a1075d609 
Number of updated asset objects reloaded before import = 0
Number of asset objects unloaded after import = 0
========================================================================
Received Import Request.
  Time of request: 2026-08-27T05:11:08.256401Z
  Time since last request: 0.000242625 seconds.
  importAddress: GUID: e6413f4090046814d802ddbff9890878 - Path: Packages/com.unity.ugui/Editor/UGUI/UI/RawImageEditor.cs - Importer: ScriptedImporter/UnityEditor.QuickSearchModule:UnityEditor.Search:ASIAI0B
Importing 'GUID: e6413f4090046814d802ddbff9890878 - Path: Packages/com.unity.ugui/Editor/UGUI/UI/RawImageEditor.cs - Importer: ScriptedImporter/UnityEditor.QuickSearchModule:UnityEditor.Search:ASIAI0B' with importer (ScriptedImporter : UnityEditor.QuickSearchModule:UnityEditor.Search:ASIAI0B)
Imported 'GUID: e6413f4090046814d802ddbff9890878' -> (Import Result ID: '5b128a9c53e33ba5b355c3d825ea47dd') in 0.001 seconds [static and dynamic dependencies]. Details - ImportResultOutputID=2a9bcd475b2eccfa2fec54b7988add92 DependenciesID=a805d73559bef818ca92e8b360ed25d4 StaticDependenciesID=3afd614962ee3f95c1ab00872cebe8fc 
Number of updated asset objects reloaded before import = 0
Number of asset objects unloaded after import = 0
========================================================================
Received Import Request.
  Time of request: 2026-08-27T05:11:08.257333Z
  Time since last request: 0.000224416 seconds.
  importAddress: GUID: 01ada73c4792aba4c937ff5d92cce866 - Path: Packages/com.unity.ugui/Editor/TMP/PropertyDrawers/TMP_CharacterPropertyDrawer.cs - Importer: ScriptedImporter/UnityEditor.QuickSearchModule:UnityEditor.Search:ASIAI0B
Importing 'GUID: 01ada73c4792aba4c937ff5d92cce866 - Path: Packages/com.unity.ugui/Editor/TMP/PropertyDrawers/TMP_CharacterPropertyDrawer.cs - Importer: ScriptedImporter/UnityEditor.QuickSearchModule:UnityEditor.Search:ASIAI0B' with importer (ScriptedImporter : UnityEditor.QuickSearchModule:UnityEditor.Search:ASIAI0B)
Imported 'GUID: 01ada73c4792aba4c937ff5d92cce866' -> (Import Result ID: '49e2ccedf1e4b3d65c8857734e310853') in 0.001 seconds [static and dynamic dependencies]. Details - ImportResultOutputID=fcf920a318cc0c8979bd1a772d832637 DependenciesID=7b0360b59fa027759f9c59449060cc07 StaticDependenciesID=ab7156dc36a2e7e6c5078941da9413e2 
Number of updated asset objects reloaded before import = 0
Number of asset objects unloaded after import = 0
========================================================================
Received Import Request.
  Time of request: 2026-08-27T05:11:08.258213Z
  Time since last request: 0.000202 seconds.
  importAddress: GUID: 899b803b32ce548918778bacc0a950f0 - Path: Packages/com.unity.ugui/Editor/UGUI/UI/CanvasGroupEditor.cs - Importer: ScriptedImporter/UnityEditor.QuickSearchModule:UnityEditor.Search:ASIAI0B
Importing 'GUID: 899b803b32ce548918778bacc0a950f0 - Path: Packages/com.unity.ugui/Editor/UGUI/UI/CanvasGroupEditor.cs - Importer: ScriptedImporter/UnityEditor.QuickSearchModule:UnityEditor.Search:ASIAI0B' with importer (ScriptedImporter : UnityEditor.QuickSearchModule:UnityEditor.Search:ASIAI0B)
Imported 'GUID: 899b803b32ce548918778bacc0a950f0' -> (Import Result ID: 'f620b64a206e43744c069533bf94fadb') in 0.001 seconds [static and dynamic dependencies]. Details - ImportResultOutputID=d6f76e20bec88b922a637ce989ba8f16 DependenciesID=17c2fb3e03cfd55a05e35abeb0f26f96 StaticDependenciesID=196c7eb9f04f9d8d5c96a47d745dad04 
Number of updated asset objects reloaded before import = 0
Number of asset objects unloaded after import = 0
========================================================================
Received Import Request.
  Time of request: 2026-08-27T05:11:08.273147Z
  Time since last request: 0.014232083 seconds.
  importAddress: GUID: 1344c3c82d62a2a41a3576d8abb8e3ea - Path: Packages/com.unity.ugui/Runtime/UGUI/UI/Core/RawImage.cs - Importer: ScriptedImporter/UnityEditor.QuickSearchModule:UnityEditor.Search:ASIAI0B
Importing 'GUID: 1344c3c82d62a2a41a3576d8abb8e3ea - Path: Packages/com.unity.ugui/Runtime/UGUI/UI/Core/RawImage.cs - Importer: ScriptedImporter/UnityEditor.QuickSearchModule:UnityEditor.Search:ASIAI0B' with importer (ScriptedImporter : UnityEditor.QuickSearchModule:UnityEditor.Search:ASIAI0B)
Imported 'GUID: 1344c3c82d62a2a41a3576d8abb8e3ea' -> (Import Result ID: '0d0e64c0dbdfb3de169044d739572af6') in 0.001 seconds [static and dynamic dependencies]. Details - ImportResultOutputID=e5e4b2628a6f5268ef66310736324404 DependenciesID=966ba7ab865bec465acecb269691c5d8 StaticDependenciesID=3a384030820719d4120dbab5321532b2 
Number of updated asset objects reloaded before import = 0
Number of asset objects unloaded after import = 0
========================================================================
Received Import Request.
  Time of request: 2026-08-27T05:11:08.274313Z
  Time since last request: 0.000209875 seconds.
  importAddress: GUID: 4e29b1a8efbd4b44bb3f3716e73f07ff - Path: Packages/com.unity.ugui/Runtime/UGUI/UI/Core/Button.cs - Importer: ScriptedImporter/UnityEditor.QuickSearchModule:UnityEditor.Search:ASIAI0B
Importing 'GUID: 4e29b1a8efbd4b44bb3f3716e73f07ff - Path: Packages/com.unity.ugui/Runtime/UGUI/UI/Core/Button.cs - Importer: ScriptedImporter/UnityEditor.QuickSearchModule:UnityEditor.Search:ASIAI0B' with importer (ScriptedImporter : UnityEditor.QuickSearchModule:UnityEditor.Search:ASIAI0B)
Imported 'GUID: 4e29b1a8efbd4b44bb3f3716e73f07ff' -> (Import Result ID: '077a38b011b1ed7964cdb1d635a8b700') in 0.001 seconds [static and dynamic dependencies]. Details - ImportResultOutputID=8c4cf42e73ee48e2263743dd31785c96 DependenciesID=6661bc42cc04db15a2252c3541a19204 StaticDependenciesID=301f58a894ca5eaa43ed1202a41c7338 
Number of updated asset objects reloaded before import = 0
Number of asset objects unloaded after import = 0
========================================================================
Received Import Request.
  Time of request: 2026-08-27T05:11:08.275136Z
  Time since last request: 0.000132459 seconds.
  importAddress: GUID: bf87e20fb5440ec498f441167b5291f8 - Path: Packages/com.unity.ugui/Runtime/UGUI/UI/Core/DefaultControls.cs - Importer: ScriptedImporter/UnityEditor.QuickSearchModule:UnityEditor.Search:ASIAI0B
Importing 'GUID: bf87e20fb5440ec498f441167b5291f8 - Path: Packages/com.unity.ugui/Runtime/UGUI/UI/Core/DefaultControls.cs - Importer: ScriptedImporter/UnityEditor.QuickSearchModule:UnityEditor.Search:ASIAI0B' with importer (ScriptedImporter : UnityEditor.QuickSearchModule:UnityEditor.Search:ASIAI0B)
Imported 'GUID: bf87e20fb5440ec498f441167b5291f8' -> (Import Result ID: '7f502b1b13e8c13b02a4a621714b34ba') in 0.001 seconds [static and dynamic dependencies]. Details - ImportResultOutputID=dbaf835d7b0c2f1229e20c27d62db27a DependenciesID=ffb88bc17b42c5fc94a73fe0f19c4adc StaticDependenciesID=b76819c45f8d1047a7587f3b5f222e53 
Number of updated asset objects reloaded before import = 0
Number of asset objects unloaded after import = 0
========================================================================
Received Import Request.
  Time of request: 2026-08-27T05:11:08.275908Z
  Time since last request: 0.000134125 seconds.
  importAddress: GUID: b825fd5f27403b84f97726dd9c5a5e6f - Path: Packages/com.unity.ugui/Editor/UGUI/UI/PropertyDrawers/ColorBlockDrawer.cs - Importer: ScriptedImporter/UnityEditor.QuickSearchModule:UnityEditor.Search:ASIAI0B
Importing 'GUID: b825fd5f27403b84f97726dd9c5a5e6f - Path: Packages/com.unity.ugui/Editor/UGUI/UI/PropertyDrawers/ColorBlockDrawer.cs - Importer: ScriptedImporter/UnityEditor.QuickSearchModule:UnityEditor.Search:ASIAI0B' with importer (ScriptedImporter : UnityEditor.QuickSearchModule:UnityEditor.Search:ASIAI0B)
Imported 'GUID: b825fd5f27403b84f97726dd9c5a5e6f' -> (Import Result ID: '87e20c612471e1ec1fee53b73cdfe13c') in 0.001 seconds [static and dynamic dependencies]. Details - ImportResultOutputID=5bb69b62815cc6eff3616cf24fe7e4b7 DependenciesID=80bbea85fecaa78908bff7d2a907bbce StaticDependenciesID=b1aa334d5a24f9255db06101ea3ad114 
Number of updated asset objects reloaded before import = 0
Number of asset objects unloaded after import = 0
========================================================================
Received Import Request.
  Time of request: 2026-08-27T05:11:08.276649Z
  Time since last request: 0.00018175 seconds.
  importAddress: GUID: 05242c3d99f24a74f99cc20369fcb344 - Path: Packages/com.unity.ugui/Tests/Editor/Common/UnityEditor.UI.Common.Tests.asmdef - Importer: ScriptedImporter/UnityEditor.QuickSearchModule:UnityEditor.Search:ASIAI0B
Importing 'GUID: 05242c3d99f24a74f99cc20369fcb344 - Path: Packages/com.unity.ugui/Tests/Editor/Common/UnityEditor.UI.Common.Tests.asmdef - Importer: ScriptedImporter/UnityEditor.QuickSearchModule:UnityEditor.Search:ASIAI0B' with importer (ScriptedImporter : UnityEditor.QuickSearchModule:UnityEditor.Search:ASIAI0B)
Imported 'GUID: 05242c3d99f24a74f99cc20369fcb344' -> (Import Result ID: 'd98fcbb5472a094cbac2f9ba512eaa88') in 0.001 seconds [static and dynamic dependencies]. Details - ImportResultOutputID=a715abc392b0f5b25c5f67f71c1b954b DependenciesID=dd1668ef2accf8ac3ebabdac5022f53d StaticDependenciesID=f4e5c14d89f6bac1c5a2717dde5309ab 
Number of updated asset objects reloaded before import = 0
Number of asset objects unloaded after import = 1
========================================================================
Received Import Request.
  Time of request: 2026-08-27T05:11:08.278089Z
  Time since last request: 0.000203667 seconds.
  importAddress: GUID: 8a410b213209442fb15a69799f0240a5 - Path: Packages/com.unity.ugui/Runtime/UGUI/EventSystem/UIElements/PanelEventHandler.cs - Importer: ScriptedImporter/UnityEditor.QuickSearchModule:UnityEditor.Search:ASIAI0B
Importing 'GUID: 8a410b213209442fb15a69799f0240a5 - Path: Packages/com.unity.ugui/Runtime/UGUI/EventSystem/UIElements/PanelEventHandler.cs - Importer: ScriptedImporter/UnityEditor.QuickSearchModule:UnityEditor.Search:ASIAI0B' with importer (ScriptedImporter : UnityEditor.QuickSearchModule:UnityEditor.Search:ASIAI0B)
Imported 'GUID: 8a410b213209442fb15a69799f0240a5' -> (Import Result ID: 'fb4b29d5e78939175ad92b2d44491ac5') in 0.001 seconds [static and dynamic dependencies]. Details - ImportResultOutputID=4a0b1dcd55b2561ce59cef33bab8a793 DependenciesID=25bc02e4946fe9e9b141d1bf57f3609e StaticDependenciesID=62411831a6405a3afcdd2634e066b065 
Number of updated asset objects reloaded before import = 0
Number of asset objects unloaded after import = 0
========================================================================
Received Import Request.
  Time of request: 2026-08-27T05:11:08.279059Z
  Time since last request: 0.000156459 seconds.
  importAddress: GUID: bfb788a43e03363419155b8af77da971 - Path: Packages/com.unity.ugui/Runtime/UGUI/UI/Core/CanvasUpdateRegistry.cs - Importer: ScriptedImporter/UnityEditor.QuickSearchModule:UnityEditor.Search:ASIAI0B
Importing 'GUID: bfb788a43e03363419155b8af77da971 - Path: Packages/com.unity.ugui/Runtime/UGUI/UI/Core/CanvasUpdateRegistry.cs - Importer: ScriptedImporter/UnityEditor.QuickSearchModule:UnityEditor.Search:ASIAI0B' with importer (ScriptedImporter : UnityEditor.QuickSearchModule:UnityEditor.Search:ASIAI0B)
Imported 'GUID: bfb788a43e03363419155b8af77da971' -> (Import Result ID: 'a24084aa697222390b455fa5c2395472') in 0.001 seconds [static and dynamic dependencies]. Details - ImportResultOutputID=bcacf3f83eedea3208b3791742f628d8 DependenciesID=c7e9b0532aeb9278566cc2e4de5d4cd1 StaticDependenciesID=ccd006eb3aa4cd7341c9ea9e1e03e2ba 
Number of updated asset objects reloaded before import = 0
Number of asset objects unloaded after import = 0
========================================================================
Received Import Request.
  Time of request: 2026-08-27T05:11:08.279903Z
  Time since last request: 0.000132417 seconds.
  importAddress: GUID: 61d491d99e9292c4a81d7d01a74781ea - Path: Packages/com.unity.ugui/Runtime/UGUI/UI/Core/Navigation.cs - Importer: ScriptedImporter/UnityEditor.QuickSearchModule:UnityEditor.Search:ASIAI0B
Importing 'GUID: 61d491d99e9292c4a81d7d01a74781ea - Path: Packages/com.unity.ugui/Runtime/UGUI/UI/Core/Navigation.cs - Importer: ScriptedImporter/UnityEditor.QuickSearchModule:UnityEditor.Search:ASIAI0B' with importer (ScriptedImporter : UnityEditor.QuickSearchModule:UnityEditor.Search:ASIAI0B)
Imported 'GUID: 61d491d99e9292c4a81d7d01a74781ea' -> (Import Result ID: 'b95a4b1b147d9ad78a3a69bdfba55597') in 0.001 seconds [static and dynamic dependencies]. Details - ImportResultOutputID=5b9feca2db41e4033a7b871f860de9fd DependenciesID=1af972064c0b961154d05443fffacd94 StaticDependenciesID=e0fdb5e1296322da5a5e5fc0a1fbab85 
Number of updated asset objects reloaded before import = 0
Number of asset objects unloaded after import = 0
========================================================================
Received Import Request.
  Time of request: 2026-08-27T05:11:08.280705Z
  Time since last request: 0.000159875 seconds.
  importAddress: GUID: 31a19414c41e5ae4aae2af33fee712f6 - Path: Packages/com.unity.ugui/Runtime/UGUI/UI/Core/Mask.cs - Importer: ScriptedImporter/UnityEditor.QuickSearchModule:UnityEditor.Search:ASIAI0B
Importing 'GUID: 31a19414c41e5ae4aae2af33fee712f6 - Path: Packages/com.unity.ugui/Runtime/UGUI/UI/Core/Mask.cs - Importer: ScriptedImporter/UnityEditor.QuickSearchModule:UnityEditor.Search:ASIAI0B' with importer (ScriptedImporter : UnityEditor.QuickSearchModule:UnityEditor.Search:ASIAI0B)
Imported 'GUID: 31a19414c41e5ae4aae2af33fee712f6' -> (Import Result ID: '373878564a2e581839e67921fc7d5d95') in 0.001 seconds [static and dynamic dependencies]. Details - ImportResultOutputID=d48bf803d6787ecc6bbe481503051f53 DependenciesID=87496478e45545a876ba47d3e5baef5e StaticDependenciesID=607f7fd7f2da2366f46d24b85b14a583 
Number of updated asset objects reloaded before import = 0
Number of asset objects unloaded after import = 0
========================================================================
Received Import Request.
  Time of request: 2026-08-27T05:11:08.282197Z
  Time since last request: 0.000195708 seconds.
  importAddress: GUID: 69e3979b7029e8a4da2d96b714ba5c3a - Path: Packages/com.unity.ugui/Runtime/UGUI/UI/Core/GraphicRegistry.cs - Importer: ScriptedImporter/UnityEditor.QuickSearchModule:UnityEditor.Search:ASIAI0B
Importing 'GUID: 69e3979b7029e8a4da2d96b714ba5c3a - Path: Packages/com.unity.ugui/Runtime/UGUI/UI/Core/GraphicRegistry.cs - Importer: ScriptedImporter/UnityEditor.QuickSearchModule:UnityEditor.Search:ASIAI0B' with importer (ScriptedImporter : UnityEditor.QuickSearchModule:UnityEditor.Search:ASIAI0B)
Imported 'GUID: 69e3979b7029e8a4da2d96b714ba5c3a' -> (Import Result ID: '815d090a3b91ccc638010230b3bbb53c') in 0.001 seconds [static and dynamic dependencies]. Details - ImportResultOutputID=bc833a5c7f9f9305c6c70efa135e5c6d DependenciesID=22da83a943fa943381ea3f22378a8e9a StaticDependenciesID=70eeca8c487beea3c7ec7a62c208602f 
Number of updated asset objects reloaded before import = 0
Number of asset objects unloaded after import = 0
========================================================================
Received Import Request.
  Time of request: 2026-08-27T05:11:08.283039Z
  Time since last request: 0.000148084 seconds.
  importAddress: GUID: 2c727e4c005e5114fb3348a38c4cebbf - Path: Packages/com.unity.ugui/Runtime/UGUI/EventSystem/UIElements/WorldDocumentRaycaster.cs - Importer: ScriptedImporter/UnityEditor.QuickSearchModule:UnityEditor.Search:ASIAI0B
Importing 'GUID: 2c727e4c005e5114fb3348a38c4cebbf - Path: Packages/com.unity.ugui/Runtime/UGUI/EventSystem/UIElements/WorldDocumentRaycaster.cs - Importer: ScriptedImporter/UnityEditor.QuickSearchModule:UnityEditor.Search:ASIAI0B' with importer (ScriptedImporter : UnityEditor.QuickSearchModule:UnityEditor.Search:ASIAI0B)
Imported 'GUID: 2c727e4c005e5114fb3348a38c4cebbf' -> (Import Result ID: 'afc677b30f70a41c0a173456c033010c') in 0.001 seconds [static and dynamic dependencies]. Details - ImportResultOutputID=f11dfb9dd86d5f38e2d498e9bf04b273 DependenciesID=4277c25e58073860f7bea8320e4e99a9 StaticDependenciesID=cc5884574cea33d0165f06a551746d79 
Number of updated asset objects reloaded before import = 0
Number of asset objects unloaded after import = 0
========================================================================
Received Import Request.
  Time of request: 2026-08-27T05:11:08.283833Z
  Time since last request: 0.000152833 seconds.
  importAddress: GUID: ba923e2b58fea044bb1f8839376a1118 - Path: Packages/com.unity.ugui/Runtime/UGUI/EventSystem/UIElements/UIToolkitInteroperabilityBridge.cs - Importer: ScriptedImporter/UnityEditor.QuickSearchModule:UnityEditor.Search:ASIAI0B
Importing 'GUID: ba923e2b58fea044bb1f8839376a1118 - Path: Packages/com.unity.ugui/Runtime/UGUI/EventSystem/UIElements/UIToolkitInteroperabilityBridge.cs - Importer: ScriptedImporter/UnityEditor.QuickSearchModule:UnityEditor.Search:ASIAI0B' with importer (ScriptedImporter : UnityEditor.QuickSearchModule:UnityEditor.Search:ASIAI0B)
Imported 'GUID: ba923e2b58fea044bb1f8839376a1118' -> (Import Result ID: '8d486a78d7fe196e7d83f9f27b013ed0') in 0.001 seconds [static and dynamic dependencies]. Details - ImportResultOutputID=6e2434e43b8e0b2cd99cd8a6426aeb3a DependenciesID=9ff960acc0830aae9bc795df0d96866d StaticDependenciesID=36f1b3c0706f54aa6d58ec10524e24f5 
Number of updated asset objects reloaded before import = 0
Number of asset objects unloaded after import = 0
========================================================================
Received Import Request.
  Time of request: 2026-08-27T05:11:08.284814Z
  Time since last request: 0.000234208 seconds.
  importAddress: GUID: cbab8835092323a4389f2dc7d8f6c781 - Path: Packages/com.unity.ugui/Runtime/UGUI/EventSystem/InputModules/PointerInputModule.cs - Importer: ScriptedImporter/UnityEditor.QuickSearchModule:UnityEditor.Search:ASIAI0B
Importing 'GUID: cbab8835092323a4389f2dc7d8f6c781 - Path: Packages/com.unity.ugui/Runtime/UGUI/EventSystem/InputModules/PointerInputModule.cs - Importer: ScriptedImporter/UnityEditor.QuickSearchModule:UnityEditor.Search:ASIAI0B' with importer (ScriptedImporter : UnityEditor.QuickSearchModule:UnityEditor.Search:ASIAI0B)
Imported 'GUID: cbab8835092323a4389f2dc7d8f6c781' -> (Import Result ID: '768b852138519664053b4b13318fc6d1') in 0.001 seconds [static and dynamic dependencies]. Details - ImportResultOutputID=e3434d2cd720574de44df989f8174171 DependenciesID=0ccfe47e6756ecab03daec4583e13f7b StaticDependenciesID=419f6c0d4857f7fa90a2fba86ef4d1bc 
Number of updated asset objects reloaded before import = 0
Number of asset objects unloaded after import = 0
========================================================================
Received Import Request.
  Time of request: 2026-08-27T05:11:08.28576Z
  Time since last request: 0.000265292 seconds.
  importAddress: GUID: 7bd96d76711152648a736c4d28d865f2 - Path: Packages/com.unity.ugui/Runtime/UGUI/UI/Core/MaskUtilities.cs - Importer: ScriptedImporter/UnityEditor.QuickSearchModule:UnityEditor.Search:ASIAI0B
Importing 'GUID: 7bd96d76711152648a736c4d28d865f2 - Path: Packages/com.unity.ugui/Runtime/UGUI/UI/Core/MaskUtilities.cs - Importer: ScriptedImporter/UnityEditor.QuickSearchModule:UnityEditor.Search:ASIAI0B' with importer (ScriptedImporter : UnityEditor.QuickSearchModule:UnityEditor.Search:ASIAI0B)
Imported 'GUID: 7bd96d76711152648a736c4d28d865f2' -> (Import Result ID: '7c62a91380726d591dbb1ff6a24785eb') in 0.001 seconds [static and dynamic dependencies]. Details - ImportResultOutputID=1c885fdaeda604fdbb15f5e88def8658 DependenciesID=2f7178e4ade2acbc36e55f59c52c882a StaticDependenciesID=b18be71a77a0cf4f929cf6b7dbc19a1d 
Number of updated asset objects reloaded before import = 0
Number of asset objects unloaded after import = 0
========================================================================
Received Import Request.
  Time of request: 2026-08-27T05:11:08.286806Z
  Time since last request: 0.000218667 seconds.
  importAddress: GUID: e9745f6a32442194c8dc5a43e9ab86f9 - Path: Packages/com.unity.ugui/Tests/Runtime/UGUI/UnityEngine.UI.Tests.asmdef - Importer: ScriptedImporter/UnityEditor.QuickSearchModule:UnityEditor.Search:ASIAI0B
Importing 'GUID: e9745f6a32442194c8dc5a43e9ab86f9 - Path: Packages/com.unity.ugui/Tests/Runtime/UGUI/UnityEngine.UI.Tests.asmdef - Importer: ScriptedImporter/UnityEditor.QuickSearchModule:UnityEditor.Search:ASIAI0B' with importer (ScriptedImporter : UnityEditor.QuickSearchModule:UnityEditor.Search:ASIAI0B)
Imported 'GUID: e9745f6a32442194c8dc5a43e9ab86f9' -> (Import Result ID: '8f80def48278f5e60898e06411d7ad44') in 0.001 seconds [static and dynamic dependencies]. Details - ImportResultOutputID=16c71217ab8a42a2e17509a0c7744fe2 DependenciesID=cd5f206369f723257f6933fc63756203 StaticDependenciesID=3cdeda399852b99d221e9b37b2105089 
Number of updated asset objects reloaded before import = 0
Number of asset objects unloaded after import = 1
========================================================================
Received Import Request.
  Time of request: 2026-08-27T05:11:08.28794Z
  Time since last request: 0.000154958 seconds.
  importAddress: GUID: 0aaa057ce5566e940b18a0ccd0344693 - Path: Packages/com.unity.ugui/Runtime/UGUI/EventSystem/UIBehaviour.cs - Importer: ScriptedImporter/UnityEditor.QuickSearchModule:UnityEditor.Search:ASIAI0B
Importing 'GUID: 0aaa057ce5566e940b18a0ccd0344693 - Path: Packages/com.unity.ugui/Runtime/UGUI/EventSystem/UIBehaviour.cs - Importer: ScriptedImporter/UnityEditor.QuickSearchModule:UnityEditor.Search:ASIAI0B' with importer (ScriptedImporter : UnityEditor.QuickSearchModule:UnityEditor.Search:ASIAI0B)
Imported 'GUID: 0aaa057ce5566e940b18a0ccd0344693' -> (Import Result ID: '802d3e1087b87ae65f835fc884c6bef6') in 0.001 seconds [static and dynamic dependencies]. Details - ImportResultOutputID=e00b671440c2aec54eafd42e670ba0e0 DependenciesID=706ef0a9ee3f407149418c36e9d367ad StaticDependenciesID=9cc1db473b48bd6595a4688a9e49996a 
Number of updated asset objects reloaded before import = 0
Number of asset objects unloaded after import = 0
========================================================================
Received Import Request.
  Time of request: 2026-08-27T05:11:08.28879Z
  Time since last request: 0.000231417 seconds.
  importAddress: GUID: 0d0b652f32a2cc243917e4028fa0f046 - Path: Packages/com.unity.ugui/Runtime/UGUI/UI/Core/Dropdown.cs - Importer: ScriptedImporter/UnityEditor.QuickSearchModule:UnityEditor.Search:ASIAI0B
Importing 'GUID: 0d0b652f32a2cc243917e4028fa0f046 - Path: Packages/com.unity.ugui/Runtime/UGUI/UI/Core/Dropdown.cs - Importer: ScriptedImporter/UnityEditor.QuickSearchModule:UnityEditor.Search:ASIAI0B' with importer (ScriptedImporter : UnityEditor.QuickSearchModule:UnityEditor.Search:ASIAI0B)
Imported 'GUID: 0d0b652f32a2cc243917e4028fa0f046' -> (Import Result ID: 'c473d0c506e374e787614a1d26eef447') in 0.001 seconds [static and dynamic dependencies]. Details - ImportResultOutputID=2f3f67b2adad3f4a0f863af246d49fec DependenciesID=495486694608b5ef8b48eacac42a5b95 StaticDependenciesID=bdc1a66bf818558a96795b2bf21c1433 
Number of updated asset objects reloaded before import = 0
Number of asset objects unloaded after import = 0
========================================================================
Received Import Request.
  Time of request: 2026-08-27T05:11:08.289664Z
  Time since last request: 0.000140125 seconds.
  importAddress: GUID: 6370fe1d392924d45b0cfd255bf60d2a - Path: Packages/com.unity.ugui/Tests/Editor/Common/VersionTests.cs - Importer: ScriptedImporter/UnityEditor.QuickSearchModule:UnityEditor.Search:ASIAI0B
Importing 'GUID: 6370fe1d392924d45b0cfd255bf60d2a - Path: Packages/com.unity.ugui/Tests/Editor/Common/VersionTests.cs - Importer: ScriptedImporter/UnityEditor.QuickSearchModule:UnityEditor.Search:ASIAI0B' with importer (ScriptedImporter : UnityEditor.QuickSearchModule:UnityEditor.Search:ASIAI0B)
Imported 'GUID: 6370fe1d392924d45b0cfd255bf60d2a' -> (Import Result ID: '4861cc7d15bc4a9aa3b210887999d279') in 0.001 seconds [static and dynamic dependencies]. Details - ImportResultOutputID=fd76cfc910a8735fcb0051c57824f71e DependenciesID=a69542d98277f4505706d9ba42d5dd11 StaticDependenciesID=d788d6feb9a410a5f41199aadf1c2e05 
Number of updated asset objects reloaded before import = 0
Number of asset objects unloaded after import = 0
========================================================================
Received Import Request.
  Time of request: 2026-08-27T05:11:08.29041Z
  Time since last request: 0.000171417 seconds.
  importAddress: GUID: 426106349a0ff964fa4e7178c1d3a4f5 - Path: Packages/com.unity.ugui/Runtime/UGUI/EventSystem/Raycasters/BaseRaycaster.cs - Importer: ScriptedImporter/UnityEditor.QuickSearchModule:UnityEditor.Search:ASIAI0B
Importing 'GUID: 426106349a0ff964fa4e7178c1d3a4f5 - Path: Packages/com.unity.ugui/Runtime/UGUI/EventSystem/Raycasters/BaseRaycaster.cs - Importer: ScriptedImporter/UnityEditor.QuickSearchModule:UnityEditor.Search:ASIAI0B' with importer (ScriptedImporter : UnityEditor.QuickSearchModule:UnityEditor.Search:ASIAI0B)
Imported 'GUID: 426106349a0ff964fa4e7178c1d3a4f5' -> (Import Result ID: '3f01e88ce3d90909846afbfd4c1be6f0') in 0.001 seconds [static and dynamic dependencies]. Details - ImportResultOutputID=946f3dc60c97f11ac1ede3324f52d87d DependenciesID=fbc4c29becaef0ee4c9f6cd79765434e StaticDependenciesID=08f40f2d1dd6654d845fa00cc9ddf99d 
Number of updated asset objects reloaded before import = 0
Number of asset objects unloaded after import = 0
========================================================================
Received Import Request.
  Time of request: 2026-08-27T05:11:08.291166Z
  Time since last request: 0.000146542 seconds.
  importAddress: GUID: 75df57ccb1e44c64085399277405e1ca - Path: Packages/com.unity.ugui/Runtime/UGUI/EventSystem/EventData/PointerEventData.cs - Importer: ScriptedImporter/UnityEditor.QuickSearchModule:UnityEditor.Search:ASIAI0B
Importing 'GUID: 75df57ccb1e44c64085399277405e1ca - Path: Packages/com.unity.ugui/Runtime/UGUI/EventSystem/EventData/PointerEventData.cs - Importer: ScriptedImporter/UnityEditor.QuickSearchModule:UnityEditor.Search:ASIAI0B' with importer (ScriptedImporter : UnityEditor.QuickSearchModule:UnityEditor.Search:ASIAI0B)
Imported 'GUID: 75df57ccb1e44c64085399277405e1ca' -> (Import Result ID: '5c29ba4aee7e627cc7d569ba063635ef') in 0.001 seconds [static and dynamic dependencies]. Details - ImportResultOutputID=32e7fff158ac3b57c2db5f12bf1e3406 DependenciesID=ab7d692b88079a5a332276ab6b87b590 StaticDependenciesID=eeb649fdccf7342fbe94b18a94c8392b 
Number of updated asset objects reloaded before import = 0
Number of asset objects unloaded after import = 0
========================================================================
Received Import Request.
  Time of request: 2026-08-27T05:11:08.29195Z
  Time since last request: 0.000176084 seconds.
  importAddress: GUID: 61a20120cddc53849bbc10fc805ffe3e - Path: Packages/com.unity.ugui/Runtime/UGUI/UI/Core/IMaskable.cs - Importer: ScriptedImporter/UnityEditor.QuickSearchModule:UnityEditor.Search:ASIAI0B
Importing 'GUID: 61a20120cddc53849bbc10fc805ffe3e - Path: Packages/com.unity.ugui/Runtime/UGUI/UI/Core/IMaskable.cs - Importer: ScriptedImporter/UnityEditor.QuickSearchModule:UnityEditor.Search:ASIAI0B' with importer (ScriptedImporter : UnityEditor.QuickSearchModule:UnityEditor.Search:ASIAI0B)
Imported 'GUID: 61a20120cddc53849bbc10fc805ffe3e' -> (Import Result ID: 'd1b3a3362d6aa89d7e51b5300ccf251f') in 0.001 seconds [static and dynamic dependencies]. Details - ImportResultOutputID=5defde7efe6168887f456073b299c667 DependenciesID=dcf4f918af90f379a9d04ccd5b287a23 StaticDependenciesID=ad3f50982ec14a69dc73fd016a832af9 
Number of updated asset objects reloaded before import = 0
Number of asset objects unloaded after import = 0
========================================================================
Received Import Request.
  Time of request: 2026-08-27T05:11:08.292686Z
  Time since last request: 0.000135125 seconds.
  importAddress: GUID: fc31799bd6dc1f74a8adfee1acd05a9b - Path: Packages/com.unity.ugui/Tests/Editor/UGUI/WrapperWindowFixture.cs - Importer: ScriptedImporter/UnityEditor.QuickSearchModule:UnityEditor.Search:ASIAI0B
Importing 'GUID: fc31799bd6dc1f74a8adfee1acd05a9b - Path: Packages/com.unity.ugui/Tests/Editor/UGUI/WrapperWindowFixture.cs - Importer: ScriptedImporter/UnityEditor.QuickSearchModule:UnityEditor.Search:ASIAI0B' with importer (ScriptedImporter : UnityEditor.QuickSearchModule:UnityEditor.Search:ASIAI0B)
Imported 'GUID: fc31799bd6dc1f74a8adfee1acd05a9b' -> (Import Result ID: 'c49c99886e383a3fe740bba7276c7926') in 0.001 seconds [static and dynamic dependencies]. Details - ImportResultOutputID=b829cb8b27fd57380332f03b2476fce8 DependenciesID=ef06986b87c110b36be6f2064ac45d6e StaticDependenciesID=c4366c99f23f345f748bcee0e2a5288a 
Number of updated asset objects reloaded before import = 0
Number of asset objects unloaded after import = 0
========================================================================
Received Import Request.
  Time of request: 2026-08-27T05:11:08.293596Z
  Time since last request: 0.00025425 seconds.
  importAddress: GUID: 26570be2af04195458e6f1ac1f5c48e0 - Path: Packages/com.unity.ugui/Runtime/UGUI/EventSystem/RaycasterManager.cs - Importer: ScriptedImporter/UnityEditor.QuickSearchModule:UnityEditor.Search:ASIAI0B
Importing 'GUID: 26570be2af04195458e6f1ac1f5c48e0 - Path: Packages/com.unity.ugui/Runtime/UGUI/EventSystem/RaycasterManager.cs - Importer: ScriptedImporter/UnityEditor.QuickSearchModule:UnityEditor.Search:ASIAI0B' with importer (ScriptedImporter : UnityEditor.QuickSearchModule:UnityEditor.Search:ASIAI0B)
Imported 'GUID: 26570be2af04195458e6f1ac1f5c48e0' -> (Import Result ID: '63a7fc996c5826b267eba6e94f3e0900') in 0.001 seconds [static and dynamic dependencies]. Details - ImportResultOutputID=0caf384a5a0cf56d3651319936b73791 DependenciesID=431fec1d95b0c96313eff29797ecc317 StaticDependenciesID=f9212b6d1c1f6985d5f492493ff643b4 
Number of updated asset objects reloaded before import = 0
Number of asset objects unloaded after import = 0
========================================================================
Received Import Request.
  Time of request: 2026-08-27T05:11:08.294498Z
  Time since last request: 0.000228708 seconds.
  importAddress: GUID: 928dc55e2c8c3ee4dad33b6d561cb6ea - Path: Packages/com.unity.ugui/Runtime/UGUI/UI/Core/IGraphicEnabledDisabled.cs - Importer: ScriptedImporter/UnityEditor.QuickSearchModule:UnityEditor.Search:ASIAI0B
Importing 'GUID: 928dc55e2c8c3ee4dad33b6d561cb6ea - Path: Packages/com.unity.ugui/Runtime/UGUI/UI/Core/IGraphicEnabledDisabled.cs - Importer: ScriptedImporter/UnityEditor.QuickSearchModule:UnityEditor.Search:ASIAI0B' with importer (ScriptedImporter : UnityEditor.QuickSearchModule:UnityEditor.Search:ASIAI0B)
Imported 'GUID: 928dc55e2c8c3ee4dad33b6d561cb6ea' -> (Import Result ID: '0d3ff071a17e750b3b64ae000a28a91a') in 0.001 seconds [static and dynamic dependencies]. Details - ImportResultOutputID=f3c2fa0fa2a57a0b95abd71ecb4f7263 DependenciesID=465a3d1f8e6791a5f706de0d6829141b StaticDependenciesID=d16080f1802dc4b74bff410280f1523b 
Number of updated asset objects reloaded before import = 0
Number of asset objects unloaded after import = 0
========================================================================
Received Import Request.
  Time of request: 2026-08-27T05:11:08.295492Z
  Time since last request: 0.00023375 seconds.
  importAddress: GUID: b180fd8310805e44dbbef545d0231418 - Path: Packages/com.unity.ugui/Runtime/UGUI/EventSystem/EventData/AxisEventData.cs - Importer: ScriptedImporter/UnityEditor.QuickSearchModule:UnityEditor.Search:ASIAI0B
Importing 'GUID: b180fd8310805e44dbbef545d0231418 - Path: Packages/com.unity.ugui/Runtime/UGUI/EventSystem/EventData/AxisEventData.cs - Importer: ScriptedImporter/UnityEditor.QuickSearchModule:UnityEditor.Search:ASIAI0B' with importer (ScriptedImporter : UnityEditor.QuickSearchModule:UnityEditor.Search:ASIAI0B)
Imported 'GUID: b180fd8310805e44dbbef545d0231418' -> (Import Result ID: '7617dbb02380c003eb28c2cc4b099e36') in 0.001 seconds [static and dynamic dependencies]. Details - ImportResultOutputID=57f9699e571c74da52d8ff1d36a92146 DependenciesID=1a9281982e4b9122b612ee48889ddd34 StaticDependenciesID=cd43821e8e20a8cf77e168d3a01ca57c 
Number of updated asset objects reloaded before import = 0
Number of asset objects unloaded after import = 0
========================================================================
Received Import Request.
  Time of request: 2026-08-27T05:11:08.296445Z
  Time since last request: 0.000158625 seconds.
  importAddress: GUID: ceb629fc661813d40986b4abbefe72c6 - Path: Packages/com.unity.ugui/Runtime/UGUI/UI/Core/IMask.cs - Importer: ScriptedImporter/UnityEditor.QuickSearchModule:UnityEditor.Search:ASIAI0B
Importing 'GUID: ceb629fc661813d40986b4abbefe72c6 - Path: Packages/com.unity.ugui/Runtime/UGUI/UI/Core/IMask.cs - Importer: ScriptedImporter/UnityEditor.QuickSearchModule:UnityEditor.Search:ASIAI0B' with importer (ScriptedImporter : UnityEditor.QuickSearchModule:UnityEditor.Search:ASIAI0B)
Imported 'GUID: ceb629fc661813d40986b4abbefe72c6' -> (Import Result ID: 'dc2bcf73a8970871d3a11c74a94f35a1') in 0.001 seconds [static and dynamic dependencies]. Details - ImportResultOutputID=b0412fb04e303efe3d364efd2b7f5bf3 DependenciesID=b58183c4a71fee9c8cf491b578d79f4a StaticDependenciesID=3213bf81fdd5f5e48d671bf9eeec9c92 
Number of updated asset objects reloaded before import = 0
Number of asset objects unloaded after import = 0
========================================================================
Received Import Request.
  Time of request: 2026-08-27T05:11:08.297287Z
  Time since last request: 0.000174167 seconds.
  importAddress: GUID: 1511ccae7919cfc46b603b9b337fdc94 - Path: Packages/com.unity.ugui/Runtime/UGUI/EventSystem/InputModules/BaseInput.cs - Importer: ScriptedImporter/UnityEditor.QuickSearchModule:UnityEditor.Search:ASIAI0B
Importing 'GUID: 1511ccae7919cfc46b603b9b337fdc94 - Path: Packages/com.unity.ugui/Runtime/UGUI/EventSystem/InputModules/BaseInput.cs - Importer: ScriptedImporter/UnityEditor.QuickSearchModule:UnityEditor.Search:ASIAI0B' with importer (ScriptedImporter : UnityEditor.QuickSearchModule:UnityEditor.Search:ASIAI0B)
Imported 'GUID: 1511ccae7919cfc46b603b9b337fdc94' -> (Import Result ID: '8f38f3dc94f626ce3b43d15a2f517599') in 0.001 seconds [static and dynamic dependencies]. Details - ImportResultOutputID=f1815d544e7e752dcbe033dcf37354f1 DependenciesID=2dc902b06be92e1e834ae9d4a0473f45 StaticDependenciesID=e1bf9740822d0169ac6c76d8d32f0b3e 
Number of updated asset objects reloaded before import = 0
Number of asset objects unloaded after import = 0
========================================================================
Received Import Request.
  Time of request: 2026-08-27T05:11:08.298146Z
  Time since last request: 0.000218042 seconds.
  importAddress: GUID: 3312d7739989d2b4e91e6319e9a96d76 - Path: Packages/com.unity.ugui/Runtime/UGUI/UI/Core/RectMask2D.cs - Importer: ScriptedImporter/UnityEditor.QuickSearchModule:UnityEditor.Search:ASIAI0B
Importing 'GUID: 3312d7739989d2b4e91e6319e9a96d76 - Path: Packages/com.unity.ugui/Runtime/UGUI/UI/Core/RectMask2D.cs - Importer: ScriptedImporter/UnityEditor.QuickSearchModule:UnityEditor.Search:ASIAI0B' with importer (ScriptedImporter : UnityEditor.QuickSearchModule:UnityEditor.Search:ASIAI0B)
Imported 'GUID: 3312d7739989d2b4e91e6319e9a96d76' -> (Import Result ID: 'f6e41fbe19391118bd7161f2823e8e2d') in 0.001 seconds [static and dynamic dependencies]. Details - ImportResultOutputID=b6b15761763f0dec49ad72f9a5b82ca6 DependenciesID=0623e3de872e0763d51e12ceaec991f2 StaticDependenciesID=f78ed48473d5fccee8dc4e4ef0040449 
Number of updated asset objects reloaded before import = 0
Number of asset objects unloaded after import = 0
========================================================================
Received Import Request.
  Time of request: 2026-08-27T05:11:08.298947Z
  Time since last request: 0.000150625 seconds.
  importAddress: GUID: fb27f3049fe06c246803a4a4c5b7fda3 - Path: Packages/com.unity.ugui/Editor/UGUI/UI/PropertyDrawers/NavigationDrawer.cs - Importer: ScriptedImporter/UnityEditor.QuickSearchModule:UnityEditor.Search:ASIAI0B
Importing 'GUID: fb27f3049fe06c246803a4a4c5b7fda3 - Path: Packages/com.unity.ugui/Editor/UGUI/UI/PropertyDrawers/NavigationDrawer.cs - Importer: ScriptedImporter/UnityEditor.QuickSearchModule:UnityEditor.Search:ASIAI0B' with importer (ScriptedImporter : UnityEditor.QuickSearchModule:UnityEditor.Search:ASIAI0B)
Imported 'GUID: fb27f3049fe06c246803a4a4c5b7fda3' -> (Import Result ID: 'fd78bd033299f64f9961762877a912b8') in 0.001 seconds [static and dynamic dependencies]. Details - ImportResultOutputID=3625cac21245816f0a98f716fcdb2fe1 DependenciesID=e88473645a95a24d989e6370e5861a7f StaticDependenciesID=443d6bcca24cb62f28a8062c7697282b 
Number of updated asset objects reloaded before import = 0
Number of asset objects unloaded after import = 0
========================================================================
Received Import Request.
  Time of request: 2026-08-27T05:11:08.299753Z
  Time since last request: 0.000137583 seconds.
  importAddress: GUID: c18288a8d31fc9043a807ee8a9f1ae64 - Path: Packages/com.unity.ugui/Editor/UGUI/UI/PropertyDrawers/AnimationTriggersDrawer.cs - Importer: ScriptedImporter/UnityEditor.QuickSearchModule:UnityEditor.Search:ASIAI0B
Importing 'GUID: c18288a8d31fc9043a807ee8a9f1ae64 - Path: Packages/com.unity.ugui/Editor/UGUI/UI/PropertyDrawers/AnimationTriggersDrawer.cs - Importer: ScriptedImporter/UnityEditor.QuickSearchModule:UnityEditor.Search:ASIAI0B' with importer (ScriptedImporter : UnityEditor.QuickSearchModule:UnityEditor.Search:ASIAI0B)
Imported 'GUID: c18288a8d31fc9043a807ee8a9f1ae64' -> (Import Result ID: 'da7bdf1a3a683dea64d54422bdd637fd') in 0.001 seconds [static and dynamic dependencies]. Details - ImportResultOutputID=4233d592bf1503c2be797a46d1c7f4db DependenciesID=1f12ec877320cc318868368ac843e3ce StaticDependenciesID=199168fb2e94b567df2da19fd325f696 
Number of updated asset objects reloaded before import = 0
Number of asset objects unloaded after import = 0
========================================================================
Received Import Request.
  Time of request: 2026-08-27T05:11:08.301085Z
  Time since last request: 0.000149791 seconds.
  importAddress: GUID: fe87c0e1cc204ed48ad3b37840f39efc - Path: Packages/com.unity.ugui/Runtime/UGUI/UI/Core/Image.cs - Importer: ScriptedImporter/UnityEditor.QuickSearchModule:UnityEditor.Search:ASIAI0B
Importing 'GUID: fe87c0e1cc204ed48ad3b37840f39efc - Path: Packages/com.unity.ugui/Runtime/UGUI/UI/Core/Image.cs - Importer: ScriptedImporter/UnityEditor.QuickSearchModule:UnityEditor.Search:ASIAI0B' with importer (ScriptedImporter : UnityEditor.QuickSearchModule:UnityEditor.Search:ASIAI0B)
Imported 'GUID: fe87c0e1cc204ed48ad3b37840f39efc' -> (Import Result ID: '991927ad83e1d13081dfc195d811b730') in 0.001 seconds [static and dynamic dependencies]. Details - ImportResultOutputID=fb7452cd423ac3684d5007319b944719 DependenciesID=8d0ea02d0355be887cd133f2ba7db62d StaticDependenciesID=5c55fc7d44a6ae993de89debcd01e6e5 
Number of updated asset objects reloaded before import = 0
Number of asset objects unloaded after import = 0
========================================================================
Received Import Request.
  Time of request: 2026-08-27T05:11:08.301853Z
  Time since last request: 0.000162125 seconds.
  importAddress: GUID: 828075bc53f2de84982a943870529b7b - Path: Packages/com.unity.ugui/Runtime/UGUI/UI/Core/Misc.cs - Importer: ScriptedImporter/UnityEditor.QuickSearchModule:UnityEditor.Search:ASIAI0B
Importing 'GUID: 828075bc53f2de84982a943870529b7b - Path: Packages/com.unity.ugui/Runtime/UGUI/UI/Core/Misc.cs - Importer: ScriptedImporter/UnityEditor.QuickSearchModule:UnityEditor.Search:ASIAI0B' with importer (ScriptedImporter : UnityEditor.QuickSearchModule:UnityEditor.Search:ASIAI0B)
Imported 'GUID: 828075bc53f2de84982a943870529b7b' -> (Import Result ID: 'd8ffafd623b309f07fcb25a1feed8811') in 0.001 seconds [static and dynamic dependencies]. Details - ImportResultOutputID=39ac9f07cbe340428ba9d838fbef8282 DependenciesID=99cc0960946d3538594678f45dce9765 StaticDependenciesID=21ed9536269e7cd6c99246e36f39c266 
Number of updated asset objects reloaded before import = 0
Number of asset objects unloaded after import = 0
========================================================================
Received Import Request.
  Time of request: 2026-08-27T05:11:08.30255Z
  Time since last request: 0.000142792 seconds.
  importAddress: GUID: 5ebeb75bd91642048bb3f6c1939fde66 - Path: Packages/com.unity.ugui/Runtime/UGUI/UI/Core/MultipleDisplayUtilities.cs - Importer: ScriptedImporter/UnityEditor.QuickSearchModule:UnityEditor.Search:ASIAI0B
Importing 'GUID: 5ebeb75bd91642048bb3f6c1939fde66 - Path: Packages/com.unity.ugui/Runtime/UGUI/UI/Core/MultipleDisplayUtilities.cs - Importer: ScriptedImporter/UnityEditor.QuickSearchModule:UnityEditor.Search:ASIAI0B' with importer (ScriptedImporter : UnityEditor.QuickSearchModule:UnityEditor.Search:ASIAI0B)
Imported 'GUID: 5ebeb75bd91642048bb3f6c1939fde66' -> (Import Result ID: '27e35568f824c36d121912254c368887') in 0.001 seconds [static and dynamic dependencies]. Details - ImportResultOutputID=104fabcf7b0724a1cbcf28bc438e0e58 DependenciesID=419b97db6fd3fcb549f10d1c6c34f24c StaticDependenciesID=98d08efffce29390f6010d70b9a81f71 
Number of updated asset objects reloaded before import = 0
Number of asset objects unloaded after import = 0
========================================================================
Received Import Request.
  Time of request: 2026-08-27T05:11:08.303308Z
  Time since last request: 0.000125292 seconds.
  importAddress: GUID: dc42784cf147c0c48a680349fa168899 - Path: Packages/com.unity.ugui/Runtime/UGUI/UI/Core/GraphicRaycaster.cs - Importer: ScriptedImporter/UnityEditor.QuickSearchModule:UnityEditor.Search:ASIAI0B
Importing 'GUID: dc42784cf147c0c48a680349fa168899 - Path: Packages/com.unity.ugui/Runtime/UGUI/UI/Core/GraphicRaycaster.cs - Importer: ScriptedImporter/UnityEditor.QuickSearchModule:UnityEditor.Search:ASIAI0B' with importer (ScriptedImporter : UnityEditor.QuickSearchModule:UnityEditor.Search:ASIAI0B)
Imported 'GUID: dc42784cf147c0c48a680349fa168899' -> (Import Result ID: 'd472131914277ccd586d2a08dd5abbd6') in 0.001 seconds [static and dynamic dependencies]. Details - ImportResultOutputID=b7a18265eaa28f1c7d7eb1000539a5dd DependenciesID=b427f4ff83f5b2e09a148b858ba984a0 StaticDependenciesID=ba84d9152e7fcfc50023713c6cf059ce 
Number of updated asset objects reloaded before import = 0
Number of asset objects unloaded after import = 0
========================================================================
Received Import Request.
  Time of request: 2026-08-27T05:11:08.303997Z
  Time since last request: 0.000122542 seconds.
  importAddress: GUID: 56666c5a40171f54783dd416a44f42bf - Path: Packages/com.unity.ugui/Runtime/UGUI/EventSystem/Raycasters/Physics2DRaycaster.cs - Importer: ScriptedImporter/UnityEditor.QuickSearchModule:UnityEditor.Search:ASIAI0B
Importing 'GUID: 56666c5a40171f54783dd416a44f42bf - Path: Packages/com.unity.ugui/Runtime/UGUI/EventSystem/Raycasters/Physics2DRaycaster.cs - Importer: ScriptedImporter/UnityEditor.QuickSearchModule:UnityEditor.Search:ASIAI0B' with importer (ScriptedImporter : UnityEditor.QuickSearchModule:UnityEditor.Search:ASIAI0B)
Imported 'GUID: 56666c5a40171f54783dd416a44f42bf' -> (Import Result ID: '1854452e2575cdec4714f1b8dda3b36e') in 0.001 seconds [static and dynamic dependencies]. Details - ImportResultOutputID=55ad9e9fe2a0ad84a301673872d72ed1 DependenciesID=5b8e600904b26dca2109616266ff7c8c StaticDependenciesID=1d78a8a1c3a95510318bdb5de917aec7 
Number of updated asset objects reloaded before import = 0
Number of asset objects unloaded after import = 0
========================================================================
Received Import Request.
  Time of request: 2026-08-27T05:11:08.304745Z
  Time since last request: 0.0001915 seconds.
  importAddress: GUID: fea12beeeb5a7a448b5e60f50e40975d - Path: Packages/com.unity.ugui/Editor/UGUI/UI/PropertyDrawers/FontDataDrawer.cs - Importer: ScriptedImporter/UnityEditor.QuickSearchModule:UnityEditor.Search:ASIAI0B
Importing 'GUID: fea12beeeb5a7a448b5e60f50e40975d - Path: Packages/com.unity.ugui/Editor/UGUI/UI/PropertyDrawers/FontDataDrawer.cs - Importer: ScriptedImporter/UnityEditor.QuickSearchModule:UnityEditor.Search:ASIAI0B' with importer (ScriptedImporter : UnityEditor.QuickSearchModule:UnityEditor.Search:ASIAI0B)
Imported 'GUID: fea12beeeb5a7a448b5e60f50e40975d' -> (Import Result ID: '9e538151ae5bbf79fa7f6b3fc63b0e6d') in 0.001 seconds [static and dynamic dependencies]. Details - ImportResultOutputID=f5a8eda48465e6625081de40f4b161c9 DependenciesID=63e07af4ef82d6ee9135e3998d86420f StaticDependenciesID=d866c22db3383d11d6c105f0ebf475eb 
Number of updated asset objects reloaded before import = 0
Number of asset objects unloaded after import = 0
========================================================================
Received Import Request.
  Time of request: 2026-08-27T05:11:08.305628Z
  Time since last request: 0.000156875 seconds.
  importAddress: GUID: ec4b2559effa72e42a09339d71efef3d - Path: Packages/com.unity.ugui/Tests/Editor/TMP/FontEngineTests.cs - Importer: ScriptedImporter/UnityEditor.QuickSearchModule:UnityEditor.Search:ASIAI0B
Importing 'GUID: ec4b2559effa72e42a09339d71efef3d - Path: Packages/com.unity.ugui/Tests/Editor/TMP/FontEngineTests.cs - Importer: ScriptedImporter/UnityEditor.QuickSearchModule:UnityEditor.Search:ASIAI0B' with importer (ScriptedImporter : UnityEditor.QuickSearchModule:UnityEditor.Search:ASIAI0B)
Imported 'GUID: ec4b2559effa72e42a09339d71efef3d' -> (Import Result ID: '4f6bf99bd3dc5a748940f69e4d10f8ee') in 0.001 seconds [static and dynamic dependencies]. Details - ImportResultOutputID=1af2c68bf725c4f45e7f39fab09bc114 DependenciesID=da7df056eaae7f5719f973771f23a37c StaticDependenciesID=85cbf1e943dfcf79382d40d2ebb376a1 
Number of updated asset objects reloaded before import = 0
Number of asset objects unloaded after import = 0
========================================================================
Received Import Request.
  Time of request: 2026-08-27T05:11:08.306422Z
  Time since last request: 0.000177042 seconds.
  importAddress: GUID: 4f231c4fb786f3946a6b90b886c48677 - Path: Packages/com.unity.ugui/Runtime/UGUI/EventSystem/InputModules/StandaloneInputModule.cs - Importer: ScriptedImporter/UnityEditor.QuickSearchModule:UnityEditor.Search:ASIAI0B
Importing 'GUID: 4f231c4fb786f3946a6b90b886c48677 - Path: Packages/com.unity.ugui/Runtime/UGUI/EventSystem/InputModules/StandaloneInputModule.cs - Importer: ScriptedImporter/UnityEditor.QuickSearchModule:UnityEditor.Search:ASIAI0B' with importer (ScriptedImporter : UnityEditor.QuickSearchModule:UnityEditor.Search:ASIAI0B)
Imported 'GUID: 4f231c4fb786f3946a6b90b886c48677' -> (Import Result ID: '3bf65ea85c1fc7034d6d30c73f425511') in 0.001 seconds [static and dynamic dependencies]. Details - ImportResultOutputID=0493fb5669889a3268a0dbb204710315 DependenciesID=92949821a72ebc3fccc85922aecc6c3a StaticDependenciesID=77a992c41f863a2fd0764e4aaedb3ef8 
Number of updated asset objects reloaded before import = 0
Number of asset objects unloaded after import = 0
========================================================================
Received Import Request.
  Time of request: 2026-08-27T05:11:08.30716Z
  Time since last request: 0.000122333 seconds.
  importAddress: GUID: d199490a83bb2b844b9695cbf13b01ef - Path: Packages/com.unity.ugui/Runtime/UGUI/UI/Core/InputField.cs - Importer: ScriptedImporter/UnityEditor.QuickSearchModule:UnityEditor.Search:ASIAI0B
Importing 'GUID: d199490a83bb2b844b9695cbf13b01ef - Path: Packages/com.unity.ugui/Runtime/UGUI/UI/Core/InputField.cs - Importer: ScriptedImporter/UnityEditor.QuickSearchModule:UnityEditor.Search:ASIAI0B' with importer (ScriptedImporter : UnityEditor.QuickSearchModule:UnityEditor.Search:ASIAI0B)
Imported 'GUID: d199490a83bb2b844b9695cbf13b01ef' -> (Import Result ID: '45f42966cd342019662d43923f6e3c7d') in 0.000 seconds [static and dynamic dependencies]. Details - ImportResultOutputID=43b3a4b55b1540b9d1271457d6617373 DependenciesID=6fa9be9b8ccfab3fd8f2c7e81b60255a StaticDependenciesID=80e7f06772410905318ccf3be198ae85 
Number of updated asset objects reloaded before import = 0
Number of asset objects unloaded after import = 0
========================================================================
Received Import Request.
  Time of request: 2026-08-27T05:11:08.307774Z
  Time since last request: 0.00011925 seconds.
  importAddress: GUID: 592f7288ed0df2c4b884e2cd9baac023 - Path: Packages/com.unity.ugui/Tests/Editor/TMP/TMP_EditorTests.cs - Importer: ScriptedImporter/UnityEditor.QuickSearchModule:UnityEditor.Search:ASIAI0B
Importing 'GUID: 592f7288ed0df2c4b884e2cd9baac023 - Path: Packages/com.unity.ugui/Tests/Editor/TMP/TMP_EditorTests.cs - Importer: ScriptedImporter/UnityEditor.QuickSearchModule:UnityEditor.Search:ASIAI0B' with importer (ScriptedImporter : UnityEditor.QuickSearchModule:UnityEditor.Search:ASIAI0B)
Imported 'GUID: 592f7288ed0df2c4b884e2cd9baac023' -> (Import Result ID: '7d7d3514b959e0e076ea3b0f1ddd5ac1') in 0.000 seconds [static and dynamic dependencies]. Details - ImportResultOutputID=d80505052e2ffaf739d97b144b712844 DependenciesID=677e07eae8557bd4325f238aa9d7ced8 StaticDependenciesID=bd36cf8f7b9278dbffb345c271170eed 
Number of updated asset objects reloaded before import = 0
Number of asset objects unloaded after import = 0
========================================================================
Received Import Request.
  Time of request: 2026-08-27T05:11:08.308352Z
  Time since last request: 0.00010775 seconds.
  importAddress: GUID: 5348cbfcd4f74699b33fe6b43747a016 - Path: Packages/com.unity.ugui/Tests/Runtime/TMP/TMP_CanvasTests.cs - Importer: ScriptedImporter/UnityEditor.QuickSearchModule:UnityEditor.Search:ASIAI0B
Importing 'GUID: 5348cbfcd4f74699b33fe6b43747a016 - Path: Packages/com.unity.ugui/Tests/Runtime/TMP/TMP_CanvasTests.cs - Importer: ScriptedImporter/UnityEditor.QuickSearchModule:UnityEditor.Search:ASIAI0B' with importer (ScriptedImporter : UnityEditor.QuickSearchModule:UnityEditor.Search:ASIAI0B)
Imported 'GUID: 5348cbfcd4f74699b33fe6b43747a016' -> (Import Result ID: '3de859f8816f6bd1ad65431ad4b0851f') in 0.000 seconds [static and dynamic dependencies]. Details - ImportResultOutputID=5f308fd9f81d3b92b2f97d009d58acf2 DependenciesID=246663d3dd682a546a6bb055b4070499 StaticDependenciesID=5ae67dbfa637d6795ed666bdf99d24c5 
Number of updated asset objects reloaded before import = 0
Number of asset objects unloaded after import = 0
========================================================================
Received Import Request.
  Time of request: 2026-08-27T05:11:08.308906Z
  Time since last request: 0.000122166 seconds.
  importAddress: GUID: 91f495459b6e34f419ac123740d798b1 - Path: Packages/com.unity.ugui/Runtime/UGUI/EventSystem/EventData/BaseEventData.cs - Importer: ScriptedImporter/UnityEditor.QuickSearchModule:UnityEditor.Search:ASIAI0B
Importing 'GUID: 91f495459b6e34f419ac123740d798b1 - Path: Packages/com.unity.ugui/Runtime/UGUI/EventSystem/EventData/BaseEventData.cs - Importer: ScriptedImporter/UnityEditor.QuickSearchModule:UnityEditor.Search:ASIAI0B' with importer (ScriptedImporter : UnityEditor.QuickSearchModule:UnityEditor.Search:ASIAI0B)
Imported 'GUID: 91f495459b6e34f419ac123740d798b1' -> (Import Result ID: 'fa2191ee86d07a22456d010214650f6f') in 0.001 seconds [static and dynamic dependencies]. Details - ImportResultOutputID=476dfb7799865fb59b7eb6c158fda34f DependenciesID=4e598230844728d929ab3d3372467807 StaticDependenciesID=631605fa409ae4235b9b3471d11f6295 
Number of updated asset objects reloaded before import = 0
Number of asset objects unloaded after import = 0
========================================================================
Received Import Request.
  Time of request: 2026-08-27T05:11:08.309662Z
  Time since last request: 0.000191208 seconds.
  importAddress: GUID: 656e461844099ae43a609ff6109b0877 - Path: Packages/com.unity.ugui/Tests/Editor/TMP/Unity.TextMeshPro.Editor.Tests.asmdef - Importer: ScriptedImporter/UnityEditor.QuickSearchModule:UnityEditor.Search:ASIAI0B
Importing 'GUID: 656e461844099ae43a609ff6109b0877 - Path: Packages/com.unity.ugui/Tests/Editor/TMP/Unity.TextMeshPro.Editor.Tests.asmdef - Importer: ScriptedImporter/UnityEditor.QuickSearchModule:UnityEditor.Search:ASIAI0B' with importer (ScriptedImporter : UnityEditor.QuickSearchModule:UnityEditor.Search:ASIAI0B)
Imported 'GUID: 656e461844099ae43a609ff6109b0877' -> (Import Result ID: 'a0e677f8efde55cb7acc165f50a029ec') in 0.001 seconds [static and dynamic dependencies]. Details - ImportResultOutputID=1aca65ebf59de88bdf85b064210a60cb DependenciesID=7eba8418aa7679c9481065a5a37d0ecd StaticDependenciesID=7dc65bf4a723f30832a853483d1e10d1 
Number of updated asset objects reloaded before import = 0
Number of asset objects unloaded after import = 1
========================================================================
Received Import Request.
  Time of request: 2026-08-27T05:11:08.31045Z
  Time since last request: 0.000152584 seconds.
  importAddress: GUID: 7c04f0dfa9243c04681a55d90d3ff3fc - Path: Packages/com.unity.ugui/Tests/Editor/UGUI/UnityEditor.UI.EditorTests.asmdef - Importer: ScriptedImporter/UnityEditor.QuickSearchModule:UnityEditor.Search:ASIAI0B
Importing 'GUID: 7c04f0dfa9243c04681a55d90d3ff3fc - Path: Packages/com.unity.ugui/Tests/Editor/UGUI/UnityEditor.UI.EditorTests.asmdef - Importer: ScriptedImporter/UnityEditor.QuickSearchModule:UnityEditor.Search:ASIAI0B' with importer (ScriptedImporter : UnityEditor.QuickSearchModule:UnityEditor.Search:ASIAI0B)
Imported 'GUID: 7c04f0dfa9243c04681a55d90d3ff3fc' -> (Import Result ID: 'd4cfd99bac6a0b02d6e79214f1171ec4') in 0.001 seconds [static and dynamic dependencies]. Details - ImportResultOutputID=9ed115e534fb3af5ce6695b950965d4d DependenciesID=ecf1ad307ccd3509d96e51b1a430a1e9 StaticDependenciesID=d9482154ff24d1693b65adf23ad2b129 
Number of updated asset objects reloaded before import = 0
Number of asset objects unloaded after import = 1
========================================================================
Received Import Request.
  Time of request: 2026-08-27T05:11:08.311348Z
  Time since last request: 0.00014675 seconds.
  importAddress: GUID: 445cdcfc747eba94288b97f5869aa2fb - Path: Packages/com.unity.ugui/Runtime/UGUI/UI/Core/GraphicRebuildTracker.cs - Importer: ScriptedImporter/UnityEditor.QuickSearchModule:UnityEditor.Search:ASIAI0B
Importing 'GUID: 445cdcfc747eba94288b97f5869aa2fb - Path: Packages/com.unity.ugui/Runtime/UGUI/UI/Core/GraphicRebuildTracker.cs - Importer: ScriptedImporter/UnityEditor.QuickSearchModule:UnityEditor.Search:ASIAI0B' with importer (ScriptedImporter : UnityEditor.QuickSearchModule:UnityEditor.Search:ASIAI0B)
Imported 'GUID: 445cdcfc747eba94288b97f5869aa2fb' -> (Import Result ID: '216ae93dfd8304bfacfb2b3e786fd66b') in 0.001 seconds [static and dynamic dependencies]. Details - ImportResultOutputID=21d57186f728a1d06bde021081262058 DependenciesID=3e0778afda3d95bd703744794c7517a0 StaticDependenciesID=9483a91d55d29c1ca0da228fc36a42e1 
Number of updated asset objects reloaded before import = 0
Number of asset objects unloaded after import = 0
========================================================================
Received Import Request.
  Time of request: 2026-08-27T05:11:08.312038Z
  Time since last request: 0.000125333 seconds.
  importAddress: GUID: a6238e9452bfc704f82ff36791fe1a45 - Path: Packages/com.unity.ugui/Runtime/UGUI/UI/Core/Graphic.cs - Importer: ScriptedImporter/UnityEditor.QuickSearchModule:UnityEditor.Search:ASIAI0B
Importing 'GUID: a6238e9452bfc704f82ff36791fe1a45 - Path: Packages/com.unity.ugui/Runtime/UGUI/UI/Core/Graphic.cs - Importer: ScriptedImporter/UnityEditor.QuickSearchModule:UnityEditor.Search:ASIAI0B' with importer (ScriptedImporter : UnityEditor.QuickSearchModule:UnityEditor.Search:ASIAI0B)
Imported 'GUID: a6238e9452bfc704f82ff36791fe1a45' -> (Import Result ID: 'e96e8116345caedb1586e9a83c5dba44') in 0.001 seconds [static and dynamic dependencies]. Details - ImportResultOutputID=1935a57d072f6a174aab001a8599a4c0 DependenciesID=8e0d2c7ff3e94177c9fe5cba6b9db139 StaticDependenciesID=bb7c1922013923fe4ef79536fd45747b 
Number of updated asset objects reloaded before import = 0
Number of asset objects unloaded after import = 0
========================================================================
Received Import Request.
  Time of request: 2026-08-27T05:11:08.312826Z
  Time since last request: 0.0002065 seconds.
  importAddress: GUID: 728d2c19676ea3743aaa087aa28c4a16 - Path: Packages/com.unity.ugui/Editor/UGUI/UI/PropertyDrawers/SpriteStateDrawer.cs - Importer: ScriptedImporter/UnityEditor.QuickSearchModule:UnityEditor.Search:ASIAI0B
Importing 'GUID: 728d2c19676ea3743aaa087aa28c4a16 - Path: Packages/com.unity.ugui/Editor/UGUI/UI/PropertyDrawers/SpriteStateDrawer.cs - Importer: ScriptedImporter/UnityEditor.QuickSearchModule:UnityEditor.Search:ASIAI0B' with importer (ScriptedImporter : UnityEditor.QuickSearchModule:UnityEditor.Search:ASIAI0B)
Imported 'GUID: 728d2c19676ea3743aaa087aa28c4a16' -> (Import Result ID: '76f5e63bc9845e00867301e9f8607225') in 0.001 seconds [static and dynamic dependencies]. Details - ImportResultOutputID=86bddf4c6d9177f2998955ac40e439ca DependenciesID=c3f3448502e4e59ac161a0cf156cd488 StaticDependenciesID=e5b2bc1fa0e2e5fe97bd7683cec07b38 
Number of updated asset objects reloaded before import = 0
Number of asset objects unloaded after import = 0
========================================================================
Received Import Request.
  Time of request: 2026-08-27T05:11:08.313597Z
  Time since last request: 0.000190917 seconds.
  importAddress: GUID: 39ab466162988eb4f83443f911bbf5c8 - Path: Packages/com.unity.ugui/Runtime/UGUI/UI/Core/FontUpdateTracker.cs - Importer: ScriptedImporter/UnityEditor.QuickSearchModule:UnityEditor.Search:ASIAI0B
Importing 'GUID: 39ab466162988eb4f83443f911bbf5c8 - Path: Packages/com.unity.ugui/Runtime/UGUI/UI/Core/FontUpdateTracker.cs - Importer: ScriptedImporter/UnityEditor.QuickSearchModule:UnityEditor.Search:ASIAI0B' with importer (ScriptedImporter : UnityEditor.QuickSearchModule:UnityEditor.Search:ASIAI0B)
Imported 'GUID: 39ab466162988eb4f83443f911bbf5c8' -> (Import Result ID: 'fc0323544f8e2eabe7f00142406a9ea1') in 0.001 seconds [static and dynamic dependencies]. Details - ImportResultOutputID=072f9c2e327b42ac87ad3cda6a61beab DependenciesID=98923f23954b12e1ea3a2fca52413eec StaticDependenciesID=718715ee5a302bc4414546078bd32135 
Number of updated asset objects reloaded before import = 0
Number of asset objects unloaded after import = 0
========================================================================
Received Import Request.
  Time of request: 2026-08-27T05:11:08.314395Z
  Time since last request: 0.000178458 seconds.
  importAddress: GUID: 1ea10891dd782154ca0fb67bce9e6f72 - Path: Packages/com.unity.ugui/Runtime/UGUI/EventSystem/InputModules/BaseInputModule.cs - Importer: ScriptedImporter/UnityEditor.QuickSearchModule:UnityEditor.Search:ASIAI0B
Importing 'GUID: 1ea10891dd782154ca0fb67bce9e6f72 - Path: Packages/com.unity.ugui/Runtime/UGUI/EventSystem/InputModules/BaseInputModule.cs - Importer: ScriptedImporter/UnityEditor.QuickSearchModule:UnityEditor.Search:ASIAI0B' with importer (ScriptedImporter : UnityEditor.QuickSearchModule:UnityEditor.Search:ASIAI0B)
Imported 'GUID: 1ea10891dd782154ca0fb67bce9e6f72' -> (Import Result ID: '8a3f87cd485a9df6eee1b4c527cc26cc') in 0.001 seconds [static and dynamic dependencies]. Details - ImportResultOutputID=48f123e39295328fe86a72afcf28cc4b DependenciesID=b92204391fd6132fe8a00b0df3fe9ccf StaticDependenciesID=f81c49be633efa3814688772ace49245 
Number of updated asset objects reloaded before import = 0
Number of asset objects unloaded after import = 0
========================================================================
Received Import Request.
  Time of request: 2026-08-27T05:11:08.315229Z
  Time since last request: 0.000132167 seconds.
  importAddress: GUID: 7be84a49bb2cd7e4a9ed097ba22794d0 - Path: Packages/com.unity.ugui/Runtime/UGUI/UI/Animation/CoroutineTween.cs - Importer: ScriptedImporter/UnityEditor.QuickSearchModule:UnityEditor.Search:ASIAI0B
Importing 'GUID: 7be84a49bb2cd7e4a9ed097ba22794d0 - Path: Packages/com.unity.ugui/Runtime/UGUI/UI/Animation/CoroutineTween.cs - Importer: ScriptedImporter/UnityEditor.QuickSearchModule:UnityEditor.Search:ASIAI0B' with importer (ScriptedImporter : UnityEditor.QuickSearchModule:UnityEditor.Search:ASIAI0B)
Imported 'GUID: 7be84a49bb2cd7e4a9ed097ba22794d0' -> (Import Result ID: '74c653ef9df2507119761ef2e166467a') in 0.001 seconds [static and dynamic dependencies]. Details - ImportResultOutputID=ca3d1c85a57166659af9a96e5dfecc9b DependenciesID=b075bfef18f2c586d74a65c1bd45ceb5 StaticDependenciesID=9eb2741f20c83d41a7fbeeb805b2dc4b 
Number of updated asset objects reloaded before import = 0
Number of asset objects unloaded after import = 0
========================================================================
Received Import Request.
  Time of request: 2026-08-27T05:11:08.316077Z
  Time since last request: 0.000282333 seconds.
  importAddress: GUID: 9de24983a2c6cbe4f925c3e98a79b804 - Path: Packages/com.unity.ugui/Tests/Runtime/TMP/TMP_RuntimeTests.cs - Importer: ScriptedImporter/UnityEditor.QuickSearchModule:UnityEditor.Search:ASIAI0B
Importing 'GUID: 9de24983a2c6cbe4f925c3e98a79b804 - Path: Packages/com.unity.ugui/Tests/Runtime/TMP/TMP_RuntimeTests.cs - Importer: ScriptedImporter/UnityEditor.QuickSearchModule:UnityEditor.Search:ASIAI0B' with importer (ScriptedImporter : UnityEditor.QuickSearchModule:UnityEditor.Search:ASIAI0B)
Imported 'GUID: 9de24983a2c6cbe4f925c3e98a79b804' -> (Import Result ID: 'e797fc16093553aa68a578b27b505fc6') in 0.001 seconds [static and dynamic dependencies]. Details - ImportResultOutputID=6f0d6763da3866fa7a33f60f26539826 DependenciesID=8642ff9fc0d70a9fc1df4f3a07de1db8 StaticDependenciesID=81df776f4573d7e43220152abea1442b 
Number of updated asset objects reloaded before import = 0
Number of asset objects unloaded after import = 0
========================================================================
Received Import Request.
  Time of request: 2026-08-27T05:11:08.317457Z
  Time since last request: 0.000210709 seconds.
  importAddress: GUID: 7d7bd4bcc815cfb44b9990c29dabdb9f - Path: Packages/com.unity.ugui/Runtime/UGUI/Properties/AssemblyInfo.cs - Importer: ScriptedImporter/UnityEditor.QuickSearchModule:UnityEditor.Search:ASIAI0B
Importing 'GUID: 7d7bd4bcc815cfb44b9990c29dabdb9f - Path: Packages/com.unity.ugui/Runtime/UGUI/Properties/AssemblyInfo.cs - Importer: ScriptedImporter/UnityEditor.QuickSearchModule:UnityEditor.Search:ASIAI0B' with importer (ScriptedImporter : UnityEditor.QuickSearchModule:UnityEditor.Search:ASIAI0B)
Imported 'GUID: 7d7bd4bcc815cfb44b9990c29dabdb9f' -> (Import Result ID: '62d4480ccc673f3751f308d3dbb5976f') in 0.001 seconds [static and dynamic dependencies]. Details - ImportResultOutputID=5279ccd20ce8beffde2dd3aa3c3d163c DependenciesID=17f344a07ff1af439114d60259dcd86e StaticDependenciesID=7be9f8931fc658dd8168a7533ea1c912 
Number of updated asset objects reloaded before import = 0
Number of asset objects unloaded after import = 0
========================================================================
Received Import Request.
  Time of request: 2026-08-27T05:11:08.318337Z
  Time since last request: 0.000168709 seconds.
  importAddress: GUID: 1385bc74f3945c943be16ecbb1381063 - Path: Packages/com.unity.ugui/Editor/UGUI/UI/PropertyDrawers/DropdownOptionListDrawer.cs - Importer: ScriptedImporter/UnityEditor.QuickSearchModule:UnityEditor.Search:ASIAI0B
Importing 'GUID: 1385bc74f3945c943be16ecbb1381063 - Path: Packages/com.unity.ugui/Editor/UGUI/UI/PropertyDrawers/DropdownOptionListDrawer.cs - Importer: ScriptedImporter/UnityEditor.QuickSearchModule:UnityEditor.Search:ASIAI0B' with importer (ScriptedImporter : UnityEditor.QuickSearchModule:UnityEditor.Search:ASIAI0B)
Imported 'GUID: 1385bc74f3945c943be16ecbb1381063' -> (Import Result ID: '8905a04ed8dd59f0224064528b1d305e') in 0.001 seconds [static and dynamic dependencies]. Details - ImportResultOutputID=d008002bc9e1f2dbea6f0cf2c627e400 DependenciesID=5d9c0df93b8485420892f7f0f3872b01 StaticDependenciesID=7a209030518f4e100addaa57af6d7edb 
Number of updated asset objects reloaded before import = 0
Number of asset objects unloaded after import = 0
========================================================================
Received Import Request.
  Time of request: 2026-08-27T05:11:08.319255Z
  Time since last request: 0.00015575 seconds.
  importAddress: GUID: 976acc75bfafe594cb01142ba21947be - Path: Packages/com.unity.ugui/Runtime/UGUI/UI/Core/MaskableGraphic.cs - Importer: ScriptedImporter/UnityEditor.QuickSearchModule:UnityEditor.Search:ASIAI0B
Importing 'GUID: 976acc75bfafe594cb01142ba21947be - Path: Packages/com.unity.ugui/Runtime/UGUI/UI/Core/MaskableGraphic.cs - Importer: ScriptedImporter/UnityEditor.QuickSearchModule:UnityEditor.Search:ASIAI0B' with importer (ScriptedImporter : UnityEditor.QuickSearchModule:UnityEditor.Search:ASIAI0B)
Imported 'GUID: 976acc75bfafe594cb01142ba21947be' -> (Import Result ID: '46fb2341018bb7284cb25eb8ffad4f86') in 0.001 seconds [static and dynamic dependencies]. Details - ImportResultOutputID=104d3ea6932a5c265d9c13f3ab197d58 DependenciesID=3ab0cea745e78e93dbbb4b2baaaf1771 StaticDependenciesID=ccc3d216738e55d9f4539576edb919b1 
Number of updated asset objects reloaded before import = 0
Number of asset objects unloaded after import = 0
========================================================================
Received Import Request.
  Time of request: 2026-08-27T05:11:08.320039Z
  Time since last request: 0.000123875 seconds.
  importAddress: GUID: 83088ba2132cbc940b7ca0c679a02b0d - Path: Packages/com.unity.ugui/Runtime/UGUI/UI/Core/ColorBlock.cs - Importer: ScriptedImporter/UnityEditor.QuickSearchModule:UnityEditor.Search:ASIAI0B
Importing 'GUID: 83088ba2132cbc940b7ca0c679a02b0d - Path: Packages/com.unity.ugui/Runtime/UGUI/UI/Core/ColorBlock.cs - Importer: ScriptedImporter/UnityEditor.QuickSearchModule:UnityEditor.Search:ASIAI0B' with importer (ScriptedImporter : UnityEditor.QuickSearchModule:UnityEditor.Search:ASIAI0B)
Imported 'GUID: 83088ba2132cbc940b7ca0c679a02b0d' -> (Import Result ID: '2bccad5b4ac6bfa563e423b9ae8bc616') in 0.000 seconds [static and dynamic dependencies]. Details - ImportResultOutputID=a3ea734ef71067cf45a582c32570e9a6 DependenciesID=94cab78e5ea057356a8e3a418133f5df StaticDependenciesID=01446f0e466c2afbe6d4285919497eda 
Number of updated asset objects reloaded before import = 0
Number of asset objects unloaded after import = 0
========================================================================
Received Import Request.
  Time of request: 2026-08-27T05:11:08.320664Z
  Time since last request: 0.000115625 seconds.
  importAddress: GUID: c49b4cc203aa6414fae5c798d1d0e7d6 - Path: Packages/com.unity.ugui/Runtime/UGUI/EventSystem/Raycasters/PhysicsRaycaster.cs - Importer: ScriptedImporter/UnityEditor.QuickSearchModule:UnityEditor.Search:ASIAI0B
Importing 'GUID: c49b4cc203aa6414fae5c798d1d0e7d6 - Path: Packages/com.unity.ugui/Runtime/UGUI/EventSystem/Raycasters/PhysicsRaycaster.cs - Importer: ScriptedImporter/UnityEditor.QuickSearchModule:UnityEditor.Search:ASIAI0B' with importer (ScriptedImporter : UnityEditor.QuickSearchModule:UnityEditor.Search:ASIAI0B)
Imported 'GUID: c49b4cc203aa6414fae5c798d1d0e7d6' -> (Import Result ID: '8a8fb462d8c622ffec52ed69540eced2') in 0.000 seconds [static and dynamic dependencies]. Details - ImportResultOutputID=dfc7f91dbf8341eaa069ada0664e4b24 DependenciesID=2b806ed8686fb07e40dae1093c81c7c0 StaticDependenciesID=156e92a9d1979eed0ce9f7cff11ea9cd 
Number of updated asset objects reloaded before import = 0
Number of asset objects unloaded after import = 0
========================================================================
Received Import Request.
  Time of request: 2026-08-27T05:11:08.321345Z
  Time since last request: 0.000169708 seconds.
  importAddress: GUID: 9353b7d498b954a06ae1228982925d0b - Path: Packages/com.unity.ugui/Runtime/UGUI/UI/Core/RaycastReceiver.cs - Importer: ScriptedImporter/UnityEditor.QuickSearchModule:UnityEditor.Search:ASIAI0B
Importing 'GUID: 9353b7d498b954a06ae1228982925d0b - Path: Packages/com.unity.ugui/Runtime/UGUI/UI/Core/RaycastReceiver.cs - Importer: ScriptedImporter/UnityEditor.QuickSearchModule:UnityEditor.Search:ASIAI0B' with importer (ScriptedImporter : UnityEditor.QuickSearchModule:UnityEditor.Search:ASIAI0B)
Imported 'GUID: 9353b7d498b954a06ae1228982925d0b' -> (Import Result ID: 'f45b086e4101cf888887991e5113df1c') in 0.001 seconds [static and dynamic dependencies]. Details - ImportResultOutputID=dbb6a1994beb927635dc7246181b1268 DependenciesID=445097ae2f9c8952e4fa216bc07f4899 StaticDependenciesID=3d8e7643646f5590b93c3fe89d9f1ea2 
Number of updated asset objects reloaded before import = 0
Number of asset objects unloaded after import = 0
========================================================================
Received Import Request.
  Time of request: 2026-08-27T05:11:08.322264Z
  Time since last request: 0.0002795 seconds.
  importAddress: GUID: 7a79c4e23d4d4b64bfa5fa9e6671a460 - Path: Packages/com.unity.ugui/Runtime/UGUI/EventSystem/UIElements/PanelRaycaster.cs - Importer: ScriptedImporter/UnityEditor.QuickSearchModule:UnityEditor.Search:ASIAI0B
Importing 'GUID: 7a79c4e23d4d4b64bfa5fa9e6671a460 - Path: Packages/com.unity.ugui/Runtime/UGUI/EventSystem/UIElements/PanelRaycaster.cs - Importer: ScriptedImporter/UnityEditor.QuickSearchModule:UnityEditor.Search:ASIAI0B' with importer (ScriptedImporter : UnityEditor.QuickSearchModule:UnityEditor.Search:ASIAI0B)
Imported 'GUID: 7a79c4e23d4d4b64bfa5fa9e6671a460' -> (Import Result ID: '628c082cd56da2e041c40d4116ce0d49') in 0.001 seconds [static and dynamic dependencies]. Details - ImportResultOutputID=91356145e24487d7236773592fc41272 DependenciesID=ccd00a13a8d7f394851a86ad6869ff25 StaticDependenciesID=16b10a194363d06bc2354233e2523363 
Number of updated asset objects reloaded before import = 0
Number of asset objects unloaded after import = 0
========================================================================
Received Import Request.
  Time of request: 2026-08-27T05:11:08.323023Z
  Time since last request: 0.000135166 seconds.
  importAddress: GUID: 13cd966480ec3354bb318ee1aeccff6f - Path: Packages/com.unity.ugui/Runtime/UGUI/UI/Core/FontData.cs - Importer: ScriptedImporter/UnityEditor.QuickSearchModule:UnityEditor.Search:ASIAI0B
Importing 'GUID: 13cd966480ec3354bb318ee1aeccff6f - Path: Packages/com.unity.ugui/Runtime/UGUI/UI/Core/FontData.cs - Importer: ScriptedImporter/UnityEditor.QuickSearchModule:UnityEditor.Search:ASIAI0B' with importer (ScriptedImporter : UnityEditor.QuickSearchModule:UnityEditor.Search:ASIAI0B)
Imported 'GUID: 13cd966480ec3354bb318ee1aeccff6f' -> (Import Result ID: 'bb6288f13ce29179f7b251234766ca53') in 0.001 seconds [static and dynamic dependencies]. Details - ImportResultOutputID=6b0b43bc6525b7d6fefc67bcf1c682a5 DependenciesID=9633047f414adb41aa62bc595b76fbbf StaticDependenciesID=5e687dac638a85431c4f955420340b8d 
Number of updated asset objects reloaded before import = 0
Number of asset objects unloaded after import = 0
========================================================================
Received Import Request.
  Time of request: 2026-08-27T05:11:08.323712Z
  Time since last request: 0.00011675 seconds.
  importAddress: GUID: c67ac6e40bbb6fe47a095b949b609ce0 - Path: Packages/com.unity.ugui/Runtime/UGUI/UI/Core/AnimationTriggers.cs - Importer: ScriptedImporter/UnityEditor.QuickSearchModule:UnityEditor.Search:ASIAI0B
Importing 'GUID: c67ac6e40bbb6fe47a095b949b609ce0 - Path: Packages/com.unity.ugui/Runtime/UGUI/UI/Core/AnimationTriggers.cs - Importer: ScriptedImporter/UnityEditor.QuickSearchModule:UnityEditor.Search:ASIAI0B' with importer (ScriptedImporter : UnityEditor.QuickSearchModule:UnityEditor.Search:ASIAI0B)
Imported 'GUID: c67ac6e40bbb6fe47a095b949b609ce0' -> (Import Result ID: '776a52c2b9546b6c77d645190fc82ce8') in 0.001 seconds [static and dynamic dependencies]. Details - ImportResultOutputID=d78255c122aa6b85c842ba5c3607dc63 DependenciesID=70f964c6d26c7de91ee556d03b4f9658 StaticDependenciesID=21ce01c19f597afccaebeb920c2da269 
Number of updated asset objects reloaded before import = 0
Number of asset objects unloaded after import = 0
========================================================================
Received Import Request.
  Time of request: 2026-08-27T05:11:08.324438Z
  Time since last request: 0.000127125 seconds.
  importAddress: GUID: bb05cab7d802aa5468f8f2f86840d984 - Path: Packages/com.unity.ugui/Tests/Runtime/TMP/Unity.TextMeshPro.Tests.asmdef - Importer: ScriptedImporter/UnityEditor.QuickSearchModule:UnityEditor.Search:ASIAI0B
Importing 'GUID: bb05cab7d802aa5468f8f2f86840d984 - Path: Packages/com.unity.ugui/Tests/Runtime/TMP/Unity.TextMeshPro.Tests.asmdef - Importer: ScriptedImporter/UnityEditor.QuickSearchModule:UnityEditor.Search:ASIAI0B' with importer (ScriptedImporter : UnityEditor.QuickSearchModule:UnityEditor.Search:ASIAI0B)
Imported 'GUID: bb05cab7d802aa5468f8f2f86840d984' -> (Import Result ID: '4350ae1f6fed034d6b6de35bc2363c4c') in 0.001 seconds [static and dynamic dependencies]. Details - ImportResultOutputID=4400f62adb343da5763363b7ea7b29b1 DependenciesID=fac038ec28fbf7c8a8d85576f89a1ac3 StaticDependenciesID=d15a2640510f8e2c33dd3605f256113c 
Number of updated asset objects reloaded before import = 0
Number of asset objects unloaded after import = 1
========================================================================
Received Import Request.
  Time of request: 2026-08-27T05:11:08.325368Z
  Time since last request: 0.000134542 seconds.
  importAddress: GUID: 2d49b7c1bcd2e07499844da127be038d - Path: Packages/com.unity.ugui/Runtime/UGUI/EventSystem/InputModules/TouchInputModule.cs - Importer: ScriptedImporter/UnityEditor.QuickSearchModule:UnityEditor.Search:ASIAI0B
Importing 'GUID: 2d49b7c1bcd2e07499844da127be038d - Path: Packages/com.unity.ugui/Runtime/UGUI/EventSystem/InputModules/TouchInputModule.cs - Importer: ScriptedImporter/UnityEditor.QuickSearchModule:UnityEditor.Search:ASIAI0B' with importer (ScriptedImporter : UnityEditor.QuickSearchModule:UnityEditor.Search:ASIAI0B)
Imported 'GUID: 2d49b7c1bcd2e07499844da127be038d' -> (Import Result ID: 'c9183f3a555b5a129cb8191d5e5a8cc6') in 0.001 seconds [static and dynamic dependencies]. Details - ImportResultOutputID=d2dd2ed32340afe46a3a1a8cdaa3bd57 DependenciesID=3eba6b59fec21a00702645922ede0d60 StaticDependenciesID=4854f96a2d318bae08cb8b7bfc857cac 
Number of updated asset objects reloaded before import = 0
Number of asset objects unloaded after import = 0
========================================================================
Received Import Request.
  Time of request: 2026-08-27T05:11:08.32627Z
  Time since last request: 0.000253916 seconds.
  importAddress: GUID: 5c221dffa89042038c946376c731c918 - Path: Packages/com.unity.ugui/Tests/Editor/TMP/TMP_ControlTests.cs - Importer: ScriptedImporter/UnityEditor.QuickSearchModule:UnityEditor.Search:ASIAI0B
Importing 'GUID: 5c221dffa89042038c946376c731c918 - Path: Packages/com.unity.ugui/Tests/Editor/TMP/TMP_ControlTests.cs - Importer: ScriptedImporter/UnityEditor.QuickSearchModule:UnityEditor.Search:ASIAI0B' with importer (ScriptedImporter : UnityEditor.QuickSearchModule:UnityEditor.Search:ASIAI0B)
Imported 'GUID: 5c221dffa89042038c946376c731c918' -> (Import Result ID: '9ed1d74af2e7cc518b8d1133ee07009f') in 0.001 seconds [static and dynamic dependencies]. Details - ImportResultOutputID=a44a0ef51f4597e7183fe91c2ea6fbc3 DependenciesID=107f9bc9e8c97c99d21fb32daae2224d StaticDependenciesID=f9e0c98393c2b23b3b87307a30724228 
Number of updated asset objects reloaded before import = 0
Number of asset objects unloaded after import = 0
========================================================================
Received Import Request.
  Time of request: 2026-08-27T05:11:08.327336Z
  Time since last request: 0.000263709 seconds.
  importAddress: GUID: 393b15da08c88194dbbcacd6ee15a89c - Path: Packages/com.unity.ugui/Tests/Editor/UGUI/TestBehaviourBase.cs - Importer: ScriptedImporter/UnityEditor.QuickSearchModule:UnityEditor.Search:ASIAI0B
Importing 'GUID: 393b15da08c88194dbbcacd6ee15a89c - Path: Packages/com.unity.ugui/Tests/Editor/UGUI/TestBehaviourBase.cs - Importer: ScriptedImporter/UnityEditor.QuickSearchModule:UnityEditor.Search:ASIAI0B' with importer (ScriptedImporter : UnityEditor.QuickSearchModule:UnityEditor.Search:ASIAI0B)
Imported 'GUID: 393b15da08c88194dbbcacd6ee15a89c' -> (Import Result ID: '65112e34ba41d1e0361f2c57de96eebb') in 0.001 seconds [static and dynamic dependencies]. Details - ImportResultOutputID=87a81a5f6c8743f27c4612eaef689459 DependenciesID=ac28f48d27633902ac616f2038cd3686 StaticDependenciesID=46b5dc98c2ab5d3e0f0e6714cb8c5c5e 
Number of updated asset objects reloaded before import = 0
Number of asset objects unloaded after import = 0
========================================================================
Received Import Request.
  Time of request: 2026-08-27T05:11:08.333947Z
  Time since last request: 0.005739291 seconds.
  importAddress: GUID: 4402dcee6e9969549bf5b33f11533208 - Path: Packages/com.unity.ugui/Tests/Editor/UGUI/RectMask2D/RectMask2DCulling.cs - Importer: ScriptedImporter/UnityEditor.QuickSearchModule:UnityEditor.Search:ASIAI0B
Importing 'GUID: 4402dcee6e9969549bf5b33f11533208 - Path: Packages/com.unity.ugui/Tests/Editor/UGUI/RectMask2D/RectMask2DCulling.cs - Importer: ScriptedImporter/UnityEditor.QuickSearchModule:UnityEditor.Search:ASIAI0B' with importer (ScriptedImporter : UnityEditor.QuickSearchModule:UnityEditor.Search:ASIAI0B)
Imported 'GUID: 4402dcee6e9969549bf5b33f11533208' -> (Import Result ID: '141890bf7055364133ed00ffbc800bfb') in 0.001 seconds [static and dynamic dependencies]. Details - ImportResultOutputID=b02a25f8275fc311d9847a2dc88bb817 DependenciesID=edcee22898df8dba4b0770c6ee0ad090 StaticDependenciesID=3ba1efb29753ab4c36fbcebe37c57504 
Number of updated asset objects reloaded before import = 0
Number of asset objects unloaded after import = 0
========================================================================
Received Import Request.
  Time of request: 2026-08-27T05:11:08.335051Z
  Time since last request: 0.000235 seconds.
  importAddress: GUID: 69ae55f76840b2849ba56cfb53a17df0 - Path: Packages/com.unity.ugui/Runtime/UGUI/UI/Core/StencilMaterial.cs - Importer: ScriptedImporter/UnityEditor.QuickSearchModule:UnityEditor.Search:ASIAI0B
Importing 'GUID: 69ae55f76840b2849ba56cfb53a17df0 - Path: Packages/com.unity.ugui/Runtime/UGUI/UI/Core/StencilMaterial.cs - Importer: ScriptedImporter/UnityEditor.QuickSearchModule:UnityEditor.Search:ASIAI0B' with importer (ScriptedImporter : UnityEditor.QuickSearchModule:UnityEditor.Search:ASIAI0B)
Imported 'GUID: 69ae55f76840b2849ba56cfb53a17df0' -> (Import Result ID: '0e927a5e07463f495c792e9035f65213') in 0.001 seconds [static and dynamic dependencies]. Details - ImportResultOutputID=5046802d5fd8ae6041c51e170247fcd8 DependenciesID=5edbbab1c8f2dcc3b7a351504a572836 StaticDependenciesID=7a170b91c81dad8b6ee92aa3391db71c 
Number of updated asset objects reloaded before import = 0
Number of asset objects unloaded after import = 0
========================================================================
Received Import Request.
  Time of request: 2026-08-27T05:11:08.335894Z
  Time since last request: 0.000154833 seconds.
  importAddress: GUID: 735d54f21944f834f931716514c87a84 - Path: Packages/com.unity.ugui/Tests/Runtime/UGUI/Canvas/RectMask2DWithNestedCanvasCullsUsingCorrectCanvasRect.cs - Importer: ScriptedImporter/UnityEditor.QuickSearchModule:UnityEditor.Search:ASIAI0B
Importing 'GUID: 735d54f21944f834f931716514c87a84 - Path: Packages/com.unity.ugui/Tests/Runtime/UGUI/Canvas/RectMask2DWithNestedCanvasCullsUsingCorrectCanvasRect.cs - Importer: ScriptedImporter/UnityEditor.QuickSearchModule:UnityEditor.Search:ASIAI0B' with importer (ScriptedImporter : UnityEditor.QuickSearchModule:UnityEditor.Search:ASIAI0B)
Imported 'GUID: 735d54f21944f834f931716514c87a84' -> (Import Result ID: 'cb3c59c0b981cdf38fdbf91277069035') in 0.001 seconds [static and dynamic dependencies]. Details - ImportResultOutputID=e7eb84986783e5c3d1c02c303a714726 DependenciesID=2b3d79b3eed769238a10d972cd6b14ba StaticDependenciesID=1fa65abe27d65d3633b23c9a2f9d3a01 
Number of updated asset objects reloaded before import = 0
Number of asset objects unloaded after import = 0
========================================================================
Received Import Request.
  Time of request: 2026-08-27T05:11:08.336854Z
  Time since last request: 0.000162042 seconds.
  importAddress: GUID: 9c21cfda3336137438c3001d40564be0 - Path: Packages/com.unity.ugui/Tests/Runtime/UGUI/Canvas/NoActiveCameraInSceneDoesNotCrashEditor.cs - Importer: ScriptedImporter/UnityEditor.QuickSearchModule:UnityEditor.Search:ASIAI0B
Importing 'GUID: 9c21cfda3336137438c3001d40564be0 - Path: Packages/com.unity.ugui/Tests/Runtime/UGUI/Canvas/NoActiveCameraInSceneDoesNotCrashEditor.cs - Importer: ScriptedImporter/UnityEditor.QuickSearchModule:UnityEditor.Search:ASIAI0B' with importer (ScriptedImporter : UnityEditor.QuickSearchModule:UnityEditor.Search:ASIAI0B)
Imported 'GUID: 9c21cfda3336137438c3001d40564be0' -> (Import Result ID: '009d99f2cf3f6dd76558710997dc13da') in 0.001 seconds [static and dynamic dependencies]. Details - ImportResultOutputID=d3517e88b105875ab22b99cdd775e7ad DependenciesID=07215ed29ae77d9275c7b47e33983c68 StaticDependenciesID=9da3591815552f7ac000fba653bf8018 
Number of updated asset objects reloaded before import = 0
Number of asset objects unloaded after import = 0
========================================================================
Received Import Request.
  Time of request: 2026-08-27T05:11:08.337575Z
  Time since last request: 0.000160791 seconds.
  importAddress: GUID: 08a8587e5f07fb64f88a0cbe2ebe327e - Path: Packages/com.unity.ugui/Tests/Runtime/UGUI/Canvas/RectangleContainsScreenPointTest.cs - Importer: ScriptedImporter/UnityEditor.QuickSearchModule:UnityEditor.Search:ASIAI0B
Importing 'GUID: 08a8587e5f07fb64f88a0cbe2ebe327e - Path: Packages/com.unity.ugui/Tests/Runtime/UGUI/Canvas/RectangleContainsScreenPointTest.cs - Importer: ScriptedImporter/UnityEditor.QuickSearchModule:UnityEditor.Search:ASIAI0B' with importer (ScriptedImporter : UnityEditor.QuickSearchModule:UnityEditor.Search:ASIAI0B)
Imported 'GUID: 08a8587e5f07fb64f88a0cbe2ebe327e' -> (Import Result ID: '00857fad7f864b18bae474a3e86294fd') in 0.001 seconds [static and dynamic dependencies]. Details - ImportResultOutputID=ec375238c1b7243ae0cca55d3bda9fb5 DependenciesID=f3cb48201edb508aad81e6200b6bb1f4 StaticDependenciesID=1dd1b9920a4768eba93a6136f9b99952 
Number of updated asset objects reloaded before import = 0
Number of asset objects unloaded after import = 0
========================================================================
Received Import Request.
  Time of request: 2026-08-27T05:11:08.338453Z
  Time since last request: 0.000191958 seconds.
  importAddress: GUID: 811d999912a5f3f459a637aad029fbc8 - Path: Packages/com.unity.ugui/Tests/Runtime/UGUI/Canvas/RectTransformValidAfterEnable.cs - Importer: ScriptedImporter/UnityEditor.QuickSearchModule:UnityEditor.Search:ASIAI0B
Importing 'GUID: 811d999912a5f3f459a637aad029fbc8 - Path: Packages/com.unity.ugui/Tests/Runtime/UGUI/Canvas/RectTransformValidAfterEnable.cs - Importer: ScriptedImporter/UnityEditor.QuickSearchModule:UnityEditor.Search:ASIAI0B' with importer (ScriptedImporter : UnityEditor.QuickSearchModule:UnityEditor.Search:ASIAI0B)
Imported 'GUID: 811d999912a5f3f459a637aad029fbc8' -> (Import Result ID: '90b8507ed3af09b0efe16b28507d858e') in 0.001 seconds [static and dynamic dependencies]. Details - ImportResultOutputID=866dc516a1eaadb154d030efecc27c15 DependenciesID=ffe1c20f1ea8a42b96302275882d25f8 StaticDependenciesID=279d3401a6dbe8b52df9332a100e8a91 
Number of updated asset objects reloaded before import = 0
Number of asset objects unloaded after import = 0
========================================================================
Received Import Request.
  Time of request: 2026-08-27T05:11:08.339339Z
  Time since last request: 0.000160959 seconds.
  importAddress: GUID: d4dbe29df1b294c4f8f0a2fb529d19fd - Path: Packages/com.unity.ugui/Tests/Runtime/UGUI/Canvas/CanvasResizeCorrectlyForRenderTexture.cs - Importer: ScriptedImporter/UnityEditor.QuickSearchModule:UnityEditor.Search:ASIAI0B
Importing 'GUID: d4dbe29df1b294c4f8f0a2fb529d19fd - Path: Packages/com.unity.ugui/Tests/Runtime/UGUI/Canvas/CanvasResizeCorrectlyForRenderTexture.cs - Importer: ScriptedImporter/UnityEditor.QuickSearchModule:UnityEditor.Search:ASIAI0B' with importer (ScriptedImporter : UnityEditor.QuickSearchModule:UnityEditor.Search:ASIAI0B)
Imported 'GUID: d4dbe29df1b294c4f8f0a2fb529d19fd' -> (Import Result ID: '10eb3203279cb00ed8549de85e2f4fda') in 0.001 seconds [static and dynamic dependencies]. Details - ImportResultOutputID=aaf889ad59db277cb8b58914bef0ff7e DependenciesID=f81629707a32c58eba157d2f83a9ecc7 StaticDependenciesID=8b4cc760bbc2ffd6cb248840db7cfc6d 
Number of updated asset objects reloaded before import = 0
Number of asset objects unloaded after import = 0
========================================================================
Received Import Request.
  Time of request: 2026-08-27T05:11:08.340088Z
  Time since last request: 0.000121875 seconds.
  importAddress: GUID: c825bad77a42dd341a8f0a5ef9cd5f4c - Path: Packages/com.unity.ugui/Tests/Editor/UGUI/CanvasRenderer/ChangingHierarchyOfCanvasRenderer.cs - Importer: ScriptedImporter/UnityEditor.QuickSearchModule:UnityEditor.Search:ASIAI0B
Importing 'GUID: c825bad77a42dd341a8f0a5ef9cd5f4c - Path: Packages/com.unity.ugui/Tests/Editor/UGUI/CanvasRenderer/ChangingHierarchyOfCanvasRenderer.cs - Importer: ScriptedImporter/UnityEditor.QuickSearchModule:UnityEditor.Search:ASIAI0B' with importer (ScriptedImporter : UnityEditor.QuickSearchModule:UnityEditor.Search:ASIAI0B)
Imported 'GUID: c825bad77a42dd341a8f0a5ef9cd5f4c' -> (Import Result ID: '4b99be666c885e9d004b1a2854e420cd') in 0.001 seconds [static and dynamic dependencies]. Details - ImportResultOutputID=847876d23a853b345cf2c091b067c782 DependenciesID=15f6c6732a9d05b4f6bd30b302a25524 StaticDependenciesID=63438caedb74a036659815e1e1e4f039 
Number of updated asset objects reloaded before import = 0
Number of asset objects unloaded after import = 0
========================================================================
Received Import Request.
  Time of request: 2026-08-27T05:11:08.341543Z
  Time since last request: 0.000186333 seconds.
  importAddress: GUID: 25b01819c6e1649428db2a9b274cf364 - Path: Packages/com.unity.ugui/Runtime/UGUI/UI/Core/SpriteState.cs - Importer: ScriptedImporter/UnityEditor.QuickSearchModule:UnityEditor.Search:ASIAI0B
Importing 'GUID: 25b01819c6e1649428db2a9b274cf364 - Path: Packages/com.unity.ugui/Runtime/UGUI/UI/Core/SpriteState.cs - Importer: ScriptedImporter/UnityEditor.QuickSearchModule:UnityEditor.Search:ASIAI0B' with importer (ScriptedImporter : UnityEditor.QuickSearchModule:UnityEditor.Search:ASIAI0B)
Imported 'GUID: 25b01819c6e1649428db2a9b274cf364' -> (Import Result ID: '6ae09e91fbc68a8be1b9d67268c8cb12') in 0.001 seconds [static and dynamic dependencies]. Details - ImportResultOutputID=0f23742658cdd5a93794f8a36a8e16d6 DependenciesID=9cc7f068f32f8578305031b3557cf243 StaticDependenciesID=ad85259910246b870f6df0ec17e6ffef 
Number of updated asset objects reloaded before import = 0
Number of asset objects unloaded after import = 0
========================================================================
Received Import Request.
  Time of request: 2026-08-27T05:11:08.342466Z
  Time since last request: 0.000229792 seconds.
  importAddress: GUID: 798968d841703b54bb9d08b1da6bc52f - Path: Packages/com.unity.ugui/Tests/Editor/UGUI/Canvas/RootCanvasTests.cs - Importer: ScriptedImporter/UnityEditor.QuickSearchModule:UnityEditor.Search:ASIAI0B
Importing 'GUID: 798968d841703b54bb9d08b1da6bc52f - Path: Packages/com.unity.ugui/Tests/Editor/UGUI/Canvas/RootCanvasTests.cs - Importer: ScriptedImporter/UnityEditor.QuickSearchModule:UnityEditor.Search:ASIAI0B' with importer (ScriptedImporter : UnityEditor.QuickSearchModule:UnityEditor.Search:ASIAI0B)
Imported 'GUID: 798968d841703b54bb9d08b1da6bc52f' -> (Import Result ID: '0a1b9798e5027eb98c985352d7beace4') in 0.001 seconds [static and dynamic dependencies]. Details - ImportResultOutputID=f3193f8634c0da1eae473eb0325e551f DependenciesID=a7c45f55a50fc7161df18ff33261e2da StaticDependenciesID=e75b6742651ec147c7bf66916e47da2a 
Number of updated asset objects reloaded before import = 0
Number of asset objects unloaded after import = 0
========================================================================
Received Import Request.
  Time of request: 2026-08-27T05:11:08.343284Z
  Time since last request: 0.0002085 seconds.
  importAddress: GUID: 9390296e78291b543b2f4a9761ef8139 - Path: Packages/com.unity.ugui/Tests/Runtime/UGUI/Canvas/CheckMeshColorsAndColors32Match.cs - Importer: ScriptedImporter/UnityEditor.QuickSearchModule:UnityEditor.Search:ASIAI0B
Importing 'GUID: 9390296e78291b543b2f4a9761ef8139 - Path: Packages/com.unity.ugui/Tests/Runtime/UGUI/Canvas/CheckMeshColorsAndColors32Match.cs - Importer: ScriptedImporter/UnityEditor.QuickSearchModule:UnityEditor.Search:ASIAI0B' with importer (ScriptedImporter : UnityEditor.QuickSearchModule:UnityEditor.Search:ASIAI0B)
Imported 'GUID: 9390296e78291b543b2f4a9761ef8139' -> (Import Result ID: '5a749071302ad03984450ed6d3f4773d') in 0.001 seconds [static and dynamic dependencies]. Details - ImportResultOutputID=7560fc62710077b90fb8a4e5acae92c7 DependenciesID=f13fa6892cd1f82b7596d00660f966e4 StaticDependenciesID=db0a05bd1bcf50d940f42da532f37f96 
Number of updated asset objects reloaded before import = 0
Number of asset objects unloaded after import = 0
========================================================================
Received Import Request.
  Time of request: 2026-08-27T05:11:08.344075Z
  Time since last request: 0.000152042 seconds.
  importAddress: GUID: 53ee1d135588bf447a7af7ba2e8709d7 - Path: Packages/com.unity.ugui/Tests/Runtime/UGUI/EventSystem/GraphicRaycasterButtonTests.cs - Importer: ScriptedImporter/UnityEditor.QuickSearchModule:UnityEditor.Search:ASIAI0B
Importing 'GUID: 53ee1d135588bf447a7af7ba2e8709d7 - Path: Packages/com.unity.ugui/Tests/Runtime/UGUI/EventSystem/GraphicRaycasterButtonTests.cs - Importer: ScriptedImporter/UnityEditor.QuickSearchModule:UnityEditor.Search:ASIAI0B' with importer (ScriptedImporter : UnityEditor.QuickSearchModule:UnityEditor.Search:ASIAI0B)
Imported 'GUID: 53ee1d135588bf447a7af7ba2e8709d7' -> (Import Result ID: '31b8097bfb436b7e2c3b3898bb427d57') in 0.001 seconds [static and dynamic dependencies]. Details - ImportResultOutputID=660351bbb995c4f3c8b806f0a59bcb41 DependenciesID=3d110f24081dcac07c4abb1e3b8f55ca StaticDependenciesID=f5a4c137e7fb87c6e05fa74292d3060d 
Number of updated asset objects reloaded before import = 0
Number of asset objects unloaded after import = 0
========================================================================
Received Import Request.
  Time of request: 2026-08-27T05:11:08.3449Z
  Time since last request: 0.000143125 seconds.
  importAddress: GUID: 1aa08ab6e0800fa44ae55d278d1423e3 - Path: Packages/com.unity.ugui/Runtime/UGUI/UI/Core/ScrollRect.cs - Importer: ScriptedImporter/UnityEditor.QuickSearchModule:UnityEditor.Search:ASIAI0B
Importing 'GUID: 1aa08ab6e0800fa44ae55d278d1423e3 - Path: Packages/com.unity.ugui/Runtime/UGUI/UI/Core/ScrollRect.cs - Importer: ScriptedImporter/UnityEditor.QuickSearchModule:UnityEditor.Search:ASIAI0B' with importer (ScriptedImporter : UnityEditor.QuickSearchModule:UnityEditor.Search:ASIAI0B)
Imported 'GUID: 1aa08ab6e0800fa44ae55d278d1423e3' -> (Import Result ID: '3115e415990fac2b0ba8c35309c891b2') in 0.001 seconds [static and dynamic dependencies]. Details - ImportResultOutputID=0ea11f546e6108ecf0755b3b70c36e1c DependenciesID=01d398ec4ddb2f0902992e708b4342b4 StaticDependenciesID=2c7b8076d3f55b5e70286203db0a0507 
Number of updated asset objects reloaded before import = 0
Number of asset objects unloaded after import = 0
========================================================================
Received Import Request.
  Time of request: 2026-08-27T05:11:08.345819Z
  Time since last request: 0.000298291 seconds.
  importAddress: GUID: e4e290d31ab7fb54880746bb8f818e0d - Path: Packages/com.unity.ugui/Tests/Runtime/UGUI/EventSystem/InputModuleTests.cs - Importer: ScriptedImporter/UnityEditor.QuickSearchModule:UnityEditor.Search:ASIAI0B
Importing 'GUID: e4e290d31ab7fb54880746bb8f818e0d - Path: Packages/com.unity.ugui/Tests/Runtime/UGUI/EventSystem/InputModuleTests.cs - Importer: ScriptedImporter/UnityEditor.QuickSearchModule:UnityEditor.Search:ASIAI0B' with importer (ScriptedImporter : UnityEditor.QuickSearchModule:UnityEditor.Search:ASIAI0B)
Imported 'GUID: e4e290d31ab7fb54880746bb8f818e0d' -> (Import Result ID: 'b2128728baea2e0c14306ee8220d83ef') in 0.001 seconds [static and dynamic dependencies]. Details - ImportResultOutputID=82964bdca0f8c19d2f2cfb150184c27a DependenciesID=4bdfc237921e1cbdc399a8ea08fe85c4 StaticDependenciesID=6737f65f415b051ff1254a944739570b 
Number of updated asset objects reloaded before import = 0
Number of asset objects unloaded after import = 0
========================================================================
Received Import Request.
  Time of request: 2026-08-27T05:11:08.346684Z
  Time since last request: 0.000208875 seconds.
  importAddress: GUID: a0bae4ff8f5baf64aad3b92b8aea0603 - Path: Packages/com.unity.ugui/Tests/Runtime/UGUI/Graphic/ImageTests.cs - Importer: ScriptedImporter/UnityEditor.QuickSearchModule:UnityEditor.Search:ASIAI0B
Importing 'GUID: a0bae4ff8f5baf64aad3b92b8aea0603 - Path: Packages/com.unity.ugui/Tests/Runtime/UGUI/Graphic/ImageTests.cs - Importer: ScriptedImporter/UnityEditor.QuickSearchModule:UnityEditor.Search:ASIAI0B' with importer (ScriptedImporter : UnityEditor.QuickSearchModule:UnityEditor.Search:ASIAI0B)
Imported 'GUID: a0bae4ff8f5baf64aad3b92b8aea0603' -> (Import Result ID: '640e82e487ce90fd185904e092ddea5d') in 0.001 seconds [static and dynamic dependencies]. Details - ImportResultOutputID=0c88aef89c4bed669a7a1c5205faaba7 DependenciesID=7a5552248d9c2fd9c361ef9ab95dfa8f StaticDependenciesID=29d92280afa6ab2b7e196c23425cfca9 
Number of updated asset objects reloaded before import = 0
Number of asset objects unloaded after import = 0
========================================================================
Received Import Request.
  Time of request: 2026-08-27T05:11:08.347612Z
  Time since last request: 0.000167666 seconds.
  importAddress: GUID: 4585b5feb801bdb44b0e5eafdd95a3be - Path: Packages/com.unity.ugui/Tests/Editor/UGUI/Canvas/CanvasWidthAssertionErrorWithRectTransform.cs - Importer: ScriptedImporter/UnityEditor.QuickSearchModule:UnityEditor.Search:ASIAI0B
Importing 'GUID: 4585b5feb801bdb44b0e5eafdd95a3be - Path: Packages/com.unity.ugui/Tests/Editor/UGUI/Canvas/CanvasWidthAssertionErrorWithRectTransform.cs - Importer: ScriptedImporter/UnityEditor.QuickSearchModule:UnityEditor.Search:ASIAI0B' with importer (ScriptedImporter : UnityEditor.QuickSearchModule:UnityEditor.Search:ASIAI0B)
Imported 'GUID: 4585b5feb801bdb44b0e5eafdd95a3be' -> (Import Result ID: '2aba92447f41c049a856b61151ab2771') in 0.001 seconds [static and dynamic dependencies]. Details - ImportResultOutputID=e9a2b3187cd7b20bef0638a4010172a6 DependenciesID=11540df6094922229a118db864f0abb1 StaticDependenciesID=11112d60d919c4bc75909cf7b22d77f1 
Number of updated asset objects reloaded before import = 0
Number of asset objects unloaded after import = 0
========================================================================
Received Import Request.
  Time of request: 2026-08-27T05:11:08.348345Z
  Time since last request: 0.000127541 seconds.
  importAddress: GUID: e6323ebef616fee4486ee155cd56d191 - Path: Packages/com.unity.ugui/Tests/Runtime/UGUI/EventSystem/GraphicRaycasterTests.cs - Importer: ScriptedImporter/UnityEditor.QuickSearchModule:UnityEditor.Search:ASIAI0B
Importing 'GUID: e6323ebef616fee4486ee155cd56d191 - Path: Packages/com.unity.ugui/Tests/Runtime/UGUI/EventSystem/GraphicRaycasterTests.cs - Importer: ScriptedImporter/UnityEditor.QuickSearchModule:UnityEditor.Search:ASIAI0B' with importer (ScriptedImporter : UnityEditor.QuickSearchModule:UnityEditor.Search:ASIAI0B)
Imported 'GUID: e6323ebef616fee4486ee155cd56d191' -> (Import Result ID: '108cbe876225dcfac3ef7521ee311911') in 0.000 seconds [static and dynamic dependencies]. Details - ImportResultOutputID=7720601343ffafd1771840631850f10f DependenciesID=0578bc5939ff8cdc1b3d6d72792da69e StaticDependenciesID=a1b1b0bd4f92a7f024dc8a83612ecf11 
Number of updated asset objects reloaded before import = 0
Number of asset objects unloaded after import = 0
========================================================================
Received Import Request.
  Time of request: 2026-08-27T05:11:08.348943Z
  Time since last request: 0.000115667 seconds.
  importAddress: GUID: 35a0d10199de49f4db0128003bfd3bda - Path: Packages/com.unity.ugui/Tests/Editor/UGUI/Canvas/CanvasElementsMaintainValidPositionsWhenCameraOrthoSizeIsZero.cs - Importer: ScriptedImporter/UnityEditor.QuickSearchModule:UnityEditor.Search:ASIAI0B
Importing 'GUID: 35a0d10199de49f4db0128003bfd3bda - Path: Packages/com.unity.ugui/Tests/Editor/UGUI/Canvas/CanvasElementsMaintainValidPositionsWhenCameraOrthoSizeIsZero.cs - Importer: ScriptedImporter/UnityEditor.QuickSearchModule:UnityEditor.Search:ASIAI0B' with importer (ScriptedImporter : UnityEditor.QuickSearchModule:UnityEditor.Search:ASIAI0B)
Imported 'GUID: 35a0d10199de49f4db0128003bfd3bda' -> (Import Result ID: '6bbbdb0b73d67af4d7aabdaef77d1609') in 0.001 seconds [static and dynamic dependencies]. Details - ImportResultOutputID=16df7fcd7b2e18634ad4f926502f7a12 DependenciesID=9737baedab66c8b652f1965097bd56cd StaticDependenciesID=b94f5b725359c6f54eb7d6eb8363b2ac 
Number of updated asset objects reloaded before import = 0
Number of asset objects unloaded after import = 0
========================================================================
Received Import Request.
  Time of request: 2026-08-27T05:11:08.349679Z
  Time since last request: 0.000199875 seconds.
  importAddress: GUID: b611b0a598aeada419afa9737807c598 - Path: Packages/com.unity.ugui/Tests/Runtime/UGUI/Graphic/MaskTests.cs - Importer: ScriptedImporter/UnityEditor.QuickSearchModule:UnityEditor.Search:ASIAI0B
Importing 'GUID: b611b0a598aeada419afa9737807c598 - Path: Packages/com.unity.ugui/Tests/Runtime/UGUI/Graphic/MaskTests.cs - Importer: ScriptedImporter/UnityEditor.QuickSearchModule:UnityEditor.Search:ASIAI0B' with importer (ScriptedImporter : UnityEditor.QuickSearchModule:UnityEditor.Search:ASIAI0B)
Imported 'GUID: b611b0a598aeada419afa9737807c598' -> (Import Result ID: 'd2ddff3cf175815c325ce696ee0642e4') in 0.001 seconds [static and dynamic dependencies]. Details - ImportResultOutputID=210c2b679c9487402edcc809d7fc9844 DependenciesID=4b2f30b9737a93f3752ecf82624aa987 StaticDependenciesID=2cd7a3181d271ce52b573a55b8a3ff74 
Number of updated asset objects reloaded before import = 0
Number of asset objects unloaded after import = 0
========================================================================
Received Import Request.
  Time of request: 2026-08-27T05:11:08.350459Z
  Time since last request: 0.000210167 seconds.
  importAddress: GUID: 39dcddcb5895328489c92214aa73e3bb - Path: Packages/com.unity.ugui/Tests/Runtime/UGUI/EventSystem/SelectableTests.cs - Importer: ScriptedImporter/UnityEditor.QuickSearchModule:UnityEditor.Search:ASIAI0B
Importing 'GUID: 39dcddcb5895328489c92214aa73e3bb - Path: Packages/com.unity.ugui/Tests/Runtime/UGUI/EventSystem/SelectableTests.cs - Importer: ScriptedImporter/UnityEditor.QuickSearchModule:UnityEditor.Search:ASIAI0B' with importer (ScriptedImporter : UnityEditor.QuickSearchModule:UnityEditor.Search:ASIAI0B)
Imported 'GUID: 39dcddcb5895328489c92214aa73e3bb' -> (Import Result ID: 'e9b4ece4ccac12744c6b3b04b464c456') in 0.001 seconds [static and dynamic dependencies]. Details - ImportResultOutputID=644d123f5c8d7b9d7869e34214d7d6cd DependenciesID=6d01d4dc3c7deaeefd8abc28680149b8 StaticDependenciesID=9c3c6d1de45f01fcc62020027948ab15 
Number of updated asset objects reloaded before import = 0
Number of asset objects unloaded after import = 0
========================================================================
Received Import Request.
  Time of request: 2026-08-27T05:11:08.35137Z
  Time since last request: 0.000152917 seconds.
  importAddress: GUID: 03fb1af6e1585964a8d5c2437a191324 - Path: Packages/com.unity.ugui/Tests/Editor/UGUI/EventSystem/InputModuleTests.cs - Importer: ScriptedImporter/UnityEditor.QuickSearchModule:UnityEditor.Search:ASIAI0B
Importing 'GUID: 03fb1af6e1585964a8d5c2437a191324 - Path: Packages/com.unity.ugui/Tests/Editor/UGUI/EventSystem/InputModuleTests.cs - Importer: ScriptedImporter/UnityEditor.QuickSearchModule:UnityEditor.Search:ASIAI0B' with importer (ScriptedImporter : UnityEditor.QuickSearchModule:UnityEditor.Search:ASIAI0B)
Imported 'GUID: 03fb1af6e1585964a8d5c2437a191324' -> (Import Result ID: 'e2595231ada8f93f1076360dd08086f1') in 0.001 seconds [static and dynamic dependencies]. Details - ImportResultOutputID=6bb5506787a2b1990ded02fbc493dd8a DependenciesID=85f80e836e0dc895392d0296df4992e1 StaticDependenciesID=1614a0c05efb2dabc8b4d9c8bf0cb984 
Number of updated asset objects reloaded before import = 0
Number of asset objects unloaded after import = 0
========================================================================
Received Import Request.
  Time of request: 2026-08-27T05:11:08.352116Z
  Time since last request: 0.000146416 seconds.
  importAddress: GUID: 1ef2923b9c5521948a04299da53ae750 - Path: Packages/com.unity.ugui/Tests/Runtime/UGUI/Button/ButtonTests.cs - Importer: ScriptedImporter/UnityEditor.QuickSearchModule:UnityEditor.Search:ASIAI0B
Importing 'GUID: 1ef2923b9c5521948a04299da53ae750 - Path: Packages/com.unity.ugui/Tests/Runtime/UGUI/Button/ButtonTests.cs - Importer: ScriptedImporter/UnityEditor.QuickSearchModule:UnityEditor.Search:ASIAI0B' with importer (ScriptedImporter : UnityEditor.QuickSearchModule:UnityEditor.Search:ASIAI0B)
Imported 'GUID: 1ef2923b9c5521948a04299da53ae750' -> (Import Result ID: 'c4e9b7e1ed9c21beab045fd77574f67c') in 0.000 seconds [static and dynamic dependencies]. Details - ImportResultOutputID=ab75fc158b706cac3fb411ad5a171d63 DependenciesID=4b1c27e3dc83256c35eea0f4d32b1caa StaticDependenciesID=743d4cc9113f00fa90f17f27e812c655 
Number of updated asset objects reloaded before import = 0
Number of asset objects unloaded after import = 0
========================================================================
Received Import Request.
  Time of request: 2026-08-27T05:11:08.352745Z
  Time since last request: 0.000127042 seconds.
  importAddress: GUID: 2aff4fada0516c64a8537a20bfe1b699 - Path: Packages/com.unity.ugui/Tests/Editor/UGUI/EventSystem/InterceptedEventsPreviewTests.cs - Importer: ScriptedImporter/UnityEditor.QuickSearchModule:UnityEditor.Search:ASIAI0B
Importing 'GUID: 2aff4fada0516c64a8537a20bfe1b699 - Path: Packages/com.unity.ugui/Tests/Editor/UGUI/EventSystem/InterceptedEventsPreviewTests.cs - Importer: ScriptedImporter/UnityEditor.QuickSearchModule:UnityEditor.Search:ASIAI0B' with importer (ScriptedImporter : UnityEditor.QuickSearchModule:UnityEditor.Search:ASIAI0B)
Imported 'GUID: 2aff4fada0516c64a8537a20bfe1b699' -> (Import Result ID: 'c5adb0aec2279edd22df27892434c2f6') in 0.000 seconds [static and dynamic dependencies]. Details - ImportResultOutputID=7638d2a4c363fc96cbb0d2c7bd4f14b7 DependenciesID=52ed44d0c9904b012a10660b87c4f73c StaticDependenciesID=8d9a7ad882f95fb0731b5b44c3be9e5a 
Number of updated asset objects reloaded before import = 0
Number of asset objects unloaded after import = 0
========================================================================
Received Import Request.
  Time of request: 2026-08-27T05:11:08.353408Z
  Time since last request: 0.000147042 seconds.
  importAddress: GUID: 3d42c4854f9093e409cd90c00ef26de0 - Path: Packages/com.unity.ugui/Tests/Runtime/UGUI/EventSystem/GraphicRaycasterWorldSpaceCanvasTests.cs - Importer: ScriptedImporter/UnityEditor.QuickSearchModule:UnityEditor.Search:ASIAI0B
Importing 'GUID: 3d42c4854f9093e409cd90c00ef26de0 - Path: Packages/com.unity.ugui/Tests/Runtime/UGUI/EventSystem/GraphicRaycasterWorldSpaceCanvasTests.cs - Importer: ScriptedImporter/UnityEditor.QuickSearchModule:UnityEditor.Search:ASIAI0B' with importer (ScriptedImporter : UnityEditor.QuickSearchModule:UnityEditor.Search:ASIAI0B)
Imported 'GUID: 3d42c4854f9093e409cd90c00ef26de0' -> (Import Result ID: 'd88381cdc4bcafd64c94f8e8d35e1fc6') in 0.001 seconds [static and dynamic dependencies]. Details - ImportResultOutputID=10ff71a6882072bbea281b079315e7a3 DependenciesID=5a597d156af9da15b9e844edc9e98b55 StaticDependenciesID=dd124fa60c9ce0343b0bc7478512fe45 
Number of updated asset objects reloaded before import = 0
Number of asset objects unloaded after import = 0
========================================================================
Received Import Request.
  Time of request: 2026-08-27T05:11:08.354307Z
  Time since last request: 0.000225375 seconds.
  importAddress: GUID: 13d161b14bb3ab74e8a9634e26fb7a5e - Path: Packages/com.unity.ugui/Tests/Runtime/UGUI/Canvas/CanvasScalerWithChildTextObjectDoesNotCrash.cs - Importer: ScriptedImporter/UnityEditor.QuickSearchModule:UnityEditor.Search:ASIAI0B
Importing 'GUID: 13d161b14bb3ab74e8a9634e26fb7a5e - Path: Packages/com.unity.ugui/Tests/Runtime/UGUI/Canvas/CanvasScalerWithChildTextObjectDoesNotCrash.cs - Importer: ScriptedImporter/UnityEditor.QuickSearchModule:UnityEditor.Search:ASIAI0B' with importer (ScriptedImporter : UnityEditor.QuickSearchModule:UnityEditor.Search:ASIAI0B)
Imported 'GUID: 13d161b14bb3ab74e8a9634e26fb7a5e' -> (Import Result ID: '2e56f66b1e485462de64117b8f2d3df8') in 0.001 seconds [static and dynamic dependencies]. Details - ImportResultOutputID=727606e26d9bb9db8b1fb7ef17ae775f DependenciesID=957ab50555190a71dd701ed3db06d72c StaticDependenciesID=94fc4fc30c9422784d1f003b0057e47d 
Number of updated asset objects reloaded before import = 0
Number of asset objects unloaded after import = 0
========================================================================
Received Import Request.
  Time of request: 2026-08-27T05:11:08.355161Z
  Time since last request: 0.000238667 seconds.
  importAddress: GUID: 4b8be68229770db4ea3c78ab0d854325 - Path: Packages/com.unity.ugui/Tests/Editor/UGUI/InputField/CharacterLimitValidation.cs - Importer: ScriptedImporter/UnityEditor.QuickSearchModule:UnityEditor.Search:ASIAI0B
Importing 'GUID: 4b8be68229770db4ea3c78ab0d854325 - Path: Packages/com.unity.ugui/Tests/Editor/UGUI/InputField/CharacterLimitValidation.cs - Importer: ScriptedImporter/UnityEditor.QuickSearchModule:UnityEditor.Search:ASIAI0B' with importer (ScriptedImporter : UnityEditor.QuickSearchModule:UnityEditor.Search:ASIAI0B)
Imported 'GUID: 4b8be68229770db4ea3c78ab0d854325' -> (Import Result ID: '4d391285d0e9907512327831a58b1773') in 0.001 seconds [static and dynamic dependencies]. Details - ImportResultOutputID=7d1d2487c06fa17c203986e0cf0f3c5d DependenciesID=1d159e3c089730d2024d448dc3921048 StaticDependenciesID=d0e10f81b084960ba1559d0016bf2e30 
Number of updated asset objects reloaded before import = 0
Number of asset objects unloaded after import = 0
========================================================================
Received Import Request.
  Time of request: 2026-08-27T05:11:08.355994Z
  Time since last request: 0.000158916 seconds.
  importAddress: GUID: fc8d686a4c18b8d49bb1db4150de0459 - Path: Packages/com.unity.ugui/Tests/Runtime/UGUI/Canvas/NestedCanvas.cs - Importer: ScriptedImporter/UnityEditor.QuickSearchModule:UnityEditor.Search:ASIAI0B
Importing 'GUID: fc8d686a4c18b8d49bb1db4150de0459 - Path: Packages/com.unity.ugui/Tests/Runtime/UGUI/Canvas/NestedCanvas.cs - Importer: ScriptedImporter/UnityEditor.QuickSearchModule:UnityEditor.Search:ASIAI0B' with importer (ScriptedImporter : UnityEditor.QuickSearchModule:UnityEditor.Search:ASIAI0B)
Imported 'GUID: fc8d686a4c18b8d49bb1db4150de0459' -> (Import Result ID: 'f6d9ee87cc78a175f99c1818cfac6650') in 0.001 seconds [static and dynamic dependencies]. Details - ImportResultOutputID=2866f1f1d766cb51cb97f7999e8baef6 DependenciesID=559dbe1979295db067850f3fc1472461 StaticDependenciesID=dab5711c329e80faee3a1c09a5dfaf07 
Number of updated asset objects reloaded before import = 0
Number of asset objects unloaded after import = 0
========================================================================
Received Import Request.
  Time of request: 2026-08-27T05:11:08.356707Z
  Time since last request: 0.000118792 seconds.
  importAddress: GUID: c32df609537c54c46adf92992a673693 - Path: Packages/com.unity.ugui/Tests/Runtime/UGUI/Canvas/SiblingOrderChangesLayout.cs - Importer: ScriptedImporter/UnityEditor.QuickSearchModule:UnityEditor.Search:ASIAI0B
Importing 'GUID: c32df609537c54c46adf92992a673693 - Path: Packages/com.unity.ugui/Tests/Runtime/UGUI/Canvas/SiblingOrderChangesLayout.cs - Importer: ScriptedImporter/UnityEditor.QuickSearchModule:UnityEditor.Search:ASIAI0B' with importer (ScriptedImporter : UnityEditor.QuickSearchModule:UnityEditor.Search:ASIAI0B)
Imported 'GUID: c32df609537c54c46adf92992a673693' -> (Import Result ID: 'a1e6681db8d58b1e7464022cacf93967') in 0.000 seconds [static and dynamic dependencies]. Details - ImportResultOutputID=b8eafb042135fff75d6d8edef94706db DependenciesID=9aac4c1605d6fba095bf2f931a00a9f8 StaticDependenciesID=a61834498256296ad3bc88d7eb32c8e0 
Number of updated asset objects reloaded before import = 0
Number of asset objects unloaded after import = 0
========================================================================
Received Import Request.
  Time of request: 2026-08-27T05:11:08.357354Z
  Time since last request: 0.000129834 seconds.
  importAddress: GUID: 0ca81982e37e893498abf804c12a22c7 - Path: Packages/com.unity.ugui/Tests/Editor/UGUI/Canvas/UISystemProfilerAddMarkerWithNullObjectDoesNotCrash.cs - Importer: ScriptedImporter/UnityEditor.QuickSearchModule:UnityEditor.Search:ASIAI0B
Importing 'GUID: 0ca81982e37e893498abf804c12a22c7 - Path: Packages/com.unity.ugui/Tests/Editor/UGUI/Canvas/UISystemProfilerAddMarkerWithNullObjectDoesNotCrash.cs - Importer: ScriptedImporter/UnityEditor.QuickSearchModule:UnityEditor.Search:ASIAI0B' with importer (ScriptedImporter : UnityEditor.QuickSearchModule:UnityEditor.Search:ASIAI0B)
Imported 'GUID: 0ca81982e37e893498abf804c12a22c7' -> (Import Result ID: '0b80cf982ea5b376b8305640ecd3a57a') in 0.001 seconds [static and dynamic dependencies]. Details - ImportResultOutputID=0fe46d45e0c6a869521e6b48a8e663c7 DependenciesID=cc6a81f6bc08f8da8596ff440f465bcd StaticDependenciesID=7c0730359396658d0de989dcace342d0 
Number of updated asset objects reloaded before import = 0
Number of asset objects unloaded after import = 0
========================================================================
Received Import Request.
  Time of request: 2026-08-27T05:11:08.358912Z
  Time since last request: 0.000269208 seconds.
  importAddress: GUID: 6fb761a492f57d84586a8264df7b3cc0 - Path: Packages/com.unity.ugui/Tests/Runtime/UGUI/EventSystem/Physics2DRaycasterTests.cs - Importer: ScriptedImporter/UnityEditor.QuickSearchModule:UnityEditor.Search:ASIAI0B
Importing 'GUID: 6fb761a492f57d84586a8264df7b3cc0 - Path: Packages/com.unity.ugui/Tests/Runtime/UGUI/EventSystem/Physics2DRaycasterTests.cs - Importer: ScriptedImporter/UnityEditor.QuickSearchModule:UnityEditor.Search:ASIAI0B' with importer (ScriptedImporter : UnityEditor.QuickSearchModule:UnityEditor.Search:ASIAI0B)
Imported 'GUID: 6fb761a492f57d84586a8264df7b3cc0' -> (Import Result ID: '04dbf036997ef4659489817e4fcdd641') in 0.001 seconds [static and dynamic dependencies]. Details - ImportResultOutputID=3feef280176303d9aee5a613100a0ff4 DependenciesID=28e84cf0f173103e7e52df33da2796ed StaticDependenciesID=db20bb6e45d24e92f612e57bd679debf 
Number of updated asset objects reloaded before import = 0
Number of asset objects unloaded after import = 0
========================================================================
Received Import Request.
  Time of request: 2026-08-27T05:11:08.360031Z
  Time since last request: 0.000229542 seconds.
  importAddress: GUID: 4f5ed95515938d14189b094f8654d0bd - Path: Packages/com.unity.ugui/Tests/Runtime/UGUI/Button/TestButton.cs - Importer: ScriptedImporter/UnityEditor.QuickSearchModule:UnityEditor.Search:ASIAI0B
Importing 'GUID: 4f5ed95515938d14189b094f8654d0bd - Path: Packages/com.unity.ugui/Tests/Runtime/UGUI/Button/TestButton.cs - Importer: ScriptedImporter/UnityEditor.QuickSearchModule:UnityEditor.Search:ASIAI0B' with importer (ScriptedImporter : UnityEditor.QuickSearchModule:UnityEditor.Search:ASIAI0B)
Imported 'GUID: 4f5ed95515938d14189b094f8654d0bd' -> (Import Result ID: '8998bdb59cf5e9c69b60d791f07118b6') in 0.001 seconds [static and dynamic dependencies]. Details - ImportResultOutputID=578f751c4f2085fe83a790392a1fcb0c DependenciesID=03381c9fb696eac1435e1ea164a0cd19 StaticDependenciesID=d18e63c06ff6fd1fe465feb385d4e492 
Number of updated asset objects reloaded before import = 0
Number of asset objects unloaded after import = 0
========================================================================
Received Import Request.
  Time of request: 2026-08-27T05:11:08.36081Z
  Time since last request: 0.000197042 seconds.
  importAddress: GUID: 5a2e98b03511c6f43bc645238cd40857 - Path: Packages/com.unity.ugui/Tests/Editor/UGUI/InputField/ContentValidation.cs - Importer: ScriptedImporter/UnityEditor.QuickSearchModule:UnityEditor.Search:ASIAI0B
Importing 'GUID: 5a2e98b03511c6f43bc645238cd40857 - Path: Packages/com.unity.ugui/Tests/Editor/UGUI/InputField/ContentValidation.cs - Importer: ScriptedImporter/UnityEditor.QuickSearchModule:UnityEditor.Search:ASIAI0B' with importer (ScriptedImporter : UnityEditor.QuickSearchModule:UnityEditor.Search:ASIAI0B)
Imported 'GUID: 5a2e98b03511c6f43bc645238cd40857' -> (Import Result ID: '1e8b9428accbff91d79130ad6598c8a1') in 0.001 seconds [static and dynamic dependencies]. Details - ImportResultOutputID=b79773ec54d4745d872822b6ea1fcc74 DependenciesID=8c1f752e1c378a6ecc5d89c8250011d6 StaticDependenciesID=433f91257f744d98804cc7934d7bf2d5 
Number of updated asset objects reloaded before import = 0
Number of asset objects unloaded after import = 0
========================================================================
Received Import Request.
  Time of request: 2026-08-27T05:11:08.361659Z
  Time since last request: 0.000181125 seconds.
  importAddress: GUID: acfa3573efc38c844be021fdaa8cf8a6 - Path: Packages/com.unity.ugui/Tests/Runtime/UGUI/Graphic/RawImageTest.cs - Importer: ScriptedImporter/UnityEditor.QuickSearchModule:UnityEditor.Search:ASIAI0B
Importing 'GUID: acfa3573efc38c844be021fdaa8cf8a6 - Path: Packages/com.unity.ugui/Tests/Runtime/UGUI/Graphic/RawImageTest.cs - Importer: ScriptedImporter/UnityEditor.QuickSearchModule:UnityEditor.Search:ASIAI0B' with importer (ScriptedImporter : UnityEditor.QuickSearchModule:UnityEditor.Search:ASIAI0B)
Imported 'GUID: acfa3573efc38c844be021fdaa8cf8a6' -> (Import Result ID: 'c0713eaf40411682120cdf1860bfb2a2') in 0.001 seconds [static and dynamic dependencies]. Details - ImportResultOutputID=daf1d2b48a9e01908094ddb8f95886dc DependenciesID=8fcc4154b2a9458803e6d716fc9f522c StaticDependenciesID=f73f7bc30a43e2477f2bb41044dac55d 
Number of updated asset objects reloaded before import = 0
Number of asset objects unloaded after import = 0
========================================================================
Received Import Request.
  Time of request: 2026-08-27T05:11:08.362502Z
  Time since last request: 0.000224541 seconds.
  importAddress: GUID: 8573c56c34e616248a3881b2c56280ef - Path: Packages/com.unity.ugui/Tests/Runtime/UGUI/Canvas/CoroutineWorksIfUIObjectIsAttached.cs - Importer: ScriptedImporter/UnityEditor.QuickSearchModule:UnityEditor.Search:ASIAI0B
Importing 'GUID: 8573c56c34e616248a3881b2c56280ef - Path: Packages/com.unity.ugui/Tests/Runtime/UGUI/Canvas/CoroutineWorksIfUIObjectIsAttached.cs - Importer: ScriptedImporter/UnityEditor.QuickSearchModule:UnityEditor.Search:ASIAI0B' with importer (ScriptedImporter : UnityEditor.QuickSearchModule:UnityEditor.Search:ASIAI0B)
Imported 'GUID: 8573c56c34e616248a3881b2c56280ef' -> (Import Result ID: '6bb58096fadb5d77a19a6e932e9bd910') in 0.001 seconds [static and dynamic dependencies]. Details - ImportResultOutputID=3c73bc6cbe884cbbc9f11037fcf7c6fc DependenciesID=3e595b9672445cdad5785ff138a7a8c0 StaticDependenciesID=82e5e11938e96b017a2558eff15a37f6 
Number of updated asset objects reloaded before import = 0
Number of asset objects unloaded after import = 0
========================================================================
Received Import Request.
  Time of request: 2026-08-27T05:11:08.363442Z
  Time since last request: 0.000139625 seconds.
  importAddress: GUID: 40c83ba6a1a64cb4baac27028dd1acc1 - Path: Packages/com.unity.ugui/Tests/Runtime/UGUI/Graphic/RawImageTestHook.cs - Importer: ScriptedImporter/UnityEditor.QuickSearchModule:UnityEditor.Search:ASIAI0B
Importing 'GUID: 40c83ba6a1a64cb4baac27028dd1acc1 - Path: Packages/com.unity.ugui/Tests/Runtime/UGUI/Graphic/RawImageTestHook.cs - Importer: ScriptedImporter/UnityEditor.QuickSearchModule:UnityEditor.Search:ASIAI0B' with importer (ScriptedImporter : UnityEditor.QuickSearchModule:UnityEditor.Search:ASIAI0B)
Imported 'GUID: 40c83ba6a1a64cb4baac27028dd1acc1' -> (Import Result ID: '5d74e807bbd31e88520e528af4092676') in 0.001 seconds [static and dynamic dependencies]. Details - ImportResultOutputID=606fbe17e38d35d75dfd046514d95974 DependenciesID=aa03de022fa60d1e7569ceaa2c994be9 StaticDependenciesID=1c202d104e321965a410067622ceee03 
Number of updated asset objects reloaded before import = 0
Number of asset objects unloaded after import = 0
========================================================================
Received Import Request.
  Time of request: 2026-08-27T05:11:08.364189Z
  Time since last request: 0.000129667 seconds.
  importAddress: GUID: 3cbc4280d63720c448a3c6fee4b1ec88 - Path: Packages/com.unity.ugui/Tests/Editor/UGUI/Canvas/CanvasUseReflectionProbes.cs - Importer: ScriptedImporter/UnityEditor.QuickSearchModule:UnityEditor.Search:ASIAI0B
Importing 'GUID: 3cbc4280d63720c448a3c6fee4b1ec88 - Path: Packages/com.unity.ugui/Tests/Editor/UGUI/Canvas/CanvasUseReflectionProbes.cs - Importer: ScriptedImporter/UnityEditor.QuickSearchModule:UnityEditor.Search:ASIAI0B' with importer (ScriptedImporter : UnityEditor.QuickSearchModule:UnityEditor.Search:ASIAI0B)
Imported 'GUID: 3cbc4280d63720c448a3c6fee4b1ec88' -> (Import Result ID: '291c3396f0b568961e8a102d677a525b') in 0.001 seconds [static and dynamic dependencies]. Details - ImportResultOutputID=801cf8bd95083425a9561a17a7a6877e DependenciesID=f516ff67dba37d9204827fc2534d44f9 StaticDependenciesID=2476c075d7c77e049ce34ec5f312f136 
Number of updated asset objects reloaded before import = 0
Number of asset objects unloaded after import = 0
========================================================================
Received Import Request.
  Time of request: 2026-08-27T05:11:08.364979Z
  Time since last request: 0.00014025 seconds.
  importAddress: GUID: 2ba506934dc2ce14591a37f3b00dca92 - Path: Packages/com.unity.ugui/Tests/Runtime/UGUI/Canvas/RectMask2DReparentedToDifferentCanvas.cs - Importer: ScriptedImporter/UnityEditor.QuickSearchModule:UnityEditor.Search:ASIAI0B
Importing 'GUID: 2ba506934dc2ce14591a37f3b00dca92 - Path: Packages/com.unity.ugui/Tests/Runtime/UGUI/Canvas/RectMask2DReparentedToDifferentCanvas.cs - Importer: ScriptedImporter/UnityEditor.QuickSearchModule:UnityEditor.Search:ASIAI0B' with importer (ScriptedImporter : UnityEditor.QuickSearchModule:UnityEditor.Search:ASIAI0B)
Imported 'GUID: 2ba506934dc2ce14591a37f3b00dca92' -> (Import Result ID: '14780f1a910bcdf56997e891db21600a') in 0.001 seconds [static and dynamic dependencies]. Details - ImportResultOutputID=3e3ef64f74f2709a5936dbe328862b42 DependenciesID=a4c13f547d972d1ebb1b92984cce8300 StaticDependenciesID=0b17426a8080a4e73fff26466c0379ee 
Number of updated asset objects reloaded before import = 0
Number of asset objects unloaded after import = 0
========================================================================
Received Import Request.
  Time of request: 2026-08-27T05:11:08.365709Z
  Time since last request: 0.000135667 seconds.
  importAddress: GUID: 373b4c78c0396334288fa5ff8e7b7350 - Path: Packages/com.unity.ugui/Tests/Editor/UGUI/Slider/SliderRectReferences.cs - Importer: ScriptedImporter/UnityEditor.QuickSearchModule:UnityEditor.Search:ASIAI0B
Importing 'GUID: 373b4c78c0396334288fa5ff8e7b7350 - Path: Packages/com.unity.ugui/Tests/Editor/UGUI/Slider/SliderRectReferences.cs - Importer: ScriptedImporter/UnityEditor.QuickSearchModule:UnityEditor.Search:ASIAI0B' with importer (ScriptedImporter : UnityEditor.QuickSearchModule:UnityEditor.Search:ASIAI0B)
Imported 'GUID: 373b4c78c0396334288fa5ff8e7b7350' -> (Import Result ID: 'f3e58e87499ec6e64a499f9a4213eb43') in 0.001 seconds [static and dynamic dependencies]. Details - ImportResultOutputID=3d850f1029069cf1d766ff61e816e3f7 DependenciesID=a42ab55cf93cb6ff3cbd526a37057d6b StaticDependenciesID=123ab2a05e44463518425352e5200f3f 
Number of updated asset objects reloaded before import = 0
Number of asset objects unloaded after import = 0
========================================================================
Received Import Request.
  Time of request: 2026-08-27T05:11:08.366472Z
  Time since last request: 0.000148 seconds.
  importAddress: GUID: 4adb1f65bbae8004a88d8f5bc3523298 - Path: Packages/com.unity.ugui/Tests/Editor/UGUI/EventSystem/EventTriggerRemoveDuringExecution.cs - Importer: ScriptedImporter/UnityEditor.QuickSearchModule:UnityEditor.Search:ASIAI0B
Importing 'GUID: 4adb1f65bbae8004a88d8f5bc3523298 - Path: Packages/com.unity.ugui/Tests/Editor/UGUI/EventSystem/EventTriggerRemoveDuringExecution.cs - Importer: ScriptedImporter/UnityEditor.QuickSearchModule:UnityEditor.Search:ASIAI0B' with importer (ScriptedImporter : UnityEditor.QuickSearchModule:UnityEditor.Search:ASIAI0B)
Imported 'GUID: 4adb1f65bbae8004a88d8f5bc3523298' -> (Import Result ID: 'c34eef3a972dfc00c7bfa2236f5b6501') in 0.001 seconds [static and dynamic dependencies]. Details - ImportResultOutputID=1b90e2e33b1b8071cb4f812067b76d10 DependenciesID=d408e3af45c8f5ad0bf07fecd17579dc StaticDependenciesID=07dc0167010a934b5cf6fa43b27d3df9 
Number of updated asset objects reloaded before import = 0
Number of asset objects unloaded after import = 0
========================================================================
Received Import Request.
  Time of request: 2026-08-27T05:11:08.367319Z
  Time since last request: 0.000158834 seconds.
  importAddress: GUID: 7a98125502f715b4b83cfb77b434e436 - Path: Packages/com.unity.ugui/Runtime/UGUI/UI/Core/Selectable.cs - Importer: ScriptedImporter/UnityEditor.QuickSearchModule:UnityEditor.Search:ASIAI0B
Importing 'GUID: 7a98125502f715b4b83cfb77b434e436 - Path: Packages/com.unity.ugui/Runtime/UGUI/UI/Core/Selectable.cs - Importer: ScriptedImporter/UnityEditor.QuickSearchModule:UnityEditor.Search:ASIAI0B' with importer (ScriptedImporter : UnityEditor.QuickSearchModule:UnityEditor.Search:ASIAI0B)
Imported 'GUID: 7a98125502f715b4b83cfb77b434e436' -> (Import Result ID: 'dd769d98da0f9e78867f6dd4831e0cef') in 0.001 seconds [static and dynamic dependencies]. Details - ImportResultOutputID=29ac01aef975232cd16d672df8fc467b DependenciesID=464ce6fd5eb35deff2b3722b92a8ab41 StaticDependenciesID=0944985abb08d6dd21907cfab4c2ef89 
Number of updated asset objects reloaded before import = 0
Number of asset objects unloaded after import = 0
========================================================================
Received Import Request.
  Time of request: 2026-08-27T05:11:08.368094Z
  Time since last request: 0.000131708 seconds.
  importAddress: GUID: 833143c443f979e44ae0b8ed899e3b59 - Path: Packages/com.unity.ugui/Tests/Runtime/UGUI/EventSystem/PhysicsRaycasterTests.cs - Importer: ScriptedImporter/UnityEditor.QuickSearchModule:UnityEditor.Search:ASIAI0B
Importing 'GUID: 833143c443f979e44ae0b8ed899e3b59 - Path: Packages/com.unity.ugui/Tests/Runtime/UGUI/EventSystem/PhysicsRaycasterTests.cs - Importer: ScriptedImporter/UnityEditor.QuickSearchModule:UnityEditor.Search:ASIAI0B' with importer (ScriptedImporter : UnityEditor.QuickSearchModule:UnityEditor.Search:ASIAI0B)
Imported 'GUID: 833143c443f979e44ae0b8ed899e3b59' -> (Import Result ID: 'dbf78548d3a299f3f71f140a445e82be') in 0.001 seconds [static and dynamic dependencies]. Details - ImportResultOutputID=6c3520aace079572f556812d70fcc40f DependenciesID=e67bb35532fa7d6736198f9ebe011cf2 StaticDependenciesID=581187f35b26a02397fae21f2d350c95 
Number of updated asset objects reloaded before import = 0
Number of asset objects unloaded after import = 0
========================================================================
Received Import Request.
  Time of request: 2026-08-27T05:11:08.36878Z
  Time since last request: 0.000127042 seconds.
  importAddress: GUID: fb660d86885d89a499a31c6ab6f26269 - Path: Packages/com.unity.ugui/Tests/Editor/UGUI/RectMask2D/RectTransformPosition.cs - Importer: ScriptedImporter/UnityEditor.QuickSearchModule:UnityEditor.Search:ASIAI0B
Importing 'GUID: fb660d86885d89a499a31c6ab6f26269 - Path: Packages/com.unity.ugui/Tests/Editor/UGUI/RectMask2D/RectTransformPosition.cs - Importer: ScriptedImporter/UnityEditor.QuickSearchModule:UnityEditor.Search:ASIAI0B' with importer (ScriptedImporter : UnityEditor.QuickSearchModule:UnityEditor.Search:ASIAI0B)
Imported 'GUID: fb660d86885d89a499a31c6ab6f26269' -> (Import Result ID: '96a8e42faa41b6db268fb4491214e5f7') in 0.001 seconds [static and dynamic dependencies]. Details - ImportResultOutputID=fa6855e4b7a0e81a91e88cc63f35d7a0 DependenciesID=06a4d833062a8d2268259c3fbf150b94 StaticDependenciesID=a765ad01724f686fdceca490382fb14f 
Number of updated asset objects reloaded before import = 0
Number of asset objects unloaded after import = 0
========================================================================
Received Import Request.
  Time of request: 2026-08-27T05:11:08.369482Z
  Time since last request: 0.000130625 seconds.
  importAddress: GUID: 812aaaefaab404448a3e4db49dfa5206 - Path: Packages/com.unity.ugui/Tests/Editor/UGUI/Text/FontCreatedByScript.cs - Importer: ScriptedImporter/UnityEditor.QuickSearchModule:UnityEditor.Search:ASIAI0B
Importing 'GUID: 812aaaefaab404448a3e4db49dfa5206 - Path: Packages/com.unity.ugui/Tests/Editor/UGUI/Text/FontCreatedByScript.cs - Importer: ScriptedImporter/UnityEditor.QuickSearchModule:UnityEditor.Search:ASIAI0B' with importer (ScriptedImporter : UnityEditor.QuickSearchModule:UnityEditor.Search:ASIAI0B)
Imported 'GUID: 812aaaefaab404448a3e4db49dfa5206' -> (Import Result ID: '2590f5c03620e92ccf068533814658c3') in 0.001 seconds [static and dynamic dependencies]. Details - ImportResultOutputID=149100fb903a6fa2739289e39fa63268 DependenciesID=eb15b0061823687272493690a850dbd0 StaticDependenciesID=d6dea52b824d589049e4ef2fc656ed6b 
Number of updated asset objects reloaded before import = 0
Number of asset objects unloaded after import = 0
========================================================================
Received Import Request.
  Time of request: 2026-08-27T05:11:08.370198Z
  Time since last request: 0.000147917 seconds.
  importAddress: GUID: aca0de4e74f6cdf41a449805f345a4f5 - Path: Packages/com.unity.ugui/Tests/Runtime/UGUI/Graphic/NavigationTests.cs - Importer: ScriptedImporter/UnityEditor.QuickSearchModule:UnityEditor.Search:ASIAI0B
Importing 'GUID: aca0de4e74f6cdf41a449805f345a4f5 - Path: Packages/com.unity.ugui/Tests/Runtime/UGUI/Graphic/NavigationTests.cs - Importer: ScriptedImporter/UnityEditor.QuickSearchModule:UnityEditor.Search:ASIAI0B' with importer (ScriptedImporter : UnityEditor.QuickSearchModule:UnityEditor.Search:ASIAI0B)
Imported 'GUID: aca0de4e74f6cdf41a449805f345a4f5' -> (Import Result ID: '0f31faddc7f6379452a42a52fdde32d9') in 0.001 seconds [static and dynamic dependencies]. Details - ImportResultOutputID=1a12c515b5602e5fdac9b2a044aa5464 DependenciesID=6fc9dd13f18315c5e546bfb0687707ea StaticDependenciesID=a3f28d364810894e57812ab650d915d3 
Number of updated asset objects reloaded before import = 0
Number of asset objects unloaded after import = 0
========================================================================
Received Import Request.
  Time of request: 2026-08-27T05:11:08.371205Z
  Time since last request: 0.000288166 seconds.
  importAddress: GUID: b180d0cec21671c45a32a9ce99bff2f5 - Path: Packages/com.unity.ugui/Tests/Editor/UGUI/Dropdown/DropdownOptionsListDrawer.cs - Importer: ScriptedImporter/UnityEditor.QuickSearchModule:UnityEditor.Search:ASIAI0B
Importing 'GUID: b180d0cec21671c45a32a9ce99bff2f5 - Path: Packages/com.unity.ugui/Tests/Editor/UGUI/Dropdown/DropdownOptionsListDrawer.cs - Importer: ScriptedImporter/UnityEditor.QuickSearchModule:UnityEditor.Search:ASIAI0B' with importer (ScriptedImporter : UnityEditor.QuickSearchModule:UnityEditor.Search:ASIAI0B)
Imported 'GUID: b180d0cec21671c45a32a9ce99bff2f5' -> (Import Result ID: '456be55d51f7938b666a309e1923cd62') in 0.001 seconds [static and dynamic dependencies]. Details - ImportResultOutputID=bd21fa06211e14a1caeddf10fa3200c4 DependenciesID=e56aecad37127b6eb47c4596fd71c49a StaticDependenciesID=5aaf649bc9744300aa165aa3baaa494f 
Number of updated asset objects reloaded before import = 0
Number of asset objects unloaded after import = 0
========================================================================
Received Import Request.
  Time of request: 2026-08-27T05:11:08.372222Z
  Time since last request: 0.000165625 seconds.
  importAddress: GUID: bede4033d9f359b41878c4cda6a910b3 - Path: Packages/com.unity.ugui/Tests/Editor/UGUI/Canvas/AssertionFailureOnOutputVertexCount.cs - Importer: ScriptedImporter/UnityEditor.QuickSearchModule:UnityEditor.Search:ASIAI0B
Importing 'GUID: bede4033d9f359b41878c4cda6a910b3 - Path: Packages/com.unity.ugui/Tests/Editor/UGUI/Canvas/AssertionFailureOnOutputVertexCount.cs - Importer: ScriptedImporter/UnityEditor.QuickSearchModule:UnityEditor.Search:ASIAI0B' with importer (ScriptedImporter : UnityEditor.QuickSearchModule:UnityEditor.Search:ASIAI0B)
Imported 'GUID: bede4033d9f359b41878c4cda6a910b3' -> (Import Result ID: '7a55ea8243c17b2d6528383024d3fe99') in 0.001 seconds [static and dynamic dependencies]. Details - ImportResultOutputID=4f9a7ede0e0c591aa6b4a46812817c34 DependenciesID=1c8391e5d30f502b7bf00e205a149f7a StaticDependenciesID=898d0a7a21a1970037b2a8c0c69f3fd1 
Number of updated asset objects reloaded before import = 0
Number of asset objects unloaded after import = 0
========================================================================
Received Import Request.
  Time of request: 2026-08-27T05:11:08.373017Z
  Time since last request: 0.000134208 seconds.
  importAddress: GUID: 2a4db7a114972834c8e4117be1d82ba3 - Path: Packages/com.unity.ugui/Runtime/UGUI/UI/Core/Scrollbar.cs - Importer: ScriptedImporter/UnityEditor.QuickSearchModule:UnityEditor.Search:ASIAI0B
Importing 'GUID: 2a4db7a114972834c8e4117be1d82ba3 - Path: Packages/com.unity.ugui/Runtime/UGUI/UI/Core/Scrollbar.cs - Importer: ScriptedImporter/UnityEditor.QuickSearchModule:UnityEditor.Search:ASIAI0B' with importer (ScriptedImporter : UnityEditor.QuickSearchModule:UnityEditor.Search:ASIAI0B)
Imported 'GUID: 2a4db7a114972834c8e4117be1d82ba3' -> (Import Result ID: 'd84dbab0f8664c2001cb2c34acda401e') in 0.001 seconds [static and dynamic dependencies]. Details - ImportResultOutputID=6433f9b51eb30cd60f1fc1b2e82de5a0 DependenciesID=f352ead2a4884a2349c49897ecaae741 StaticDependenciesID=18cdf76f1684517f6f8d604a952bff20 
Number of updated asset objects reloaded before import = 0
Number of asset objects unloaded after import = 0
========================================================================
Received Import Request.
  Time of request: 2026-08-27T05:11:08.373715Z
  Time since last request: 0.000140666 seconds.
  importAddress: GUID: 977190a4db46de442aed27279d247df4 - Path: Packages/com.unity.ugui/Tests/Editor/UGUI/UnityEvent/UnityEventInvoke.cs - Importer: ScriptedImporter/UnityEditor.QuickSearchModule:UnityEditor.Search:ASIAI0B
Importing 'GUID: 977190a4db46de442aed27279d247df4 - Path: Packages/com.unity.ugui/Tests/Editor/UGUI/UnityEvent/UnityEventInvoke.cs - Importer: ScriptedImporter/UnityEditor.QuickSearchModule:UnityEditor.Search:ASIAI0B' with importer (ScriptedImporter : UnityEditor.QuickSearchModule:UnityEditor.Search:ASIAI0B)
Imported 'GUID: 977190a4db46de442aed27279d247df4' -> (Import Result ID: 'bf7bda637b699fb7a2441ddb6bdc89d4') in 0.001 seconds [static and dynamic dependencies]. Details - ImportResultOutputID=cf8c3358bf8c0d1c564c8bc5a71d5509 DependenciesID=e6d9415fb61b5c668f9184ca5828a0bc StaticDependenciesID=a73248bf1c74ec9f7995e16d246243ea 
Number of updated asset objects reloaded before import = 0
Number of asset objects unloaded after import = 0
========================================================================
Received Import Request.
  Time of request: 2026-08-27T05:11:08.374487Z
  Time since last request: 0.000201042 seconds.
  importAddress: GUID: 5f7201a12d95ffc409449d95f23cf332 - Path: Packages/com.unity.ugui/Runtime/UGUI/UI/Core/Text.cs - Importer: ScriptedImporter/UnityEditor.QuickSearchModule:UnityEditor.Search:ASIAI0B
Importing 'GUID: 5f7201a12d95ffc409449d95f23cf332 - Path: Packages/com.unity.ugui/Runtime/UGUI/UI/Core/Text.cs - Importer: ScriptedImporter/UnityEditor.QuickSearchModule:UnityEditor.Search:ASIAI0B' with importer (ScriptedImporter : UnityEditor.QuickSearchModule:UnityEditor.Search:ASIAI0B)
Imported 'GUID: 5f7201a12d95ffc409449d95f23cf332' -> (Import Result ID: 'd3fe91a137b2d3ec4ca6b6086ce236d0') in 0.001 seconds [static and dynamic dependencies]. Details - ImportResultOutputID=ed97fd2c3e94b1e10f584296e752aa03 DependenciesID=2f0e7f4aa31044edfc4ab0363fea2ea7 StaticDependenciesID=335d3359c3cb76cdde9f6ec90c7a37fa 
Number of updated asset objects reloaded before import = 0
Number of asset objects unloaded after import = 0
========================================================================
Received Import Request.
  Time of request: 2026-08-27T05:11:08.375949Z
  Time since last request: 0.000162791 seconds.
  importAddress: GUID: ec35c13a8280a8d4e817bc4afd8a95de - Path: Packages/com.unity.ugui/Tests/Runtime/UGUI/Canvas/CanvasSizeCorrectInAwakeAndStart.cs - Importer: ScriptedImporter/UnityEditor.QuickSearchModule:UnityEditor.Search:ASIAI0B
Importing 'GUID: ec35c13a8280a8d4e817bc4afd8a95de - Path: Packages/com.unity.ugui/Tests/Runtime/UGUI/Canvas/CanvasSizeCorrectInAwakeAndStart.cs - Importer: ScriptedImporter/UnityEditor.QuickSearchModule:UnityEditor.Search:ASIAI0B' with importer (ScriptedImporter : UnityEditor.QuickSearchModule:UnityEditor.Search:ASIAI0B)
Imported 'GUID: ec35c13a8280a8d4e817bc4afd8a95de' -> (Import Result ID: 'd4e05e4c7fe7354c487bea53f1a9639b') in 0.001 seconds [static and dynamic dependencies]. Details - ImportResultOutputID=72cdf0b05451bb20f7a6123d925647de DependenciesID=8242ba8fd388b091cb22b2ec8aa5bae0 StaticDependenciesID=ae0a2cdb0bf200b2053044fb5a203884 
Number of updated asset objects reloaded before import = 0
Number of asset objects unloaded after import = 0
========================================================================
Received Import Request.
  Time of request: 2026-08-27T05:11:08.376884Z
  Time since last request: 0.0001385 seconds.
  importAddress: GUID: 6fac6d65d2fb7472d94e95ddb8b8798c - Path: Packages/com.unity.ugui/Tests/Runtime/UGUI/CanvasRenderer/CanvasRendererTests.cs - Importer: ScriptedImporter/UnityEditor.QuickSearchModule:UnityEditor.Search:ASIAI0B
Importing 'GUID: 6fac6d65d2fb7472d94e95ddb8b8798c - Path: Packages/com.unity.ugui/Tests/Runtime/UGUI/CanvasRenderer/CanvasRendererTests.cs - Importer: ScriptedImporter/UnityEditor.QuickSearchModule:UnityEditor.Search:ASIAI0B' with importer (ScriptedImporter : UnityEditor.QuickSearchModule:UnityEditor.Search:ASIAI0B)
Imported 'GUID: 6fac6d65d2fb7472d94e95ddb8b8798c' -> (Import Result ID: '2f00c22623008fac861f2fe7230179df') in 0.001 seconds [static and dynamic dependencies]. Details - ImportResultOutputID=62e842c587925bfb852a0d33080b5bf2 DependenciesID=4f7c1992f4aaead72b42bdbca7618b4c StaticDependenciesID=1ef69256e47de3aeeb3693a0006a0b3d 
Number of updated asset objects reloaded before import = 0
Number of asset objects unloaded after import = 0
========================================================================
Received Import Request.
  Time of request: 2026-08-27T05:11:08.377732Z
  Time since last request: 0.0001795 seconds.
  importAddress: GUID: 358a618bc6bd9354d81cc206fd2ed80e - Path: Packages/com.unity.ugui/Tests/Runtime/UGUI/Dropdown/DropdownTests.cs - Importer: ScriptedImporter/UnityEditor.QuickSearchModule:UnityEditor.Search:ASIAI0B
Importing 'GUID: 358a618bc6bd9354d81cc206fd2ed80e - Path: Packages/com.unity.ugui/Tests/Runtime/UGUI/Dropdown/DropdownTests.cs - Importer: ScriptedImporter/UnityEditor.QuickSearchModule:UnityEditor.Search:ASIAI0B' with importer (ScriptedImporter : UnityEditor.QuickSearchModule:UnityEditor.Search:ASIAI0B)
Imported 'GUID: 358a618bc6bd9354d81cc206fd2ed80e' -> (Import Result ID: '723e06fca71a96b7658d040c6ca4620c') in 0.001 seconds [static and dynamic dependencies]. Details - ImportResultOutputID=00129e39459e2e250f19f73f45748929 DependenciesID=4cc90fadb6edde820be8aeaf71074126 StaticDependenciesID=8e7734103d9eabe5c4293388b186ad6b 
Number of updated asset objects reloaded before import = 0
Number of asset objects unloaded after import = 0
========================================================================
Received Import Request.
  Time of request: 2026-08-27T05:11:08.378509Z
  Time since last request: 0.000158333 seconds.
  importAddress: GUID: a14a59f2a5c757e469c3e4e17b798c2e - Path: Packages/com.unity.ugui/Tests/Runtime/UGUI/Canvas/CanvasGroupInheritedAlpha.cs - Importer: ScriptedImporter/UnityEditor.QuickSearchModule:UnityEditor.Search:ASIAI0B
Importing 'GUID: a14a59f2a5c757e469c3e4e17b798c2e - Path: Packages/com.unity.ugui/Tests/Runtime/UGUI/Canvas/CanvasGroupInheritedAlpha.cs - Importer: ScriptedImporter/UnityEditor.QuickSearchModule:UnityEditor.Search:ASIAI0B' with importer (ScriptedImporter : UnityEditor.QuickSearchModule:UnityEditor.Search:ASIAI0B)
Imported 'GUID: a14a59f2a5c757e469c3e4e17b798c2e' -> (Import Result ID: 'ce667c47c8624072e7e193fc941383db') in 0.001 seconds [static and dynamic dependencies]. Details - ImportResultOutputID=38fcd1e1d1f0a624ceca1dd8dc22dd4d DependenciesID=29c357e377cabb95934af132ad71a3f0 StaticDependenciesID=0737aa54b32f1fd20f53d4ee290b0c8f 
Number of updated asset objects reloaded before import = 0
Number of asset objects unloaded after import = 0
========================================================================
Received Import Request.
  Time of request: 2026-08-27T05:11:08.379339Z
  Time since last request: 0.000209625 seconds.
  importAddress: GUID: 0ca2545d76d1fb34fa45a9f1e432d259 - Path: Packages/com.unity.ugui/Tests/Runtime/UGUI/EventSystem/RaycastSortingTests.cs - Importer: ScriptedImporter/UnityEditor.QuickSearchModule:UnityEditor.Search:ASIAI0B
Importing 'GUID: 0ca2545d76d1fb34fa45a9f1e432d259 - Path: Packages/com.unity.ugui/Tests/Runtime/UGUI/EventSystem/RaycastSortingTests.cs - Importer: ScriptedImporter/UnityEditor.QuickSearchModule:UnityEditor.Search:ASIAI0B' with importer (ScriptedImporter : UnityEditor.QuickSearchModule:UnityEditor.Search:ASIAI0B)
Imported 'GUID: 0ca2545d76d1fb34fa45a9f1e432d259' -> (Import Result ID: 'c183af1f2faef1594634788c86fe5a0b') in 0.001 seconds [static and dynamic dependencies]. Details - ImportResultOutputID=bc5be1a3ee2f06d8486e059fa4b33998 DependenciesID=9182d5bcd853db57c8d55ca6f168b15d StaticDependenciesID=d6cbc8118fe510557e9d172f680ee78a 
Number of updated asset objects reloaded before import = 0
Number of asset objects unloaded after import = 0
========================================================================
Received Import Request.
  Time of request: 2026-08-27T05:11:08.380243Z
  Time since last request: 0.000148833 seconds.
  importAddress: GUID: dcb49b07db5e5f64e876b498105314f1 - Path: Packages/com.unity.ugui/Tests/Editor/UGUI/CanvasRenderer/ParentCanvasIsSane.cs - Importer: ScriptedImporter/UnityEditor.QuickSearchModule:UnityEditor.Search:ASIAI0B
Importing 'GUID: dcb49b07db5e5f64e876b498105314f1 - Path: Packages/com.unity.ugui/Tests/Editor/UGUI/CanvasRenderer/ParentCanvasIsSane.cs - Importer: ScriptedImporter/UnityEditor.QuickSearchModule:UnityEditor.Search:ASIAI0B' with importer (ScriptedImporter : UnityEditor.QuickSearchModule:UnityEditor.Search:ASIAI0B)
Imported 'GUID: dcb49b07db5e5f64e876b498105314f1' -> (Import Result ID: '662943538af61a5b12063da086450874') in 0.001 seconds [static and dynamic dependencies]. Details - ImportResultOutputID=6ca78b5761acf32f6263c594b09832c6 DependenciesID=3a7f68b020d7df27cfd18e2fbca8237a StaticDependenciesID=b75c1a4b2ec56d2aa6226a4c407c3a9b 
Number of updated asset objects reloaded before import = 0
Number of asset objects unloaded after import = 0
========================================================================
Received Import Request.
  Time of request: 2026-08-27T05:11:08.380995Z
  Time since last request: 0.000135125 seconds.
  importAddress: GUID: be07f70ee67e6d74e851a9333719bbb6 - Path: Packages/com.unity.ugui/Tests/Runtime/UGUI/Canvas/NestedCanvasMaintainsCorrectSize.cs - Importer: ScriptedImporter/UnityEditor.QuickSearchModule:UnityEditor.Search:ASIAI0B
Importing 'GUID: be07f70ee67e6d74e851a9333719bbb6 - Path: Packages/com.unity.ugui/Tests/Runtime/UGUI/Canvas/NestedCanvasMaintainsCorrectSize.cs - Importer: ScriptedImporter/UnityEditor.QuickSearchModule:UnityEditor.Search:ASIAI0B' with importer (ScriptedImporter : UnityEditor.QuickSearchModule:UnityEditor.Search:ASIAI0B)
Imported 'GUID: be07f70ee67e6d74e851a9333719bbb6' -> (Import Result ID: 'adb6a2b0c8b6d71f9d37bb4b7c2bc222') in 0.001 seconds [static and dynamic dependencies]. Details - ImportResultOutputID=2251ca18766466af46dd830a4612d085 DependenciesID=efca7bba17205ebe8ec545e4af4f2a5c StaticDependenciesID=337f1279f7d0091163e76ac6e983bd89 
Number of updated asset objects reloaded before import = 0
Number of asset objects unloaded after import = 0
========================================================================
Received Import Request.
  Time of request: 2026-08-27T05:11:08.381732Z
  Time since last request: 0.000134375 seconds.
  importAddress: GUID: e88a766c2b8b47841936c136f4afbba9 - Path: Packages/com.unity.ugui/Tests/Runtime/UGUI/Graphic/GraphicTests.cs - Importer: ScriptedImporter/UnityEditor.QuickSearchModule:UnityEditor.Search:ASIAI0B
Importing 'GUID: e88a766c2b8b47841936c136f4afbba9 - Path: Packages/com.unity.ugui/Tests/Runtime/UGUI/Graphic/GraphicTests.cs - Importer: ScriptedImporter/UnityEditor.QuickSearchModule:UnityEditor.Search:ASIAI0B' with importer (ScriptedImporter : UnityEditor.QuickSearchModule:UnityEditor.Search:ASIAI0B)
Imported 'GUID: e88a766c2b8b47841936c136f4afbba9' -> (Import Result ID: 'e7076670a5d804ad84c39796a94b4a8b') in 0.001 seconds [static and dynamic dependencies]. Details - ImportResultOutputID=ae2b0477bd3066f51da2f203377a6e6b DependenciesID=cb701d757e24eb89cb7fe778acd5b551 StaticDependenciesID=acbba95f9822a2d2bcf4541bf10861be 
Number of updated asset objects reloaded before import = 0
Number of asset objects unloaded after import = 0
========================================================================
Received Import Request.
  Time of request: 2026-08-27T05:11:08.38254Z
  Time since last request: 0.000239833 seconds.
  importAddress: GUID: db339ef553721e94999125c0b9f909dc - Path: Packages/com.unity.ugui/Tests/Runtime/UGUI/Canvas/CreateSceneUtility.cs - Importer: ScriptedImporter/UnityEditor.QuickSearchModule:UnityEditor.Search:ASIAI0B
Importing 'GUID: db339ef553721e94999125c0b9f909dc - Path: Packages/com.unity.ugui/Tests/Runtime/UGUI/Canvas/CreateSceneUtility.cs - Importer: ScriptedImporter/UnityEditor.QuickSearchModule:UnityEditor.Search:ASIAI0B' with importer (ScriptedImporter : UnityEditor.QuickSearchModule:UnityEditor.Search:ASIAI0B)
Imported 'GUID: db339ef553721e94999125c0b9f909dc' -> (Import Result ID: 'd7739252a91bf135b86709a777518a8e') in 0.001 seconds [static and dynamic dependencies]. Details - ImportResultOutputID=5fc768844664577c48ea3839fe6e1c00 DependenciesID=073a679d104ce617ff696fc46d4a3db0 StaticDependenciesID=04597721d1ff68dd630138156f05f24d 
Number of updated asset objects reloaded before import = 0
Number of asset objects unloaded after import = 0
========================================================================
Received Import Request.
  Time of request: 2026-08-27T05:11:08.383402Z
  Time since last request: 0.000216416 seconds.
  importAddress: GUID: df1ba932d4ce4534e97a0f10c85cd3c9 - Path: Packages/com.unity.ugui/Tests/Runtime/UGUI/Canvas/CanvasSizeCorrectInAwakeAndStartScript.cs - Importer: ScriptedImporter/UnityEditor.QuickSearchModule:UnityEditor.Search:ASIAI0B
Importing 'GUID: df1ba932d4ce4534e97a0f10c85cd3c9 - Path: Packages/com.unity.ugui/Tests/Runtime/UGUI/Canvas/CanvasSizeCorrectInAwakeAndStartScript.cs - Importer: ScriptedImporter/UnityEditor.QuickSearchModule:UnityEditor.Search:ASIAI0B' with importer (ScriptedImporter : UnityEditor.QuickSearchModule:UnityEditor.Search:ASIAI0B)
Imported 'GUID: df1ba932d4ce4534e97a0f10c85cd3c9' -> (Import Result ID: 'fd2a9cc32fad41c31a159b356b523d16') in 0.001 seconds [static and dynamic dependencies]. Details - ImportResultOutputID=73fef363e33822cd8f977cfdd50549ca DependenciesID=a293c6576313513ce27cc9eabeaa02d3 StaticDependenciesID=a01d9fad14157ac4c142277dc9bc90cf 
Number of updated asset objects reloaded before import = 0
Number of asset objects unloaded after import = 0
========================================================================
Received Import Request.
  Time of request: 2026-08-27T05:11:08.384664Z
  Time since last request: 0.000141833 seconds.
  importAddress: GUID: b9ba34e0b1884454fbc4257260e22b64 - Path: Packages/com.unity.ugui/Runtime/UGUI/UI/Core/SetPropertyUtility.cs - Importer: ScriptedImporter/UnityEditor.QuickSearchModule:UnityEditor.Search:ASIAI0B
Importing 'GUID: b9ba34e0b1884454fbc4257260e22b64 - Path: Packages/com.unity.ugui/Runtime/UGUI/UI/Core/SetPropertyUtility.cs - Importer: ScriptedImporter/UnityEditor.QuickSearchModule:UnityEditor.Search:ASIAI0B' with importer (ScriptedImporter : UnityEditor.QuickSearchModule:UnityEditor.Search:ASIAI0B)
Imported 'GUID: b9ba34e0b1884454fbc4257260e22b64' -> (Import Result ID: '2b7bb1a6c0704d834cb7fc7a2fae3290') in 0.001 seconds [static and dynamic dependencies]. Details - ImportResultOutputID=ed63873e2e947a45bd527ae2f2d64a7e DependenciesID=392b8def549fc6099c4756bb0e9e3c1d StaticDependenciesID=256336e731eecf320f58ca14eddabf8f 
Number of updated asset objects reloaded before import = 0
Number of asset objects unloaded after import = 0
========================================================================
Received Import Request.
  Time of request: 2026-08-27T05:11:08.38546Z
  Time since last request: 0.000148791 seconds.
  importAddress: GUID: 2fafe2cfe61f6974895a912c3755e8f1 - Path: Packages/com.unity.ugui/Runtime/UGUI/UI/Core/ToggleGroup.cs - Importer: ScriptedImporter/UnityEditor.QuickSearchModule:UnityEditor.Search:ASIAI0B
Importing 'GUID: 2fafe2cfe61f6974895a912c3755e8f1 - Path: Packages/com.unity.ugui/Runtime/UGUI/UI/Core/ToggleGroup.cs - Importer: ScriptedImporter/UnityEditor.QuickSearchModule:UnityEditor.Search:ASIAI0B' with importer (ScriptedImporter : UnityEditor.QuickSearchModule:UnityEditor.Search:ASIAI0B)
Imported 'GUID: 2fafe2cfe61f6974895a912c3755e8f1' -> (Import Result ID: 'b83a333ad5db5cfdb14490815127efd4') in 0.001 seconds [static and dynamic dependencies]. Details - ImportResultOutputID=1c0b7c34807000878bff72c65a12ce1a DependenciesID=f2fe472bacc1a55fbf30bfbd0f49a132 StaticDependenciesID=9185d9765efda998cffcf9f17395f078 
Number of updated asset objects reloaded before import = 0
Number of asset objects unloaded after import = 0
========================================================================
Received Import Request.
  Time of request: 2026-08-27T05:11:08.38626Z
  Time since last request: 0.000226667 seconds.
  importAddress: GUID: 9085046f02f69544eb97fd06b6048fe2 - Path: Packages/com.unity.ugui/Runtime/UGUI/UI/Core/Toggle.cs - Importer: ScriptedImporter/UnityEditor.QuickSearchModule:UnityEditor.Search:ASIAI0B
Importing 'GUID: 9085046f02f69544eb97fd06b6048fe2 - Path: Packages/com.unity.ugui/Runtime/UGUI/UI/Core/Toggle.cs - Importer: ScriptedImporter/UnityEditor.QuickSearchModule:UnityEditor.Search:ASIAI0B' with importer (ScriptedImporter : UnityEditor.QuickSearchModule:UnityEditor.Search:ASIAI0B)
Imported 'GUID: 9085046f02f69544eb97fd06b6048fe2' -> (Import Result ID: 'de0e8b8a6262a5b32eb54d1a23fe1eb2') in 0.001 seconds [static and dynamic dependencies]. Details - ImportResultOutputID=c42fc9f360e2a7f71db2723c0490def7 DependenciesID=37d8942dbef4d8ed1eabc058515b535f StaticDependenciesID=d52475160b1b50b024efc2cb9f5cab75 
Number of updated asset objects reloaded before import = 0
Number of asset objects unloaded after import = 0
========================================================================
Received Import Request.
  Time of request: 2026-08-27T05:11:08.3872Z
  Time since last request: 0.000282292 seconds.
  importAddress: GUID: 1a26e19d51cbfac42a02631ad1f9e39e - Path: Packages/com.unity.ugui/Tests/Runtime/UGUI/Canvas/BridgeScriptForRetainingObjects.cs - Importer: ScriptedImporter/UnityEditor.QuickSearchModule:UnityEditor.Search:ASIAI0B
Importing 'GUID: 1a26e19d51cbfac42a02631ad1f9e39e - Path: Packages/com.unity.ugui/Tests/Runtime/UGUI/Canvas/BridgeScriptForRetainingObjects.cs - Importer: ScriptedImporter/UnityEditor.QuickSearchModule:UnityEditor.Search:ASIAI0B' with importer (ScriptedImporter : UnityEditor.QuickSearchModule:UnityEditor.Search:ASIAI0B)
Imported 'GUID: 1a26e19d51cbfac42a02631ad1f9e39e' -> (Import Result ID: '9c44e9f9c947e3c97d928f69e6fd7e51') in 0.001 seconds [static and dynamic dependencies]. Details - ImportResultOutputID=455d0011ccc25aeed7e1f344ce245eba DependenciesID=75a9672aba394609ce4adf99680eba45 StaticDependenciesID=84132c9d5ed78185279fb4c8abfb47a8 
Number of updated asset objects reloaded before import = 0
Number of asset objects unloaded after import = 0
========================================================================
Received Import Request.
  Time of request: 2026-08-27T05:11:08.388063Z
  Time since last request: 0.000162875 seconds.
  importAddress: GUID: 67db9e8f0e2ae9c40bc1e2b64352a6b4 - Path: Packages/com.unity.ugui/Runtime/UGUI/UI/Core/Slider.cs - Importer: ScriptedImporter/UnityEditor.QuickSearchModule:UnityEditor.Search:ASIAI0B
Importing 'GUID: 67db9e8f0e2ae9c40bc1e2b64352a6b4 - Path: Packages/com.unity.ugui/Runtime/UGUI/UI/Core/Slider.cs - Importer: ScriptedImporter/UnityEditor.QuickSearchModule:UnityEditor.Search:ASIAI0B' with importer (ScriptedImporter : UnityEditor.QuickSearchModule:UnityEditor.Search:ASIAI0B)
Imported 'GUID: 67db9e8f0e2ae9c40bc1e2b64352a6b4' -> (Import Result ID: 'abcdb9db18c79748ca1e1a21df847688') in 0.001 seconds [static and dynamic dependencies]. Details - ImportResultOutputID=ab9d7f74b8ff5d930ef431ba5aca4cef DependenciesID=5af680984751823d89f61d90685cba07 StaticDependenciesID=24f913145b3041c74935af445675a1e7 
Number of updated asset objects reloaded before import = 0
Number of asset objects unloaded after import = 0
========================================================================
Received Import Request.
  Time of request: 2026-08-27T05:11:08.394811Z
  Time since last request: 0.006117375 seconds.
  importAddress: GUID: 8a4b6301a5afaec4cb87d21383ceb0b3 - Path: Packages/com.unity.ugui/Tests/Runtime/UGUI/Layout/VerticalLayoutGroupTests.cs - Importer: ScriptedImporter/UnityEditor.QuickSearchModule:UnityEditor.Search:ASIAI0B
Importing 'GUID: 8a4b6301a5afaec4cb87d21383ceb0b3 - Path: Packages/com.unity.ugui/Tests/Runtime/UGUI/Layout/VerticalLayoutGroupTests.cs - Importer: ScriptedImporter/UnityEditor.QuickSearchModule:UnityEditor.Search:ASIAI0B' with importer (ScriptedImporter : UnityEditor.QuickSearchModule:UnityEditor.Search:ASIAI0B)
Imported 'GUID: 8a4b6301a5afaec4cb87d21383ceb0b3' -> (Import Result ID: '89c2a4fbd18672e3cd088cb6c94cbdc2') in 0.001 seconds [static and dynamic dependencies]. Details - ImportResultOutputID=4e603d5c1f7f7ab29f0a6b776df9769a DependenciesID=5f9767562220d20f769824e1033ad8cc StaticDependenciesID=9e99e60f0a57b8223f27cd9503c1e94c 
Number of updated asset objects reloaded before import = 0
Number of asset objects unloaded after import = 0
========================================================================
Received Import Request.
  Time of request: 2026-08-27T05:11:08.395919Z
  Time since last request: 0.0002125 seconds.
  importAddress: GUID: 3245ec927659c4140ac4f8d17403cc18 - Path: Packages/com.unity.ugui/Runtime/UGUI/UI/Core/Layout/ContentSizeFitter.cs - Importer: ScriptedImporter/UnityEditor.QuickSearchModule:UnityEditor.Search:ASIAI0B
Importing 'GUID: 3245ec927659c4140ac4f8d17403cc18 - Path: Packages/com.unity.ugui/Runtime/UGUI/UI/Core/Layout/ContentSizeFitter.cs - Importer: ScriptedImporter/UnityEditor.QuickSearchModule:UnityEditor.Search:ASIAI0B' with importer (ScriptedImporter : UnityEditor.QuickSearchModule:UnityEditor.Search:ASIAI0B)
Imported 'GUID: 3245ec927659c4140ac4f8d17403cc18' -> (Import Result ID: '47a05fc248cff9baea6a440477bdf71b') in 0.001 seconds [static and dynamic dependencies]. Details - ImportResultOutputID=fe9ceda79d635c548e269780914fd5fe DependenciesID=1c272b472b0c5d67733fafc98c283336 StaticDependenciesID=eccae4ff61df65337c0730791db4dd6e 
Number of updated asset objects reloaded before import = 0
Number of asset objects unloaded after import = 0
========================================================================
Received Import Request.
  Time of request: 2026-08-27T05:11:08.396704Z
  Time since last request: 0.000125125 seconds.
  importAddress: GUID: 9713795381722eb43b623dffba25d115 - Path: Packages/com.unity.ugui/Tests/Runtime/UGUI/Image/TestableImage.cs - Importer: ScriptedImporter/UnityEditor.QuickSearchModule:UnityEditor.Search:ASIAI0B
Importing 'GUID: 9713795381722eb43b623dffba25d115 - Path: Packages/com.unity.ugui/Tests/Runtime/UGUI/Image/TestableImage.cs - Importer: ScriptedImporter/UnityEditor.QuickSearchModule:UnityEditor.Search:ASIAI0B' with importer (ScriptedImporter : UnityEditor.QuickSearchModule:UnityEditor.Search:ASIAI0B)
Imported 'GUID: 9713795381722eb43b623dffba25d115' -> (Import Result ID: '5ba3caff5695fc7e748a6c094987917f') in 0.001 seconds [static and dynamic dependencies]. Details - ImportResultOutputID=43655c49537519df1a3680859ee15947 DependenciesID=13206058db1a5c345abd920a3c5c3c4e StaticDependenciesID=2ccc62080c3601878d39064c6a744a39 
Number of updated asset objects reloaded before import = 0
Number of asset objects unloaded after import = 0
========================================================================
Received Import Request.
  Time of request: 2026-08-27T05:11:08.397391Z
  Time since last request: 0.000116125 seconds.
  importAddress: GUID: a021b6d2ca2e9404b8a4d94343ecd068 - Path: Packages/com.unity.ugui/Tests/Runtime/UGUI/NestedLayout/SceneWithNestedLayoutElementsLoadScript.cs - Importer: ScriptedImporter/UnityEditor.QuickSearchModule:UnityEditor.Search:ASIAI0B
Importing 'GUID: a021b6d2ca2e9404b8a4d94343ecd068 - Path: Packages/com.unity.ugui/Tests/Runtime/UGUI/NestedLayout/SceneWithNestedLayoutElementsLoadScript.cs - Importer: ScriptedImporter/UnityEditor.QuickSearchModule:UnityEditor.Search:ASIAI0B' with importer (ScriptedImporter : UnityEditor.QuickSearchModule:UnityEditor.Search:ASIAI0B)
Imported 'GUID: a021b6d2ca2e9404b8a4d94343ecd068' -> (Import Result ID: 'aec5029d590aa862478f9daa98e0b9cb') in 0.001 seconds [static and dynamic dependencies]. Details - ImportResultOutputID=20c8f90c695c7446f87af06acb0326c1 DependenciesID=5860274941f582fea9d1067653368960 StaticDependenciesID=09c5f472e5c6472d5a734c603daf3082 
Number of updated asset objects reloaded before import = 0
Number of asset objects unloaded after import = 0
========================================================================
Received Import Request.
  Time of request: 2026-08-27T05:11:08.398148Z
  Time since last request: 0.00021925 seconds.
  importAddress: GUID: fc34cd6ea308f3940a729e1a44cd0e82 - Path: Packages/com.unity.ugui/Tests/Runtime/UGUI/Slider/SliderTests.cs - Importer: ScriptedImporter/UnityEditor.QuickSearchModule:UnityEditor.Search:ASIAI0B
Importing 'GUID: fc34cd6ea308f3940a729e1a44cd0e82 - Path: Packages/com.unity.ugui/Tests/Runtime/UGUI/Slider/SliderTests.cs - Importer: ScriptedImporter/UnityEditor.QuickSearchModule:UnityEditor.Search:ASIAI0B' with importer (ScriptedImporter : UnityEditor.QuickSearchModule:UnityEditor.Search:ASIAI0B)
Imported 'GUID: fc34cd6ea308f3940a729e1a44cd0e82' -> (Import Result ID: 'bda6639b8d832c98541b7248fcfdd076') in 0.001 seconds [static and dynamic dependencies]. Details - ImportResultOutputID=3e7e0cafeeab5060ef7f97c8d09dbebf DependenciesID=26e0785ca356fa8dd666527755e851a6 StaticDependenciesID=7289b43bf75406b6b13890f69bdfd0ab 
Number of updated asset objects reloaded before import = 0
Number of asset objects unloaded after import = 0
========================================================================
Received Import Request.
  Time of request: 2026-08-27T05:11:08.398949Z
  Time since last request: 0.000206459 seconds.
  importAddress: GUID: 306cc8c2b49d7114eaa3623786fc2126 - Path: Packages/com.unity.ugui/Runtime/UGUI/UI/Core/Layout/LayoutElement.cs - Importer: ScriptedImporter/UnityEditor.QuickSearchModule:UnityEditor.Search:ASIAI0B
Importing 'GUID: 306cc8c2b49d7114eaa3623786fc2126 - Path: Packages/com.unity.ugui/Runtime/UGUI/UI/Core/Layout/LayoutElement.cs - Importer: ScriptedImporter/UnityEditor.QuickSearchModule:UnityEditor.Search:ASIAI0B' with importer (ScriptedImporter : UnityEditor.QuickSearchModule:UnityEditor.Search:ASIAI0B)
Imported 'GUID: 306cc8c2b49d7114eaa3623786fc2126' -> (Import Result ID: '5e1938f99858ef1aa6a0ddb16324f0c9') in 0.001 seconds [static and dynamic dependencies]. Details - ImportResultOutputID=ab3c9d2f40f22cd610e7f4ba6b02a582 DependenciesID=9eb4ed83657afc73d704c833a7b3c37f StaticDependenciesID=5a615014fd58d9bc98977e69924be57d 
Number of updated asset objects reloaded before import = 0
Number of asset objects unloaded after import = 0
========================================================================
Received Import Request.
  Time of request: 2026-08-27T05:11:08.400513Z
  Time since last request: 0.000167708 seconds.
  importAddress: GUID: 20ff4283f687e044087714f82c4d6d3f - Path: Packages/com.unity.ugui/Runtime/UGUI/UI/Core/MaterialModifiers/IMaterialModifier.cs - Importer: ScriptedImporter/UnityEditor.QuickSearchModule:UnityEditor.Search:ASIAI0B
Importing 'GUID: 20ff4283f687e044087714f82c4d6d3f - Path: Packages/com.unity.ugui/Runtime/UGUI/UI/Core/MaterialModifiers/IMaterialModifier.cs - Importer: ScriptedImporter/UnityEditor.QuickSearchModule:UnityEditor.Search:ASIAI0B' with importer (ScriptedImporter : UnityEditor.QuickSearchModule:UnityEditor.Search:ASIAI0B)
Imported 'GUID: 20ff4283f687e044087714f82c4d6d3f' -> (Import Result ID: '5479fa25d2dafcbcd612177e6f050fa2') in 0.001 seconds [static and dynamic dependencies]. Details - ImportResultOutputID=0f894e2dcc22d9dceb430616906db708 DependenciesID=8aeeb30edca2bb04ba9c580107fb95cb StaticDependenciesID=84f9d1c157b133143d4d36faaa38353e 
Number of updated asset objects reloaded before import = 0
Number of asset objects unloaded after import = 0
========================================================================
Received Import Request.
  Time of request: 2026-08-27T05:11:08.401409Z
  Time since last request: 0.0001455 seconds.
  importAddress: GUID: 67e3583b91179094094c6a188b232262 - Path: Packages/com.unity.ugui/Runtime/UGUI/UI/Core/Culling/Clipping.cs - Importer: ScriptedImporter/UnityEditor.QuickSearchModule:UnityEditor.Search:ASIAI0B
Importing 'GUID: 67e3583b91179094094c6a188b232262 - Path: Packages/com.unity.ugui/Runtime/UGUI/UI/Core/Culling/Clipping.cs - Importer: ScriptedImporter/UnityEditor.QuickSearchModule:UnityEditor.Search:ASIAI0B' with importer (ScriptedImporter : UnityEditor.QuickSearchModule:UnityEditor.Search:ASIAI0B)
Imported 'GUID: 67e3583b91179094094c6a188b232262' -> (Import Result ID: '88728e60145723a6c6ede76846b3de10') in 0.001 seconds [static and dynamic dependencies]. Details - ImportResultOutputID=b63ce55247fc34fa4b5da360ce6e3a49 DependenciesID=a583b1d9d4bdee042181cb1da7f99fd3 StaticDependenciesID=1333d3ec51211dea89d50a170ded0d87 
Number of updated asset objects reloaded before import = 0
Number of asset objects unloaded after import = 0
========================================================================
Received Import Request.
  Time of request: 2026-08-27T05:11:08.402358Z
  Time since last request: 0.000282792 seconds.
  importAddress: GUID: a5c214e5846a99242b348c37e49b2f59 - Path: Packages/com.unity.ugui/Runtime/UGUI/UI/Core/Layout/HorizontalOrVerticalLayoutGroup.cs - Importer: ScriptedImporter/UnityEditor.QuickSearchModule:UnityEditor.Search:ASIAI0B
Importing 'GUID: a5c214e5846a99242b348c37e49b2f59 - Path: Packages/com.unity.ugui/Runtime/UGUI/UI/Core/Layout/HorizontalOrVerticalLayoutGroup.cs - Importer: ScriptedImporter/UnityEditor.QuickSearchModule:UnityEditor.Search:ASIAI0B' with importer (ScriptedImporter : UnityEditor.QuickSearchModule:UnityEditor.Search:ASIAI0B)
Imported 'GUID: a5c214e5846a99242b348c37e49b2f59' -> (Import Result ID: '6bfc056a1bbebb9d1bfc4e43bdf0e4b7') in 0.001 seconds [static and dynamic dependencies]. Details - ImportResultOutputID=434c8b1d80469aa4b549c3be37ab8b97 DependenciesID=8bfaf51bbf587659ce25ce24aac3d55b StaticDependenciesID=a4a24f102ecf6a3a7888bd00949bf3ef 
Number of updated asset objects reloaded before import = 0
Number of asset objects unloaded after import = 0
========================================================================
Received Import Request.
  Time of request: 2026-08-27T05:11:08.403169Z
  Time since last request: 0.00012975 seconds.
  importAddress: GUID: 368d3a0498e78014da578aa5f45e2797 - Path: Packages/com.unity.ugui/Runtime/UGUI/UI/Core/Layout/ILayoutElement.cs - Importer: ScriptedImporter/UnityEditor.QuickSearchModule:UnityEditor.Search:ASIAI0B
Importing 'GUID: 368d3a0498e78014da578aa5f45e2797 - Path: Packages/com.unity.ugui/Runtime/UGUI/UI/Core/Layout/ILayoutElement.cs - Importer: ScriptedImporter/UnityEditor.QuickSearchModule:UnityEditor.Search:ASIAI0B' with importer (ScriptedImporter : UnityEditor.QuickSearchModule:UnityEditor.Search:ASIAI0B)
Imported 'GUID: 368d3a0498e78014da578aa5f45e2797' -> (Import Result ID: 'd6920963c78a540f6267c136958a3436') in 0.001 seconds [static and dynamic dependencies]. Details - ImportResultOutputID=b95b1a38546ba48b64deae9fd5013c32 DependenciesID=d18d01d45b60ad5924e909f522d16f4e StaticDependenciesID=5f8579c5f7424ee8f0eb8a64129e987f 
Number of updated asset objects reloaded before import = 0
Number of asset objects unloaded after import = 0
========================================================================
Received Import Request.
  Time of request: 2026-08-27T05:11:08.404012Z
  Time since last request: 0.000132875 seconds.
  importAddress: GUID: bdd96340ebb649f781c3ff803211c992 - Path: Packages/com.unity.ugui/Tests/Runtime/UGUI/RawImage/TestRawImage.cs - Importer: ScriptedImporter/UnityEditor.QuickSearchModule:UnityEditor.Search:ASIAI0B
Importing 'GUID: bdd96340ebb649f781c3ff803211c992 - Path: Packages/com.unity.ugui/Tests/Runtime/UGUI/RawImage/TestRawImage.cs - Importer: ScriptedImporter/UnityEditor.QuickSearchModule:UnityEditor.Search:ASIAI0B' with importer (ScriptedImporter : UnityEditor.QuickSearchModule:UnityEditor.Search:ASIAI0B)
Imported 'GUID: bdd96340ebb649f781c3ff803211c992' -> (Import Result ID: 'eaca3aa67d179acddf4a20b5902ea14b') in 0.001 seconds [static and dynamic dependencies]. Details - ImportResultOutputID=98eb45652e4a9df7c7ecc2e8c249f727 DependenciesID=ae3d9c7c387074dd5386342ac1adf708 StaticDependenciesID=48160770f4782aa353f1a5698f3a2a74 
Number of updated asset objects reloaded before import = 0
Number of asset objects unloaded after import = 0
========================================================================
Received Import Request.
  Time of request: 2026-08-27T05:11:08.404716Z
  Time since last request: 0.000127916 seconds.
  importAddress: GUID: 5da88f348abcbd94585671a69c672781 - Path: Packages/com.unity.ugui/Tests/Runtime/UGUI/Util/ImageHook.cs - Importer: ScriptedImporter/UnityEditor.QuickSearchModule:UnityEditor.Search:ASIAI0B
Importing 'GUID: 5da88f348abcbd94585671a69c672781 - Path: Packages/com.unity.ugui/Tests/Runtime/UGUI/Util/ImageHook.cs - Importer: ScriptedImporter/UnityEditor.QuickSearchModule:UnityEditor.Search:ASIAI0B' with importer (ScriptedImporter : UnityEditor.QuickSearchModule:UnityEditor.Search:ASIAI0B)
Imported 'GUID: 5da88f348abcbd94585671a69c672781' -> (Import Result ID: '89079d83c92c03a4980d70e8c4012639') in 0.000 seconds [static and dynamic dependencies]. Details - ImportResultOutputID=6e510a1683d6942e7829cf96c01744a0 DependenciesID=51f7703006af957fbe118cbf08ff2c2e StaticDependenciesID=25ec4b266380201790c554fc44857ad8 
Number of updated asset objects reloaded before import = 0
Number of asset objects unloaded after import = 0
========================================================================
Received Import Request.
  Time of request: 2026-08-27T05:11:08.405375Z
  Time since last request: 0.000138792 seconds.
  importAddress: GUID: 020ee4c1798a3d243a4b8cbfee6cac2d - Path: Packages/com.unity.ugui/Runtime/UGUI/UI/Core/VertexModifiers/PositionAsUV1.cs - Importer: ScriptedImporter/UnityEditor.QuickSearchModule:UnityEditor.Search:ASIAI0B
Importing 'GUID: 020ee4c1798a3d243a4b8cbfee6cac2d - Path: Packages/com.unity.ugui/Runtime/UGUI/UI/Core/VertexModifiers/PositionAsUV1.cs - Importer: ScriptedImporter/UnityEditor.QuickSearchModule:UnityEditor.Search:ASIAI0B' with importer (ScriptedImporter : UnityEditor.QuickSearchModule:UnityEditor.Search:ASIAI0B)
Imported 'GUID: 020ee4c1798a3d243a4b8cbfee6cac2d' -> (Import Result ID: 'd92df32694971d05d75237fa5718062d') in 0.001 seconds [static and dynamic dependencies]. Details - ImportResultOutputID=b491cd9869d7ba1994452465a3d100c8 DependenciesID=a9dbf77d9e9476df0770b1b7d2e84dc9 StaticDependenciesID=003763f46394dbb50e46add27caf80cf 
Number of updated asset objects reloaded before import = 0
Number of asset objects unloaded after import = 0
========================================================================
Received Import Request.
  Time of request: 2026-08-27T05:11:08.406128Z
  Time since last request: 0.0001465 seconds.
  importAddress: GUID: 309b0604924786544a3786ec4073c5a1 - Path: Packages/com.unity.ugui/Tests/Runtime/UGUI/Layout/ContentSizeFitterTests.cs - Importer: ScriptedImporter/UnityEditor.QuickSearchModule:UnityEditor.Search:ASIAI0B
Importing 'GUID: 309b0604924786544a3786ec4073c5a1 - Path: Packages/com.unity.ugui/Tests/Runtime/UGUI/Layout/ContentSizeFitterTests.cs - Importer: ScriptedImporter/UnityEditor.QuickSearchModule:UnityEditor.Search:ASIAI0B' with importer (ScriptedImporter : UnityEditor.QuickSearchModule:UnityEditor.Search:ASIAI0B)
Imported 'GUID: 309b0604924786544a3786ec4073c5a1' -> (Import Result ID: 'b4000e217950a6fd40ceb268c8cfeafd') in 0.001 seconds [static and dynamic dependencies]. Details - ImportResultOutputID=1d4bf01a96d775a8ca9e2303a9daec64 DependenciesID=4638289cdc36a35fb077114e9788a171 StaticDependenciesID=b3006c07ea5d24c6a62a91f67dd8a039 
Number of updated asset objects reloaded before import = 0
Number of asset objects unloaded after import = 0
========================================================================
Received Import Request.
  Time of request: 2026-08-27T05:11:08.406895Z
  Time since last request: 0.000160708 seconds.
  importAddress: GUID: e19747de3f5aca642ab2be37e372fb86 - Path: Packages/com.unity.ugui/Runtime/UGUI/UI/Core/VertexModifiers/Outline.cs - Importer: ScriptedImporter/UnityEditor.QuickSearchModule:UnityEditor.Search:ASIAI0B
Importing 'GUID: e19747de3f5aca642ab2be37e372fb86 - Path: Packages/com.unity.ugui/Runtime/UGUI/UI/Core/VertexModifiers/Outline.cs - Importer: ScriptedImporter/UnityEditor.QuickSearchModule:UnityEditor.Search:ASIAI0B' with importer (ScriptedImporter : UnityEditor.QuickSearchModule:UnityEditor.Search:ASIAI0B)
Imported 'GUID: e19747de3f5aca642ab2be37e372fb86' -> (Import Result ID: 'a1acfc14ed681670d79e72bee14de101') in 0.001 seconds [static and dynamic dependencies]. Details - ImportResultOutputID=a578ec7318e3b31909ea7e66b4410b44 DependenciesID=eb32ca7e20124dbba81563df988a629a StaticDependenciesID=db6df5c4857b856e9d11770b27afa839 
Number of updated asset objects reloaded before import = 0
Number of asset objects unloaded after import = 0
========================================================================
Received Import Request.
  Time of request: 2026-08-27T05:11:08.407712Z
  Time since last request: 0.0001985 seconds.
  importAddress: GUID: 24c3e990929f942f9a53e298ba7caddf - Path: Packages/com.unity.ugui/Tests/Runtime/UGUI/RaycastReceiver/RaycastReceiverTests.cs - Importer: ScriptedImporter/UnityEditor.QuickSearchModule:UnityEditor.Search:ASIAI0B
Importing 'GUID: 24c3e990929f942f9a53e298ba7caddf - Path: Packages/com.unity.ugui/Tests/Runtime/UGUI/RaycastReceiver/RaycastReceiverTests.cs - Importer: ScriptedImporter/UnityEditor.QuickSearchModule:UnityEditor.Search:ASIAI0B' with importer (ScriptedImporter : UnityEditor.QuickSearchModule:UnityEditor.Search:ASIAI0B)
Imported 'GUID: 24c3e990929f942f9a53e298ba7caddf' -> (Import Result ID: '11f8e02fc76121dfb75fef339766d547') in 0.001 seconds [static and dynamic dependencies]. Details - ImportResultOutputID=55534818b162b99c0b12382bd4bd6269 DependenciesID=494eedd9eb8ef50ef870fe266fa20772 StaticDependenciesID=7fe66d1f77dcb25e4a96ac3f3a124861 
Number of updated asset objects reloaded before import = 0
Number of asset objects unloaded after import = 0
========================================================================
Received Import Request.
  Time of request: 2026-08-27T05:11:08.408499Z
  Time since last request: 0.000152167 seconds.
  importAddress: GUID: 14427eecd0bccea468addc3492aaef57 - Path: Packages/com.unity.ugui/Tests/Runtime/UGUI/Toggle/ToggleTests.cs - Importer: ScriptedImporter/UnityEditor.QuickSearchModule:UnityEditor.Search:ASIAI0B
Importing 'GUID: 14427eecd0bccea468addc3492aaef57 - Path: Packages/com.unity.ugui/Tests/Runtime/UGUI/Toggle/ToggleTests.cs - Importer: ScriptedImporter/UnityEditor.QuickSearchModule:UnityEditor.Search:ASIAI0B' with importer (ScriptedImporter : UnityEditor.QuickSearchModule:UnityEditor.Search:ASIAI0B)
Imported 'GUID: 14427eecd0bccea468addc3492aaef57' -> (Import Result ID: '03bae15f26b7720b4dbcefb6380cfc08') in 0.000 seconds [static and dynamic dependencies]. Details - ImportResultOutputID=a8a1d47443381c42d44c676faca3cfde DependenciesID=e295862c6f043639d20c7ec7b8b652f8 StaticDependenciesID=219e6ee0457aaa85b0fd67b6d6c0e592 
Number of updated asset objects reloaded before import = 0
Number of asset objects unloaded after import = 0
========================================================================
Received Import Request.
  Time of request: 2026-08-27T05:11:08.409137Z
  Time since last request: 0.000125166 seconds.
  importAddress: GUID: 00f9a68859b850648902e0c98c25b590 - Path: Packages/com.unity.ugui/Tests/Runtime/UGUI/ScrollBar/ScrollBarTests.cs - Importer: ScriptedImporter/UnityEditor.QuickSearchModule:UnityEditor.Search:ASIAI0B
Importing 'GUID: 00f9a68859b850648902e0c98c25b590 - Path: Packages/com.unity.ugui/Tests/Runtime/UGUI/ScrollBar/ScrollBarTests.cs - Importer: ScriptedImporter/UnityEditor.QuickSearchModule:UnityEditor.Search:ASIAI0B' with importer (ScriptedImporter : UnityEditor.QuickSearchModule:UnityEditor.Search:ASIAI0B)
Imported 'GUID: 00f9a68859b850648902e0c98c25b590' -> (Import Result ID: 'd65ba38a0e081ada077e1f8065d63dd5') in 0.000 seconds [static and dynamic dependencies]. Details - ImportResultOutputID=5afaa5ab2985312ab2f4cc0ea34910ad DependenciesID=7fde140e696a85084cc62f8e3636faf9 StaticDependenciesID=3a9ce9c0c50154ef6bc3ebe85dbd9ba0 
Number of updated asset objects reloaded before import = 0
Number of asset objects unloaded after import = 0
========================================================================
Received Import Request.
  Time of request: 2026-08-27T05:11:08.409775Z
  Time since last request: 0.000118958 seconds.
  importAddress: GUID: c606041f02fc7d542b1429806872292b - Path: Packages/com.unity.ugui/Runtime/UGUI/UI/Core/Culling/RectangularVertexClipper.cs - Importer: ScriptedImporter/UnityEditor.QuickSearchModule:UnityEditor.Search:ASIAI0B
Importing 'GUID: c606041f02fc7d542b1429806872292b - Path: Packages/com.unity.ugui/Runtime/UGUI/UI/Core/Culling/RectangularVertexClipper.cs - Importer: ScriptedImporter/UnityEditor.QuickSearchModule:UnityEditor.Search:ASIAI0B' with importer (ScriptedImporter : UnityEditor.QuickSearchModule:UnityEditor.Search:ASIAI0B)
Imported 'GUID: c606041f02fc7d542b1429806872292b' -> (Import Result ID: '6a5cdef84396953b9e33474a3974f520') in 0.001 seconds [static and dynamic dependencies]. Details - ImportResultOutputID=8679b083bb3948bce68dffd82812e43d DependenciesID=66c81b8d08ebdfb1f412b3287d86adce StaticDependenciesID=951ee7a676f530f5191153a97f0d9da7 
Number of updated asset objects reloaded before import = 0
Number of asset objects unloaded after import = 0
========================================================================
Received Import Request.
  Time of request: 2026-08-27T05:11:08.410637Z
  Time since last request: 0.0001555 seconds.
  importAddress: GUID: 59f8146938fff824cb5fd77236b75775 - Path: Packages/com.unity.ugui/Runtime/UGUI/UI/Core/Layout/VerticalLayoutGroup.cs - Importer: ScriptedImporter/UnityEditor.QuickSearchModule:UnityEditor.Search:ASIAI0B
Importing 'GUID: 59f8146938fff824cb5fd77236b75775 - Path: Packages/com.unity.ugui/Runtime/UGUI/UI/Core/Layout/VerticalLayoutGroup.cs - Importer: ScriptedImporter/UnityEditor.QuickSearchModule:UnityEditor.Search:ASIAI0B' with importer (ScriptedImporter : UnityEditor.QuickSearchModule:UnityEditor.Search:ASIAI0B)
Imported 'GUID: 59f8146938fff824cb5fd77236b75775' -> (Import Result ID: '8b47c8b6243fe8e9dbe1895e2dbb9690') in 0.001 seconds [static and dynamic dependencies]. Details - ImportResultOutputID=d4312cb159735546f79914f148d71d9d DependenciesID=c53a7ce39f446777ce736c9167a86cdb StaticDependenciesID=36223cfb84be07894043446480e9277f 
Number of updated asset objects reloaded before import = 0
Number of asset objects unloaded after import = 0
========================================================================
Received Import Request.
  Time of request: 2026-08-27T05:11:08.411436Z
  Time since last request: 0.000200917 seconds.
  importAddress: GUID: 86710e43de46f6f4bac7c8e50813a599 - Path: Packages/com.unity.ugui/Runtime/UGUI/UI/Core/Layout/AspectRatioFitter.cs - Importer: ScriptedImporter/UnityEditor.QuickSearchModule:UnityEditor.Search:ASIAI0B
Importing 'GUID: 86710e43de46f6f4bac7c8e50813a599 - Path: Packages/com.unity.ugui/Runtime/UGUI/UI/Core/Layout/AspectRatioFitter.cs - Importer: ScriptedImporter/UnityEditor.QuickSearchModule:UnityEditor.Search:ASIAI0B' with importer (ScriptedImporter : UnityEditor.QuickSearchModule:UnityEditor.Search:ASIAI0B)
Imported 'GUID: 86710e43de46f6f4bac7c8e50813a599' -> (Import Result ID: 'f3b2b84eb3b997f8406f1d6adf6e5138') in 0.001 seconds [static and dynamic dependencies]. Details - ImportResultOutputID=eae7210b8b8bbb5568e5a6db3a0b12ea DependenciesID=fcf5e1376d35ed8b7685a2f956bedd5a StaticDependenciesID=0bf151fb515aac19782df8a0d782c216 
Number of updated asset objects reloaded before import = 0
Number of asset objects unloaded after import = 0
========================================================================
Received Import Request.
  Time of request: 2026-08-27T05:11:08.412153Z
  Time since last request: 0.000126167 seconds.
  importAddress: GUID: 8a8695521f0d02e499659fee002a26c2 - Path: Packages/com.unity.ugui/Runtime/UGUI/UI/Core/Layout/GridLayoutGroup.cs - Importer: ScriptedImporter/UnityEditor.QuickSearchModule:UnityEditor.Search:ASIAI0B
Importing 'GUID: 8a8695521f0d02e499659fee002a26c2 - Path: Packages/com.unity.ugui/Runtime/UGUI/UI/Core/Layout/GridLayoutGroup.cs - Importer: ScriptedImporter/UnityEditor.QuickSearchModule:UnityEditor.Search:ASIAI0B' with importer (ScriptedImporter : UnityEditor.QuickSearchModule:UnityEditor.Search:ASIAI0B)
Imported 'GUID: 8a8695521f0d02e499659fee002a26c2' -> (Import Result ID: 'e5b23f57c0bc6bdf535783fe0b8668c4') in 0.001 seconds [static and dynamic dependencies]. Details - ImportResultOutputID=45eb790d5eebe63bf5c8ae8746334496 DependenciesID=642092bbd816115200666acb98e7c141 StaticDependenciesID=c741e740c26658bba1d94faf31ed7613 
Number of updated asset objects reloaded before import = 0
Number of asset objects unloaded after import = 0
========================================================================
Received Import Request.
  Time of request: 2026-08-27T05:11:08.412836Z
  Time since last request: 0.000116625 seconds.
  importAddress: GUID: 529fde071171dfd4e99d45ca81a3ac7b - Path: Packages/com.unity.ugui/Tests/Runtime/UGUI/MaskClipping/RectMask2DClipping.cs - Importer: ScriptedImporter/UnityEditor.QuickSearchModule:UnityEditor.Search:ASIAI0B
Importing 'GUID: 529fde071171dfd4e99d45ca81a3ac7b - Path: Packages/com.unity.ugui/Tests/Runtime/UGUI/MaskClipping/RectMask2DClipping.cs - Importer: ScriptedImporter/UnityEditor.QuickSearchModule:UnityEditor.Search:ASIAI0B' with importer (ScriptedImporter : UnityEditor.QuickSearchModule:UnityEditor.Search:ASIAI0B)
Imported 'GUID: 529fde071171dfd4e99d45ca81a3ac7b' -> (Import Result ID: '65c1c375efe50dc229410eaf872a28ae') in 0.001 seconds [static and dynamic dependencies]. Details - ImportResultOutputID=42a017183a347e7bfb2e0d6242b9436d DependenciesID=ef478f30f183649d68e7d78d9a2b9612 StaticDependenciesID=f8cc5ff7afd22cd2c96c6892a81769b4 
Number of updated asset objects reloaded before import = 0
Number of asset objects unloaded after import = 0
========================================================================
Received Import Request.
  Time of request: 2026-08-27T05:11:08.413496Z
  Time since last request: 0.000116958 seconds.
  importAddress: GUID: 371b6b9c8adc50745ace66a6fdf67481 - Path: Packages/com.unity.ugui/Runtime/UGUI/UI/Core/Culling/IClipRegion.cs - Importer: ScriptedImporter/UnityEditor.QuickSearchModule:UnityEditor.Search:ASIAI0B
Importing 'GUID: 371b6b9c8adc50745ace66a6fdf67481 - Path: Packages/com.unity.ugui/Runtime/UGUI/UI/Core/Culling/IClipRegion.cs - Importer: ScriptedImporter/UnityEditor.QuickSearchModule:UnityEditor.Search:ASIAI0B' with importer (ScriptedImporter : UnityEditor.QuickSearchModule:UnityEditor.Search:ASIAI0B)
Imported 'GUID: 371b6b9c8adc50745ace66a6fdf67481' -> (Import Result ID: '74d0b0d8850fc95df3c132c748bb615c') in 0.000 seconds [static and dynamic dependencies]. Details - ImportResultOutputID=5c549c7646db07b4b47efed9c9570979 DependenciesID=0b77a058074b308ff10e401aae37f192 StaticDependenciesID=5ca0faef312109de8f6d1eb5d0049316 
Number of updated asset objects reloaded before import = 0
Number of asset objects unloaded after import = 0
========================================================================
Received Import Request.
  Time of request: 2026-08-27T05:11:08.414109Z
  Time since last request: 0.000116083 seconds.
  importAddress: GUID: a8604e8f13b3be84b8bc0c1507d8f3f6 - Path: Packages/com.unity.ugui/Runtime/UGUI/UI/Core/SpecializedCollections/IndexedSet.cs - Importer: ScriptedImporter/UnityEditor.QuickSearchModule:UnityEditor.Search:ASIAI0B
Importing 'GUID: a8604e8f13b3be84b8bc0c1507d8f3f6 - Path: Packages/com.unity.ugui/Runtime/UGUI/UI/Core/SpecializedCollections/IndexedSet.cs - Importer: ScriptedImporter/UnityEditor.QuickSearchModule:UnityEditor.Search:ASIAI0B' with importer (ScriptedImporter : UnityEditor.QuickSearchModule:UnityEditor.Search:ASIAI0B)
Imported 'GUID: a8604e8f13b3be84b8bc0c1507d8f3f6' -> (Import Result ID: '4a6adc5f8db0b88bdfd46ed0af743a3a') in 0.001 seconds [static and dynamic dependencies]. Details - ImportResultOutputID=ab2aba926b6611bde4ec9cece1c709dc DependenciesID=6c6472b1b668e364b7c31bcc2fb0c232 StaticDependenciesID=a0e22dabcc1d36b118a266047a4b8e4f 
Number of updated asset objects reloaded before import = 0
Number of asset objects unloaded after import = 0
========================================================================
Received Import Request.
  Time of request: 2026-08-27T05:11:08.414906Z
  Time since last request: 0.000222625 seconds.
  importAddress: GUID: 30f2a9fda7b63b041a70443bae3e7c01 - Path: Packages/com.unity.ugui/Tests/Runtime/UGUI/Layout/LayoutGroupTests.cs - Importer: ScriptedImporter/UnityEditor.QuickSearchModule:UnityEditor.Search:ASIAI0B
Importing 'GUID: 30f2a9fda7b63b041a70443bae3e7c01 - Path: Packages/com.unity.ugui/Tests/Runtime/UGUI/Layout/LayoutGroupTests.cs - Importer: ScriptedImporter/UnityEditor.QuickSearchModule:UnityEditor.Search:ASIAI0B' with importer (ScriptedImporter : UnityEditor.QuickSearchModule:UnityEditor.Search:ASIAI0B)
Imported 'GUID: 30f2a9fda7b63b041a70443bae3e7c01' -> (Import Result ID: '84280077fb77afe76fe9935d76431fda') in 0.001 seconds [static and dynamic dependencies]. Details - ImportResultOutputID=e4d32a28f5443a36909c4c1ff68d2261 DependenciesID=a5883fe42976125d8c8fbc3213795e9a StaticDependenciesID=89cfb27dce48437b45011353b2ca1099 
Number of updated asset objects reloaded before import = 0
Number of asset objects unloaded after import = 0
========================================================================
Received Import Request.
  Time of request: 2026-08-27T05:11:08.416319Z
  Time since last request: 0.000325542 seconds.
  importAddress: GUID: a598580d0cfc7224ebed8d2b627d9e00 - Path: Packages/com.unity.ugui/Tests/Runtime/UGUI/Image/ImageTests.cs - Importer: ScriptedImporter/UnityEditor.QuickSearchModule:UnityEditor.Search:ASIAI0B
Importing 'GUID: a598580d0cfc7224ebed8d2b627d9e00 - Path: Packages/com.unity.ugui/Tests/Runtime/UGUI/Image/ImageTests.cs - Importer: ScriptedImporter/UnityEditor.QuickSearchModule:UnityEditor.Search:ASIAI0B' with importer (ScriptedImporter : UnityEditor.QuickSearchModule:UnityEditor.Search:ASIAI0B)
Imported 'GUID: a598580d0cfc7224ebed8d2b627d9e00' -> (Import Result ID: '8ac2e1317a49e5010a993af0d1967e9e') in 0.001 seconds [static and dynamic dependencies]. Details - ImportResultOutputID=0d7b343e04904703f6b731daf75e4fc7 DependenciesID=b7e471bfb6404a7ace7d5c514ef8f02e StaticDependenciesID=b5b81755d53c6a1b5cd129915f43e9d8 
Number of updated asset objects reloaded before import = 0
Number of asset objects unloaded after import = 0
========================================================================
Received Import Request.
  Time of request: 2026-08-27T05:11:08.417798Z
  Time since last request: 0.0001465 seconds.
  importAddress: GUID: e9a32780b69dcdb438da3e3f43202f54 - Path: Packages/com.unity.ugui/Tests/Runtime/UGUI/LayoutGroup/LayoutGroupArrangement.cs - Importer: ScriptedImporter/UnityEditor.QuickSearchModule:UnityEditor.Search:ASIAI0B
Importing 'GUID: e9a32780b69dcdb438da3e3f43202f54 - Path: Packages/com.unity.ugui/Tests/Runtime/UGUI/LayoutGroup/LayoutGroupArrangement.cs - Importer: ScriptedImporter/UnityEditor.QuickSearchModule:UnityEditor.Search:ASIAI0B' with importer (ScriptedImporter : UnityEditor.QuickSearchModule:UnityEditor.Search:ASIAI0B)
Imported 'GUID: e9a32780b69dcdb438da3e3f43202f54' -> (Import Result ID: 'd624a0a699940ffab62ee09a7bb875fb') in 0.001 seconds [static and dynamic dependencies]. Details - ImportResultOutputID=c0531a26879070cb4999788dc2234ccd DependenciesID=2afec79aa0771ac80df7354ae78d258e StaticDependenciesID=40ac2b6ac857822e3ac7ae25ff78e43e 
Number of updated asset objects reloaded before import = 0
Number of asset objects unloaded after import = 0
========================================================================
Received Import Request.
  Time of request: 2026-08-27T05:11:08.418636Z
  Time since last request: 0.000173625 seconds.
  importAddress: GUID: e0e4f43a3816add4c86c9671d7961f2f - Path: Packages/com.unity.ugui/Tests/Runtime/UGUI/Toggle/TestableToggleGroup.cs - Importer: ScriptedImporter/UnityEditor.QuickSearchModule:UnityEditor.Search:ASIAI0B
Importing 'GUID: e0e4f43a3816add4c86c9671d7961f2f - Path: Packages/com.unity.ugui/Tests/Runtime/UGUI/Toggle/TestableToggleGroup.cs - Importer: ScriptedImporter/UnityEditor.QuickSearchModule:UnityEditor.Search:ASIAI0B' with importer (ScriptedImporter : UnityEditor.QuickSearchModule:UnityEditor.Search:ASIAI0B)
Imported 'GUID: e0e4f43a3816add4c86c9671d7961f2f' -> (Import Result ID: '3d5580fac3d54190aff72b8d0499de88') in 0.001 seconds [static and dynamic dependencies]. Details - ImportResultOutputID=c819ae900622e24031331e39c143d170 DependenciesID=4cc7a913afbd17308638725372c74a65 StaticDependenciesID=79b5a37d883f5dbd94d66489492daa8e 
Number of updated asset objects reloaded before import = 0
Number of asset objects unloaded after import = 0
========================================================================
Received Import Request.
  Time of request: 2026-08-27T05:11:08.419463Z
  Time since last request: 0.000212542 seconds.
  importAddress: GUID: 7883cd788d83a71478342eef943e8150 - Path: Packages/com.unity.ugui/Tests/Runtime/UGUI/ScrollRect/ScrollRectStableLayout.cs - Importer: ScriptedImporter/UnityEditor.QuickSearchModule:UnityEditor.Search:ASIAI0B
Importing 'GUID: 7883cd788d83a71478342eef943e8150 - Path: Packages/com.unity.ugui/Tests/Runtime/UGUI/ScrollRect/ScrollRectStableLayout.cs - Importer: ScriptedImporter/UnityEditor.QuickSearchModule:UnityEditor.Search:ASIAI0B' with importer (ScriptedImporter : UnityEditor.QuickSearchModule:UnityEditor.Search:ASIAI0B)
Imported 'GUID: 7883cd788d83a71478342eef943e8150' -> (Import Result ID: '8d404abaf796f466fe9eacbd5321a930') in 0.001 seconds [static and dynamic dependencies]. Details - ImportResultOutputID=31e9c99c3f7d6f6db615ae592b308689 DependenciesID=321f8dc02610ad92cad312c7b2b31f02 StaticDependenciesID=9f6a3a79f59f0cf04c0333f9bef5a2a8 
Number of updated asset objects reloaded before import = 0
Number of asset objects unloaded after import = 0
========================================================================
Received Import Request.
  Time of request: 2026-08-27T05:11:08.420328Z
  Time since last request: 0.000141458 seconds.
  importAddress: GUID: d56dbb97f857c8040beef6dd1bfc97df - Path: Packages/com.unity.ugui/Tests/Runtime/UGUI/ScrollRect/ScrollRectClamp.cs - Importer: ScriptedImporter/UnityEditor.QuickSearchModule:UnityEditor.Search:ASIAI0B
Importing 'GUID: d56dbb97f857c8040beef6dd1bfc97df - Path: Packages/com.unity.ugui/Tests/Runtime/UGUI/ScrollRect/ScrollRectClamp.cs - Importer: ScriptedImporter/UnityEditor.QuickSearchModule:UnityEditor.Search:ASIAI0B' with importer (ScriptedImporter : UnityEditor.QuickSearchModule:UnityEditor.Search:ASIAI0B)
Imported 'GUID: d56dbb97f857c8040beef6dd1bfc97df' -> (Import Result ID: '7cc76357b6d368786e07a511dab3214e') in 0.001 seconds [static and dynamic dependencies]. Details - ImportResultOutputID=0f10e9217b3fc921d5551257fd02a737 DependenciesID=b1d5882cf3981c27f4d1dc0624b89d81 StaticDependenciesID=8c16cd1a101ca8ae5b7a4d157997e166 
Number of updated asset objects reloaded before import = 0
Number of asset objects unloaded after import = 0
========================================================================
Received Import Request.
  Time of request: 2026-08-27T05:11:08.421052Z
  Time since last request: 0.000116417 seconds.
  importAddress: GUID: 1a70a790a43cd0d4a96f75746841f764 - Path: Packages/com.unity.ugui/Tests/Runtime/UGUI/Image/ImageFilledGenerateWork.cs - Importer: ScriptedImporter/UnityEditor.QuickSearchModule:UnityEditor.Search:ASIAI0B
Importing 'GUID: 1a70a790a43cd0d4a96f75746841f764 - Path: Packages/com.unity.ugui/Tests/Runtime/UGUI/Image/ImageFilledGenerateWork.cs - Importer: ScriptedImporter/UnityEditor.QuickSearchModule:UnityEditor.Search:ASIAI0B' with importer (ScriptedImporter : UnityEditor.QuickSearchModule:UnityEditor.Search:ASIAI0B)
Imported 'GUID: 1a70a790a43cd0d4a96f75746841f764' -> (Import Result ID: '3984a74cebae91964f03b67303099eb2') in 0.000 seconds [static and dynamic dependencies]. Details - ImportResultOutputID=e6e758fb4cd018b2b6e688611ac2704b DependenciesID=63bff2bd38a1bfdc11b213b6771029b2 StaticDependenciesID=4c8756484830a573f9766efa55a68210 
Number of updated asset objects reloaded before import = 0
Number of asset objects unloaded after import = 0
========================================================================
Received Import Request.
  Time of request: 2026-08-27T05:11:08.421659Z
  Time since last request: 0.000109333 seconds.
  importAddress: GUID: c459424081436584c8cec10767f9ac38 - Path: Packages/com.unity.ugui/Runtime/UGUI/UI/Core/Utility/VertexHelper.cs - Importer: ScriptedImporter/UnityEditor.QuickSearchModule:UnityEditor.Search:ASIAI0B
Importing 'GUID: c459424081436584c8cec10767f9ac38 - Path: Packages/com.unity.ugui/Runtime/UGUI/UI/Core/Utility/VertexHelper.cs - Importer: ScriptedImporter/UnityEditor.QuickSearchModule:UnityEditor.Search:ASIAI0B' with importer (ScriptedImporter : UnityEditor.QuickSearchModule:UnityEditor.Search:ASIAI0B)
Imported 'GUID: c459424081436584c8cec10767f9ac38' -> (Import Result ID: 'b7c596bf3619213fe17796a3d679a5ab') in 0.000 seconds [static and dynamic dependencies]. Details - ImportResultOutputID=14b12cfcf3b0669a0ac8d7cc877e3d22 DependenciesID=3ab2f042c9cf0681fc66d5eb8527ac44 StaticDependenciesID=06fa237f637227612e6f37d14654e448 
Number of updated asset objects reloaded before import = 0
Number of asset objects unloaded after import = 0
========================================================================
Received Import Request.
  Time of request: 2026-08-27T05:11:08.422299Z
  Time since last request: 0.00014575 seconds.
  importAddress: GUID: d548f82e7e9c0ed49ae5b4a5eecfb2f7 - Path: Packages/com.unity.ugui/Tests/Runtime/UGUI/Util/UIBehaviourExtensions.cs - Importer: ScriptedImporter/UnityEditor.QuickSearchModule:UnityEditor.Search:ASIAI0B
Importing 'GUID: d548f82e7e9c0ed49ae5b4a5eecfb2f7 - Path: Packages/com.unity.ugui/Tests/Runtime/UGUI/Util/UIBehaviourExtensions.cs - Importer: ScriptedImporter/UnityEditor.QuickSearchModule:UnityEditor.Search:ASIAI0B' with importer (ScriptedImporter : UnityEditor.QuickSearchModule:UnityEditor.Search:ASIAI0B)
Imported 'GUID: d548f82e7e9c0ed49ae5b4a5eecfb2f7' -> (Import Result ID: 'da5b811e918e6ba8d1077eba2cc1612e') in 0.001 seconds [static and dynamic dependencies]. Details - ImportResultOutputID=752e9df70179627da2bde92e1709001d DependenciesID=7cd8e75a645643920721e6430447af2f StaticDependenciesID=72e5a6ee4a7df6378f9382556f2f3ef0 
Number of updated asset objects reloaded before import = 0
Number of asset objects unloaded after import = 0
========================================================================
Received Import Request.
  Time of request: 2026-08-27T05:11:08.423052Z
  Time since last request: 0.000180833 seconds.
  importAddress: GUID: 85f3c3a3c2623cd4da1661b0479e2ef2 - Path: Packages/com.unity.ugui/Runtime/UGUI/UI/Core/VertexModifiers/IMeshModifier.cs - Importer: ScriptedImporter/UnityEditor.QuickSearchModule:UnityEditor.Search:ASIAI0B
Importing 'GUID: 85f3c3a3c2623cd4da1661b0479e2ef2 - Path: Packages/com.unity.ugui/Runtime/UGUI/UI/Core/VertexModifiers/IMeshModifier.cs - Importer: ScriptedImporter/UnityEditor.QuickSearchModule:UnityEditor.Search:ASIAI0B' with importer (ScriptedImporter : UnityEditor.QuickSearchModule:UnityEditor.Search:ASIAI0B)
Imported 'GUID: 85f3c3a3c2623cd4da1661b0479e2ef2' -> (Import Result ID: '26f6a3bb98dd22907dc510b44f0502dd') in 0.001 seconds [static and dynamic dependencies]. Details - ImportResultOutputID=1ff8c7bc4092ff7221b17a81c235e2a8 DependenciesID=a426c4f448d16936a28038a2502d81a7 StaticDependenciesID=984434db92f330b6a7d24a330eb64f6f 
Number of updated asset objects reloaded before import = 0
Number of asset objects unloaded after import = 0
========================================================================
Received Import Request.
  Time of request: 2026-08-27T05:11:08.423824Z
  Time since last request: 0.000176167 seconds.
  importAddress: GUID: cb7c939a806f03341b682c180dc13f08 - Path: Packages/com.unity.ugui/Runtime/UGUI/UI/Core/Layout/LayoutGroup.cs - Importer: ScriptedImporter/UnityEditor.QuickSearchModule:UnityEditor.Search:ASIAI0B
Importing 'GUID: cb7c939a806f03341b682c180dc13f08 - Path: Packages/com.unity.ugui/Runtime/UGUI/UI/Core/Layout/LayoutGroup.cs - Importer: ScriptedImporter/UnityEditor.QuickSearchModule:UnityEditor.Search:ASIAI0B' with importer (ScriptedImporter : UnityEditor.QuickSearchModule:UnityEditor.Search:ASIAI0B)
Imported 'GUID: cb7c939a806f03341b682c180dc13f08' -> (Import Result ID: 'cef894acc3be31be5991670d768d2f6b') in 0.001 seconds [static and dynamic dependencies]. Details - ImportResultOutputID=b24d4414933a2ca8e9b0409767f55bf5 DependenciesID=3f07afc6f32560053727358d21143ead StaticDependenciesID=7f0707e46e4c7a2a45701c2dd61048b7 
Number of updated asset objects reloaded before import = 0
Number of asset objects unloaded after import = 0
========================================================================
Received Import Request.
  Time of request: 2026-08-27T05:11:08.424558Z
  Time since last request: 0.000128583 seconds.
  importAddress: GUID: fcae021c30eccf74790a4e816ba97c19 - Path: Packages/com.unity.ugui/Runtime/UGUI/UI/Core/Utility/ReflectionMethodsCache.cs - Importer: ScriptedImporter/UnityEditor.QuickSearchModule:UnityEditor.Search:ASIAI0B
Importing 'GUID: fcae021c30eccf74790a4e816ba97c19 - Path: Packages/com.unity.ugui/Runtime/UGUI/UI/Core/Utility/ReflectionMethodsCache.cs - Importer: ScriptedImporter/UnityEditor.QuickSearchModule:UnityEditor.Search:ASIAI0B' with importer (ScriptedImporter : UnityEditor.QuickSearchModule:UnityEditor.Search:ASIAI0B)
Imported 'GUID: fcae021c30eccf74790a4e816ba97c19' -> (Import Result ID: 'edcf34f712c5cd7a02b26f3c9544cfef') in 0.000 seconds [static and dynamic dependencies]. Details - ImportResultOutputID=59ee29662dc983973584dd61968a9349 DependenciesID=79b3de7249507b3cea83ba48dfc0dbbe StaticDependenciesID=69fd69fc150009c3ae564a895565a70c 
Number of updated asset objects reloaded before import = 0
Number of asset objects unloaded after import = 0
========================================================================
Received Import Request.
  Time of request: 2026-08-27T05:11:08.425156Z
  Time since last request: 0.000114584 seconds.
  importAddress: GUID: 621a76c0c3927aa45aba7d2ad0c8e1c8 - Path: Packages/com.unity.ugui/Tests/Runtime/UGUI/Util/GraphicTestHelper.cs - Importer: ScriptedImporter/UnityEditor.QuickSearchModule:UnityEditor.Search:ASIAI0B
Importing 'GUID: 621a76c0c3927aa45aba7d2ad0c8e1c8 - Path: Packages/com.unity.ugui/Tests/Runtime/UGUI/Util/GraphicTestHelper.cs - Importer: ScriptedImporter/UnityEditor.QuickSearchModule:UnityEditor.Search:ASIAI0B' with importer (ScriptedImporter : UnityEditor.QuickSearchModule:UnityEditor.Search:ASIAI0B)
Imported 'GUID: 621a76c0c3927aa45aba7d2ad0c8e1c8' -> (Import Result ID: '79120d7b6f43e5d8e398f6a36b4711d7') in 0.000 seconds [static and dynamic dependencies]. Details - ImportResultOutputID=56d21cbac609244c595576a689d02277 DependenciesID=0dfc87283a81023bfb8437471402e0cb StaticDependenciesID=c0fbafc7b2d24594a4c329fa1d79f4c9 
Number of updated asset objects reloaded before import = 0
Number of asset objects unloaded after import = 0
========================================================================
Received Import Request.
  Time of request: 2026-08-27T05:11:08.425719Z
  Time since last request: 0.000108458 seconds.
  importAddress: GUID: ea944378afa086f438b3352ad7b0e835 - Path: Packages/com.unity.ugui/Tests/Runtime/UGUI/Util/PrivateFieldSetter.cs - Importer: ScriptedImporter/UnityEditor.QuickSearchModule:UnityEditor.Search:ASIAI0B
Importing 'GUID: ea944378afa086f438b3352ad7b0e835 - Path: Packages/com.unity.ugui/Tests/Runtime/UGUI/Util/PrivateFieldSetter.cs - Importer: ScriptedImporter/UnityEditor.QuickSearchModule:UnityEditor.Search:ASIAI0B' with importer (ScriptedImporter : UnityEditor.QuickSearchModule:UnityEditor.Search:ASIAI0B)
Imported 'GUID: ea944378afa086f438b3352ad7b0e835' -> (Import Result ID: 'c3640c340eac4d0ac4e50ca0f37bea5a') in 0.001 seconds [static and dynamic dependencies]. Details - ImportResultOutputID=bf0ce9ee808d4b11d92c5a47998a6149 DependenciesID=32d7e4b8b5e306db18b6618ded31f5be StaticDependenciesID=d4f49dd5a216bdcb86b321a327e465d9 
Number of updated asset objects reloaded before import = 0
Number of asset objects unloaded after import = 0
========================================================================
Received Import Request.
  Time of request: 2026-08-27T05:11:08.426435Z
  Time since last request: 0.00018575 seconds.
  importAddress: GUID: 5c004b1354944164fb076276c289afc1 - Path: Packages/com.unity.ugui/Tests/Runtime/UGUI/Graphic/ToggleTestImageHook.cs - Importer: ScriptedImporter/UnityEditor.QuickSearchModule:UnityEditor.Search:ASIAI0B
Importing 'GUID: 5c004b1354944164fb076276c289afc1 - Path: Packages/com.unity.ugui/Tests/Runtime/UGUI/Graphic/ToggleTestImageHook.cs - Importer: ScriptedImporter/UnityEditor.QuickSearchModule:UnityEditor.Search:ASIAI0B' with importer (ScriptedImporter : UnityEditor.QuickSearchModule:UnityEditor.Search:ASIAI0B)
Imported 'GUID: 5c004b1354944164fb076276c289afc1' -> (Import Result ID: '6ead367e717c6fa90ca39a75565df5a7') in 0.001 seconds [static and dynamic dependencies]. Details - ImportResultOutputID=d7b93096eea0da65bcccc04a55393d35 DependenciesID=9fd1a1ce1e43b02ea2645a07d4702f56 StaticDependenciesID=b29a7797122e9b83290b730c3ed988da 
Number of updated asset objects reloaded before import = 0
Number of asset objects unloaded after import = 0
========================================================================
Received Import Request.
  Time of request: 2026-08-27T05:11:08.427273Z
  Time since last request: 0.000261292 seconds.
  importAddress: GUID: b9eb962217e00bf4fbc734e109991fca - Path: Packages/com.unity.ugui/Tests/Runtime/UGUI/Layout/GridLayoutGroupTests.cs - Importer: ScriptedImporter/UnityEditor.QuickSearchModule:UnityEditor.Search:ASIAI0B
Importing 'GUID: b9eb962217e00bf4fbc734e109991fca - Path: Packages/com.unity.ugui/Tests/Runtime/UGUI/Layout/GridLayoutGroupTests.cs - Importer: ScriptedImporter/UnityEditor.QuickSearchModule:UnityEditor.Search:ASIAI0B' with importer (ScriptedImporter : UnityEditor.QuickSearchModule:UnityEditor.Search:ASIAI0B)
Imported 'GUID: b9eb962217e00bf4fbc734e109991fca' -> (Import Result ID: 'c970bb222d77fb811aecbe5a82a455c1') in 0.001 seconds [static and dynamic dependencies]. Details - ImportResultOutputID=aea733dc97db7e53c37f5d2c4b5d74e7 DependenciesID=5917b88ad362b2eb85bbd19218815890 StaticDependenciesID=23fd258618dce63a68933d66ecc2130b 
Number of updated asset objects reloaded before import = 0
Number of asset objects unloaded after import = 0
========================================================================
Received Import Request.
  Time of request: 2026-08-27T05:11:08.428128Z
  Time since last request: 0.000154542 seconds.
  importAddress: GUID: 8e3e781d26ad4aeca78526b3464f26d7 - Path: Packages/com.unity.ugui/Tests/Runtime/UGUI/RawImage/RawImageTests.cs - Importer: ScriptedImporter/UnityEditor.QuickSearchModule:UnityEditor.Search:ASIAI0B
Importing 'GUID: 8e3e781d26ad4aeca78526b3464f26d7 - Path: Packages/com.unity.ugui/Tests/Runtime/UGUI/RawImage/RawImageTests.cs - Importer: ScriptedImporter/UnityEditor.QuickSearchModule:UnityEditor.Search:ASIAI0B' with importer (ScriptedImporter : UnityEditor.QuickSearchModule:UnityEditor.Search:ASIAI0B)
Imported 'GUID: 8e3e781d26ad4aeca78526b3464f26d7' -> (Import Result ID: '0adca7b6e6fe2c7bba52d34b531f550a') in 0.001 seconds [static and dynamic dependencies]. Details - ImportResultOutputID=24750944fe16e38aabc77e74ae7a5836 DependenciesID=fa3357ff3cfa8798f227017b7e254e10 StaticDependenciesID=d8967858a209060cb0189022ffb5f8e2 
Number of updated asset objects reloaded before import = 0
Number of asset objects unloaded after import = 0
========================================================================
Received Import Request.
  Time of request: 2026-08-27T05:11:08.428818Z
  Time since last request: 0.000116583 seconds.
  importAddress: GUID: 006633c8a6f4ae94aa9babf72234e1a2 - Path: Packages/com.unity.ugui/Runtime/UGUI/UI/Core/Layout/LayoutRebuilder.cs - Importer: ScriptedImporter/UnityEditor.QuickSearchModule:UnityEditor.Search:ASIAI0B
Importing 'GUID: 006633c8a6f4ae94aa9babf72234e1a2 - Path: Packages/com.unity.ugui/Runtime/UGUI/UI/Core/Layout/LayoutRebuilder.cs - Importer: ScriptedImporter/UnityEditor.QuickSearchModule:UnityEditor.Search:ASIAI0B' with importer (ScriptedImporter : UnityEditor.QuickSearchModule:UnityEditor.Search:ASIAI0B)
Imported 'GUID: 006633c8a6f4ae94aa9babf72234e1a2' -> (Import Result ID: '6788847b686e86cbd51953e4fab79054') in 0.000 seconds [static and dynamic dependencies]. Details - ImportResultOutputID=35f65ab983a7c2be931fee2dcde0dd82 DependenciesID=59e71b6947fe5f5262811f2c61b9d49c StaticDependenciesID=04f751e879d22da18878ca6678d0dc01 
Number of updated asset objects reloaded before import = 0
Number of asset objects unloaded after import = 0
========================================================================
Received Import Request.
  Time of request: 2026-08-27T05:11:08.429443Z
  Time since last request: 0.000105625 seconds.
  importAddress: GUID: 9f1026265f8e3d54fb6e9f082c43debf - Path: Packages/com.unity.ugui/Runtime/UGUI/UI/Core/Culling/ClipperRegistry.cs - Importer: ScriptedImporter/UnityEditor.QuickSearchModule:UnityEditor.Search:ASIAI0B
Importing 'GUID: 9f1026265f8e3d54fb6e9f082c43debf - Path: Packages/com.unity.ugui/Runtime/UGUI/UI/Core/Culling/ClipperRegistry.cs - Importer: ScriptedImporter/UnityEditor.QuickSearchModule:UnityEditor.Search:ASIAI0B' with importer (ScriptedImporter : UnityEditor.QuickSearchModule:UnityEditor.Search:ASIAI0B)
Imported 'GUID: 9f1026265f8e3d54fb6e9f082c43debf' -> (Import Result ID: '0aaeca0e0e631e568ee5564e8728e97e') in 0.000 seconds [static and dynamic dependencies]. Details - ImportResultOutputID=3891be3997bde952b59fb3257aa75b6f DependenciesID=0871e6e1b737df60800efe2654980767 StaticDependenciesID=6b48a5a1b5380f8cb2c8ff503997086b 
Number of updated asset objects reloaded before import = 0
Number of asset objects unloaded after import = 0
========================================================================
Received Import Request.
  Time of request: 2026-08-27T05:11:08.430023Z
  Time since last request: 0.000112458 seconds.
  importAddress: GUID: 513613320b52fdb40a26dd5b73d89afe - Path: Packages/com.unity.ugui/Tests/Runtime/UGUI/InputField/GenericInputFieldTests.cs - Importer: ScriptedImporter/UnityEditor.QuickSearchModule:UnityEditor.Search:ASIAI0B
Importing 'GUID: 513613320b52fdb40a26dd5b73d89afe - Path: Packages/com.unity.ugui/Tests/Runtime/UGUI/InputField/GenericInputFieldTests.cs - Importer: ScriptedImporter/UnityEditor.QuickSearchModule:UnityEditor.Search:ASIAI0B' with importer (ScriptedImporter : UnityEditor.QuickSearchModule:UnityEditor.Search:ASIAI0B)
Imported 'GUID: 513613320b52fdb40a26dd5b73d89afe' -> (Import Result ID: 'da7312c35b436aeb00421ded473e65e1') in 0.000 seconds [static and dynamic dependencies]. Details - ImportResultOutputID=56ffa46a1fa2d9ff04736a9950e9c2d1 DependenciesID=64fd88b26211199b60d7f9cbd5d18a05 StaticDependenciesID=70121b393cfcdb378f59d5fda1368f7b 
Number of updated asset objects reloaded before import = 0
Number of asset objects unloaded after import = 0
========================================================================
Received Import Request.
  Time of request: 2026-08-27T05:11:08.430675Z
  Time since last request: 0.000167875 seconds.
  importAddress: GUID: 30649d3a9faa99c48a7b1166b86bf2a0 - Path: Packages/com.unity.ugui/Runtime/UGUI/UI/Core/Layout/HorizontalLayoutGroup.cs - Importer: ScriptedImporter/UnityEditor.QuickSearchModule:UnityEditor.Search:ASIAI0B
Importing 'GUID: 30649d3a9faa99c48a7b1166b86bf2a0 - Path: Packages/com.unity.ugui/Runtime/UGUI/UI/Core/Layout/HorizontalLayoutGroup.cs - Importer: ScriptedImporter/UnityEditor.QuickSearchModule:UnityEditor.Search:ASIAI0B' with importer (ScriptedImporter : UnityEditor.QuickSearchModule:UnityEditor.Search:ASIAI0B)
Imported 'GUID: 30649d3a9faa99c48a7b1166b86bf2a0' -> (Import Result ID: '0f543ad32d6d3af8c70e296ca5e8ba61') in 0.001 seconds [static and dynamic dependencies]. Details - ImportResultOutputID=9cd57422fa9b6207355ad6c99ecca18f DependenciesID=b07d5ac620ba40c45238ce3b5ff01cdd StaticDependenciesID=977dd959f095d0ab0157c3da6e21fc81 
Number of updated asset objects reloaded before import = 0
Number of asset objects unloaded after import = 0
========================================================================
Received Import Request.
  Time of request: 2026-08-27T05:11:08.431435Z
  Time since last request: 0.000186542 seconds.
  importAddress: GUID: e9cac674d67385249b2805670e618c24 - Path: Packages/com.unity.ugui/Tests/Runtime/UGUI/ScrollRect/ScrollRectScale.cs - Importer: ScriptedImporter/UnityEditor.QuickSearchModule:UnityEditor.Search:ASIAI0B
Importing 'GUID: e9cac674d67385249b2805670e618c24 - Path: Packages/com.unity.ugui/Tests/Runtime/UGUI/ScrollRect/ScrollRectScale.cs - Importer: ScriptedImporter/UnityEditor.QuickSearchModule:UnityEditor.Search:ASIAI0B' with importer (ScriptedImporter : UnityEditor.QuickSearchModule:UnityEditor.Search:ASIAI0B)
Imported 'GUID: e9cac674d67385249b2805670e618c24' -> (Import Result ID: '8cedd5ffd57bee4c3dd3a423ac4c4f15') in 0.001 seconds [static and dynamic dependencies]. Details - ImportResultOutputID=7d85986613589a7e0a370b20bd59a005 DependenciesID=2158858cd14c93d5d86b0638755aab35 StaticDependenciesID=a30013de95f62566113a2fcd29336792 
Number of updated asset objects reloaded before import = 0
Number of asset objects unloaded after import = 0
========================================================================
Received Import Request.
  Time of request: 2026-08-27T05:11:08.432122Z
  Time since last request: 0.000133875 seconds.
  importAddress: GUID: cfabb0440166ab443bba8876756fdfa9 - Path: Packages/com.unity.ugui/Runtime/UGUI/UI/Core/VertexModifiers/Shadow.cs - Importer: ScriptedImporter/UnityEditor.QuickSearchModule:UnityEditor.Search:ASIAI0B
Importing 'GUID: cfabb0440166ab443bba8876756fdfa9 - Path: Packages/com.unity.ugui/Runtime/UGUI/UI/Core/VertexModifiers/Shadow.cs - Importer: ScriptedImporter/UnityEditor.QuickSearchModule:UnityEditor.Search:ASIAI0B' with importer (ScriptedImporter : UnityEditor.QuickSearchModule:UnityEditor.Search:ASIAI0B)
Imported 'GUID: cfabb0440166ab443bba8876756fdfa9' -> (Import Result ID: 'a14bbf984dee9670ec8c39eb69f95155') in 0.001 seconds [static and dynamic dependencies]. Details - ImportResultOutputID=1bce439b28f834e4ddbb9e6cc23d1ae3 DependenciesID=78024fb00fd1a6f00293d9e4b39fde72 StaticDependenciesID=1bc9c96ad49a5da353b8266732562996 
Number of updated asset objects reloaded before import = 0
Number of asset objects unloaded after import = 0
========================================================================
Received Import Request.
  Time of request: 2026-08-27T05:11:08.433439Z
  Time since last request: 0.00011825 seconds.
  importAddress: GUID: 3371106faf8d06f47a73979a3c8d82a1 - Path: Packages/com.unity.ugui/Tests/Runtime/UGUI/InputField/InputFieldTests.cs - Importer: ScriptedImporter/UnityEditor.QuickSearchModule:UnityEditor.Search:ASIAI0B
Importing 'GUID: 3371106faf8d06f47a73979a3c8d82a1 - Path: Packages/com.unity.ugui/Tests/Runtime/UGUI/InputField/InputFieldTests.cs - Importer: ScriptedImporter/UnityEditor.QuickSearchModule:UnityEditor.Search:ASIAI0B' with importer (ScriptedImporter : UnityEditor.QuickSearchModule:UnityEditor.Search:ASIAI0B)
Imported 'GUID: 3371106faf8d06f47a73979a3c8d82a1' -> (Import Result ID: 'b30fec0b698b65e571640558a8873ebe') in 0.000 seconds [static and dynamic dependencies]. Details - ImportResultOutputID=00874231a3b5234b4d8ee92deb58d4f6 DependenciesID=0a4d41516935d4b1089a2fa8272ec201 StaticDependenciesID=9b9258ee62a0b33ee3d589a344116825 
Number of updated asset objects reloaded before import = 0
Number of asset objects unloaded after import = 0
========================================================================
Received Import Request.
  Time of request: 2026-08-27T05:11:08.434017Z
  Time since last request: 0.000108666 seconds.
  importAddress: GUID: 82bf3f737dec0be43a60891958a8da87 - Path: Packages/com.unity.ugui/Runtime/UGUI/UI/Core/Layout/LayoutUtility.cs - Importer: ScriptedImporter/UnityEditor.QuickSearchModule:UnityEditor.Search:ASIAI0B
Importing 'GUID: 82bf3f737dec0be43a60891958a8da87 - Path: Packages/com.unity.ugui/Runtime/UGUI/UI/Core/Layout/LayoutUtility.cs - Importer: ScriptedImporter/UnityEditor.QuickSearchModule:UnityEditor.Search:ASIAI0B' with importer (ScriptedImporter : UnityEditor.QuickSearchModule:UnityEditor.Search:ASIAI0B)
Imported 'GUID: 82bf3f737dec0be43a60891958a8da87' -> (Import Result ID: '275fc6e0114651599f53d43faa0a76b2') in 0.000 seconds [static and dynamic dependencies]. Details - ImportResultOutputID=5b58d96aa9faec5942574d59566ecb86 DependenciesID=ee220355da55f2bb284f46685e353f56 StaticDependenciesID=d6e45a579eeca76bb38bc7c2e426d18f 
Number of updated asset objects reloaded before import = 0
Number of asset objects unloaded after import = 0
========================================================================
Received Import Request.
  Time of request: 2026-08-27T05:11:08.434725Z
  Time since last request: 0.000186542 seconds.
  importAddress: GUID: 718966f960cb50643986195e5fe953ca - Path: Packages/com.unity.ugui/Runtime/UGUI/UI/Core/VertexModifiers/BaseMeshEffect.cs - Importer: ScriptedImporter/UnityEditor.QuickSearchModule:UnityEditor.Search:ASIAI0B
Importing 'GUID: 718966f960cb50643986195e5fe953ca - Path: Packages/com.unity.ugui/Runtime/UGUI/UI/Core/VertexModifiers/BaseMeshEffect.cs - Importer: ScriptedImporter/UnityEditor.QuickSearchModule:UnityEditor.Search:ASIAI0B' with importer (ScriptedImporter : UnityEditor.QuickSearchModule:UnityEditor.Search:ASIAI0B)
Imported 'GUID: 718966f960cb50643986195e5fe953ca' -> (Import Result ID: '153b9c753b38dc84cc5984993eda5164') in 0.001 seconds [static and dynamic dependencies]. Details - ImportResultOutputID=dda5383ab7de19e6189259465c966f2a DependenciesID=01023627689c1719d850ea63dd052c48 StaticDependenciesID=7f3bb2900d43652774ff644130f6a3da 
Number of updated asset objects reloaded before import = 0
Number of asset objects unloaded after import = 0
========================================================================
Received Import Request.
  Time of request: 2026-08-27T05:11:08.4355Z
  Time since last request: 0.000212708 seconds.
  importAddress: GUID: d925cabd9ecd5074aadab0726b96c38f - Path: Packages/com.unity.ugui/Tests/Runtime/UGUI/ScrollRect/ScrollRectTests.cs - Importer: ScriptedImporter/UnityEditor.QuickSearchModule:UnityEditor.Search:ASIAI0B
Importing 'GUID: d925cabd9ecd5074aadab0726b96c38f - Path: Packages/com.unity.ugui/Tests/Runtime/UGUI/ScrollRect/ScrollRectTests.cs - Importer: ScriptedImporter/UnityEditor.QuickSearchModule:UnityEditor.Search:ASIAI0B' with importer (ScriptedImporter : UnityEditor.QuickSearchModule:UnityEditor.Search:ASIAI0B)
Imported 'GUID: d925cabd9ecd5074aadab0726b96c38f' -> (Import Result ID: '74134b5c992d0ca1b86b3ca2fdeb817a') in 0.001 seconds [static and dynamic dependencies]. Details - ImportResultOutputID=708019bfbe848550773e88dbb59bccb3 DependenciesID=40d7506dfc16d8af1d559d94c104852b StaticDependenciesID=dac0164396116e1497d9edc1b76963e7 
Number of updated asset objects reloaded before import = 0
Number of asset objects unloaded after import = 0
========================================================================
Received Import Request.
  Time of request: 2026-08-27T05:11:08.436361Z
  Time since last request: 0.000133 seconds.
  importAddress: GUID: e1b0ab339722791498cc804831a17ad3 - Path: Packages/com.unity.ugui/Tests/Runtime/UGUI/InputField/DesktopInputFieldTests.cs - Importer: ScriptedImporter/UnityEditor.QuickSearchModule:UnityEditor.Search:ASIAI0B
Importing 'GUID: e1b0ab339722791498cc804831a17ad3 - Path: Packages/com.unity.ugui/Tests/Runtime/UGUI/InputField/DesktopInputFieldTests.cs - Importer: ScriptedImporter/UnityEditor.QuickSearchModule:UnityEditor.Search:ASIAI0B' with importer (ScriptedImporter : UnityEditor.QuickSearchModule:UnityEditor.Search:ASIAI0B)
Imported 'GUID: e1b0ab339722791498cc804831a17ad3' -> (Import Result ID: '125b41b05ef1b514fa999284bc71b6fe') in 0.001 seconds [static and dynamic dependencies]. Details - ImportResultOutputID=84130c1ca63debaf58b92b1c185301db DependenciesID=cc24c2e636bab739d531961c73024441 StaticDependenciesID=892e9f7b0fa254c07e8ed77b872c867f 
Number of updated asset objects reloaded before import = 0
Number of asset objects unloaded after import = 0
========================================================================
Received Import Request.
  Time of request: 2026-08-27T05:11:08.43708Z
  Time since last request: 0.000132375 seconds.
  importAddress: GUID: 16c6414b77a90ff4098767dce485c495 - Path: Packages/com.unity.ugui/Tests/Runtime/UGUI/InputField/FakeInputModule.cs - Importer: ScriptedImporter/UnityEditor.QuickSearchModule:UnityEditor.Search:ASIAI0B
Importing 'GUID: 16c6414b77a90ff4098767dce485c495 - Path: Packages/com.unity.ugui/Tests/Runtime/UGUI/InputField/FakeInputModule.cs - Importer: ScriptedImporter/UnityEditor.QuickSearchModule:UnityEditor.Search:ASIAI0B' with importer (ScriptedImporter : UnityEditor.QuickSearchModule:UnityEditor.Search:ASIAI0B)
Imported 'GUID: 16c6414b77a90ff4098767dce485c495' -> (Import Result ID: '3f2274f1589c3465858ef7b2a4947ba9') in 0.000 seconds [static and dynamic dependencies]. Details - ImportResultOutputID=c93452fea5b3a025b9639a1dcf271049 DependenciesID=e8d696d6bbacb023c54c37ac92040ff7 StaticDependenciesID=52ebf8ca54d122b9c9048c6451f12c19 
Number of updated asset objects reloaded before import = 0
Number of asset objects unloaded after import = 0
========================================================================
Received Import Request.
  Time of request: 2026-08-27T05:11:08.437696Z
  Time since last request: 0.000117375 seconds.
  importAddress: GUID: be1b04bc4d8a415469493848e6501020 - Path: Packages/com.unity.ugui/Tests/Runtime/UGUI/Layout/AspectRatioFitterTests.cs - Importer: ScriptedImporter/UnityEditor.QuickSearchModule:UnityEditor.Search:ASIAI0B
Importing 'GUID: be1b04bc4d8a415469493848e6501020 - Path: Packages/com.unity.ugui/Tests/Runtime/UGUI/Layout/AspectRatioFitterTests.cs - Importer: ScriptedImporter/UnityEditor.QuickSearchModule:UnityEditor.Search:ASIAI0B' with importer (ScriptedImporter : UnityEditor.QuickSearchModule:UnityEditor.Search:ASIAI0B)
Imported 'GUID: be1b04bc4d8a415469493848e6501020' -> (Import Result ID: '191058b4ae5b21dfa770e8c8d6b66cc2') in 0.001 seconds [static and dynamic dependencies]. Details - ImportResultOutputID=fac609b016d734f5995dedc175f2ea78 DependenciesID=07b6a0bc081ea8639dc14fed823301b3 StaticDependenciesID=64955a10e97aa594706fc410c3075c8d 
Number of updated asset objects reloaded before import = 0
Number of asset objects unloaded after import = 0
========================================================================
Received Import Request.
  Time of request: 2026-08-27T05:11:08.438433Z
  Time since last request: 0.000147792 seconds.
  importAddress: GUID: 5af3322745e78aa488fca5a2090f8755 - Path: Packages/com.unity.ugui/Tests/Runtime/UGUI/Layout/HorizonalLayoutGroupTests.cs - Importer: ScriptedImporter/UnityEditor.QuickSearchModule:UnityEditor.Search:ASIAI0B
Importing 'GUID: 5af3322745e78aa488fca5a2090f8755 - Path: Packages/com.unity.ugui/Tests/Runtime/UGUI/Layout/HorizonalLayoutGroupTests.cs - Importer: ScriptedImporter/UnityEditor.QuickSearchModule:UnityEditor.Search:ASIAI0B' with importer (ScriptedImporter : UnityEditor.QuickSearchModule:UnityEditor.Search:ASIAI0B)
Imported 'GUID: 5af3322745e78aa488fca5a2090f8755' -> (Import Result ID: '241e5d32466b41736bc494f5d611d7ea') in 0.001 seconds [static and dynamic dependencies]. Details - ImportResultOutputID=ad4c0a8c30d5d09e649b9cc2f02aea8b DependenciesID=6f22a458df8e739f165846731aeaa3af StaticDependenciesID=cb2a08c95fd671af6e05224fe9b0493f 
Number of updated asset objects reloaded before import = 0
Number of asset objects unloaded after import = 0
========================================================================
Received Import Request.
  Time of request: 2026-08-27T05:11:08.439159Z
  Time since last request: 0.000144709 seconds.
  importAddress: GUID: e89ff5e7c669f70409de18c9948164d4 - Path: Packages/com.unity.ugui/Tests/Runtime/UGUI/InputField/TouchInputFieldTests.cs - Importer: ScriptedImporter/UnityEditor.QuickSearchModule:UnityEditor.Search:ASIAI0B
Importing 'GUID: e89ff5e7c669f70409de18c9948164d4 - Path: Packages/com.unity.ugui/Tests/Runtime/UGUI/InputField/TouchInputFieldTests.cs - Importer: ScriptedImporter/UnityEditor.QuickSearchModule:UnityEditor.Search:ASIAI0B' with importer (ScriptedImporter : UnityEditor.QuickSearchModule:UnityEditor.Search:ASIAI0B)
Imported 'GUID: e89ff5e7c669f70409de18c9948164d4' -> (Import Result ID: 'f64eb57fbc13181d8fe7332fefa88e62') in 0.001 seconds [static and dynamic dependencies]. Details - ImportResultOutputID=fb73241cedb5ce3ddbd92af5c63fc4dd DependenciesID=acf2e76d8f0b7eaddac14d05eaee3bef StaticDependenciesID=e6052a24cff3c0ce563f7cf9199dfcc2 
Number of updated asset objects reloaded before import = 0
Number of asset objects unloaded after import = 0
========================================================================
Received Import Request.
  Time of request: 2026-08-27T05:11:08.439967Z
  Time since last request: 0.000150625 seconds.
  importAddress: GUID: 4d31e19fd539ac54c8d9151da43683e9 - Path: Packages/com.unity.ugui/Tests/Runtime/UGUI/Util/ConcreteGraphic.cs - Importer: ScriptedImporter/UnityEditor.QuickSearchModule:UnityEditor.Search:ASIAI0B
Importing 'GUID: 4d31e19fd539ac54c8d9151da43683e9 - Path: Packages/com.unity.ugui/Tests/Runtime/UGUI/Util/ConcreteGraphic.cs - Importer: ScriptedImporter/UnityEditor.QuickSearchModule:UnityEditor.Search:ASIAI0B' with importer (ScriptedImporter : UnityEditor.QuickSearchModule:UnityEditor.Search:ASIAI0B)
Imported 'GUID: 4d31e19fd539ac54c8d9151da43683e9' -> (Import Result ID: 'e39df455dc406b251d9991edde37be9d') in 0.001 seconds [static and dynamic dependencies]. Details - ImportResultOutputID=dc958fd815d70de5e6bc2f078e197edc DependenciesID=ba80cad177b495a43f25478b81a9cf3f StaticDependenciesID=01921f6b4ba9574e64cdca28ae7c3983 
Number of updated asset objects reloaded before import = 0
Number of asset objects unloaded after import = 0
========================================================================
Received Import Request.
  Time of request: 2026-08-27T05:11:08.44062Z
  Time since last request: 0.000115875 seconds.
  importAddress: GUID: 32a4a0ea998dd6149937d2774781c436 - Path: Packages/com.unity.ugui/Tests/Runtime/UGUI/ScrollBar/ScrollBarClamp.cs - Importer: ScriptedImporter/UnityEditor.QuickSearchModule:UnityEditor.Search:ASIAI0B
Importing 'GUID: 32a4a0ea998dd6149937d2774781c436 - Path: Packages/com.unity.ugui/Tests/Runtime/UGUI/ScrollBar/ScrollBarClamp.cs - Importer: ScriptedImporter/UnityEditor.QuickSearchModule:UnityEditor.Search:ASIAI0B' with importer (ScriptedImporter : UnityEditor.QuickSearchModule:UnityEditor.Search:ASIAI0B)
Imported 'GUID: 32a4a0ea998dd6149937d2774781c436' -> (Import Result ID: 'b634036df8cb0b4fb5bc9ecc572b70a6') in 0.001 seconds [static and dynamic dependencies]. Details - ImportResultOutputID=0eb63d29e9cc51a38338e0c91346f996 DependenciesID=daa4615f79de4db719c87af9a4014a88 StaticDependenciesID=0c3918c1024773567e0a8ac27499738b 
Number of updated asset objects reloaded before import = 0
Number of asset objects unloaded after import = 0
========================================================================
Received Import Request.
  Time of request: 2026-08-27T05:11:08.441281Z
  Time since last request: 0.000115 seconds.
  importAddress: GUID: 589533fb2413e3e4fba7df13a6a75bf2 - Path: Packages/com.unity.ugui/Tests/Runtime/UGUI/Layout/LayoutGroupScaling.cs - Importer: ScriptedImporter/UnityEditor.QuickSearchModule:UnityEditor.Search:ASIAI0B
Importing 'GUID: 589533fb2413e3e4fba7df13a6a75bf2 - Path: Packages/com.unity.ugui/Tests/Runtime/UGUI/Layout/LayoutGroupScaling.cs - Importer: ScriptedImporter/UnityEditor.QuickSearchModule:UnityEditor.Search:ASIAI0B' with importer (ScriptedImporter : UnityEditor.QuickSearchModule:UnityEditor.Search:ASIAI0B)
Imported 'GUID: 589533fb2413e3e4fba7df13a6a75bf2' -> (Import Result ID: '545407e727f67ac0422819985b14af40') in 0.000 seconds [static and dynamic dependencies]. Details - ImportResultOutputID=0bf00e5731747eb10ea94e42b187e82f DependenciesID=0cc8a4d8f22d6f31e1638ca15ef4c7e3 StaticDependenciesID=1b3986b628cfd01917e84a640ccb2d75 
Number of updated asset objects reloaded before import = 0
Number of asset objects unloaded after import = 0
========================================================================
Received Import Request.
  Time of request: 2026-08-27T05:11:08.441839Z
  Time since last request: 0.000102791 seconds.
  importAddress: GUID: 0b2706df6fdff50448f84a3f6629b40f - Path: Packages/com.unity.ugui/Tests/Runtime/UGUI/Util/ExceptionUtils.cs - Importer: ScriptedImporter/UnityEditor.QuickSearchModule:UnityEditor.Search:ASIAI0B
Importing 'GUID: 0b2706df6fdff50448f84a3f6629b40f - Path: Packages/com.unity.ugui/Tests/Runtime/UGUI/Util/ExceptionUtils.cs - Importer: ScriptedImporter/UnityEditor.QuickSearchModule:UnityEditor.Search:ASIAI0B' with importer (ScriptedImporter : UnityEditor.QuickSearchModule:UnityEditor.Search:ASIAI0B)
Imported 'GUID: 0b2706df6fdff50448f84a3f6629b40f' -> (Import Result ID: '09da1cee117af74cd9a1eb6bbd1ee9a8') in 0.000 seconds [static and dynamic dependencies]. Details - ImportResultOutputID=14840dcfafdf8c223f4a4d114d0195a1 DependenciesID=a0f1c046bfcbd3d4aa8c1a80e36dedef StaticDependenciesID=edccbaab732278546bcd2eedb86553a3 
Number of updated asset objects reloaded before import = 0
Number of asset objects unloaded after import = 0
========================================================================
Received Import Request.
  Time of request: 2026-08-27T05:11:08.442388Z
  Time since last request: 0.000120542 seconds.
  importAddress: GUID: 0cd44c1031e13a943bb63640046fad76 - Path: Packages/com.unity.ugui/Runtime/UGUI/UI/Core/Layout/CanvasScaler.cs - Importer: ScriptedImporter/UnityEditor.QuickSearchModule:UnityEditor.Search:ASIAI0B
Importing 'GUID: 0cd44c1031e13a943bb63640046fad76 - Path: Packages/com.unity.ugui/Runtime/UGUI/UI/Core/Layout/CanvasScaler.cs - Importer: ScriptedImporter/UnityEditor.QuickSearchModule:UnityEditor.Search:ASIAI0B' with importer (ScriptedImporter : UnityEditor.QuickSearchModule:UnityEditor.Search:ASIAI0B)
Imported 'GUID: 0cd44c1031e13a943bb63640046fad76' -> (Import Result ID: '05c542f5d614acd8cc0eb9cea477ad4c') in 0.000 seconds [static and dynamic dependencies]. Details - ImportResultOutputID=63e2630da923929fd338b94d23c5a2e8 DependenciesID=fbbb64c233b5a637c7e4f5f31c107a82 StaticDependenciesID=e7b5ab640e9b1b29a268c3e4acc9b702 
Number of updated asset objects reloaded before import = 0
Number of asset objects unloaded after import = 0
========================================================================
Received Import Request.
  Time of request: 2026-08-27T05:11:08.443126Z
  Time since last request: 0.000236417 seconds.
  importAddress: GUID: 50081206855385544a5ddd0e3b6ba9be - Path: Packages/com.unity.ugui/Tests/Runtime/UGUI/Toggle/ToggleGroupTests.cs - Importer: ScriptedImporter/UnityEditor.QuickSearchModule:UnityEditor.Search:ASIAI0B
Importing 'GUID: 50081206855385544a5ddd0e3b6ba9be - Path: Packages/com.unity.ugui/Tests/Runtime/UGUI/Toggle/ToggleGroupTests.cs - Importer: ScriptedImporter/UnityEditor.QuickSearchModule:UnityEditor.Search:ASIAI0B' with importer (ScriptedImporter : UnityEditor.QuickSearchModule:UnityEditor.Search:ASIAI0B)
Imported 'GUID: 50081206855385544a5ddd0e3b6ba9be' -> (Import Result ID: 'c06674649183fecba81e4d996f980b0f') in 0.001 seconds [static and dynamic dependencies]. Details - ImportResultOutputID=6fcf3e415302f3e2429cc79a3c9542ba DependenciesID=0ce1b19baf3d1e62f235b5e04567f198 StaticDependenciesID=9d67bcfa1b2584432908cbb0a32bfe69 
Number of updated asset objects reloaded before import = 0
Number of asset objects unloaded after import = 0
========================================================================
Received Import Request.
  Time of request: 2026-08-27T05:11:08.44406Z
  Time since last request: 0.00035325 seconds.
  importAddress: GUID: 01df650e1b86e9f4a8e2b5dc9782506f - Path: Packages/com.unity.ugui/Tests/Runtime/UGUI/NestedLayout/SceneWithNestedLayoutElementsLoads.cs - Importer: ScriptedImporter/UnityEditor.QuickSearchModule:UnityEditor.Search:ASIAI0B
Importing 'GUID: 01df650e1b86e9f4a8e2b5dc9782506f - Path: Packages/com.unity.ugui/Tests/Runtime/UGUI/NestedLayout/SceneWithNestedLayoutElementsLoads.cs - Importer: ScriptedImporter/UnityEditor.QuickSearchModule:UnityEditor.Search:ASIAI0B' with importer (ScriptedImporter : UnityEditor.QuickSearchModule:UnityEditor.Search:ASIAI0B)
Imported 'GUID: 01df650e1b86e9f4a8e2b5dc9782506f' -> (Import Result ID: 'c2650875aeaae9ef3ad4a232084b72f7') in 0.001 seconds [static and dynamic dependencies]. Details - ImportResultOutputID=153557874d9ebfda3c128569ce23ad24 DependenciesID=b2f8dabb9ba8e48849aaff3e64bcc11b StaticDependenciesID=8de9bb5d53a863f584738ac03ac9788e 
Number of updated asset objects reloaded before import = 0
Number of asset objects unloaded after import = 0
========================================================================
Received Import Request.
  Time of request: 2026-08-27T05:11:08.455191Z
  Time since last request: 0.010427334 seconds.
  importAddress: GUID: 54407f5deee4439eb1885bee01956e9c - Path: Packages/com.unity.multiplayer.center/Editor/Analytics/AnalyticsUtils.cs - Importer: ScriptedImporter/UnityEditor.QuickSearchModule:UnityEditor.Search:ASIAI0B
Importing 'GUID: 54407f5deee4439eb1885bee01956e9c - Path: Packages/com.unity.multiplayer.center/Editor/Analytics/AnalyticsUtils.cs - Importer: ScriptedImporter/UnityEditor.QuickSearchModule:UnityEditor.Search:ASIAI0B' with importer (ScriptedImporter : UnityEditor.QuickSearchModule:UnityEditor.Search:ASIAI0B)
Imported 'GUID: 54407f5deee4439eb1885bee01956e9c' -> (Import Result ID: '2c93deaeeebd4da1a4d60352e1188206') in 0.001 seconds [static and dynamic dependencies]. Details - ImportResultOutputID=309c9a6135d923390253544ad278eb43 DependenciesID=2034de5ea28560773d78bc40339ca7f5 StaticDependenciesID=4db96eb0bbea2e877f77cce6af33b096 
Number of updated asset objects reloaded before import = 0
Number of asset objects unloaded after import = 0
========================================================================
Received Import Request.
  Time of request: 2026-08-27T05:11:08.456216Z
  Time since last request: 0.000170042 seconds.
  importAddress: GUID: 1bd8e2f47a6c4478ab8f0ade7687e79b - Path: Packages/com.unity.multiplayer.center/Common/IOnboardingSection.cs - Importer: ScriptedImporter/UnityEditor.QuickSearchModule:UnityEditor.Search:ASIAI0B
Importing 'GUID: 1bd8e2f47a6c4478ab8f0ade7687e79b - Path: Packages/com.unity.multiplayer.center/Common/IOnboardingSection.cs - Importer: ScriptedImporter/UnityEditor.QuickSearchModule:UnityEditor.Search:ASIAI0B' with importer (ScriptedImporter : UnityEditor.QuickSearchModule:UnityEditor.Search:ASIAI0B)
Imported 'GUID: 1bd8e2f47a6c4478ab8f0ade7687e79b' -> (Import Result ID: '7944df45ab88c34e0014d26bb9557ed6') in 0.001 seconds [static and dynamic dependencies]. Details - ImportResultOutputID=addb9703942cf8689cf8c025d3a0d18b DependenciesID=e3ad084a4d3ee11fb6d01e9a33ccd543 StaticDependenciesID=2057d0edb8f6a4bb0a667259fce850f9 
Number of updated asset objects reloaded before import = 0
Number of asset objects unloaded after import = 0
========================================================================
Received Import Request.
  Time of request: 2026-08-27T05:11:08.456878Z
  Time since last request: 0.000113292 seconds.
  importAddress: GUID: 833328f3bcf144cc94f92e286e86b427 - Path: Packages/com.unity.multiplayer.center/Common/IOnboardingSectionAnalyticsProvider.cs - Importer: ScriptedImporter/UnityEditor.QuickSearchModule:UnityEditor.Search:ASIAI0B
Importing 'GUID: 833328f3bcf144cc94f92e286e86b427 - Path: Packages/com.unity.multiplayer.center/Common/IOnboardingSectionAnalyticsProvider.cs - Importer: ScriptedImporter/UnityEditor.QuickSearchModule:UnityEditor.Search:ASIAI0B' with importer (ScriptedImporter : UnityEditor.QuickSearchModule:UnityEditor.Search:ASIAI0B)
Imported 'GUID: 833328f3bcf144cc94f92e286e86b427' -> (Import Result ID: 'a3e5ebb147cc7b47f078b387b3e85f7e') in 0.000 seconds [static and dynamic dependencies]. Details - ImportResultOutputID=ab4b6116b39ddcc77246441b01127074 DependenciesID=a25a6733b90dae2270921da6aa92952b StaticDependenciesID=39d3424feb41ebb15db51983ca0c877f 
Number of updated asset objects reloaded before import = 0
Number of asset objects unloaded after import = 0
========================================================================
Received Import Request.
  Time of request: 2026-08-27T05:11:08.457509Z
  Time since last request: 0.000118583 seconds.
  importAddress: GUID: 3595bcaa1af84e6d92e07f0258a4256c - Path: Packages/com.unity.multiplayer.center/Editor/Questionnaire/PresetData.cs - Importer: ScriptedImporter/UnityEditor.QuickSearchModule:UnityEditor.Search:ASIAI0B
Importing 'GUID: 3595bcaa1af84e6d92e07f0258a4256c - Path: Packages/com.unity.multiplayer.center/Editor/Questionnaire/PresetData.cs - Importer: ScriptedImporter/UnityEditor.QuickSearchModule:UnityEditor.Search:ASIAI0B' with importer (ScriptedImporter : UnityEditor.QuickSearchModule:UnityEditor.Search:ASIAI0B)
Imported 'GUID: 3595bcaa1af84e6d92e07f0258a4256c' -> (Import Result ID: '5334f5f193790accf5a8c2ce8bc907b8') in 0.000 seconds [static and dynamic dependencies]. Details - ImportResultOutputID=b512ca913a8bc9e8059b3edf6a021fcf DependenciesID=75cfad5770a41261c98b8ec0b5be0393 StaticDependenciesID=e71e4c4cf145ef263e2c8be2f187723e 
Number of updated asset objects reloaded before import = 0
Number of asset objects unloaded after import = 0
========================================================================
Received Import Request.
  Time of request: 2026-08-27T05:11:08.458078Z
  Time since last request: 0.000103208 seconds.
  importAddress: GUID: 0a9ab22e4e004c7db707338bccb538b9 - Path: Packages/com.unity.multiplayer.center/Common/Preset.cs - Importer: ScriptedImporter/UnityEditor.QuickSearchModule:UnityEditor.Search:ASIAI0B
Importing 'GUID: 0a9ab22e4e004c7db707338bccb538b9 - Path: Packages/com.unity.multiplayer.center/Common/Preset.cs - Importer: ScriptedImporter/UnityEditor.QuickSearchModule:UnityEditor.Search:ASIAI0B' with importer (ScriptedImporter : UnityEditor.QuickSearchModule:UnityEditor.Search:ASIAI0B)
Imported 'GUID: 0a9ab22e4e004c7db707338bccb538b9' -> (Import Result ID: '3d6487c194819f8bb80aae4fd516c610') in 0.000 seconds [static and dynamic dependencies]. Details - ImportResultOutputID=1f4f5c253b5b4171672d4a9dac48c7b0 DependenciesID=d2b752eac65bd17dacded0abbc87bd94 StaticDependenciesID=1d23fd2c2c3a4a0845f8e2c1f52f1f7c 
Number of updated asset objects reloaded before import = 0
Number of asset objects unloaded after import = 0
========================================================================
Received Import Request.
  Time of request: 2026-08-27T05:11:08.458681Z
  Time since last request: 0.000143208 seconds.
  importAddress: GUID: 50d5ff9fe4ab4477b7ea648da183e9d1 - Path: Packages/com.unity.multiplayer.center/Common/StyleConstants.cs - Importer: ScriptedImporter/UnityEditor.QuickSearchModule:UnityEditor.Search:ASIAI0B
Importing 'GUID: 50d5ff9fe4ab4477b7ea648da183e9d1 - Path: Packages/com.unity.multiplayer.center/Common/StyleConstants.cs - Importer: ScriptedImporter/UnityEditor.QuickSearchModule:UnityEditor.Search:ASIAI0B' with importer (ScriptedImporter : UnityEditor.QuickSearchModule:UnityEditor.Search:ASIAI0B)
Imported 'GUID: 50d5ff9fe4ab4477b7ea648da183e9d1' -> (Import Result ID: 'fcb5ef176f841d7c23d138365392ddf6') in 0.001 seconds [static and dynamic dependencies]. Details - ImportResultOutputID=082b508c6289217a8ae09e0f812b1670 DependenciesID=4789aa3ae61b9ed8db970fea00b1a3fb StaticDependenciesID=a980a6f3abef16466f3ca6cb6efab113 
Number of updated asset objects reloaded before import = 0
Number of asset objects unloaded after import = 0
========================================================================
Received Import Request.
  Time of request: 2026-08-27T05:11:08.460232Z
  Time since last request: 0.000272583 seconds.
  importAddress: GUID: 70554f6c9e4114e1084bb38f9ea400ce - Path: Packages/com.unity.multiplayer.center/LICENSE.md - Importer: ScriptedImporter/UnityEditor.QuickSearchModule:UnityEditor.Search:ASIAI0B
Importing 'GUID: 70554f6c9e4114e1084bb38f9ea400ce - Path: Packages/com.unity.multiplayer.center/LICENSE.md - Importer: ScriptedImporter/UnityEditor.QuickSearchModule:UnityEditor.Search:ASIAI0B' with importer (ScriptedImporter : UnityEditor.QuickSearchModule:UnityEditor.Search:ASIAI0B)
Imported 'GUID: 70554f6c9e4114e1084bb38f9ea400ce' -> (Import Result ID: '8050243314d18314f13e419c6caf598a') in 0.001 seconds [static and dynamic dependencies]. Details - ImportResultOutputID=937b6f89a33ca93971a6763a832a4581 DependenciesID=49a03658757b9c73d07404d53b9779d7 StaticDependenciesID=bb8c844fdb7e2076a482a925f8d6e794 
Number of updated asset objects reloaded before import = 0
Number of asset objects unloaded after import = 1
========================================================================
Received Import Request.
  Time of request: 2026-08-27T05:11:08.461221Z
  Time since last request: 0.00014 seconds.
  importAddress: GUID: ae87256f29d9c8b50490f4caf75b2c41 - Path: Packages/com.unity.modules.unitywebrequestwww/package.ModuleCompilationTrigger - Importer: ScriptedImporter/UnityEditor.QuickSearchModule:UnityEditor.Search:ASIAI0B
Importing 'GUID: ae87256f29d9c8b50490f4caf75b2c41 - Path: Packages/com.unity.modules.unitywebrequestwww/package.ModuleCompilationTrigger - Importer: ScriptedImporter/UnityEditor.QuickSearchModule:UnityEditor.Search:ASIAI0B' with importer (ScriptedImporter : UnityEditor.QuickSearchModule:UnityEditor.Search:ASIAI0B)
Imported 'GUID: ae87256f29d9c8b50490f4caf75b2c41' -> (Import Result ID: '17a44238f48a688dc11b87239cc87b2f') in 0.000 seconds [static and dynamic dependencies]. Details - ImportResultOutputID=1a9bbd99bef68dee65fa6185661e2a28 DependenciesID=a4724231bff4bd3b787a5bac5bf979e0 StaticDependenciesID=437a9f907ef2a846d8f3b099ac4c551c 
Number of updated asset objects reloaded before import = 0
Number of asset objects unloaded after import = 1
========================================================================
Received Import Request.
  Time of request: 2026-08-27T05:11:08.461864Z
  Time since last request: 0.000124708 seconds.
  importAddress: GUID: 676a3852811f4199813ce7f6dbac6880 - Path: Packages/com.unity.multiplayer.center/Editor/Features/PackageManagement.cs - Importer: ScriptedImporter/UnityEditor.QuickSearchModule:UnityEditor.Search:ASIAI0B
Importing 'GUID: 676a3852811f4199813ce7f6dbac6880 - Path: Packages/com.unity.multiplayer.center/Editor/Features/PackageManagement.cs - Importer: ScriptedImporter/UnityEditor.QuickSearchModule:UnityEditor.Search:ASIAI0B' with importer (ScriptedImporter : UnityEditor.QuickSearchModule:UnityEditor.Search:ASIAI0B)
Imported 'GUID: 676a3852811f4199813ce7f6dbac6880' -> (Import Result ID: '9025fe6e6210e0076e73e82754774f77') in 0.001 seconds [static and dynamic dependencies]. Details - ImportResultOutputID=14c7dcf5604d83ac8f0afd8f76b64d47 DependenciesID=20b83bab8845f56ba78a8b42f0e4a595 StaticDependenciesID=f714e5596de0fff63bb6e57d758d1a48 
Number of updated asset objects reloaded before import = 0
Number of asset objects unloaded after import = 0
========================================================================
Received Import Request.
  Time of request: 2026-08-27T05:11:08.46259Z
  Time since last request: 0.000171875 seconds.
  importAddress: GUID: 7ca5cd79ef39442e599efb761abcbaac - Path: Packages/com.unity.multiplayer.center/Editor/Questionnaire/QuestionnaireData.cs - Importer: ScriptedImporter/UnityEditor.QuickSearchModule:UnityEditor.Search:ASIAI0B
Importing 'GUID: 7ca5cd79ef39442e599efb761abcbaac - Path: Packages/com.unity.multiplayer.center/Editor/Questionnaire/QuestionnaireData.cs - Importer: ScriptedImporter/UnityEditor.QuickSearchModule:UnityEditor.Search:ASIAI0B' with importer (ScriptedImporter : UnityEditor.QuickSearchModule:UnityEditor.Search:ASIAI0B)
Imported 'GUID: 7ca5cd79ef39442e599efb761abcbaac' -> (Import Result ID: '5483c4daa593071248a46c3fec586f31') in 0.001 seconds [static and dynamic dependencies]. Details - ImportResultOutputID=b8a23a3b4927d8cb5ae23828506102aa DependenciesID=a3c397b4693f1bfe88de437d0f10c0d8 StaticDependenciesID=22fa696a30b9c7a1bd9c0dd16f55e102 
Number of updated asset objects reloaded before import = 0
Number of asset objects unloaded after import = 0
========================================================================
Received Import Request.
  Time of request: 2026-08-27T05:11:08.463388Z
  Time since last request: 0.00015025 seconds.
  importAddress: GUID: 052c764978664486a9c04518899ddf57 - Path: Packages/com.unity.multiplayer.center/Editor/MultiplayerCenterWindow/RecommendationTabView.cs - Importer: ScriptedImporter/UnityEditor.QuickSearchModule:UnityEditor.Search:ASIAI0B
Importing 'GUID: 052c764978664486a9c04518899ddf57 - Path: Packages/com.unity.multiplayer.center/Editor/MultiplayerCenterWindow/RecommendationTabView.cs - Importer: ScriptedImporter/UnityEditor.QuickSearchModule:UnityEditor.Search:ASIAI0B' with importer (ScriptedImporter : UnityEditor.QuickSearchModule:UnityEditor.Search:ASIAI0B)
Imported 'GUID: 052c764978664486a9c04518899ddf57' -> (Import Result ID: '1fd7b9202f0f6c34c2fc02d3fa678a2b') in 0.001 seconds [static and dynamic dependencies]. Details - ImportResultOutputID=01050e0f291676be305fb932c22f7fd5 DependenciesID=40427277577a9678f97b841c5da384ff StaticDependenciesID=691aaa675ebd5e608716caa3b785e51d 
Number of updated asset objects reloaded before import = 0
Number of asset objects unloaded after import = 0
========================================================================
Received Import Request.
  Time of request: 2026-08-27T05:11:08.464199Z
  Time since last request: 0.000169875 seconds.
  importAddress: GUID: c2c1cf24bea5410ea530b2c8a875b293 - Path: Packages/com.unity.multiplayer.center/Tests/Editor/AnalyticsUtilsTests.cs - Importer: ScriptedImporter/UnityEditor.QuickSearchModule:UnityEditor.Search:ASIAI0B
Importing 'GUID: c2c1cf24bea5410ea530b2c8a875b293 - Path: Packages/com.unity.multiplayer.center/Tests/Editor/AnalyticsUtilsTests.cs - Importer: ScriptedImporter/UnityEditor.QuickSearchModule:UnityEditor.Search:ASIAI0B' with importer (ScriptedImporter : UnityEditor.QuickSearchModule:UnityEditor.Search:ASIAI0B)
Imported 'GUID: c2c1cf24bea5410ea530b2c8a875b293' -> (Import Result ID: 'fc44c76b3c7d6e54dc5e487bf06fda5f') in 0.001 seconds [static and dynamic dependencies]. Details - ImportResultOutputID=af31a76a1a625f87d8192a757635364c DependenciesID=caa37d15364da4f5a4051360d99747ee StaticDependenciesID=445335c174321691166478aa12c74272 
Number of updated asset objects reloaded before import = 0
Number of asset objects unloaded after import = 0
========================================================================
Received Import Request.
  Time of request: 2026-08-27T05:11:08.465041Z
  Time since last request: 0.000186959 seconds.
  importAddress: GUID: 433d3b96b2a40a5479d3d7d8495882ed - Path: Packages/com.unity.ugui/Tests/Editor/UGUI/UI/PropertyDrawers/PropertyDrawerTests.cs - Importer: ScriptedImporter/UnityEditor.QuickSearchModule:UnityEditor.Search:ASIAI0B
Importing 'GUID: 433d3b96b2a40a5479d3d7d8495882ed - Path: Packages/com.unity.ugui/Tests/Editor/UGUI/UI/PropertyDrawers/PropertyDrawerTests.cs - Importer: ScriptedImporter/UnityEditor.QuickSearchModule:UnityEditor.Search:ASIAI0B' with importer (ScriptedImporter : UnityEditor.QuickSearchModule:UnityEditor.Search:ASIAI0B)
Imported 'GUID: 433d3b96b2a40a5479d3d7d8495882ed' -> (Import Result ID: '99aea29581162537ed5590277c01cab7') in 0.001 seconds [static and dynamic dependencies]. Details - ImportResultOutputID=21ec5155e1b3f9a9d97ce86299aef06e DependenciesID=cf5bfa2365716e201b469eb4bf840f74 StaticDependenciesID=5dac6d4ca37fef46609984ffc7215b9b 
Number of updated asset objects reloaded before import = 0
Number of asset objects unloaded after import = 0
========================================================================
Received Import Request.
  Time of request: 2026-08-27T05:11:08.465788Z
  Time since last request: 0.000114 seconds.
  importAddress: GUID: 8110dd6ddbc04e58b50978562ce0c00a - Path: Packages/com.unity.multiplayer.center/Tests/Editor/ExpectedPresetRecommendations.cs - Importer: ScriptedImporter/UnityEditor.QuickSearchModule:UnityEditor.Search:ASIAI0B
Importing 'GUID: 8110dd6ddbc04e58b50978562ce0c00a - Path: Packages/com.unity.multiplayer.center/Tests/Editor/ExpectedPresetRecommendations.cs - Importer: ScriptedImporter/UnityEditor.QuickSearchModule:UnityEditor.Search:ASIAI0B' with importer (ScriptedImporter : UnityEditor.QuickSearchModule:UnityEditor.Search:ASIAI0B)
Imported 'GUID: 8110dd6ddbc04e58b50978562ce0c00a' -> (Import Result ID: 'e1b38f03d2ba60188ffd1f84c20b4b4a') in 0.000 seconds [static and dynamic dependencies]. Details - ImportResultOutputID=8b0b7614e9115e341a556505ec6206b3 DependenciesID=e8a6a8bbc6d64c88f26578a6bf55dcf0 StaticDependenciesID=1b138c7ee3c8c02c1eac148786fee248 
Number of updated asset objects reloaded before import = 0
Number of asset objects unloaded after import = 0
========================================================================
Received Import Request.
  Time of request: 2026-08-27T05:11:08.466381Z
  Time since last request: 0.000102417 seconds.
  importAddress: GUID: fcbb62ff857b4cf49e74f5f9aca6e8d6 - Path: Packages/com.unity.multiplayer.center/Editor/OnBoarding/SectionsFinder.cs - Importer: ScriptedImporter/UnityEditor.QuickSearchModule:UnityEditor.Search:ASIAI0B
Importing 'GUID: fcbb62ff857b4cf49e74f5f9aca6e8d6 - Path: Packages/com.unity.multiplayer.center/Editor/OnBoarding/SectionsFinder.cs - Importer: ScriptedImporter/UnityEditor.QuickSearchModule:UnityEditor.Search:ASIAI0B' with importer (ScriptedImporter : UnityEditor.QuickSearchModule:UnityEditor.Search:ASIAI0B)
Imported 'GUID: fcbb62ff857b4cf49e74f5f9aca6e8d6' -> (Import Result ID: '50dbb3cd0eaa3f6a8662851b1cf545c5') in 0.000 seconds [static and dynamic dependencies]. Details - ImportResultOutputID=4fa83b30074eb213cd1a81605780b66b DependenciesID=4906c8633aac76ea55edccf0f3087fc9 StaticDependenciesID=f60bcf4ea36dafd1421e7f655d485025 
Number of updated asset objects reloaded before import = 0
Number of asset objects unloaded after import = 0
========================================================================
Received Import Request.
  Time of request: 2026-08-27T05:11:08.467082Z
  Time since last request: 0.000223292 seconds.
  importAddress: GUID: c8f6fa942856442b8bd72594d3ce7363 - Path: Packages/com.unity.multiplayer.center/Third Party Notices.md - Importer: ScriptedImporter/UnityEditor.QuickSearchModule:UnityEditor.Search:ASIAI0B
Importing 'GUID: c8f6fa942856442b8bd72594d3ce7363 - Path: Packages/com.unity.multiplayer.center/Third Party Notices.md - Importer: ScriptedImporter/UnityEditor.QuickSearchModule:UnityEditor.Search:ASIAI0B' with importer (ScriptedImporter : UnityEditor.QuickSearchModule:UnityEditor.Search:ASIAI0B)
Imported 'GUID: c8f6fa942856442b8bd72594d3ce7363' -> (Import Result ID: 'fc1d3d1b8f3308fcdec755f7a6ec5a79') in 0.000 seconds [static and dynamic dependencies]. Details - ImportResultOutputID=78bfae10c97dc19b0d1f8daf8b0bceb3 DependenciesID=0ed3cd84e58380d011b13caaf1f8a17b StaticDependenciesID=68a7a4c8a7d640afe17ecdfc6e8dbae9 
Number of updated asset objects reloaded before import = 0
Number of asset objects unloaded after import = 1
========================================================================
Received Import Request.
  Time of request: 2026-08-27T05:11:08.46774Z
  Time since last request: 0.00014625 seconds.
  importAddress: GUID: 52a77c59214a4cb5a43fc7b0e097d832 - Path: Packages/com.unity.multiplayer.center/Editor/Recommendations/RecommendationUtils.cs - Importer: ScriptedImporter/UnityEditor.QuickSearchModule:UnityEditor.Search:ASIAI0B
Importing 'GUID: 52a77c59214a4cb5a43fc7b0e097d832 - Path: Packages/com.unity.multiplayer.center/Editor/Recommendations/RecommendationUtils.cs - Importer: ScriptedImporter/UnityEditor.QuickSearchModule:UnityEditor.Search:ASIAI0B' with importer (ScriptedImporter : UnityEditor.QuickSearchModule:UnityEditor.Search:ASIAI0B)
Imported 'GUID: 52a77c59214a4cb5a43fc7b0e097d832' -> (Import Result ID: '6232143667f5526881a3c25bea5597c7') in 0.001 seconds [static and dynamic dependencies]. Details - ImportResultOutputID=b4b761fd49846642bda3063463d093bb DependenciesID=acbcd6180c5d38574c7991523c330f63 StaticDependenciesID=d2546d9735df8b25c202e90b0731bf01 
Number of updated asset objects reloaded before import = 0
Number of asset objects unloaded after import = 0
========================================================================
Received Import Request.
  Time of request: 2026-08-27T05:11:08.468566Z
  Time since last request: 0.000168 seconds.
  importAddress: GUID: 138dbec4f8742654fbceb0a19d68b9c5 - Path: Packages/com.unity.ugui/Tests/Runtime/UGUI/EventSystem/InputModuleTests/FakeBaseInput.cs - Importer: ScriptedImporter/UnityEditor.QuickSearchModule:UnityEditor.Search:ASIAI0B
Importing 'GUID: 138dbec4f8742654fbceb0a19d68b9c5 - Path: Packages/com.unity.ugui/Tests/Runtime/UGUI/EventSystem/InputModuleTests/FakeBaseInput.cs - Importer: ScriptedImporter/UnityEditor.QuickSearchModule:UnityEditor.Search:ASIAI0B' with importer (ScriptedImporter : UnityEditor.QuickSearchModule:UnityEditor.Search:ASIAI0B)
Imported 'GUID: 138dbec4f8742654fbceb0a19d68b9c5' -> (Import Result ID: 'be00fd8a79744c9a446a34925c1a8a77') in 0.001 seconds [static and dynamic dependencies]. Details - ImportResultOutputID=ccb4302dd7fe352dbbd6657b42b3e2fc DependenciesID=49dbda308ff9654e64bb089b0aa83571 StaticDependenciesID=5ef9d212d944961ba87d73c8aac215d2 
Number of updated asset objects reloaded before import = 0
Number of asset objects unloaded after import = 0
========================================================================
Received Import Request.
  Time of request: 2026-08-27T05:11:08.469346Z
  Time since last request: 0.000125292 seconds.
  importAddress: GUID: 51566b3736df4282bbe76645014b0cc5 - Path: Packages/com.unity.multiplayer.center/Editor/AssemblyInfo.cs - Importer: ScriptedImporter/UnityEditor.QuickSearchModule:UnityEditor.Search:ASIAI0B
Importing 'GUID: 51566b3736df4282bbe76645014b0cc5 - Path: Packages/com.unity.multiplayer.center/Editor/AssemblyInfo.cs - Importer: ScriptedImporter/UnityEditor.QuickSearchModule:UnityEditor.Search:ASIAI0B' with importer (ScriptedImporter : UnityEditor.QuickSearchModule:UnityEditor.Search:ASIAI0B)
Imported 'GUID: 51566b3736df4282bbe76645014b0cc5' -> (Import Result ID: 'e7c0bb8efec833e2b5c19ad7b6d3936c') in 0.000 seconds [static and dynamic dependencies]. Details - ImportResultOutputID=5e0788e9469331a794da506f1bedb763 DependenciesID=3ee774c3f2caa827f0bc10e9dbbceceb StaticDependenciesID=991c344acc7b04b98731622b67447235 
Number of updated asset objects reloaded before import = 0
Number of asset objects unloaded after import = 0
========================================================================
Received Import Request.
  Time of request: 2026-08-27T05:11:08.469864Z
  Time since last request: 0.000114208 seconds.
  importAddress: GUID: 4cee1dc929764056ac40ece91efef712 - Path: Packages/com.unity.multiplayer.center/Editor/Analytics/AnalyticsData.cs - Importer: ScriptedImporter/UnityEditor.QuickSearchModule:UnityEditor.Search:ASIAI0B
Importing 'GUID: 4cee1dc929764056ac40ece91efef712 - Path: Packages/com.unity.multiplayer.center/Editor/Analytics/AnalyticsData.cs - Importer: ScriptedImporter/UnityEditor.QuickSearchModule:UnityEditor.Search:ASIAI0B' with importer (ScriptedImporter : UnityEditor.QuickSearchModule:UnityEditor.Search:ASIAI0B)
Imported 'GUID: 4cee1dc929764056ac40ece91efef712' -> (Import Result ID: 'c44acdd5eed69f4fd7a23e6589aebbc6') in 0.001 seconds [static and dynamic dependencies]. Details - ImportResultOutputID=19a9d83ec9f21dc00a6c1dc52201746a DependenciesID=7dce6b357387138a58f48c0050e8883d StaticDependenciesID=ccad821edb658c0038d705db00172a77 
Number of updated asset objects reloaded before import = 0
Number of asset objects unloaded after import = 0
========================================================================
Received Import Request.
  Time of request: 2026-08-27T05:11:08.470531Z
  Time since last request: 0.000113041 seconds.
  importAddress: GUID: a1c995459c0d418c88dd274e04840c5d - Path: Packages/com.unity.multiplayer.center/Editor/Recommendations/RecommenderSystem.cs - Importer: ScriptedImporter/UnityEditor.QuickSearchModule:UnityEditor.Search:ASIAI0B
Importing 'GUID: a1c995459c0d418c88dd274e04840c5d - Path: Packages/com.unity.multiplayer.center/Editor/Recommendations/RecommenderSystem.cs - Importer: ScriptedImporter/UnityEditor.QuickSearchModule:UnityEditor.Search:ASIAI0B' with importer (ScriptedImporter : UnityEditor.QuickSearchModule:UnityEditor.Search:ASIAI0B)
Imported 'GUID: a1c995459c0d418c88dd274e04840c5d' -> (Import Result ID: 'f0306cdeb3fa15a8d4756b10ba2012af') in 0.001 seconds [static and dynamic dependencies]. Details - ImportResultOutputID=11f9a281e3275e862f76779d90df1626 DependenciesID=93bed4561f160741a4ba82c90b878721 StaticDependenciesID=b5ef067d75e93811e6ea941a1b3ce461 
Number of updated asset objects reloaded before import = 0
Number of asset objects unloaded after import = 0
========================================================================
Received Import Request.
  Time of request: 2026-08-27T05:11:08.473475Z
  Time since last request: 0.002411125 seconds.
  importAddress: GUID: 3bbd27b3dd7be4a74aeab8da6b0af5cc - Path: Packages/com.unity.multiplayer.center/CHANGELOG.md - Importer: ScriptedImporter/UnityEditor.QuickSearchModule:UnityEditor.Search:ASIAI0B
Importing 'GUID: 3bbd27b3dd7be4a74aeab8da6b0af5cc - Path: Packages/com.unity.multiplayer.center/CHANGELOG.md - Importer: ScriptedImporter/UnityEditor.QuickSearchModule:UnityEditor.Search:ASIAI0B' with importer (ScriptedImporter : UnityEditor.QuickSearchModule:UnityEditor.Search:ASIAI0B)
Imported 'GUID: 3bbd27b3dd7be4a74aeab8da6b0af5cc' -> (Import Result ID: 'dd6d9a717bda7e99d293c2b047103e61') in 0.001 seconds [static and dynamic dependencies]. Details - ImportResultOutputID=da291a5020e53b26cb9a1949fec29bbe DependenciesID=857fb73b9271d3419556cb433f612284 StaticDependenciesID=83a06dd8920033ed46ac346590fd3dff 
Number of updated asset objects reloaded before import = 0
Number of asset objects unloaded after import = 1
========================================================================
Received Import Request.
  Time of request: 2026-08-27T05:11:08.474228Z
  Time since last request: 0.0001505 seconds.
  importAddress: GUID: 76c82729ad712f14bae1a8a279c52ac3 - Path: Packages/com.unity.ugui/Tests/Runtime/UGUI/EventSystem/InputModuleTests/DragCallbackCheck.cs - Importer: ScriptedImporter/UnityEditor.QuickSearchModule:UnityEditor.Search:ASIAI0B
Importing 'GUID: 76c82729ad712f14bae1a8a279c52ac3 - Path: Packages/com.unity.ugui/Tests/Runtime/UGUI/EventSystem/InputModuleTests/DragCallbackCheck.cs - Importer: ScriptedImporter/UnityEditor.QuickSearchModule:UnityEditor.Search:ASIAI0B' with importer (ScriptedImporter : UnityEditor.QuickSearchModule:UnityEditor.Search:ASIAI0B)
Imported 'GUID: 76c82729ad712f14bae1a8a279c52ac3' -> (Import Result ID: '8b8968b185cbc646187c20fb19385b2d') in 0.001 seconds [static and dynamic dependencies]. Details - ImportResultOutputID=f1c3bcef316b0f6cda0a582e0873b859 DependenciesID=e673d4f59afda9ce064c4f6552c3f410 StaticDependenciesID=beb4d6982885dc5ca16fd1b1c82c452f 
Number of updated asset objects reloaded before import = 0
Number of asset objects unloaded after import = 0
========================================================================
Received Import Request.
  Time of request: 2026-08-27T05:11:08.475047Z
  Time since last request: 0.00018825 seconds.
  importAddress: GUID: 0573713975c6b8246b7544ed524ef1dc - Path: Packages/com.unity.ugui/Tests/Runtime/UGUI/EventSystem/InputModuleTests/PointerClickCallbackCheck.cs - Importer: ScriptedImporter/UnityEditor.QuickSearchModule:UnityEditor.Search:ASIAI0B
Importing 'GUID: 0573713975c6b8246b7544ed524ef1dc - Path: Packages/com.unity.ugui/Tests/Runtime/UGUI/EventSystem/InputModuleTests/PointerClickCallbackCheck.cs - Importer: ScriptedImporter/UnityEditor.QuickSearchModule:UnityEditor.Search:ASIAI0B' with importer (ScriptedImporter : UnityEditor.QuickSearchModule:UnityEditor.Search:ASIAI0B)
Imported 'GUID: 0573713975c6b8246b7544ed524ef1dc' -> (Import Result ID: '312220ac95d3107155f26f0371c86dba') in 0.001 seconds [static and dynamic dependencies]. Details - ImportResultOutputID=29db334fb91f399fd4f314d6c969cb91 DependenciesID=30445dff4a2cf3920f176a0e67a93813 StaticDependenciesID=ab4c2a9a0f69ebfbd9d953a3bd28f9e9 
Number of updated asset objects reloaded before import = 0
Number of asset objects unloaded after import = 0
========================================================================
Received Import Request.
  Time of request: 2026-08-27T05:11:08.475977Z
  Time since last request: 0.000225291 seconds.
  importAddress: GUID: 8bce0b24c28e45d884acfcf49a3b8945 - Path: Packages/com.unity.multiplayer.center/Editor/Analytics/MultiplayerCenterAnalyticsFactory.cs - Importer: ScriptedImporter/UnityEditor.QuickSearchModule:UnityEditor.Search:ASIAI0B
Importing 'GUID: 8bce0b24c28e45d884acfcf49a3b8945 - Path: Packages/com.unity.multiplayer.center/Editor/Analytics/MultiplayerCenterAnalyticsFactory.cs - Importer: ScriptedImporter/UnityEditor.QuickSearchModule:UnityEditor.Search:ASIAI0B' with importer (ScriptedImporter : UnityEditor.QuickSearchModule:UnityEditor.Search:ASIAI0B)
Imported 'GUID: 8bce0b24c28e45d884acfcf49a3b8945' -> (Import Result ID: '42d29ec74a9df500fabef93accd43045') in 0.001 seconds [static and dynamic dependencies]. Details - ImportResultOutputID=5febb40a508568e33cdae676cfda0b1c DependenciesID=2b6b1318736b4e6b616620821fffc30e StaticDependenciesID=104d2717fe28c015b04cac33aaf49a7c 
Number of updated asset objects reloaded before import = 0
Number of asset objects unloaded after import = 0
========================================================================
Received Import Request.
  Time of request: 2026-08-27T05:11:08.476766Z
  Time since last request: 0.000167583 seconds.
  importAddress: GUID: 0ddc3b8a12c84454b04e4d6bdd88241c - Path: Packages/com.unity.multiplayer.center/Editor/Recommendations/RecommendationViewData.cs - Importer: ScriptedImporter/UnityEditor.QuickSearchModule:UnityEditor.Search:ASIAI0B
Importing 'GUID: 0ddc3b8a12c84454b04e4d6bdd88241c - Path: Packages/com.unity.multiplayer.center/Editor/Recommendations/RecommendationViewData.cs - Importer: ScriptedImporter/UnityEditor.QuickSearchModule:UnityEditor.Search:ASIAI0B' with importer (ScriptedImporter : UnityEditor.QuickSearchModule:UnityEditor.Search:ASIAI0B)
Imported 'GUID: 0ddc3b8a12c84454b04e4d6bdd88241c' -> (Import Result ID: '225dbd48f05e6fbdd1ca2a8cfd48d288') in 0.001 seconds [static and dynamic dependencies]. Details - ImportResultOutputID=6aa9476f278674b53fccc000cb6e4d24 DependenciesID=313bcdd783916e37ccb2c610166661ba StaticDependenciesID=7b088d5abd726ff122ba338f0ecf76c6 
Number of updated asset objects reloaded before import = 0
Number of asset objects unloaded after import = 0
========================================================================
Received Import Request.
  Time of request: 2026-08-27T05:11:08.477573Z
  Time since last request: 0.000236833 seconds.
  importAddress: GUID: d2c2caab1f2642afa6c07dec054fd34f - Path: Packages/com.unity.multiplayer.center/Editor/OnBoarding/GettingStartedTabView.cs - Importer: ScriptedImporter/UnityEditor.QuickSearchModule:UnityEditor.Search:ASIAI0B
Importing 'GUID: d2c2caab1f2642afa6c07dec054fd34f - Path: Packages/com.unity.multiplayer.center/Editor/OnBoarding/GettingStartedTabView.cs - Importer: ScriptedImporter/UnityEditor.QuickSearchModule:UnityEditor.Search:ASIAI0B' with importer (ScriptedImporter : UnityEditor.QuickSearchModule:UnityEditor.Search:ASIAI0B)
Imported 'GUID: d2c2caab1f2642afa6c07dec054fd34f' -> (Import Result ID: '00862be49e16ddfdf2682482e54ace5e') in 0.001 seconds [static and dynamic dependencies]. Details - ImportResultOutputID=ddcf3e809d3ac1f3754b9e02f408f80d DependenciesID=1d0ea30d11e20e02de904cfae0ca20b2 StaticDependenciesID=fe4654cadc712ccf90d896f5f0e5fb64 
Number of updated asset objects reloaded before import = 0
Number of asset objects unloaded after import = 0
========================================================================
Received Import Request.
  Time of request: 2026-08-27T05:11:08.478463Z
  Time since last request: 0.000212042 seconds.
  importAddress: GUID: a659150180ae3489ba41c71780ba3779 - Path: Packages/com.unity.multiplayer.center/Editor/Questionnaire/Questionnaire.questionnaire - Importer: ScriptedImporter/UnityEditor.QuickSearchModule:UnityEditor.Search:ASIAI0B
Importing 'GUID: a659150180ae3489ba41c71780ba3779 - Path: Packages/com.unity.multiplayer.center/Editor/Questionnaire/Questionnaire.questionnaire - Importer: ScriptedImporter/UnityEditor.QuickSearchModule:UnityEditor.Search:ASIAI0B' with importer (ScriptedImporter : UnityEditor.QuickSearchModule:UnityEditor.Search:ASIAI0B)
Imported 'GUID: a659150180ae3489ba41c71780ba3779' -> (Import Result ID: 'bbe90f21fb808d84434b9ee3d95d6a30') in 0.001 seconds [static and dynamic dependencies]. Details - ImportResultOutputID=acfe655b92d5e43d5cc6febdb17af3a4 DependenciesID=bc178cc3ea220ae6fd79eb45392a1af7 StaticDependenciesID=ecc52ae83b814916bdfc33941f7b2bb3 
Number of updated asset objects reloaded before import = 0
Number of asset objects unloaded after import = 1
========================================================================
Received Import Request.
  Time of request: 2026-08-27T05:11:08.479234Z
  Time since last request: 0.000143292 seconds.
  importAddress: GUID: 89b6d933e4994d0980f6b48dc2b8779c - Path: Packages/com.unity.multiplayer.center/Common/AnswerData.cs - Importer: ScriptedImporter/UnityEditor.QuickSearchModule:UnityEditor.Search:ASIAI0B
Importing 'GUID: 89b6d933e4994d0980f6b48dc2b8779c - Path: Packages/com.unity.multiplayer.center/Common/AnswerData.cs - Importer: ScriptedImporter/UnityEditor.QuickSearchModule:UnityEditor.Search:ASIAI0B' with importer (ScriptedImporter : UnityEditor.QuickSearchModule:UnityEditor.Search:ASIAI0B)
Imported 'GUID: 89b6d933e4994d0980f6b48dc2b8779c' -> (Import Result ID: '1b6430069ad0248ce1efd786749946a2') in 0.000 seconds [static and dynamic dependencies]. Details - ImportResultOutputID=05380380fd3994ff3460a59b8d954aa6 DependenciesID=93ee737e7e9ebcf3f6322f10d8dacc80 StaticDependenciesID=9a09c9e775aef6df108beb883b249c97 
Number of updated asset objects reloaded before import = 0
Number of asset objects unloaded after import = 0
========================================================================
Received Import Request.
  Time of request: 2026-08-27T05:11:08.479907Z
  Time since last request: 0.000183542 seconds.
  importAddress: GUID: af94bd3a805f27e42ab86647265be74e - Path: Packages/com.unity.ugui/Tests/Runtime/UGUI/EventSystem/InputModuleTests/PointerExitCallbackCheck.cs - Importer: ScriptedImporter/UnityEditor.QuickSearchModule:UnityEditor.Search:ASIAI0B
Importing 'GUID: af94bd3a805f27e42ab86647265be74e - Path: Packages/com.unity.ugui/Tests/Runtime/UGUI/EventSystem/InputModuleTests/PointerExitCallbackCheck.cs - Importer: ScriptedImporter/UnityEditor.QuickSearchModule:UnityEditor.Search:ASIAI0B' with importer (ScriptedImporter : UnityEditor.QuickSearchModule:UnityEditor.Search:ASIAI0B)
Imported 'GUID: af94bd3a805f27e42ab86647265be74e' -> (Import Result ID: '41fd37cba01d15fd34cc37f72c6165b2') in 0.001 seconds [static and dynamic dependencies]. Details - ImportResultOutputID=f607a9cd58614bf62abbe0c9de189646 DependenciesID=0c302b077166ace65b985cc60f4dd831 StaticDependenciesID=10a1627a29449f9d508d7c96ce24dbaa 
Number of updated asset objects reloaded before import = 0
Number of asset objects unloaded after import = 0
========================================================================
Received Import Request.
  Time of request: 2026-08-27T05:11:08.481337Z
  Time since last request: 0.000179042 seconds.
  importAddress: GUID: b66d076cdcfe3b14388de66307a0e7ff - Path: Packages/com.unity.multiplayer.center/Editor/Recommendations/RecommendationData_6000.0.recommendations - Importer: ScriptedImporter/UnityEditor.QuickSearchModule:UnityEditor.Search:ASIAI0B
Importing 'GUID: b66d076cdcfe3b14388de66307a0e7ff - Path: Packages/com.unity.multiplayer.center/Editor/Recommendations/RecommendationData_6000.0.recommendations - Importer: ScriptedImporter/UnityEditor.QuickSearchModule:UnityEditor.Search:ASIAI0B' with importer (ScriptedImporter : UnityEditor.QuickSearchModule:UnityEditor.Search:ASIAI0B)
Imported 'GUID: b66d076cdcfe3b14388de66307a0e7ff' -> (Import Result ID: '26de25897fcbfdfeaee4ee76f6bb4ec4') in 0.001 seconds [static and dynamic dependencies]. Details - ImportResultOutputID=8603c0827dbd27dbe2a520ea38f9b50d DependenciesID=970f3331e153c2be1026aef2de5184d3 StaticDependenciesID=58e80ad5e796ea3ceaa53f2c2ddf6228 
Number of updated asset objects reloaded before import = 0
Number of asset objects unloaded after import = 1
========================================================================
Received Import Request.
  Time of request: 2026-08-27T05:11:08.482222Z
  Time since last request: 0.000149916 seconds.
  importAddress: GUID: c359bcaf4a0bc4040aac650bf14ec619 - Path: Packages/com.unity.multiplayer.center/README.md - Importer: ScriptedImporter/UnityEditor.QuickSearchModule:UnityEditor.Search:ASIAI0B
Importing 'GUID: c359bcaf4a0bc4040aac650bf14ec619 - Path: Packages/com.unity.multiplayer.center/README.md - Importer: ScriptedImporter/UnityEditor.QuickSearchModule:UnityEditor.Search:ASIAI0B' with importer (ScriptedImporter : UnityEditor.QuickSearchModule:UnityEditor.Search:ASIAI0B)
Imported 'GUID: c359bcaf4a0bc4040aac650bf14ec619' -> (Import Result ID: '9df33e4226ff013f6e1106ef333906ee') in 0.000 seconds [static and dynamic dependencies]. Details - ImportResultOutputID=9bf0a7cfd01fd7f9569ddaa32cdadfe0 DependenciesID=f3b7bbc8b9e8c928deabb1593ce2cea4 StaticDependenciesID=6e14c4c77335b847d8abaed8e93f15bb 
Number of updated asset objects reloaded before import = 0
Number of asset objects unloaded after import = 1
========================================================================
Received Import Request.
  Time of request: 2026-08-27T05:11:08.482863Z
  Time since last request: 0.000123833 seconds.
  importAddress: GUID: 38a11839c22b4e67aa2e508d906edf65 - Path: Packages/com.unity.multiplayer.center/Editor/Recommendations/RecommenderSystemData.cs - Importer: ScriptedImporter/UnityEditor.QuickSearchModule:UnityEditor.Search:ASIAI0B
Importing 'GUID: 38a11839c22b4e67aa2e508d906edf65 - Path: Packages/com.unity.multiplayer.center/Editor/Recommendations/RecommenderSystemData.cs - Importer: ScriptedImporter/UnityEditor.QuickSearchModule:UnityEditor.Search:ASIAI0B' with importer (ScriptedImporter : UnityEditor.QuickSearchModule:UnityEditor.Search:ASIAI0B)
Imported 'GUID: 38a11839c22b4e67aa2e508d906edf65' -> (Import Result ID: 'ca3c3abbb9e58a2db8dc6f0284d58ffd') in 0.000 seconds [static and dynamic dependencies]. Details - ImportResultOutputID=bdf85e3d69e89e37eb9a41b5db714b80 DependenciesID=5166e1fd36e7617a805110490de94de3 StaticDependenciesID=a4563a4c8cee84843fe5f5e1a5beb475 
Number of updated asset objects reloaded before import = 0
Number of asset objects unloaded after import = 0
========================================================================
Received Import Request.
  Time of request: 2026-08-27T05:11:08.483504Z
  Time since last request: 0.000131334 seconds.
  importAddress: GUID: 5d117d33f89d41cd9123918383c9b981 - Path: Packages/com.unity.multiplayer.center/Editor/Questionnaire/QuestionnaireEditor.cs - Importer: ScriptedImporter/UnityEditor.QuickSearchModule:UnityEditor.Search:ASIAI0B
Importing 'GUID: 5d117d33f89d41cd9123918383c9b981 - Path: Packages/com.unity.multiplayer.center/Editor/Questionnaire/QuestionnaireEditor.cs - Importer: ScriptedImporter/UnityEditor.QuickSearchModule:UnityEditor.Search:ASIAI0B' with importer (ScriptedImporter : UnityEditor.QuickSearchModule:UnityEditor.Search:ASIAI0B)
Imported 'GUID: 5d117d33f89d41cd9123918383c9b981' -> (Import Result ID: 'fdd07b04c759fdc95ab45f069d67d3ca') in 0.001 seconds [static and dynamic dependencies]. Details - ImportResultOutputID=0f26da4bad21962fed30644a22868dea DependenciesID=49c3e19954bd401645aeb62f0ea3667f StaticDependenciesID=53e187d695fb78d40a2681bdcea0b7a7 
Number of updated asset objects reloaded before import = 0
Number of asset objects unloaded after import = 0
========================================================================
Received Import Request.
  Time of request: 2026-08-27T05:11:08.484216Z
  Time since last request: 0.000155292 seconds.
  importAddress: GUID: b46a48f780f84026b9d1e73ee1b0121d - Path: Packages/com.unity.multiplayer.center/Editor/Recommendations/RecommendationType.cs - Importer: ScriptedImporter/UnityEditor.QuickSearchModule:UnityEditor.Search:ASIAI0B
Importing 'GUID: b46a48f780f84026b9d1e73ee1b0121d - Path: Packages/com.unity.multiplayer.center/Editor/Recommendations/RecommendationType.cs - Importer: ScriptedImporter/UnityEditor.QuickSearchModule:UnityEditor.Search:ASIAI0B' with importer (ScriptedImporter : UnityEditor.QuickSearchModule:UnityEditor.Search:ASIAI0B)
Imported 'GUID: b46a48f780f84026b9d1e73ee1b0121d' -> (Import Result ID: '9201ee9c89b3048f45caa89f3dd1be14') in 0.001 seconds [static and dynamic dependencies]. Details - ImportResultOutputID=26319abaffdc11f8577139b96dda98a0 DependenciesID=d341e431c7552337c7c606fd9ac9c99d StaticDependenciesID=e8a2bd8b9f7e20f529a556a586753443 
Number of updated asset objects reloaded before import = 0
Number of asset objects unloaded after import = 0
========================================================================
Received Import Request.
  Time of request: 2026-08-27T05:11:08.485014Z
  Time since last request: 0.000159 seconds.
  importAddress: GUID: 185e678d90804a8a85ab38276eca86fb - Path: Packages/com.unity.multiplayer.center/Editor/Analytics/MultiplayerCenterAnalytics.cs - Importer: ScriptedImporter/UnityEditor.QuickSearchModule:UnityEditor.Search:ASIAI0B
Importing 'GUID: 185e678d90804a8a85ab38276eca86fb - Path: Packages/com.unity.multiplayer.center/Editor/Analytics/MultiplayerCenterAnalytics.cs - Importer: ScriptedImporter/UnityEditor.QuickSearchModule:UnityEditor.Search:ASIAI0B' with importer (ScriptedImporter : UnityEditor.QuickSearchModule:UnityEditor.Search:ASIAI0B)
Imported 'GUID: 185e678d90804a8a85ab38276eca86fb' -> (Import Result ID: '26ffd32cc3daafaaa732fd4c87aa22c0') in 0.001 seconds [static and dynamic dependencies]. Details - ImportResultOutputID=4ab11e3594737fc297f6aedd0a0ae3c6 DependenciesID=c1d7d2b6aadec72e947351fd0b00217d StaticDependenciesID=872841e00a54bc0c2a8bae3ea2dd5959 
Number of updated asset objects reloaded before import = 0
Number of asset objects unloaded after import = 0
========================================================================
Received Import Request.
  Time of request: 2026-08-27T05:11:08.485807Z
  Time since last request: 0.000133958 seconds.
  importAddress: GUID: 80beef77cb19e713c7c2d481b65ed485 - Path: Packages/com.unity.modules.screencapture/package.json - Importer: ScriptedImporter/UnityEditor.QuickSearchModule:UnityEditor.Search:ASIAI0B
Importing 'GUID: 80beef77cb19e713c7c2d481b65ed485 - Path: Packages/com.unity.modules.screencapture/package.json - Importer: ScriptedImporter/UnityEditor.QuickSearchModule:UnityEditor.Search:ASIAI0B' with importer (ScriptedImporter : UnityEditor.QuickSearchModule:UnityEditor.Search:ASIAI0B)
Imported 'GUID: 80beef77cb19e713c7c2d481b65ed485' -> (Import Result ID: 'f9dea4b557b124d6a21b9f7806efbd9a') in 0.001 seconds [static and dynamic dependencies]. Details - ImportResultOutputID=e012e75f8cb108861b99746a69a979a1 DependenciesID=8bd5c7b71cebe287ff8284c2881e89f6 StaticDependenciesID=1e4ef652d9a7d883d408b74b442be9fb 
Number of updated asset objects reloaded before import = 0
Number of asset objects unloaded after import = 1
========================================================================
Received Import Request.
  Time of request: 2026-08-27T05:11:08.486518Z
  Time since last request: 0.000129584 seconds.
  importAddress: GUID: df0857f6a11054383be91b1f8e1b5800 - Path: Packages/com.unity.multiplayer.center/package.json - Importer: ScriptedImporter/UnityEditor.QuickSearchModule:UnityEditor.Search:ASIAI0B
Importing 'GUID: df0857f6a11054383be91b1f8e1b5800 - Path: Packages/com.unity.multiplayer.center/package.json - Importer: ScriptedImporter/UnityEditor.QuickSearchModule:UnityEditor.Search:ASIAI0B' with importer (ScriptedImporter : UnityEditor.QuickSearchModule:UnityEditor.Search:ASIAI0B)
Imported 'GUID: df0857f6a11054383be91b1f8e1b5800' -> (Import Result ID: '908914b93007c23e9f7cd046b4a21a2d') in 0.000 seconds [static and dynamic dependencies]. Details - ImportResultOutputID=4215a649bfaf6e0e952e1a25cde234f5 DependenciesID=21f2a2f375a15ce1a59dd963c480df8f StaticDependenciesID=20fb40fcd632027c3956c9fde0b57545 
Number of updated asset objects reloaded before import = 0
Number of asset objects unloaded after import = 1
========================================================================
Received Import Request.
  Time of request: 2026-08-27T05:11:08.48711Z
  Time since last request: 0.000107833 seconds.
  importAddress: GUID: be17709716f1648caa5de6d0c38103ed - Path: Packages/com.unity.multiplayer.center/Editor/Unity.Multiplayer.Center.Editor.asmdef - Importer: ScriptedImporter/UnityEditor.QuickSearchModule:UnityEditor.Search:ASIAI0B
Importing 'GUID: be17709716f1648caa5de6d0c38103ed - Path: Packages/com.unity.multiplayer.center/Editor/Unity.Multiplayer.Center.Editor.asmdef - Importer: ScriptedImporter/UnityEditor.QuickSearchModule:UnityEditor.Search:ASIAI0B' with importer (ScriptedImporter : UnityEditor.QuickSearchModule:UnityEditor.Search:ASIAI0B)
Imported 'GUID: be17709716f1648caa5de6d0c38103ed' -> (Import Result ID: 'bf492a4c5ce3b073388b1966be8efc1a') in 0.000 seconds [static and dynamic dependencies]. Details - ImportResultOutputID=e34f794da44dd9cdc3a81c3c7b665a1e DependenciesID=d62b7a5815b0ed04542c63b135460458 StaticDependenciesID=371ba83ba83c3d9b3fd928186d534e86 
Number of updated asset objects reloaded before import = 0
Number of asset objects unloaded after import = 1
========================================================================
Received Import Request.
  Time of request: 2026-08-27T05:11:08.487686Z
  Time since last request: 0.000135042 seconds.
  importAddress: GUID: 89ffa359141b49fea9bfa6a1db3b18be - Path: Packages/com.unity.multiplayer.center/Tests/Editor/AssemblyInfo.cs - Importer: ScriptedImporter/UnityEditor.QuickSearchModule:UnityEditor.Search:ASIAI0B
Importing 'GUID: 89ffa359141b49fea9bfa6a1db3b18be - Path: Packages/com.unity.multiplayer.center/Tests/Editor/AssemblyInfo.cs - Importer: ScriptedImporter/UnityEditor.QuickSearchModule:UnityEditor.Search:ASIAI0B' with importer (ScriptedImporter : UnityEditor.QuickSearchModule:UnityEditor.Search:ASIAI0B)
Imported 'GUID: 89ffa359141b49fea9bfa6a1db3b18be' -> (Import Result ID: '2cf619eb342b50cd9d4c9bc78fbc7232') in 0.000 seconds [static and dynamic dependencies]. Details - ImportResultOutputID=bc74628103326c9e39d0773d5630f879 DependenciesID=dbfa68874931c0b477010584926d0c23 StaticDependenciesID=bf82d4189def0f9bd9c693c228391a5e 
Number of updated asset objects reloaded before import = 0
Number of asset objects unloaded after import = 0
========================================================================
Received Import Request.
  Time of request: 2026-08-27T05:11:08.488363Z
  Time since last request: 0.000181084 seconds.
  importAddress: GUID: eb4fb871430ff484e9ee3850946c504d - Path: Packages/com.unity.ugui/Tests/Runtime/UGUI/EventSystem/InputModuleTests/PointerEnterCallbackCheck.cs - Importer: ScriptedImporter/UnityEditor.QuickSearchModule:UnityEditor.Search:ASIAI0B
Importing 'GUID: eb4fb871430ff484e9ee3850946c504d - Path: Packages/com.unity.ugui/Tests/Runtime/UGUI/EventSystem/InputModuleTests/PointerEnterCallbackCheck.cs - Importer: ScriptedImporter/UnityEditor.QuickSearchModule:UnityEditor.Search:ASIAI0B' with importer (ScriptedImporter : UnityEditor.QuickSearchModule:UnityEditor.Search:ASIAI0B)
Imported 'GUID: eb4fb871430ff484e9ee3850946c504d' -> (Import Result ID: '4905ae659bff5cccd56600a2b84b1aaf') in 0.001 seconds [static and dynamic dependencies]. Details - ImportResultOutputID=26dad024afd550b0bacbd07817744a44 DependenciesID=d0849fb315a2b58d0042d38f49c6f3d2 StaticDependenciesID=4a5fe75f86290c5f8129f9da82d9565b 
Number of updated asset objects reloaded before import = 0
Number of asset objects unloaded after import = 0
========================================================================
Received Import Request.
  Time of request: 2026-08-27T05:11:08.489172Z
  Time since last request: 0.000235708 seconds.
  importAddress: GUID: d9beb5106d424f23902054f76d4b673d - Path: Packages/com.unity.multiplayer.center/Editor/Questionnaire/Logic.cs - Importer: ScriptedImporter/UnityEditor.QuickSearchModule:UnityEditor.Search:ASIAI0B
Importing 'GUID: d9beb5106d424f23902054f76d4b673d - Path: Packages/com.unity.multiplayer.center/Editor/Questionnaire/Logic.cs - Importer: ScriptedImporter/UnityEditor.QuickSearchModule:UnityEditor.Search:ASIAI0B' with importer (ScriptedImporter : UnityEditor.QuickSearchModule:UnityEditor.Search:ASIAI0B)
Imported 'GUID: d9beb5106d424f23902054f76d4b673d' -> (Import Result ID: '7d0773ab7efbd56095b3a22f60555c21') in 0.001 seconds [static and dynamic dependencies]. Details - ImportResultOutputID=3e17c74d89a2e300b5b9f5c75f2c9682 DependenciesID=831dbd314aac8ccad9354a470abf26f0 StaticDependenciesID=cc3577f7dcbf89a86ba8b2a54c471890 
Number of updated asset objects reloaded before import = 0
Number of asset objects unloaded after import = 0
========================================================================
Received Import Request.
  Time of request: 2026-08-27T05:11:08.489934Z
  Time since last request: 0.000120459 seconds.
  importAddress: GUID: 23342257960b4b618e6f7c444137663c - Path: Packages/com.unity.multiplayer.center/Editor/Recommendations/PreReleaseHandling.cs - Importer: ScriptedImporter/UnityEditor.QuickSearchModule:UnityEditor.Search:ASIAI0B
Importing 'GUID: 23342257960b4b618e6f7c444137663c - Path: Packages/com.unity.multiplayer.center/Editor/Recommendations/PreReleaseHandling.cs - Importer: ScriptedImporter/UnityEditor.QuickSearchModule:UnityEditor.Search:ASIAI0B' with importer (ScriptedImporter : UnityEditor.QuickSearchModule:UnityEditor.Search:ASIAI0B)
Imported 'GUID: 23342257960b4b618e6f7c444137663c' -> (Import Result ID: 'e3142bb5f17b1a676deab014a7a97dd0') in 0.001 seconds [static and dynamic dependencies]. Details - ImportResultOutputID=cb1c8b70536963eb10d663450bef7a32 DependenciesID=31f42e0914dc4d629685c35fd1f7cda7 StaticDependenciesID=c1c1a937d7e024ab13aaff6e63aefb1e 
Number of updated asset objects reloaded before import = 0
Number of asset objects unloaded after import = 0
========================================================================
Received Import Request.
  Time of request: 2026-08-27T05:11:08.490619Z
  Time since last request: 0.000107083 seconds.
  importAddress: GUID: f526d484b0c04a1896c469f31c713786 - Path: Packages/com.unity.multiplayer.center/Editor/Recommendations/Scoring.cs - Importer: ScriptedImporter/UnityEditor.QuickSearchModule:UnityEditor.Search:ASIAI0B
Importing 'GUID: f526d484b0c04a1896c469f31c713786 - Path: Packages/com.unity.multiplayer.center/Editor/Recommendations/Scoring.cs - Importer: ScriptedImporter/UnityEditor.QuickSearchModule:UnityEditor.Search:ASIAI0B' with importer (ScriptedImporter : UnityEditor.QuickSearchModule:UnityEditor.Search:ASIAI0B)
Imported 'GUID: f526d484b0c04a1896c469f31c713786' -> (Import Result ID: '39b89ce9ae8b889a8efbae665eed7dc4') in 0.000 seconds [static and dynamic dependencies]. Details - ImportResultOutputID=0798f2879ec90baa342d7de081eb6aa1 DependenciesID=6ef63c60dcaf52cd8e0a392ee08c15ef StaticDependenciesID=eb8d61be74a7a97786e6d698354a52e6 
Number of updated asset objects reloaded before import = 0
Number of asset objects unloaded after import = 0
========================================================================
Received Import Request.
  Time of request: 2026-08-27T05:11:08.491183Z
  Time since last request: 0.00010125 seconds.
  importAddress: GUID: c3677cd9ede84e78b2fff6331c6301da - Path: Packages/com.unity.multiplayer.center/Editor/Questionnaire/QuestionnaireObject.cs - Importer: ScriptedImporter/UnityEditor.QuickSearchModule:UnityEditor.Search:ASIAI0B
Importing 'GUID: c3677cd9ede84e78b2fff6331c6301da - Path: Packages/com.unity.multiplayer.center/Editor/Questionnaire/QuestionnaireObject.cs - Importer: ScriptedImporter/UnityEditor.QuickSearchModule:UnityEditor.Search:ASIAI0B' with importer (ScriptedImporter : UnityEditor.QuickSearchModule:UnityEditor.Search:ASIAI0B)
Imported 'GUID: c3677cd9ede84e78b2fff6331c6301da' -> (Import Result ID: '5a09cb089e34a8245965d50d95b0194d') in 0.000 seconds [static and dynamic dependencies]. Details - ImportResultOutputID=20ce67546e440a2efb65a3811189f140 DependenciesID=9b4b50484395237342d9c041fd0ce207 StaticDependenciesID=3a56606a70d3c4a783d59c6ec3be0a1a 
Number of updated asset objects reloaded before import = 0
Number of asset objects unloaded after import = 0
========================================================================
Received Import Request.
  Time of request: 2026-08-27T05:11:08.491789Z
  Time since last request: 0.000123333 seconds.
  importAddress: GUID: d1084186a4004823abee9b87c8ddf198 - Path: Packages/com.unity.multiplayer.center/Editor/MultiplayerCenterWindow/RecommendationViewBottomBar.cs - Importer: ScriptedImporter/UnityEditor.QuickSearchModule:UnityEditor.Search:ASIAI0B
Importing 'GUID: d1084186a4004823abee9b87c8ddf198 - Path: Packages/com.unity.multiplayer.center/Editor/MultiplayerCenterWindow/RecommendationViewBottomBar.cs - Importer: ScriptedImporter/UnityEditor.QuickSearchModule:UnityEditor.Search:ASIAI0B' with importer (ScriptedImporter : UnityEditor.QuickSearchModule:UnityEditor.Search:ASIAI0B)
Imported 'GUID: d1084186a4004823abee9b87c8ddf198' -> (Import Result ID: '34581aff7c9958efeea204e2e3c5e6e3') in 0.001 seconds [static and dynamic dependencies]. Details - ImportResultOutputID=2eb11bcd44672a385a914c50320f796a DependenciesID=45c105716ccbb34ff68ca2530e951116 StaticDependenciesID=17d0a1631d1dc741c13b832a73b7923e 
Number of updated asset objects reloaded before import = 0
Number of asset objects unloaded after import = 0
========================================================================
Received Import Request.
  Time of request: 2026-08-27T05:11:08.492533Z
  Time since last request: 0.000195791 seconds.
  importAddress: GUID: d85e5eeaf8f135aeaaebdc8aa3cff6c3 - Path: Packages/com.unity.modules.umbra/package.json - Importer: ScriptedImporter/UnityEditor.QuickSearchModule:UnityEditor.Search:ASIAI0B
Importing 'GUID: d85e5eeaf8f135aeaaebdc8aa3cff6c3 - Path: Packages/com.unity.modules.umbra/package.json - Importer: ScriptedImporter/UnityEditor.QuickSearchModule:UnityEditor.Search:ASIAI0B' with importer (ScriptedImporter : UnityEditor.QuickSearchModule:UnityEditor.Search:ASIAI0B)
Imported 'GUID: d85e5eeaf8f135aeaaebdc8aa3cff6c3' -> (Import Result ID: '7c914d1387afe8aee4ac822e77869d81') in 0.001 seconds [static and dynamic dependencies]. Details - ImportResultOutputID=bca19e3477e0ae462bb260be37a2ad0f DependenciesID=b6cebbbb07a6b68e093a31aec04d2dca StaticDependenciesID=d28e9e82a5a0ffd2bf4a43ec869f2a46 
Number of updated asset objects reloaded before import = 0
Number of asset objects unloaded after import = 1
========================================================================
Received Import Request.
  Time of request: 2026-08-27T05:11:08.493242Z
  Time since last request: 0.000180167 seconds.
  importAddress: GUID: 84abd2ab34a74600a33a3bb9d72859fe - Path: Packages/com.unity.multiplayer.center/Common/Unity.Multiplayer.Center.Common.asmdef - Importer: ScriptedImporter/UnityEditor.QuickSearchModule:UnityEditor.Search:ASIAI0B
Importing 'GUID: 84abd2ab34a74600a33a3bb9d72859fe - Path: Packages/com.unity.multiplayer.center/Common/Unity.Multiplayer.Center.Common.asmdef - Importer: ScriptedImporter/UnityEditor.QuickSearchModule:UnityEditor.Search:ASIAI0B' with importer (ScriptedImporter : UnityEditor.QuickSearchModule:UnityEditor.Search:ASIAI0B)
Imported 'GUID: 84abd2ab34a74600a33a3bb9d72859fe' -> (Import Result ID: '650c9df8bdd15b40db55092f00f9e861') in 0.001 seconds [static and dynamic dependencies]. Details - ImportResultOutputID=a673e4225d28e4da0877023c842dd872 DependenciesID=da4a3a2f794d389b2b0f1fcf51069ac4 StaticDependenciesID=10e8e2f9e4322071dfeb7039df429088 
Number of updated asset objects reloaded before import = 0
Number of asset objects unloaded after import = 1
========================================================================
Received Import Request.
  Time of request: 2026-08-27T05:11:08.493925Z
  Time since last request: 0.000121417 seconds.
  importAddress: GUID: ec737041edec4a5b93f7953a6ffe9f06 - Path: Packages/com.unity.multiplayer.center/Common/SelectedSolutionsData.cs - Importer: ScriptedImporter/UnityEditor.QuickSearchModule:UnityEditor.Search:ASIAI0B
Importing 'GUID: ec737041edec4a5b93f7953a6ffe9f06 - Path: Packages/com.unity.multiplayer.center/Common/SelectedSolutionsData.cs - Importer: ScriptedImporter/UnityEditor.QuickSearchModule:UnityEditor.Search:ASIAI0B' with importer (ScriptedImporter : UnityEditor.QuickSearchModule:UnityEditor.Search:ASIAI0B)
Imported 'GUID: ec737041edec4a5b93f7953a6ffe9f06' -> (Import Result ID: '78bc22209370139d38e50ae2105d822d') in 0.001 seconds [static and dynamic dependencies]. Details - ImportResultOutputID=764925e320ea5a07731e7786d1c6384c DependenciesID=a7996a0731b420d7b2ad6083ff3f1662 StaticDependenciesID=1a95b267593e5c71e03af3fb8924576e 
Number of updated asset objects reloaded before import = 0
Number of asset objects unloaded after import = 0
========================================================================
Received Import Request.
  Time of request: 2026-08-27T05:11:08.494593Z
  Time since last request: 0.000135875 seconds.
  importAddress: GUID: e9faa4a7023c43c5805642250c703f48 - Path: Packages/com.unity.multiplayer.center/Editor/Analytics/OnboardingSectionAnalyticsProvider.cs - Importer: ScriptedImporter/UnityEditor.QuickSearchModule:UnityEditor.Search:ASIAI0B
Importing 'GUID: e9faa4a7023c43c5805642250c703f48 - Path: Packages/com.unity.multiplayer.center/Editor/Analytics/OnboardingSectionAnalyticsProvider.cs - Importer: ScriptedImporter/UnityEditor.QuickSearchModule:UnityEditor.Search:ASIAI0B' with importer (ScriptedImporter : UnityEditor.QuickSearchModule:UnityEditor.Search:ASIAI0B)
Imported 'GUID: e9faa4a7023c43c5805642250c703f48' -> (Import Result ID: 'da701c287539a9c696de596a8433af98') in 0.001 seconds [static and dynamic dependencies]. Details - ImportResultOutputID=1d395b67f10e5136e8bf4265c6dd098f DependenciesID=f16780c00758822bca001217acb7000a StaticDependenciesID=f6db59a54f3f0bdad0e550bfc931882d 
Number of updated asset objects reloaded before import = 0
Number of asset objects unloaded after import = 0
========================================================================
Received Import Request.
  Time of request: 2026-08-27T05:11:08.49526Z
  Time since last request: 0.000120208 seconds.
  importAddress: GUID: cd561f5f687aed43bf280c27a84f79e3 - Path: Packages/com.unity.modules.screencapture/package.ModuleCompilationTrigger - Importer: ScriptedImporter/UnityEditor.QuickSearchModule:UnityEditor.Search:ASIAI0B
Importing 'GUID: cd561f5f687aed43bf280c27a84f79e3 - Path: Packages/com.unity.modules.screencapture/package.ModuleCompilationTrigger - Importer: ScriptedImporter/UnityEditor.QuickSearchModule:UnityEditor.Search:ASIAI0B' with importer (ScriptedImporter : UnityEditor.QuickSearchModule:UnityEditor.Search:ASIAI0B)
Imported 'GUID: cd561f5f687aed43bf280c27a84f79e3' -> (Import Result ID: 'f81a9cbd5d5d32418fff37ce8b61d9d0') in 0.000 seconds [static and dynamic dependencies]. Details - ImportResultOutputID=8fe3379047f1dbf30695ca20e3e6089f DependenciesID=a8786e610df7666dca5d8fbe81233a60 StaticDependenciesID=462d53b40b3e1138d927b024815499b9 
Number of updated asset objects reloaded before import = 0
Number of asset objects unloaded after import = 1
========================================================================
Received Import Request.
  Time of request: 2026-08-27T05:11:08.495832Z
  Time since last request: 0.000137959 seconds.
  importAddress: GUID: 1b6246f2248883964991eac9e9b4817c - Path: Packages/com.unity.modules.umbra/package.ModuleCompilationTrigger - Importer: ScriptedImporter/UnityEditor.QuickSearchModule:UnityEditor.Search:ASIAI0B
Importing 'GUID: 1b6246f2248883964991eac9e9b4817c - Path: Packages/com.unity.modules.umbra/package.ModuleCompilationTrigger - Importer: ScriptedImporter/UnityEditor.QuickSearchModule:UnityEditor.Search:ASIAI0B' with importer (ScriptedImporter : UnityEditor.QuickSearchModule:UnityEditor.Search:ASIAI0B)
Imported 'GUID: 1b6246f2248883964991eac9e9b4817c' -> (Import Result ID: 'e5eaf79baf73368347e423aa8fc39d04') in 0.000 seconds [static and dynamic dependencies]. Details - ImportResultOutputID=67adaea2a2a346cf60d871809553cc54 DependenciesID=9279a21be1e1edb4ab0f880ec58fd2e8 StaticDependenciesID=e06c91cb5e498cfc7dc997e5d37f5dba 
Number of updated asset objects reloaded before import = 0
Number of asset objects unloaded after import = 1
========================================================================
Received Import Request.
  Time of request: 2026-08-27T05:11:08.496495Z
  Time since last request: 0.000225375 seconds.
  importAddress: GUID: b6a02e450cd04bb781e7728f2056251c - Path: Packages/com.unity.multiplayer.center/Editor/Recommendations/RecommenderSystemDataObject.cs - Importer: ScriptedImporter/UnityEditor.QuickSearchModule:UnityEditor.Search:ASIAI0B
Importing 'GUID: b6a02e450cd04bb781e7728f2056251c - Path: Packages/com.unity.multiplayer.center/Editor/Recommendations/RecommenderSystemDataObject.cs - Importer: ScriptedImporter/UnityEditor.QuickSearchModule:UnityEditor.Search:ASIAI0B' with importer (ScriptedImporter : UnityEditor.QuickSearchModule:UnityEditor.Search:ASIAI0B)
Imported 'GUID: b6a02e450cd04bb781e7728f2056251c' -> (Import Result ID: '5217717e27edec157f1eccc13d352e8a') in 0.001 seconds [static and dynamic dependencies]. Details - ImportResultOutputID=3f2ba7338fad2250a2537a1769439ca2 DependenciesID=51514f5ab9901f88bea7dd564d156399 StaticDependenciesID=b616c3cb0cfdd02f283a4fc67b40feec 
Number of updated asset objects reloaded before import = 0
Number of asset objects unloaded after import = 0
========================================================================
Received Import Request.
  Time of request: 2026-08-27T05:11:08.497326Z
  Time since last request: 0.0001545 seconds.
  importAddress: GUID: 18cde282a8d045bf9d245fdcfaa7271b - Path: Packages/com.unity.multiplayer.center/Editor/Questionnaire/UserChoicesObject.cs - Importer: ScriptedImporter/UnityEditor.QuickSearchModule:UnityEditor.Search:ASIAI0B
Importing 'GUID: 18cde282a8d045bf9d245fdcfaa7271b - Path: Packages/com.unity.multiplayer.center/Editor/Questionnaire/UserChoicesObject.cs - Importer: ScriptedImporter/UnityEditor.QuickSearchModule:UnityEditor.Search:ASIAI0B' with importer (ScriptedImporter : UnityEditor.QuickSearchModule:UnityEditor.Search:ASIAI0B)
Imported 'GUID: 18cde282a8d045bf9d245fdcfaa7271b' -> (Import Result ID: '62118cbab65f3f3e1b649a4dc25f9079') in 0.001 seconds [static and dynamic dependencies]. Details - ImportResultOutputID=453cad9555244a8d586073f8c6b31c35 DependenciesID=d3b970e7cb572a210c2500edff0068ec StaticDependenciesID=2467bf363f0cb0727f74f3f7e0041bb0 
Number of updated asset objects reloaded before import = 0
Number of asset objects unloaded after import = 0
========================================================================
Received Import Request.
  Time of request: 2026-08-27T05:11:08.498151Z
  Time since last request: 0.000238417 seconds.
  importAddress: GUID: dd20f32039084a12a8e48dffd4d58f48 - Path: Packages/com.unity.multiplayer.center/Editor/Analytics/DebugAnalytics.cs - Importer: ScriptedImporter/UnityEditor.QuickSearchModule:UnityEditor.Search:ASIAI0B
Importing 'GUID: dd20f32039084a12a8e48dffd4d58f48 - Path: Packages/com.unity.multiplayer.center/Editor/Analytics/DebugAnalytics.cs - Importer: ScriptedImporter/UnityEditor.QuickSearchModule:UnityEditor.Search:ASIAI0B' with importer (ScriptedImporter : UnityEditor.QuickSearchModule:UnityEditor.Search:ASIAI0B)
Imported 'GUID: dd20f32039084a12a8e48dffd4d58f48' -> (Import Result ID: 'e66bb1ee0ba2424d1f998443dc393545') in 0.001 seconds [static and dynamic dependencies]. Details - ImportResultOutputID=ecab44c969e731d3fe9a0c4ed66c15de DependenciesID=315f8114095714e9fe2ee18520362805 StaticDependenciesID=8bac49e52ff77d061ffa2e91342259dc 
Number of updated asset objects reloaded before import = 0
Number of asset objects unloaded after import = 0
========================================================================
Received Import Request.
  Time of request: 2026-08-27T05:11:08.498864Z
  Time since last request: 0.000132417 seconds.
  importAddress: GUID: 71b3035ad4d343cbbe033e93369d187e - Path: Packages/com.unity.multiplayer.center/Editor/Recommendations/RecommendationAuthoringData.cs - Importer: ScriptedImporter/UnityEditor.QuickSearchModule:UnityEditor.Search:ASIAI0B
Importing 'GUID: 71b3035ad4d343cbbe033e93369d187e - Path: Packages/com.unity.multiplayer.center/Editor/Recommendations/RecommendationAuthoringData.cs - Importer: ScriptedImporter/UnityEditor.QuickSearchModule:UnityEditor.Search:ASIAI0B' with importer (ScriptedImporter : UnityEditor.QuickSearchModule:UnityEditor.Search:ASIAI0B)
Imported 'GUID: 71b3035ad4d343cbbe033e93369d187e' -> (Import Result ID: '1b0fdcc8bc387bbcb68bd35dab05bbcc') in 0.000 seconds [static and dynamic dependencies]. Details - ImportResultOutputID=f59007f8f486876242116a1b4be75996 DependenciesID=a9943d215752276585767d432019bac1 StaticDependenciesID=7f3337417eb41703e37a52f8a5d8ae56 
Number of updated asset objects reloaded before import = 0
Number of asset objects unloaded after import = 0
========================================================================
Received Import Request.
  Time of request: 2026-08-27T05:11:08.499492Z
  Time since last request: 0.000125875 seconds.
  importAddress: GUID: 19c6f364c1e81cb4f829a057824639ad - Path: Packages/com.unity.ugui/Tests/Runtime/UGUI/EventSystem/InputModuleTests/MouseUpdate.cs - Importer: ScriptedImporter/UnityEditor.QuickSearchModule:UnityEditor.Search:ASIAI0B
Importing 'GUID: 19c6f364c1e81cb4f829a057824639ad - Path: Packages/com.unity.ugui/Tests/Runtime/UGUI/EventSystem/InputModuleTests/MouseUpdate.cs - Importer: ScriptedImporter/UnityEditor.QuickSearchModule:UnityEditor.Search:ASIAI0B' with importer (ScriptedImporter : UnityEditor.QuickSearchModule:UnityEditor.Search:ASIAI0B)
Imported 'GUID: 19c6f364c1e81cb4f829a057824639ad' -> (Import Result ID: '93c3f454c483d6885a81ad7ef7b7b6e8') in 0.001 seconds [static and dynamic dependencies]. Details - ImportResultOutputID=1bdb7e5f20747b593ccf31114348b08c DependenciesID=c038b8e9954b0dc95ca7c76dec779d54 StaticDependenciesID=e39bebec2b8f96ac82ba34466ec1eb6a 
Number of updated asset objects reloaded before import = 0
Number of asset objects unloaded after import = 0
========================================================================
Received Import Request.
  Time of request: 2026-08-27T05:11:08.500978Z
  Time since last request: 0.000195 seconds.
  importAddress: GUID: ea491f91a8b84866ad13371715bf90c8 - Path: Packages/com.unity.multiplayer.center/Tests/Editor/LogicTests.cs - Importer: ScriptedImporter/UnityEditor.QuickSearchModule:UnityEditor.Search:ASIAI0B
Importing 'GUID: ea491f91a8b84866ad13371715bf90c8 - Path: Packages/com.unity.multiplayer.center/Tests/Editor/LogicTests.cs - Importer: ScriptedImporter/UnityEditor.QuickSearchModule:UnityEditor.Search:ASIAI0B' with importer (ScriptedImporter : UnityEditor.QuickSearchModule:UnityEditor.Search:ASIAI0B)
Imported 'GUID: ea491f91a8b84866ad13371715bf90c8' -> (Import Result ID: '2afac771ee5be245d1baadc3b75dffb0') in 0.001 seconds [static and dynamic dependencies]. Details - ImportResultOutputID=7a7756c2759b3c331835d70ffe968b6e DependenciesID=7f2afba13a56e00c91af188d8dcb0428 StaticDependenciesID=93c5ee8944326fc661df83ccec71a922 
Number of updated asset objects reloaded before import = 0
Number of asset objects unloaded after import = 0
========================================================================
Received Import Request.
  Time of request: 2026-08-27T05:11:08.501714Z
  Time since last request: 0.000174875 seconds.
  importAddress: GUID: fa27413e9edb06a6058d6c894eca0338 - Path: Packages/com.unity.modules.unitywebrequestwww/package.json - Importer: ScriptedImporter/UnityEditor.QuickSearchModule:UnityEditor.Search:ASIAI0B
Importing 'GUID: fa27413e9edb06a6058d6c894eca0338 - Path: Packages/com.unity.modules.unitywebrequestwww/package.json - Importer: ScriptedImporter/UnityEditor.QuickSearchModule:UnityEditor.Search:ASIAI0B' with importer (ScriptedImporter : UnityEditor.QuickSearchModule:UnityEditor.Search:ASIAI0B)
Imported 'GUID: fa27413e9edb06a6058d6c894eca0338' -> (Import Result ID: 'b65343e99f35645a42764f1dcf50520d') in 0.001 seconds [static and dynamic dependencies]. Details - ImportResultOutputID=953e9f4bcd1fd883677e1e46979e8a7f DependenciesID=58078283f3da9f7e13cf524cb2e86c45 StaticDependenciesID=0e7d85ab0dd6ccefb7361c20322ced49 
Number of updated asset objects reloaded before import = 0
Number of asset objects unloaded after import = 1
========================================================================
Received Import Request.
  Time of request: 2026-08-27T05:11:08.502507Z
  Time since last request: 0.0001385 seconds.
  importAddress: GUID: 322b0121d39f45208a3d933e6926a9d8 - Path: Packages/com.unity.multiplayer.center/Editor/OnBoarding/QuickstartPackageHandling.cs - Importer: ScriptedImporter/UnityEditor.QuickSearchModule:UnityEditor.Search:ASIAI0B
Importing 'GUID: 322b0121d39f45208a3d933e6926a9d8 - Path: Packages/com.unity.multiplayer.center/Editor/OnBoarding/QuickstartPackageHandling.cs - Importer: ScriptedImporter/UnityEditor.QuickSearchModule:UnityEditor.Search:ASIAI0B' with importer (ScriptedImporter : UnityEditor.QuickSearchModule:UnityEditor.Search:ASIAI0B)
Imported 'GUID: 322b0121d39f45208a3d933e6926a9d8' -> (Import Result ID: '579dd0808808d9673f20d3a85de53781') in 0.001 seconds [static and dynamic dependencies]. Details - ImportResultOutputID=c201f84aa32c27f6b486eba2c87223f5 DependenciesID=07fb9ab1c926ad1853f3d40c6a09328e StaticDependenciesID=ea30257ff9dc3b07aa9383d9cffff8a1 
Number of updated asset objects reloaded before import = 0
Number of asset objects unloaded after import = 0
========================================================================
Received Import Request.
  Time of request: 2026-08-27T05:11:08.503154Z
  Time since last request: 0.000114333 seconds.
  importAddress: GUID: 7e006510f5f4425ca971c7de0bfbb77a - Path: Packages/com.unity.multiplayer.center/Editor/MultiplayerCenterWindow/MultiplayerCenterWindow.cs - Importer: ScriptedImporter/UnityEditor.QuickSearchModule:UnityEditor.Search:ASIAI0B
Importing 'GUID: 7e006510f5f4425ca971c7de0bfbb77a - Path: Packages/com.unity.multiplayer.center/Editor/MultiplayerCenterWindow/MultiplayerCenterWindow.cs - Importer: ScriptedImporter/UnityEditor.QuickSearchModule:UnityEditor.Search:ASIAI0B' with importer (ScriptedImporter : UnityEditor.QuickSearchModule:UnityEditor.Search:ASIAI0B)
Imported 'GUID: 7e006510f5f4425ca971c7de0bfbb77a' -> (Import Result ID: 'c5952c97c71234b9870604919f52392e') in 0.000 seconds [static and dynamic dependencies]. Details - ImportResultOutputID=3ea3e2f4eb83f648d2008ffecc49505a DependenciesID=bc13ea5c9e7dcb473ebcc65be43de8de StaticDependenciesID=3d9824687e6b8fb4c476245560678a0b 
Number of updated asset objects reloaded before import = 0
Number of asset objects unloaded after import = 0
========================================================================
Received Import Request.
  Time of request: 2026-08-27T05:11:08.503777Z
  Time since last request: 0.000111416 seconds.
  importAddress: GUID: fdefed6b790f4373b0feb7d25854d8ac - Path: Packages/com.unity.multiplayer.center/Editor/MultiplayerCenterWindow/TabGroup.cs - Importer: ScriptedImporter/UnityEditor.QuickSearchModule:UnityEditor.Search:ASIAI0B
Importing 'GUID: fdefed6b790f4373b0feb7d25854d8ac - Path: Packages/com.unity.multiplayer.center/Editor/MultiplayerCenterWindow/TabGroup.cs - Importer: ScriptedImporter/UnityEditor.QuickSearchModule:UnityEditor.Search:ASIAI0B' with importer (ScriptedImporter : UnityEditor.QuickSearchModule:UnityEditor.Search:ASIAI0B)
Imported 'GUID: fdefed6b790f4373b0feb7d25854d8ac' -> (Import Result ID: '937fb441597ed4668e74ecb82e085fd7') in 0.000 seconds [static and dynamic dependencies]. Details - ImportResultOutputID=564b3878c96eecd7067a3c600b7446c2 DependenciesID=8ec8ad1a2235ac93153e4ccda2c33790 StaticDependenciesID=06c14151fc85da36fc200e81b484518a 
Number of updated asset objects reloaded before import = 0
Number of asset objects unloaded after import = 0
========================================================================
Received Import Request.
  Time of request: 2026-08-27T05:11:08.51316Z
  Time since last request: 0.008911708 seconds.
  importAddress: GUID: 157e1606dfbd48dda6f01acbf49435b0 - Path: Packages/com.unity.multiplayer.center/Editor/MultiplayerCenterWindow/UI/QuestionSection.cs - Importer: ScriptedImporter/UnityEditor.QuickSearchModule:UnityEditor.Search:ASIAI0B
Importing 'GUID: 157e1606dfbd48dda6f01acbf49435b0 - Path: Packages/com.unity.multiplayer.center/Editor/MultiplayerCenterWindow/UI/QuestionSection.cs - Importer: ScriptedImporter/UnityEditor.QuickSearchModule:UnityEditor.Search:ASIAI0B' with importer (ScriptedImporter : UnityEditor.QuickSearchModule:UnityEditor.Search:ASIAI0B)
Imported 'GUID: 157e1606dfbd48dda6f01acbf49435b0' -> (Import Result ID: '06ff9f54e80dc258d581191fed4b6783') in 0.001 seconds [static and dynamic dependencies]. Details - ImportResultOutputID=c324e282ee7b5815269907c95cef1619 DependenciesID=056628ff52856f35885e9d72eaad8d40 StaticDependenciesID=af4b3f2c0b3a3fb8512fe985b05e4e6e 
Number of updated asset objects reloaded before import = 0
Number of asset objects unloaded after import = 0
========================================================================
Received Import Request.
  Time of request: 2026-08-27T05:11:08.514262Z
  Time since last request: 0.000165709 seconds.
  importAddress: GUID: 525a6cca8dd9a4d28875a8fe824710d9 - Path: Packages/com.unity.multiplayer.center/Editor/MultiplayerCenterWindow/UI/Icons/d_Package.png - Importer: ScriptedImporter/UnityEditor.QuickSearchModule:UnityEditor.Search:ASIAI0B
Importing 'GUID: 525a6cca8dd9a4d28875a8fe824710d9 - Path: Packages/com.unity.multiplayer.center/Editor/MultiplayerCenterWindow/UI/Icons/d_Package.png - Importer: ScriptedImporter/UnityEditor.QuickSearchModule:UnityEditor.Search:ASIAI0B' with importer (ScriptedImporter : UnityEditor.QuickSearchModule:UnityEditor.Search:ASIAI0B)
Imported 'GUID: 525a6cca8dd9a4d28875a8fe824710d9' -> (Import Result ID: 'd7aa595fb7a29f02e5b4a3632e452a5b') in 0.002 seconds [static and dynamic dependencies]. Details - ImportResultOutputID=64684792d0723b0da29a23fd0bb94f35 DependenciesID=897d635fd5054625c92b2367ae2be3f3 StaticDependenciesID=5416d9e8c5a79c4b56b91b3e674d8e70 
Number of updated asset objects reloaded before import = 0
Number of asset objects unloaded after import = 1
========================================================================
Received Import Request.
  Time of request: 2026-08-27T05:11:08.516277Z
  Time since last request: 0.00016975 seconds.
  importAddress: GUID: ca560c7d2a0d4453a50ec4f704ce9ce1 - Path: Packages/com.unity.multiplayer.center/Tests/Editor/UtilsForRecommendationTests.cs - Importer: ScriptedImporter/UnityEditor.QuickSearchModule:UnityEditor.Search:ASIAI0B
Importing 'GUID: ca560c7d2a0d4453a50ec4f704ce9ce1 - Path: Packages/com.unity.multiplayer.center/Tests/Editor/UtilsForRecommendationTests.cs - Importer: ScriptedImporter/UnityEditor.QuickSearchModule:UnityEditor.Search:ASIAI0B' with importer (ScriptedImporter : UnityEditor.QuickSearchModule:UnityEditor.Search:ASIAI0B)
Imported 'GUID: ca560c7d2a0d4453a50ec4f704ce9ce1' -> (Import Result ID: 'c8f2a182f7b984c224376e9200a513c9') in 0.001 seconds [static and dynamic dependencies]. Details - ImportResultOutputID=b56cff198943d8d65d017d16734d4dda DependenciesID=6acabeacb907df50eb9a060c587465f4 StaticDependenciesID=e4f2ccba2207b69255a053f0202c5752 
Number of updated asset objects reloaded before import = 0
Number of asset objects unloaded after import = 0
========================================================================
Received Import Request.
  Time of request: 2026-08-27T05:11:08.517196Z
  Time since last request: 0.000159959 seconds.
  importAddress: GUID: 29cbd1c6a8c9419aac357b8d4edbdc84 - Path: Packages/com.unity.multiplayer.center/Tests/Editor/QuickstartTabTests.cs - Importer: ScriptedImporter/UnityEditor.QuickSearchModule:UnityEditor.Search:ASIAI0B
Importing 'GUID: 29cbd1c6a8c9419aac357b8d4edbdc84 - Path: Packages/com.unity.multiplayer.center/Tests/Editor/QuickstartTabTests.cs - Importer: ScriptedImporter/UnityEditor.QuickSearchModule:UnityEditor.Search:ASIAI0B' with importer (ScriptedImporter : UnityEditor.QuickSearchModule:UnityEditor.Search:ASIAI0B)
Imported 'GUID: 29cbd1c6a8c9419aac357b8d4edbdc84' -> (Import Result ID: 'f67f1b1b210991f5a466d6d95423a7cf') in 0.001 seconds [static and dynamic dependencies]. Details - ImportResultOutputID=1e58be8cace8300a289c48a201ba522e DependenciesID=a2f5404025c493a564b608101b6badf0 StaticDependenciesID=060226aabb1b95db40d469f3b0a455c0 
Number of updated asset objects reloaded before import = 0
Number of asset objects unloaded after import = 0
========================================================================
Received Import Request.
  Time of request: 2026-08-27T05:11:08.517972Z
  Time since last request: 0.000218708 seconds.
  importAddress: GUID: dab91f148d99946e7b3c3a87ecf4b973 - Path: Packages/com.unity.multiplayer.center/Editor/MultiplayerCenterWindow/UI/Icons/d_Loading.png - Importer: ScriptedImporter/UnityEditor.QuickSearchModule:UnityEditor.Search:ASIAI0B
Importing 'GUID: dab91f148d99946e7b3c3a87ecf4b973 - Path: Packages/com.unity.multiplayer.center/Editor/MultiplayerCenterWindow/UI/Icons/d_Loading.png - Importer: ScriptedImporter/UnityEditor.QuickSearchModule:UnityEditor.Search:ASIAI0B' with importer (ScriptedImporter : UnityEditor.QuickSearchModule:UnityEditor.Search:ASIAI0B)
Imported 'GUID: dab91f148d99946e7b3c3a87ecf4b973' -> (Import Result ID: 'b126c3aa4dfd8371dea6ac544a175cbb') in 0.002 seconds [static and dynamic dependencies]. Details - ImportResultOutputID=ea0a110b7ffd358d7886338a489e7c62 DependenciesID=2d0040cd99bbc0ff7936ca08969125fd StaticDependenciesID=b84a22c4832dacdd71eed3dfb7c871ec 
Number of updated asset objects reloaded before import = 0
Number of asset objects unloaded after import = 1
========================================================================
Received Import Request.
  Time of request: 2026-08-27T05:11:08.52004Z
  Time since last request: 0.000131167 seconds.
  importAddress: GUID: cfc5ccd4416341629caf73dd3e318aac - Path: Packages/com.unity.multiplayer.center/Tests/Editor/UtilsForMultiplayerCenterTests.cs - Importer: ScriptedImporter/UnityEditor.QuickSearchModule:UnityEditor.Search:ASIAI0B
Importing 'GUID: cfc5ccd4416341629caf73dd3e318aac - Path: Packages/com.unity.multiplayer.center/Tests/Editor/UtilsForMultiplayerCenterTests.cs - Importer: ScriptedImporter/UnityEditor.QuickSearchModule:UnityEditor.Search:ASIAI0B' with importer (ScriptedImporter : UnityEditor.QuickSearchModule:UnityEditor.Search:ASIAI0B)
Imported 'GUID: cfc5ccd4416341629caf73dd3e318aac' -> (Import Result ID: '80c4b9c50619123f6e3a9da3e442a949') in 0.001 seconds [static and dynamic dependencies]. Details - ImportResultOutputID=bbad17d8272ab644be5ed1263436c0d6 DependenciesID=3f7605b6412b86d01d59735ba6505d03 StaticDependenciesID=dac61df37a439b648e59adc00f7cdbb5 
Number of updated asset objects reloaded before import = 0
Number of asset objects unloaded after import = 0
========================================================================
Received Import Request.
  Time of request: 2026-08-27T05:11:08.520793Z
  Time since last request: 0.000153542 seconds.
  importAddress: GUID: 679f9999c6f8f497e806a2d5d0511879 - Path: Packages/com.unity.multiplayer.center/Editor/MultiplayerCenterWindow/UI/Icons/PackageManager.png - Importer: ScriptedImporter/UnityEditor.QuickSearchModule:UnityEditor.Search:ASIAI0B
Importing 'GUID: 679f9999c6f8f497e806a2d5d0511879 - Path: Packages/com.unity.multiplayer.center/Editor/MultiplayerCenterWindow/UI/Icons/PackageManager.png - Importer: ScriptedImporter/UnityEditor.QuickSearchModule:UnityEditor.Search:ASIAI0B' with importer (ScriptedImporter : UnityEditor.QuickSearchModule:UnityEditor.Search:ASIAI0B)
Imported 'GUID: 679f9999c6f8f497e806a2d5d0511879' -> (Import Result ID: 'a1f86020cae657cadc378876e1b932fd') in 0.002 seconds [static and dynamic dependencies]. Details - ImportResultOutputID=61046f158148b5cdd14f199fa096bce6 DependenciesID=dcf115bdf58ae090652d1fc6729df265 StaticDependenciesID=583aa5f31f73d70eff4bb3713d968ae3 
Number of updated asset objects reloaded before import = 0
Number of asset objects unloaded after import = 1
========================================================================
Received Import Request.
  Time of request: 2026-08-27T05:11:08.523391Z
  Time since last request: 0.000149708 seconds.
  importAddress: GUID: 1c3db2c484234a94a19c3acdc2539575 - Path: Packages/com.unity.multiplayer.center/Editor/MultiplayerCenterWindow/UI/StyleClasses.cs - Importer: ScriptedImporter/UnityEditor.QuickSearchModule:UnityEditor.Search:ASIAI0B
Importing 'GUID: 1c3db2c484234a94a19c3acdc2539575 - Path: Packages/com.unity.multiplayer.center/Editor/MultiplayerCenterWindow/UI/StyleClasses.cs - Importer: ScriptedImporter/UnityEditor.QuickSearchModule:UnityEditor.Search:ASIAI0B' with importer (ScriptedImporter : UnityEditor.QuickSearchModule:UnityEditor.Search:ASIAI0B)
Imported 'GUID: 1c3db2c484234a94a19c3acdc2539575' -> (Import Result ID: '5fcac34eb3e32fd28464ad69a7fad581') in 0.001 seconds [static and dynamic dependencies]. Details - ImportResultOutputID=7614f353e546f783a6c8e04a92647e77 DependenciesID=1e66f830b0c6a95c256469ca2a58de05 StaticDependenciesID=d49dca268ef0570a53ce51e89d356846 
Number of updated asset objects reloaded before import = 0
Number of asset objects unloaded after import = 0
========================================================================
Received Import Request.
  Time of request: 2026-08-27T05:11:08.524173Z
  Time since last request: 0.000144666 seconds.
  importAddress: GUID: 5262b119dc3e4259a40e6d93c8ea1048 - Path: Packages/com.unity.multiplayer.center/Editor/MultiplayerCenterWindow/UI/RecommendationView/PackageSelectionView.cs - Importer: ScriptedImporter/UnityEditor.QuickSearchModule:UnityEditor.Search:ASIAI0B
Importing 'GUID: 5262b119dc3e4259a40e6d93c8ea1048 - Path: Packages/com.unity.multiplayer.center/Editor/MultiplayerCenterWindow/UI/RecommendationView/PackageSelectionView.cs - Importer: ScriptedImporter/UnityEditor.QuickSearchModule:UnityEditor.Search:ASIAI0B' with importer (ScriptedImporter : UnityEditor.QuickSearchModule:UnityEditor.Search:ASIAI0B)
Imported 'GUID: 5262b119dc3e4259a40e6d93c8ea1048' -> (Import Result ID: 'e5869c8187c764a98e9c862defe9fa9b') in 0.001 seconds [static and dynamic dependencies]. Details - ImportResultOutputID=57f69c96cd65054a7ab17e31658e8f7b DependenciesID=729b760bc8aba634612d1f08fda328f2 StaticDependenciesID=9ad5c564a8872d555152dd7b27f5a341 
Number of updated asset objects reloaded before import = 0
Number of asset objects unloaded after import = 0
========================================================================
Received Import Request.
  Time of request: 2026-08-27T05:11:08.524923Z
  Time since last request: 0.000192708 seconds.
  importAddress: GUID: ad1d29f4654194951a3c8bf507914d05 - Path: Packages/com.unity.multiplayer.center/Editor/MultiplayerCenterWindow/UI/Icons/CloudCode.png - Importer: ScriptedImporter/UnityEditor.QuickSearchModule:UnityEditor.Search:ASIAI0B
Importing 'GUID: ad1d29f4654194951a3c8bf507914d05 - Path: Packages/com.unity.multiplayer.center/Editor/MultiplayerCenterWindow/UI/Icons/CloudCode.png - Importer: ScriptedImporter/UnityEditor.QuickSearchModule:UnityEditor.Search:ASIAI0B' with importer (ScriptedImporter : UnityEditor.QuickSearchModule:UnityEditor.Search:ASIAI0B)
Imported 'GUID: ad1d29f4654194951a3c8bf507914d05' -> (Import Result ID: '124ececac2c063c6edeb122549497faa') in 0.002 seconds [static and dynamic dependencies]. Details - ImportResultOutputID=3c9dfc2394e796adc2282d095881d62c DependenciesID=62c451b92f1f10ea0bd9be2261a33cb7 StaticDependenciesID=ae7c9fcbc9de3a7d130f2b0db04bab73 
Number of updated asset objects reloaded before import = 0
Number of asset objects unloaded after import = 1
========================================================================
Received Import Request.
  Time of request: 2026-08-27T05:11:08.526719Z
  Time since last request: 0.000149208 seconds.
  importAddress: GUID: f1e4f3f59aa446bfb097357fa8ad4a8b - Path: Packages/com.unity.multiplayer.center/Editor/MultiplayerCenterWindow/UI/RecommendationView/SolutionSelectionView.cs - Importer: ScriptedImporter/UnityEditor.QuickSearchModule:UnityEditor.Search:ASIAI0B
Importing 'GUID: f1e4f3f59aa446bfb097357fa8ad4a8b - Path: Packages/com.unity.multiplayer.center/Editor/MultiplayerCenterWindow/UI/RecommendationView/SolutionSelectionView.cs - Importer: ScriptedImporter/UnityEditor.QuickSearchModule:UnityEditor.Search:ASIAI0B' with importer (ScriptedImporter : UnityEditor.QuickSearchModule:UnityEditor.Search:ASIAI0B)
Imported 'GUID: f1e4f3f59aa446bfb097357fa8ad4a8b' -> (Import Result ID: '62e6bafb0bd81df88cfd6aea8743752b') in 0.001 seconds [static and dynamic dependencies]. Details - ImportResultOutputID=04487205fe8b872e614017c1c79e463e DependenciesID=0ebf98aa4cbfdbea24e41b24657e20e8 StaticDependenciesID=29b9f17b09cf755a8f8616a8d4d607e6 
Number of updated asset objects reloaded before import = 0
Number of asset objects unloaded after import = 0
========================================================================
Received Import Request.
  Time of request: 2026-08-27T05:11:08.527453Z
  Time since last request: 0.000151708 seconds.
  importAddress: GUID: f1ac2efb1bcd4dfd95dc196ed3c11367 - Path: Packages/com.unity.multiplayer.center/Editor/MultiplayerCenterWindow/UI/light.uss - Importer: ScriptedImporter/UnityEditor.QuickSearchModule:UnityEditor.Search:ASIAI0B
Importing 'GUID: f1ac2efb1bcd4dfd95dc196ed3c11367 - Path: Packages/com.unity.multiplayer.center/Editor/MultiplayerCenterWindow/UI/light.uss - Importer: ScriptedImporter/UnityEditor.QuickSearchModule:UnityEditor.Search:ASIAI0B' with importer (ScriptedImporter : UnityEditor.QuickSearchModule:UnityEditor.Search:ASIAI0B)
Imported 'GUID: f1ac2efb1bcd4dfd95dc196ed3c11367' -> (Import Result ID: 'c9729898536d2b726ebbbabe2d9bb2ed') in 0.009 seconds [static and dynamic dependencies]. Details - ImportResultOutputID=f4750ad9581fc7951c5b2ce24a180e24 DependenciesID=32bcff93f60bf8945d313214568afa5a StaticDependenciesID=806bc33f314561b6300cbfa7d015196d 
Number of updated asset objects reloaded before import = 0
Number of asset objects unloaded after import = 9
========================================================================
Received Import Request.
  Time of request: 2026-08-27T05:11:08.536739Z
  Time since last request: 0.000166167 seconds.
  importAddress: GUID: 0423146d9f51c4563a0f2a8200b6cd38 - Path: Packages/com.unity.multiplayer.center/Editor/MultiplayerCenterWindow/UI/Icons/PackageInstalled@2x.png - Importer: ScriptedImporter/UnityEditor.QuickSearchModule:UnityEditor.Search:ASIAI0B
Importing 'GUID: 0423146d9f51c4563a0f2a8200b6cd38 - Path: Packages/com.unity.multiplayer.center/Editor/MultiplayerCenterWindow/UI/Icons/PackageInstalled@2x.png - Importer: ScriptedImporter/UnityEditor.QuickSearchModule:UnityEditor.Search:ASIAI0B' with importer (ScriptedImporter : UnityEditor.QuickSearchModule:UnityEditor.Search:ASIAI0B)
Imported 'GUID: 0423146d9f51c4563a0f2a8200b6cd38' -> (Import Result ID: '52af303e3eff7ce32583c0b51704d1a4') in 0.002 seconds [static and dynamic dependencies]. Details - ImportResultOutputID=8ae7bcaf6fc12538ba64f44f74e69de9 DependenciesID=458d3609582f70601b067ba2a696004a StaticDependenciesID=b8b968fc5596f1db774620a7cbbdd8f1 
Number of updated asset objects reloaded before import = 0
Number of asset objects unloaded after import = 1
========================================================================
Received Import Request.
  Time of request: 2026-08-27T05:11:08.53925Z
  Time since last request: 0.000136709 seconds.
  importAddress: GUID: d7711b0cc806d430b8a95f1e33ec3649 - Path: Packages/com.unity.multiplayer.center/Editor/MultiplayerCenterWindow/UI/Icons/CustomNetcode@2x.png - Importer: ScriptedImporter/UnityEditor.QuickSearchModule:UnityEditor.Search:ASIAI0B
Importing 'GUID: d7711b0cc806d430b8a95f1e33ec3649 - Path: Packages/com.unity.multiplayer.center/Editor/MultiplayerCenterWindow/UI/Icons/CustomNetcode@2x.png - Importer: ScriptedImporter/UnityEditor.QuickSearchModule:UnityEditor.Search:ASIAI0B' with importer (ScriptedImporter : UnityEditor.QuickSearchModule:UnityEditor.Search:ASIAI0B)
Imported 'GUID: d7711b0cc806d430b8a95f1e33ec3649' -> (Import Result ID: 'b444ce2ed43c21ead4443f18abbba7ae') in 0.002 seconds [static and dynamic dependencies]. Details - ImportResultOutputID=067e2e1ab2d0978d0f5be7e5b36cd4a8 DependenciesID=b209ec864ebb2467cf38a2220d9b252b StaticDependenciesID=0b8c1015639ea8980a270defd400fd4e 
Number of updated asset objects reloaded before import = 0
Number of asset objects unloaded after import = 1
========================================================================
Received Import Request.
  Time of request: 2026-08-27T05:11:08.541018Z
  Time since last request: 0.000199333 seconds.
  importAddress: GUID: 787ec048daec145b580d1134da5dd278 - Path: Packages/com.unity.multiplayer.center/Tests/Editor/Unity.Multiplayer.Center.Editor.Tests.asmdef - Importer: ScriptedImporter/UnityEditor.QuickSearchModule:UnityEditor.Search:ASIAI0B
Importing 'GUID: 787ec048daec145b580d1134da5dd278 - Path: Packages/com.unity.multiplayer.center/Tests/Editor/Unity.Multiplayer.Center.Editor.Tests.asmdef - Importer: ScriptedImporter/UnityEditor.QuickSearchModule:UnityEditor.Search:ASIAI0B' with importer (ScriptedImporter : UnityEditor.QuickSearchModule:UnityEditor.Search:ASIAI0B)
Imported 'GUID: 787ec048daec145b580d1134da5dd278' -> (Import Result ID: 'f21a5f2d6fe611ef9169e86c6e619e4d') in 0.001 seconds [static and dynamic dependencies]. Details - ImportResultOutputID=4ee0d561c9991f2cb876fc586eb07902 DependenciesID=b24c2b5a49b5010ccb7df5f0a499e575 StaticDependenciesID=25314c36d743a9beda94775f785469ad 
Number of updated asset objects reloaded before import = 0
Number of asset objects unloaded after import = 1
========================================================================
Received Import Request.
  Time of request: 2026-08-27T05:11:08.542042Z
  Time since last request: 0.000284708 seconds.
  importAddress: GUID: 0d9328c739784454ad03d404f395a0ab - Path: Packages/com.unity.multiplayer.center/Editor/MultiplayerCenterWindow/UI/ViewUtils.cs - Importer: ScriptedImporter/UnityEditor.QuickSearchModule:UnityEditor.Search:ASIAI0B
Importing 'GUID: 0d9328c739784454ad03d404f395a0ab - Path: Packages/com.unity.multiplayer.center/Editor/MultiplayerCenterWindow/UI/ViewUtils.cs - Importer: ScriptedImporter/UnityEditor.QuickSearchModule:UnityEditor.Search:ASIAI0B' with importer (ScriptedImporter : UnityEditor.QuickSearchModule:UnityEditor.Search:ASIAI0B)
Imported 'GUID: 0d9328c739784454ad03d404f395a0ab' -> (Import Result ID: '65120debba5c55a4a7397680995512c0') in 0.001 seconds [static and dynamic dependencies]. Details - ImportResultOutputID=d3c86febd5c33546ca3e1ddc8faee57e DependenciesID=8a40d6cb17c552b6e35a6a3afd713781 StaticDependenciesID=5521d5118a6d6a726b18b4ae801a5723 
Number of updated asset objects reloaded before import = 0
Number of asset objects unloaded after import = 0
========================================================================
Received Import Request.
  Time of request: 2026-08-27T05:11:08.542967Z
  Time since last request: 0.000167042 seconds.
  importAddress: GUID: 36b51591e13f48b5bed734724d149fb4 - Path: Packages/com.unity.multiplayer.center/Tests/Editor/RecommendationAnalyticsTests.cs - Importer: ScriptedImporter/UnityEditor.QuickSearchModule:UnityEditor.Search:ASIAI0B
Importing 'GUID: 36b51591e13f48b5bed734724d149fb4 - Path: Packages/com.unity.multiplayer.center/Tests/Editor/RecommendationAnalyticsTests.cs - Importer: ScriptedImporter/UnityEditor.QuickSearchModule:UnityEditor.Search:ASIAI0B' with importer (ScriptedImporter : UnityEditor.QuickSearchModule:UnityEditor.Search:ASIAI0B)
Imported 'GUID: 36b51591e13f48b5bed734724d149fb4' -> (Import Result ID: '11accdd4ac04ac4eca7003ec7d3b722b') in 0.001 seconds [static and dynamic dependencies]. Details - ImportResultOutputID=1a997d5ca383c789bb887f039c86eb30 DependenciesID=678ed06bcc263199f27283429a9fc6fe StaticDependenciesID=756beac7a427fca221b2666288d6f984 
Number of updated asset objects reloaded before import = 0
Number of asset objects unloaded after import = 0
========================================================================
Received Import Request.
  Time of request: 2026-08-27T05:11:08.543764Z
  Time since last request: 0.000121708 seconds.
  importAddress: GUID: 1b4c88814ec6241eb8e327515399c006 - Path: Packages/com.unity.multiplayer.center/Editor/MultiplayerCenterWindow/UI/Icons/d_PackageManager.png - Importer: ScriptedImporter/UnityEditor.QuickSearchModule:UnityEditor.Search:ASIAI0B
Importing 'GUID: 1b4c88814ec6241eb8e327515399c006 - Path: Packages/com.unity.multiplayer.center/Editor/MultiplayerCenterWindow/UI/Icons/d_PackageManager.png - Importer: ScriptedImporter/UnityEditor.QuickSearchModule:UnityEditor.Search:ASIAI0B' with importer (ScriptedImporter : UnityEditor.QuickSearchModule:UnityEditor.Search:ASIAI0B)
Imported 'GUID: 1b4c88814ec6241eb8e327515399c006' -> (Import Result ID: '53853ba041d186556bdc3738ecb8d0c2') in 0.003 seconds [static and dynamic dependencies]. Details - ImportResultOutputID=cb2e5b86ec272ee4c511465147df8b0b DependenciesID=ead63c8dd94e5a853fd7e4a17cd544bc StaticDependenciesID=9b396abe1c6c924b8ea5b283d190410c 
Number of updated asset objects reloaded before import = 0
Number of asset objects unloaded after import = 1
========================================================================
Received Import Request.
  Time of request: 2026-08-27T05:11:08.547345Z
  Time since last request: 0.0001715 seconds.
  importAddress: GUID: 424a8de5def3b46dcb08edd00ad1c7bd - Path: Packages/com.unity.multiplayer.center/Editor/MultiplayerCenterWindow/UI/Icons/Loading.png - Importer: ScriptedImporter/UnityEditor.QuickSearchModule:UnityEditor.Search:ASIAI0B
Importing 'GUID: 424a8de5def3b46dcb08edd00ad1c7bd - Path: Packages/com.unity.multiplayer.center/Editor/MultiplayerCenterWindow/UI/Icons/Loading.png - Importer: ScriptedImporter/UnityEditor.QuickSearchModule:UnityEditor.Search:ASIAI0B' with importer (ScriptedImporter : UnityEditor.QuickSearchModule:UnityEditor.Search:ASIAI0B)
Imported 'GUID: 424a8de5def3b46dcb08edd00ad1c7bd' -> (Import Result ID: '22c60ef15cf2f13a6dc7bc002edcb192') in 0.002 seconds [static and dynamic dependencies]. Details - ImportResultOutputID=ea40f4745a937a1617fecbc0201d0506 DependenciesID=9c9e1147231a76a1e866d51c75c4964b StaticDependenciesID=a113de49139d94e7b3d884910f075426 
Number of updated asset objects reloaded before import = 0
Number of asset objects unloaded after import = 1
========================================================================
Received Import Request.
  Time of request: 2026-08-27T05:11:08.549347Z
  Time since last request: 0.000126625 seconds.
  importAddress: GUID: 6cfa81557736450abfb73264580451c1 - Path: Packages/com.unity.multiplayer.center/Tests/Editor/SectionHeaderTests.cs - Importer: ScriptedImporter/UnityEditor.QuickSearchModule:UnityEditor.Search:ASIAI0B
Importing 'GUID: 6cfa81557736450abfb73264580451c1 - Path: Packages/com.unity.multiplayer.center/Tests/Editor/SectionHeaderTests.cs - Importer: ScriptedImporter/UnityEditor.QuickSearchModule:UnityEditor.Search:ASIAI0B' with importer (ScriptedImporter : UnityEditor.QuickSearchModule:UnityEditor.Search:ASIAI0B)
Imported 'GUID: 6cfa81557736450abfb73264580451c1' -> (Import Result ID: '1289348448345e6bf52fb2366ed63702') in 0.001 seconds [static and dynamic dependencies]. Details - ImportResultOutputID=bb8a2692192676d961162339168cc71c DependenciesID=b0277ef50b57384ee4ac6d93b337e36c StaticDependenciesID=01806152f21939cd5ef603e79eb96f09 
Number of updated asset objects reloaded before import = 0
Number of asset objects unloaded after import = 0
========================================================================
Received Import Request.
  Time of request: 2026-08-27T05:11:08.550247Z
  Time since last request: 0.00017675 seconds.
  importAddress: GUID: c3d3226643b94888b02e25de0a9de55f - Path: Packages/com.unity.multiplayer.center/Tests/Editor/UserVisibleTextTests.cs - Importer: ScriptedImporter/UnityEditor.QuickSearchModule:UnityEditor.Search:ASIAI0B
Importing 'GUID: c3d3226643b94888b02e25de0a9de55f - Path: Packages/com.unity.multiplayer.center/Tests/Editor/UserVisibleTextTests.cs - Importer: ScriptedImporter/UnityEditor.QuickSearchModule:UnityEditor.Search:ASIAI0B' with importer (ScriptedImporter : UnityEditor.QuickSearchModule:UnityEditor.Search:ASIAI0B)
Imported 'GUID: c3d3226643b94888b02e25de0a9de55f' -> (Import Result ID: '3ecc370cfcba4291e6cfbc0ea8ba8235') in 0.001 seconds [static and dynamic dependencies]. Details - ImportResultOutputID=b4347fa0ae0f808bb97fa2648c038da4 DependenciesID=75721636b660d5b6881b952c9df2fbb8 StaticDependenciesID=d7da8d4842cb39b88ea2ac0bada9e21f 
Number of updated asset objects reloaded before import = 0
Number of asset objects unloaded after import = 0
========================================================================
Received Import Request.
  Time of request: 2026-08-27T05:11:08.55124Z
  Time since last request: 0.000225792 seconds.
  importAddress: GUID: 83b28bcaaf34b4fd580114fb05d9f160 - Path: Packages/com.unity.multiplayer.center/Editor/MultiplayerCenterWindow/UI/Icons/NGO@2x.png - Importer: ScriptedImporter/UnityEditor.QuickSearchModule:UnityEditor.Search:ASIAI0B
Importing 'GUID: 83b28bcaaf34b4fd580114fb05d9f160 - Path: Packages/com.unity.multiplayer.center/Editor/MultiplayerCenterWindow/UI/Icons/NGO@2x.png - Importer: ScriptedImporter/UnityEditor.QuickSearchModule:UnityEditor.Search:ASIAI0B' with importer (ScriptedImporter : UnityEditor.QuickSearchModule:UnityEditor.Search:ASIAI0B)
Imported 'GUID: 83b28bcaaf34b4fd580114fb05d9f160' -> (Import Result ID: '8e32425f2c43ab26adddfe0272f0b00c') in 0.002 seconds [static and dynamic dependencies]. Details - ImportResultOutputID=2ec34864e4af511e43d553bd923ecfc1 DependenciesID=8513c83985a9ffebadc1da35fa09b04b StaticDependenciesID=186a0fb58d5f65b966ba7a09d7a76845 
Number of updated asset objects reloaded before import = 0
Number of asset objects unloaded after import = 1
========================================================================
Received Import Request.
  Time of request: 2026-08-27T05:11:08.553307Z
  Time since last request: 0.00026325 seconds.
  importAddress: GUID: e4439b4b4bb24a5eb61c59c5a67aa5a0 - Path: Packages/com.unity.multiplayer.center/Editor/MultiplayerCenterWindow/UI/QuestionViewFactory.cs - Importer: ScriptedImporter/UnityEditor.QuickSearchModule:UnityEditor.Search:ASIAI0B
Importing 'GUID: e4439b4b4bb24a5eb61c59c5a67aa5a0 - Path: Packages/com.unity.multiplayer.center/Editor/MultiplayerCenterWindow/UI/QuestionViewFactory.cs - Importer: ScriptedImporter/UnityEditor.QuickSearchModule:UnityEditor.Search:ASIAI0B' with importer (ScriptedImporter : UnityEditor.QuickSearchModule:UnityEditor.Search:ASIAI0B)
Imported 'GUID: e4439b4b4bb24a5eb61c59c5a67aa5a0' -> (Import Result ID: '6b440b4ab9a7a7d23886a60ce2463db4') in 0.001 seconds [static and dynamic dependencies]. Details - ImportResultOutputID=773ac498d31a9b5711be1036cbaa51ee DependenciesID=a47c1e6227d10336b727da1c250fb09c StaticDependenciesID=2f7a3fe5059dbafe349746b2832934ef 
Number of updated asset objects reloaded before import = 0
Number of asset objects unloaded after import = 0
========================================================================
Received Import Request.
  Time of request: 2026-08-27T05:11:08.554325Z
  Time since last request: 0.00027 seconds.
  importAddress: GUID: dd70cd654275d47db807e918055e004f - Path: Packages/com.unity.multiplayer.center/Editor/MultiplayerCenterWindow/UI/Icons/Questionnaire.png - Importer: ScriptedImporter/UnityEditor.QuickSearchModule:UnityEditor.Search:ASIAI0B
Importing 'GUID: dd70cd654275d47db807e918055e004f - Path: Packages/com.unity.multiplayer.center/Editor/MultiplayerCenterWindow/UI/Icons/Questionnaire.png - Importer: ScriptedImporter/UnityEditor.QuickSearchModule:UnityEditor.Search:ASIAI0B' with importer (ScriptedImporter : UnityEditor.QuickSearchModule:UnityEditor.Search:ASIAI0B)
Imported 'GUID: dd70cd654275d47db807e918055e004f' -> (Import Result ID: '12259d4a87efdcaacf776df5a76c6635') in 0.002 seconds [static and dynamic dependencies]. Details - ImportResultOutputID=94325e065a87848b3de13ff717513845 DependenciesID=5da5327a5040e98d13540d01071e51a4 StaticDependenciesID=f540ff7dd05132686cedd5dd4610aefe 
Number of updated asset objects reloaded before import = 0
Number of asset objects unloaded after import = 1
========================================================================
Received Import Request.
  Time of request: 2026-08-27T05:11:08.556847Z
  Time since last request: 0.000191167 seconds.
  importAddress: GUID: a2c71c02b50345e99168bda191ec01b4 - Path: Packages/com.unity.multiplayer.center/Editor/MultiplayerCenterWindow/UI/RecommendationView/RecommendationView.cs - Importer: ScriptedImporter/UnityEditor.QuickSearchModule:UnityEditor.Search:ASIAI0B
Importing 'GUID: a2c71c02b50345e99168bda191ec01b4 - Path: Packages/com.unity.multiplayer.center/Editor/MultiplayerCenterWindow/UI/RecommendationView/RecommendationView.cs - Importer: ScriptedImporter/UnityEditor.QuickSearchModule:UnityEditor.Search:ASIAI0B' with importer (ScriptedImporter : UnityEditor.QuickSearchModule:UnityEditor.Search:ASIAI0B)
Imported 'GUID: a2c71c02b50345e99168bda191ec01b4' -> (Import Result ID: '53201826e84d980f77066575c473c3c8') in 0.001 seconds [static and dynamic dependencies]. Details - ImportResultOutputID=f4ec38b522cea4a222a6d72ca65bd0d8 DependenciesID=2570c5d370ac8985113efb3e03ff846b StaticDependenciesID=c25869886ab8186974bc707f6a32a844 
Number of updated asset objects reloaded before import = 0
Number of asset objects unloaded after import = 0
========================================================================
Received Import Request.
  Time of request: 2026-08-27T05:11:08.55775Z
  Time since last request: 0.0001815 seconds.
  importAddress: GUID: 38b78df4a34c94fa6a52c90239606ff1 - Path: Packages/com.unity.multiplayer.center/Editor/MultiplayerCenterWindow/UI/Icons/DedicatedServer@2x.png - Importer: ScriptedImporter/UnityEditor.QuickSearchModule:UnityEditor.Search:ASIAI0B
Importing 'GUID: 38b78df4a34c94fa6a52c90239606ff1 - Path: Packages/com.unity.multiplayer.center/Editor/MultiplayerCenterWindow/UI/Icons/DedicatedServer@2x.png - Importer: ScriptedImporter/UnityEditor.QuickSearchModule:UnityEditor.Search:ASIAI0B' with importer (ScriptedImporter : UnityEditor.QuickSearchModule:UnityEditor.Search:ASIAI0B)
Imported 'GUID: 38b78df4a34c94fa6a52c90239606ff1' -> (Import Result ID: 'a8a97d90d127d4cb8d74d26d32be55bc') in 0.002 seconds [static and dynamic dependencies]. Details - ImportResultOutputID=bee9997a907866304073f2c9068ac431 DependenciesID=53edcb8dc44447f82173ea783995fc01 StaticDependenciesID=e345b03449aad8d6c621b448430e0547 
Number of updated asset objects reloaded before import = 0
Number of asset objects unloaded after import = 1
========================================================================
Received Import Request.
  Time of request: 2026-08-27T05:11:08.559682Z
  Time since last request: 0.000165584 seconds.
  importAddress: GUID: a23c0dd570fd44b57a03a8880002fcca - Path: Packages/com.unity.multiplayer.center/Editor/MultiplayerCenterWindow/UI/Icons/CloudCode@2x.png - Importer: ScriptedImporter/UnityEditor.QuickSearchModule:UnityEditor.Search:ASIAI0B
Importing 'GUID: a23c0dd570fd44b57a03a8880002fcca - Path: Packages/com.unity.multiplayer.center/Editor/MultiplayerCenterWindow/UI/Icons/CloudCode@2x.png - Importer: ScriptedImporter/UnityEditor.QuickSearchModule:UnityEditor.Search:ASIAI0B' with importer (ScriptedImporter : UnityEditor.QuickSearchModule:UnityEditor.Search:ASIAI0B)
Imported 'GUID: a23c0dd570fd44b57a03a8880002fcca' -> (Import Result ID: 'd3a4027c9a42708993140b929add9f41') in 0.002 seconds [static and dynamic dependencies]. Details - ImportResultOutputID=5d023a96afaa3f17a0bb6df0fd124a1f DependenciesID=dbde7e4ad26c7df8df2f591a1d8a021b StaticDependenciesID=b139e8801b2aabf75698ede1d84d4f04 
Number of updated asset objects reloaded before import = 0
Number of asset objects unloaded after import = 1
========================================================================
Received Import Request.
  Time of request: 2026-08-27T05:11:08.561797Z
  Time since last request: 0.000170125 seconds.
  importAddress: GUID: 741761e72e6f24446bd8ba03ea3d0261 - Path: Packages/com.unity.multiplayer.center/Editor/MultiplayerCenterWindow/UI/Icons/d_Questionnaire.png - Importer: ScriptedImporter/UnityEditor.QuickSearchModule:UnityEditor.Search:ASIAI0B
Importing 'GUID: 741761e72e6f24446bd8ba03ea3d0261 - Path: Packages/com.unity.multiplayer.center/Editor/MultiplayerCenterWindow/UI/Icons/d_Questionnaire.png - Importer: ScriptedImporter/UnityEditor.QuickSearchModule:UnityEditor.Search:ASIAI0B' with importer (ScriptedImporter : UnityEditor.QuickSearchModule:UnityEditor.Search:ASIAI0B)
Imported 'GUID: 741761e72e6f24446bd8ba03ea3d0261' -> (Import Result ID: '99fc4b7edb0c3eb15b400a7258518df4') in 0.002 seconds [static and dynamic dependencies]. Details - ImportResultOutputID=fff4a5984617d9e65c3c0a51204d3ca0 DependenciesID=c2a7a35e841e13ab55698b80b76987b0 StaticDependenciesID=7496da4d9c7aaddd5068213417030dea 
Number of updated asset objects reloaded before import = 0
Number of asset objects unloaded after import = 1
========================================================================
Received Import Request.
  Time of request: 2026-08-27T05:11:08.563833Z
  Time since last request: 0.000153834 seconds.
  importAddress: GUID: d63245ece6d8f476c8c7ca24da9937f6 - Path: Packages/com.unity.multiplayer.center/Editor/MultiplayerCenterWindow/UI/Icons/DistributedAuthority.png - Importer: ScriptedImporter/UnityEditor.QuickSearchModule:UnityEditor.Search:ASIAI0B
Importing 'GUID: d63245ece6d8f476c8c7ca24da9937f6 - Path: Packages/com.unity.multiplayer.center/Editor/MultiplayerCenterWindow/UI/Icons/DistributedAuthority.png - Importer: ScriptedImporter/UnityEditor.QuickSearchModule:UnityEditor.Search:ASIAI0B' with importer (ScriptedImporter : UnityEditor.QuickSearchModule:UnityEditor.Search:ASIAI0B)
Imported 'GUID: d63245ece6d8f476c8c7ca24da9937f6' -> (Import Result ID: 'c972564a51b3b634d52d7ec7134e4653') in 0.002 seconds [static and dynamic dependencies]. Details - ImportResultOutputID=12e6e75ca1a2cc3d88b0012b041386e4 DependenciesID=3f3c4092d366be939fe3a8d7b4d706fc StaticDependenciesID=a05c2966478590c6f77c914aac02a816 
Number of updated asset objects reloaded before import = 0
Number of asset objects unloaded after import = 1
========================================================================
Received Import Request.
  Time of request: 2026-08-27T05:11:08.566484Z
  Time since last request: 0.000188542 seconds.
  importAddress: GUID: 3fe892784421e47f5aa40c2784a6cb3e - Path: Packages/com.unity.multiplayer.center/Editor/MultiplayerCenterWindow/UI/Icons/DedicatedServer.png - Importer: ScriptedImporter/UnityEditor.QuickSearchModule:UnityEditor.Search:ASIAI0B
Importing 'GUID: 3fe892784421e47f5aa40c2784a6cb3e - Path: Packages/com.unity.multiplayer.center/Editor/MultiplayerCenterWindow/UI/Icons/DedicatedServer.png - Importer: ScriptedImporter/UnityEditor.QuickSearchModule:UnityEditor.Search:ASIAI0B' with importer (ScriptedImporter : UnityEditor.QuickSearchModule:UnityEditor.Search:ASIAI0B)
Imported 'GUID: 3fe892784421e47f5aa40c2784a6cb3e' -> (Import Result ID: '9cba778cfee54339881cc885f6487fd2') in 0.002 seconds [static and dynamic dependencies]. Details - ImportResultOutputID=81d1abc1f8e89d6dd129f6346cc7e57f DependenciesID=6a5c71b537e32e73aa1a7295dfe124bf StaticDependenciesID=beb965ad0e3181c0ebeb585077913708 
Number of updated asset objects reloaded before import = 0
Number of asset objects unloaded after import = 1
========================================================================
Received Import Request.
  Time of request: 2026-08-27T05:11:08.568431Z
  Time since last request: 0.000137083 seconds.
  importAddress: GUID: 4616b2fa4acd1429e931835b80966c2a - Path: Packages/com.unity.multiplayer.center/Editor/MultiplayerCenterWindow/UI/Icons/PackageInstalled.png - Importer: ScriptedImporter/UnityEditor.QuickSearchModule:UnityEditor.Search:ASIAI0B
Importing 'GUID: 4616b2fa4acd1429e931835b80966c2a - Path: Packages/com.unity.multiplayer.center/Editor/MultiplayerCenterWindow/UI/Icons/PackageInstalled.png - Importer: ScriptedImporter/UnityEditor.QuickSearchModule:UnityEditor.Search:ASIAI0B' with importer (ScriptedImporter : UnityEditor.QuickSearchModule:UnityEditor.Search:ASIAI0B)
Imported 'GUID: 4616b2fa4acd1429e931835b80966c2a' -> (Import Result ID: '4b6992bb247f4a6e2fdfbb870d51bbbe') in 0.002 seconds [static and dynamic dependencies]. Details - ImportResultOutputID=fff3f072aa7ac5d66f3d29cea8cc1e28 DependenciesID=112aea884fe5abdbb817c5b697986204 StaticDependenciesID=a41e42d29cc9b29a4873d0074c0d3770 
Number of updated asset objects reloaded before import = 0
Number of asset objects unloaded after import = 1
========================================================================
Received Import Request.
  Time of request: 2026-08-27T05:11:08.570361Z
  Time since last request: 0.00020225 seconds.
  importAddress: GUID: 29395f0639574c1fbc8b729aa257fb84 - Path: Packages/com.unity.multiplayer.center/Editor/MultiplayerCenterWindow/UI/Icons/d_Check.png - Importer: ScriptedImporter/UnityEditor.QuickSearchModule:UnityEditor.Search:ASIAI0B
Importing 'GUID: 29395f0639574c1fbc8b729aa257fb84 - Path: Packages/com.unity.multiplayer.center/Editor/MultiplayerCenterWindow/UI/Icons/d_Check.png - Importer: ScriptedImporter/UnityEditor.QuickSearchModule:UnityEditor.Search:ASIAI0B' with importer (ScriptedImporter : UnityEditor.QuickSearchModule:UnityEditor.Search:ASIAI0B)
Imported 'GUID: 29395f0639574c1fbc8b729aa257fb84' -> (Import Result ID: '8e168c77e88237830e69bba7acc12eb6') in 0.002 seconds [static and dynamic dependencies]. Details - ImportResultOutputID=a62d05fd509a176cfda07ea76637c9c8 DependenciesID=5f8dad0fa84208ea45f7840cf17974fb StaticDependenciesID=1529c9cff821bc3881954648edb8e07a 
Number of updated asset objects reloaded before import = 0
Number of asset objects unloaded after import = 1
========================================================================
Received Import Request.
  Time of request: 2026-08-27T05:11:08.572283Z
  Time since last request: 0.000159125 seconds.
  importAddress: GUID: c37c4c45cacc46edb43b8c32617b3e34 - Path: Packages/com.unity.multiplayer.center/Tests/Editor/UtilsForGettingStartedTabTests.cs - Importer: ScriptedImporter/UnityEditor.QuickSearchModule:UnityEditor.Search:ASIAI0B
Importing 'GUID: c37c4c45cacc46edb43b8c32617b3e34 - Path: Packages/com.unity.multiplayer.center/Tests/Editor/UtilsForGettingStartedTabTests.cs - Importer: ScriptedImporter/UnityEditor.QuickSearchModule:UnityEditor.Search:ASIAI0B' with importer (ScriptedImporter : UnityEditor.QuickSearchModule:UnityEditor.Search:ASIAI0B)
Imported 'GUID: c37c4c45cacc46edb43b8c32617b3e34' -> (Import Result ID: 'f42de382e7aad8048683dbe70cabe33e') in 0.001 seconds [static and dynamic dependencies]. Details - ImportResultOutputID=e73ed10637d5e93ff0c7d1b17358107a DependenciesID=f37ffb8aa7e24fac244ee321ddb5af8a StaticDependenciesID=4ce83a085af3c315e375bbb478233c17 
Number of updated asset objects reloaded before import = 0
Number of asset objects unloaded after import = 0
========================================================================
Received Import Request.
  Time of request: 2026-08-27T05:11:08.574Z
  Time since last request: 0.00041375 seconds.
  importAddress: GUID: 77be953cf28de42a4ad8532539fef3f5 - Path: Packages/com.unity.multiplayer.center/Editor/MultiplayerCenterWindow/UI/Icons/d_PackageInstalled.png - Importer: ScriptedImporter/UnityEditor.QuickSearchModule:UnityEditor.Search:ASIAI0B
Importing 'GUID: 77be953cf28de42a4ad8532539fef3f5 - Path: Packages/com.unity.multiplayer.center/Editor/MultiplayerCenterWindow/UI/Icons/d_PackageInstalled.png - Importer: ScriptedImporter/UnityEditor.QuickSearchModule:UnityEditor.Search:ASIAI0B' with importer (ScriptedImporter : UnityEditor.QuickSearchModule:UnityEditor.Search:ASIAI0B)
Imported 'GUID: 77be953cf28de42a4ad8532539fef3f5' -> (Import Result ID: 'd9d454147e463ae31d82c830a1385a54') in 0.002 seconds [static and dynamic dependencies]. Details - ImportResultOutputID=2f3b70f449c4c0dad215c324ebbf8875 DependenciesID=4067cc2fe4af8dbee2827017a60249ea StaticDependenciesID=18a34161351ebc3e77d6e3902e6cf259 
Number of updated asset objects reloaded before import = 0
Number of asset objects unloaded after import = 1
========================================================================
Received Import Request.
  Time of request: 2026-08-27T05:11:08.575963Z
  Time since last request: 0.000139708 seconds.
  importAddress: GUID: e9669051ff70449b5923861e0e0b8838 - Path: Packages/com.unity.multiplayer.center/Editor/MultiplayerCenterWindow/UI/Icons/N4E.png - Importer: ScriptedImporter/UnityEditor.QuickSearchModule:UnityEditor.Search:ASIAI0B
Importing 'GUID: e9669051ff70449b5923861e0e0b8838 - Path: Packages/com.unity.multiplayer.center/Editor/MultiplayerCenterWindow/UI/Icons/N4E.png - Importer: ScriptedImporter/UnityEditor.QuickSearchModule:UnityEditor.Search:ASIAI0B' with importer (ScriptedImporter : UnityEditor.QuickSearchModule:UnityEditor.Search:ASIAI0B)
Imported 'GUID: e9669051ff70449b5923861e0e0b8838' -> (Import Result ID: 'f85a5b36e953abfbd41a41e3050ba9dd') in 0.002 seconds [static and dynamic dependencies]. Details - ImportResultOutputID=c8656de72b38f7b19206d614349278de DependenciesID=e720f457198695aa2b03f2888f1e1351 StaticDependenciesID=7e943d6bfe3718c548bd7a4742ae247a 
Number of updated asset objects reloaded before import = 0
Number of asset objects unloaded after import = 1
========================================================================
Received Import Request.
  Time of request: 2026-08-27T05:11:08.578105Z
  Time since last request: 0.000196167 seconds.
  importAddress: GUID: 1daed49eec0f94f7ebb36dfef6159884 - Path: Packages/com.unity.multiplayer.center/Editor/MultiplayerCenterWindow/UI/Icons/NoNetcode.png - Importer: ScriptedImporter/UnityEditor.QuickSearchModule:UnityEditor.Search:ASIAI0B
Importing 'GUID: 1daed49eec0f94f7ebb36dfef6159884 - Path: Packages/com.unity.multiplayer.center/Editor/MultiplayerCenterWindow/UI/Icons/NoNetcode.png - Importer: ScriptedImporter/UnityEditor.QuickSearchModule:UnityEditor.Search:ASIAI0B' with importer (ScriptedImporter : UnityEditor.QuickSearchModule:UnityEditor.Search:ASIAI0B)
Imported 'GUID: 1daed49eec0f94f7ebb36dfef6159884' -> (Import Result ID: '5d98b014ef290820f0370b4c21cabb3e') in 0.002 seconds [static and dynamic dependencies]. Details - ImportResultOutputID=9b87dc262c32cd6fd6dfb3b268f603d0 DependenciesID=ddba7cb5225ced0fe1c3f932846608e6 StaticDependenciesID=d37b9b0318743a3888abd2461e39d199 
Number of updated asset objects reloaded before import = 0
Number of asset objects unloaded after import = 1
========================================================================
Received Import Request.
  Time of request: 2026-08-27T05:11:08.580055Z
  Time since last request: 0.000135333 seconds.
  importAddress: GUID: 0354877031b64465ea7e5cafea1a2653 - Path: Packages/com.unity.multiplayer.center/Editor/MultiplayerCenterWindow/UI/Icons/DistributedAuthority@2x.png - Importer: ScriptedImporter/UnityEditor.QuickSearchModule:UnityEditor.Search:ASIAI0B
Importing 'GUID: 0354877031b64465ea7e5cafea1a2653 - Path: Packages/com.unity.multiplayer.center/Editor/MultiplayerCenterWindow/UI/Icons/DistributedAuthority@2x.png - Importer: ScriptedImporter/UnityEditor.QuickSearchModule:UnityEditor.Search:ASIAI0B' with importer (ScriptedImporter : UnityEditor.QuickSearchModule:UnityEditor.Search:ASIAI0B)
Imported 'GUID: 0354877031b64465ea7e5cafea1a2653' -> (Import Result ID: 'edded85e512d3ea02333a17a634f1790') in 0.002 seconds [static and dynamic dependencies]. Details - ImportResultOutputID=4b45fef6a174c2e448cd90077172fec7 DependenciesID=4bbbc1e47126e50db8a993ebf6a4b2e4 StaticDependenciesID=a51d204e289262ccab4ada814f1298da 
Number of updated asset objects reloaded before import = 0
Number of asset objects unloaded after import = 1
========================================================================
Received Import Request.
  Time of request: 2026-08-27T05:11:08.582664Z
  Time since last request: 0.000182417 seconds.
  importAddress: GUID: db8e609a39b9b231fccc54e5fa4cbd1b - Path: Packages/com.unity.modules.animation/package.ModuleCompilationTrigger - Importer: ScriptedImporter/UnityEditor.QuickSearchModule:UnityEditor.Search:ASIAI0B
Importing 'GUID: db8e609a39b9b231fccc54e5fa4cbd1b - Path: Packages/com.unity.modules.animation/package.ModuleCompilationTrigger - Importer: ScriptedImporter/UnityEditor.QuickSearchModule:UnityEditor.Search:ASIAI0B' with importer (ScriptedImporter : UnityEditor.QuickSearchModule:UnityEditor.Search:ASIAI0B)
Imported 'GUID: db8e609a39b9b231fccc54e5fa4cbd1b' -> (Import Result ID: '9ce2a9aede6f3f345802d40aa6dd0be1') in 0.001 seconds [static and dynamic dependencies]. Details - ImportResultOutputID=7e8ea3ccba379fa7ad5e90ad798af419 DependenciesID=bbd9936e29c923d86187d9f4a6f6d835 StaticDependenciesID=18c559ea1b684bdd6c130f5af90cb966 
Number of updated asset objects reloaded before import = 0
Number of asset objects unloaded after import = 1
========================================================================
Received Import Request.
  Time of request: 2026-08-27T05:11:08.583485Z
  Time since last request: 0.000132125 seconds.
  importAddress: GUID: 7456ea4ba2dcd48d3909b82e610f2048 - Path: Packages/com.unity.multiplayer.center/Tests/Runtime/PlaceholderTest.cs - Importer: ScriptedImporter/UnityEditor.QuickSearchModule:UnityEditor.Search:ASIAI0B
Importing 'GUID: 7456ea4ba2dcd48d3909b82e610f2048 - Path: Packages/com.unity.multiplayer.center/Tests/Runtime/PlaceholderTest.cs - Importer: ScriptedImporter/UnityEditor.QuickSearchModule:UnityEditor.Search:ASIAI0B' with importer (ScriptedImporter : UnityEditor.QuickSearchModule:UnityEditor.Search:ASIAI0B)
Imported 'GUID: 7456ea4ba2dcd48d3909b82e610f2048' -> (Import Result ID: 'ec6a47bb92f0ec0ab552eac28e2dcc01') in 0.001 seconds [static and dynamic dependencies]. Details - ImportResultOutputID=641f0a76291cd90a1d7510c7affdc50d DependenciesID=64206a5edc8608a1cd24e51114c640af StaticDependenciesID=ca0ea154eac79a5df2be320684b7292b 
Number of updated asset objects reloaded before import = 0
Number of asset objects unloaded after import = 0
========================================================================
Received Import Request.
  Time of request: 2026-08-27T05:11:08.584162Z
  Time since last request: 0.000134041 seconds.
  importAddress: GUID: 15513aed5d41411c887ccfe14c103337 - Path: Packages/com.unity.multiplayer.center/Tests/Editor/UserChoicesMigrationTests.cs - Importer: ScriptedImporter/UnityEditor.QuickSearchModule:UnityEditor.Search:ASIAI0B
Importing 'GUID: 15513aed5d41411c887ccfe14c103337 - Path: Packages/com.unity.multiplayer.center/Tests/Editor/UserChoicesMigrationTests.cs - Importer: ScriptedImporter/UnityEditor.QuickSearchModule:UnityEditor.Search:ASIAI0B' with importer (ScriptedImporter : UnityEditor.QuickSearchModule:UnityEditor.Search:ASIAI0B)
Imported 'GUID: 15513aed5d41411c887ccfe14c103337' -> (Import Result ID: '47e246fe19349662efba9bd47bc2ac36') in 0.000 seconds [static and dynamic dependencies]. Details - ImportResultOutputID=3d81afc4fdf034f7b7a5a765f4dee115 DependenciesID=53076502f68cbdfa4e040f94b38058a4 StaticDependenciesID=2ec4e89d151905138095e4b983a02960 
Number of updated asset objects reloaded before import = 0
Number of asset objects unloaded after import = 0
========================================================================
Received Import Request.
  Time of request: 2026-08-27T05:11:08.584762Z
  Time since last request: 0.000106667 seconds.
  importAddress: GUID: b58a826ca804e4c67bab4283ad5a6102 - Path: Packages/com.unity.multiplayer.center/Editor/MultiplayerCenterWindow/UI/Icons/NoNetcode@2x.png - Importer: ScriptedImporter/UnityEditor.QuickSearchModule:UnityEditor.Search:ASIAI0B
Importing 'GUID: b58a826ca804e4c67bab4283ad5a6102 - Path: Packages/com.unity.multiplayer.center/Editor/MultiplayerCenterWindow/UI/Icons/NoNetcode@2x.png - Importer: ScriptedImporter/UnityEditor.QuickSearchModule:UnityEditor.Search:ASIAI0B' with importer (ScriptedImporter : UnityEditor.QuickSearchModule:UnityEditor.Search:ASIAI0B)
Imported 'GUID: b58a826ca804e4c67bab4283ad5a6102' -> (Import Result ID: 'c98f8485a44494ee5ee39387b2748ad8') in 0.002 seconds [static and dynamic dependencies]. Details - ImportResultOutputID=b577d4363362d775c1f58b1d99aa1cfe DependenciesID=1499b98b7c6d04096773f1c6c88b9c3e StaticDependenciesID=e7298d1f14d551db47311055c13bd348 
Number of updated asset objects reloaded before import = 0
Number of asset objects unloaded after import = 1
========================================================================
Received Import Request.
  Time of request: 2026-08-27T05:11:08.586798Z
  Time since last request: 0.000174041 seconds.
  importAddress: GUID: 7ef8348b8ea834d7e1bc214b07f7fb87 - Path: Packages/com.unity.modules.animation/package.json - Importer: ScriptedImporter/UnityEditor.QuickSearchModule:UnityEditor.Search:ASIAI0B
Importing 'GUID: 7ef8348b8ea834d7e1bc214b07f7fb87 - Path: Packages/com.unity.modules.animation/package.json - Importer: ScriptedImporter/UnityEditor.QuickSearchModule:UnityEditor.Search:ASIAI0B' with importer (ScriptedImporter : UnityEditor.QuickSearchModule:UnityEditor.Search:ASIAI0B)
Imported 'GUID: 7ef8348b8ea834d7e1bc214b07f7fb87' -> (Import Result ID: 'de9290ebc35cd8ca270fa8672a917d5f') in 0.001 seconds [static and dynamic dependencies]. Details - ImportResultOutputID=aecd5c49dcbf627c05f953463aba11e0 DependenciesID=aea13abc9f1ba7f80f0da1159f330f8f StaticDependenciesID=2c803007e64112a3a29912808655a168 
Number of updated asset objects reloaded before import = 0
Number of asset objects unloaded after import = 1
========================================================================
Received Import Request.
  Time of request: 2026-08-27T05:11:08.587624Z
  Time since last request: 0.000125583 seconds.
  importAddress: GUID: 0efb92c924574ec59b71b9185a6ed8fb - Path: Packages/com.unity.multiplayer.center/Tests/Editor/RecommendationTests.cs - Importer: ScriptedImporter/UnityEditor.QuickSearchModule:UnityEditor.Search:ASIAI0B
Importing 'GUID: 0efb92c924574ec59b71b9185a6ed8fb - Path: Packages/com.unity.multiplayer.center/Tests/Editor/RecommendationTests.cs - Importer: ScriptedImporter/UnityEditor.QuickSearchModule:UnityEditor.Search:ASIAI0B' with importer (ScriptedImporter : UnityEditor.QuickSearchModule:UnityEditor.Search:ASIAI0B)
Imported 'GUID: 0efb92c924574ec59b71b9185a6ed8fb' -> (Import Result ID: 'cdceec3aeb84cad8072856f4c7c2343f') in 0.001 seconds [static and dynamic dependencies]. Details - ImportResultOutputID=4efb3402917b5776669be99ae8aeb319 DependenciesID=88aae85cea2821a7a2e3dafcb07e426e StaticDependenciesID=b2b14ffd5422b3516bc98f702ea50aae 
Number of updated asset objects reloaded before import = 0
Number of asset objects unloaded after import = 0
========================================================================
Received Import Request.
  Time of request: 2026-08-27T05:11:08.588326Z
  Time since last request: 0.000129875 seconds.
  importAddress: GUID: 4f78a544322c742b89e63fb68557b1d2 - Path: Packages/com.unity.multiplayer.center/Editor/MultiplayerCenterWindow/UI/Icons/Check.png - Importer: ScriptedImporter/UnityEditor.QuickSearchModule:UnityEditor.Search:ASIAI0B
Importing 'GUID: 4f78a544322c742b89e63fb68557b1d2 - Path: Packages/com.unity.multiplayer.center/Editor/MultiplayerCenterWindow/UI/Icons/Check.png - Importer: ScriptedImporter/UnityEditor.QuickSearchModule:UnityEditor.Search:ASIAI0B' with importer (ScriptedImporter : UnityEditor.QuickSearchModule:UnityEditor.Search:ASIAI0B)
Imported 'GUID: 4f78a544322c742b89e63fb68557b1d2' -> (Import Result ID: '727923212b94f7af3773d200b6e81682') in 0.002 seconds [static and dynamic dependencies]. Details - ImportResultOutputID=c0060efa2a3e3b21d717d430cf322e85 DependenciesID=ad8569dc245a1939a1eb8230ce72a279 StaticDependenciesID=cd4151479c6272c469bc89541d04576c 
Number of updated asset objects reloaded before import = 0
Number of asset objects unloaded after import = 1
========================================================================
Received Import Request.
  Time of request: 2026-08-27T05:11:08.590215Z
  Time since last request: 0.000201041 seconds.
  importAddress: GUID: 284da2a38ea043d69e1a38fd8a22bec9 - Path: Packages/com.unity.multiplayer.center/Tests/Editor/RecommenderSystemTests.cs - Importer: ScriptedImporter/UnityEditor.QuickSearchModule:UnityEditor.Search:ASIAI0B
Importing 'GUID: 284da2a38ea043d69e1a38fd8a22bec9 - Path: Packages/com.unity.multiplayer.center/Tests/Editor/RecommenderSystemTests.cs - Importer: ScriptedImporter/UnityEditor.QuickSearchModule:UnityEditor.Search:ASIAI0B' with importer (ScriptedImporter : UnityEditor.QuickSearchModule:UnityEditor.Search:ASIAI0B)
Imported 'GUID: 284da2a38ea043d69e1a38fd8a22bec9' -> (Import Result ID: 'ef023e79d7218f7f9506b91d57d62d34') in 0.001 seconds [static and dynamic dependencies]. Details - ImportResultOutputID=6a748fe06bba11b9924b0341c7ec40d1 DependenciesID=ae32b9130890667097e7b2076b1504c8 StaticDependenciesID=c1a62e9b6d7c0d04061e787f38f7e4e5 
Number of updated asset objects reloaded before import = 0
Number of asset objects unloaded after import = 0
========================================================================
Received Import Request.
  Time of request: 2026-08-27T05:11:08.591018Z
  Time since last request: 0.000158125 seconds.
  importAddress: GUID: dce12af736e0a4a1ba35d6424f897dc9 - Path: Packages/com.unity.multiplayer.center/Editor/MultiplayerCenterWindow/UI/Icons/CustomNetcode.png - Importer: ScriptedImporter/UnityEditor.QuickSearchModule:UnityEditor.Search:ASIAI0B
Importing 'GUID: dce12af736e0a4a1ba35d6424f897dc9 - Path: Packages/com.unity.multiplayer.center/Editor/MultiplayerCenterWindow/UI/Icons/CustomNetcode.png - Importer: ScriptedImporter/UnityEditor.QuickSearchModule:UnityEditor.Search:ASIAI0B' with importer (ScriptedImporter : UnityEditor.QuickSearchModule:UnityEditor.Search:ASIAI0B)
Imported 'GUID: dce12af736e0a4a1ba35d6424f897dc9' -> (Import Result ID: '4d077934fd09a6f86d9378a5e7710d40') in 0.002 seconds [static and dynamic dependencies]. Details - ImportResultOutputID=0a52bb0a56ef03dded66c40ae00e424a DependenciesID=7177d58d9ebb29e7b5732ef136996f4a StaticDependenciesID=4d45e617a0c83a49cb01ae5caca51816 
Number of updated asset objects reloaded before import = 0
Number of asset objects unloaded after import = 1
========================================================================
Received Import Request.
  Time of request: 2026-08-27T05:11:08.593529Z
  Time since last request: 0.000239334 seconds.
  importAddress: GUID: b2ce704e56cc84fb3b347499263c6244 - Path: Packages/com.unity.multiplayer.center/Editor/MultiplayerCenterWindow/UI/Icons/ClientHosted.png - Importer: ScriptedImporter/UnityEditor.QuickSearchModule:UnityEditor.Search:ASIAI0B
Importing 'GUID: b2ce704e56cc84fb3b347499263c6244 - Path: Packages/com.unity.multiplayer.center/Editor/MultiplayerCenterWindow/UI/Icons/ClientHosted.png - Importer: ScriptedImporter/UnityEditor.QuickSearchModule:UnityEditor.Search:ASIAI0B' with importer (ScriptedImporter : UnityEditor.QuickSearchModule:UnityEditor.Search:ASIAI0B)
Imported 'GUID: b2ce704e56cc84fb3b347499263c6244' -> (Import Result ID: '3551cd8f2a26e995bcde15ea395d1a4e') in 0.002 seconds [static and dynamic dependencies]. Details - ImportResultOutputID=cb8361322d706eca77c76ea5d3ca3f59 DependenciesID=6f343b363b6707c45eabf19d11f7fdaf StaticDependenciesID=5dac54b1acf2be5a3f81b195119fcefd 
Number of updated asset objects reloaded before import = 0
Number of asset objects unloaded after import = 1
========================================================================
Received Import Request.
  Time of request: 2026-08-27T05:11:08.596321Z
  Time since last request: 0.000658167 seconds.
  importAddress: GUID: 99da7b3894f364efdb5fa1443952a55d - Path: Packages/com.unity.multiplayer.center/Editor/MultiplayerCenterWindow/UI/Icons/NGO.png - Importer: ScriptedImporter/UnityEditor.QuickSearchModule:UnityEditor.Search:ASIAI0B
Importing 'GUID: 99da7b3894f364efdb5fa1443952a55d - Path: Packages/com.unity.multiplayer.center/Editor/MultiplayerCenterWindow/UI/Icons/NGO.png - Importer: ScriptedImporter/UnityEditor.QuickSearchModule:UnityEditor.Search:ASIAI0B' with importer (ScriptedImporter : UnityEditor.QuickSearchModule:UnityEditor.Search:ASIAI0B)
Imported 'GUID: 99da7b3894f364efdb5fa1443952a55d' -> (Import Result ID: 'a5339563e2a6367f926e5494c5f45baa') in 0.002 seconds [static and dynamic dependencies]. Details - ImportResultOutputID=c5c6ae9054ae39b2c68bd5452f0d10ad DependenciesID=2948b9ed2b71ee554436b17762292f41 StaticDependenciesID=e17f262013fceaca9fa70690be290b70 
Number of updated asset objects reloaded before import = 0
Number of asset objects unloaded after import = 1
========================================================================
Received Import Request.
  Time of request: 2026-08-27T05:11:08.598522Z
  Time since last request: 0.0002965 seconds.
  importAddress: GUID: 281e16dfc02f4a86bf924188eb96b176 - Path: Packages/com.unity.multiplayer.center/Editor/MultiplayerCenterWindow/UI/RecommendationView/RecommendationItemView.cs - Importer: ScriptedImporter/UnityEditor.QuickSearchModule:UnityEditor.Search:ASIAI0B
Importing 'GUID: 281e16dfc02f4a86bf924188eb96b176 - Path: Packages/com.unity.multiplayer.center/Editor/MultiplayerCenterWindow/UI/RecommendationView/RecommendationItemView.cs - Importer: ScriptedImporter/UnityEditor.QuickSearchModule:UnityEditor.Search:ASIAI0B' with importer (ScriptedImporter : UnityEditor.QuickSearchModule:UnityEditor.Search:ASIAI0B)
Imported 'GUID: 281e16dfc02f4a86bf924188eb96b176' -> (Import Result ID: '5eb0fff47542b32d77cb8729db2a9377') in 0.001 seconds [static and dynamic dependencies]. Details - ImportResultOutputID=46ad146c931ad21a45cd49fb02abefd6 DependenciesID=e33e0d81c6bdec3eb4939f76f7e782b2 StaticDependenciesID=e1653fd56957e70f763e2547e725bb71 
Number of updated asset objects reloaded before import = 0
Number of asset objects unloaded after import = 0
========================================================================
Received Import Request.
  Time of request: 2026-08-27T05:11:08.599404Z
  Time since last request: 0.000150875 seconds.
  importAddress: GUID: bac00d6e07f0b4305bb395363c89d92b - Path: Packages/com.unity.multiplayer.center/Editor/MultiplayerCenterWindow/UI/MultiplayerCenterWindow.uss - Importer: ScriptedImporter/UnityEditor.QuickSearchModule:UnityEditor.Search:ASIAI0B
Importing 'GUID: bac00d6e07f0b4305bb395363c89d92b - Path: Packages/com.unity.multiplayer.center/Editor/MultiplayerCenterWindow/UI/MultiplayerCenterWindow.uss - Importer: ScriptedImporter/UnityEditor.QuickSearchModule:UnityEditor.Search:ASIAI0B' with importer (ScriptedImporter : UnityEditor.QuickSearchModule:UnityEditor.Search:ASIAI0B)
Imported 'GUID: bac00d6e07f0b4305bb395363c89d92b' -> (Import Result ID: 'cc766ab28984c6a390fcd6735143bae0') in 0.004 seconds [static and dynamic dependencies]. Details - ImportResultOutputID=12d285d607a5ed1b5ea1705a9d7c7189 DependenciesID=4f68e5f4e85c30d1cb3e7d1cb01a394f StaticDependenciesID=dabd5ad7c445e3e9c5c0f4cfd9510713 
Number of updated asset objects reloaded before import = 0
Number of asset objects unloaded after import = 19
========================================================================
Received Import Request.
  Time of request: 2026-08-27T05:11:08.603678Z
  Time since last request: 0.000136959 seconds.
  importAddress: GUID: 2cb589d4e01184d928bb698f06e77561 - Path: Packages/com.unity.multiplayer.center/Editor/MultiplayerCenterWindow/UI/Icons/N4E@2x.png - Importer: ScriptedImporter/UnityEditor.QuickSearchModule:UnityEditor.Search:ASIAI0B
Importing 'GUID: 2cb589d4e01184d928bb698f06e77561 - Path: Packages/com.unity.multiplayer.center/Editor/MultiplayerCenterWindow/UI/Icons/N4E@2x.png - Importer: ScriptedImporter/UnityEditor.QuickSearchModule:UnityEditor.Search:ASIAI0B' with importer (ScriptedImporter : UnityEditor.QuickSearchModule:UnityEditor.Search:ASIAI0B)
Imported 'GUID: 2cb589d4e01184d928bb698f06e77561' -> (Import Result ID: '3b0cd4a757e187cc085851657e334bab') in 0.002 seconds [static and dynamic dependencies]. Details - ImportResultOutputID=8dc0da59e0f4947d1a54b75d64c92b7c DependenciesID=583e6269e3448a62110cb4f707ad2684 StaticDependenciesID=d4608a7afce781ec9721b2915d4bfd1a 
Number of updated asset objects reloaded before import = 0
Number of asset objects unloaded after import = 1
========================================================================
Received Import Request.
  Time of request: 2026-08-27T05:11:08.606331Z
  Time since last request: 0.000167417 seconds.
  importAddress: GUID: 9d9689eab72c8480c90679f4dcf18820 - Path: Packages/com.unity.multiplayer.center/Editor/MultiplayerCenterWindow/UI/Icons/Package.png - Importer: ScriptedImporter/UnityEditor.QuickSearchModule:UnityEditor.Search:ASIAI0B
Importing 'GUID: 9d9689eab72c8480c90679f4dcf18820 - Path: Packages/com.unity.multiplayer.center/Editor/MultiplayerCenterWindow/UI/Icons/Package.png - Importer: ScriptedImporter/UnityEditor.QuickSearchModule:UnityEditor.Search:ASIAI0B' with importer (ScriptedImporter : UnityEditor.QuickSearchModule:UnityEditor.Search:ASIAI0B)
Imported 'GUID: 9d9689eab72c8480c90679f4dcf18820' -> (Import Result ID: '97073435193d889407e18b1831764e6a') in 0.002 seconds [static and dynamic dependencies]. Details - ImportResultOutputID=19c5ce8877d16f4c9b3390ac193da359 DependenciesID=8003ec32bedd4247aea85e8315b2636b StaticDependenciesID=8d063dfa8600ca19c23582a8f7bd474b 
Number of updated asset objects reloaded before import = 0
Number of asset objects unloaded after import = 1
========================================================================
Received Import Request.
  Time of request: 2026-08-27T05:11:08.608357Z
  Time since last request: 0.000132833 seconds.
  importAddress: GUID: a6fd0c627f5aa48fa81512221e70a11e - Path: Packages/com.unity.multiplayer.center/Editor/MultiplayerCenterWindow/UI/Icons/d_PackageManager@2x.png - Importer: ScriptedImporter/UnityEditor.QuickSearchModule:UnityEditor.Search:ASIAI0B
Importing 'GUID: a6fd0c627f5aa48fa81512221e70a11e - Path: Packages/com.unity.multiplayer.center/Editor/MultiplayerCenterWindow/UI/Icons/d_PackageManager@2x.png - Importer: ScriptedImporter/UnityEditor.QuickSearchModule:UnityEditor.Search:ASIAI0B' with importer (ScriptedImporter : UnityEditor.QuickSearchModule:UnityEditor.Search:ASIAI0B)
Imported 'GUID: a6fd0c627f5aa48fa81512221e70a11e' -> (Import Result ID: 'c6e6694990bd40366521f62071712c9e') in 0.002 seconds [static and dynamic dependencies]. Details - ImportResultOutputID=0770411660782788a5128067a02a2323 DependenciesID=79771625120b2103d3f7a76463924860 StaticDependenciesID=93961c3ee2d52b81fc6e42f292ae9582 
Number of updated asset objects reloaded before import = 0
Number of asset objects unloaded after import = 1
========================================================================
Received Import Request.
  Time of request: 2026-08-27T05:11:08.61032Z
  Time since last request: 0.000185917 seconds.
  importAddress: GUID: 2664430aff4254d79887d32c3fc1e221 - Path: Packages/com.unity.multiplayer.center/Tests/Runtime/Unity.Multiplayer.Center.Tests.asmdef - Importer: ScriptedImporter/UnityEditor.QuickSearchModule:UnityEditor.Search:ASIAI0B
Importing 'GUID: 2664430aff4254d79887d32c3fc1e221 - Path: Packages/com.unity.multiplayer.center/Tests/Runtime/Unity.Multiplayer.Center.Tests.asmdef - Importer: ScriptedImporter/UnityEditor.QuickSearchModule:UnityEditor.Search:ASIAI0B' with importer (ScriptedImporter : UnityEditor.QuickSearchModule:UnityEditor.Search:ASIAI0B)
Imported 'GUID: 2664430aff4254d79887d32c3fc1e221' -> (Import Result ID: '00842364fc2efe68bc6db6bbfc6a8a14') in 0.001 seconds [static and dynamic dependencies]. Details - ImportResultOutputID=cdb96b3ad4d74020d43b76ca2d985afb DependenciesID=453cdd8210318e502791cbd52ac7efd8 StaticDependenciesID=ca4b829660ccc8df2c277de5af639f20 
Number of updated asset objects reloaded before import = 0
Number of asset objects unloaded after import = 1
========================================================================
Received Import Request.
  Time of request: 2026-08-27T05:11:08.611068Z
  Time since last request: 0.000128417 seconds.
  importAddress: GUID: 318df756abab5463e9aa361360784865 - Path: Packages/com.unity.multiplayer.center/Editor/MultiplayerCenterWindow/UI/Icons/d_PackageInstalled@2x.png - Importer: ScriptedImporter/UnityEditor.QuickSearchModule:UnityEditor.Search:ASIAI0B
Importing 'GUID: 318df756abab5463e9aa361360784865 - Path: Packages/com.unity.multiplayer.center/Editor/MultiplayerCenterWindow/UI/Icons/d_PackageInstalled@2x.png - Importer: ScriptedImporter/UnityEditor.QuickSearchModule:UnityEditor.Search:ASIAI0B' with importer (ScriptedImporter : UnityEditor.QuickSearchModule:UnityEditor.Search:ASIAI0B)
Imported 'GUID: 318df756abab5463e9aa361360784865' -> (Import Result ID: '2be4df2b9bb9351d60792d599850dc3c') in 0.002 seconds [static and dynamic dependencies]. Details - ImportResultOutputID=56e6d41f8c6d4801bf4a33b02b150c89 DependenciesID=c150372f88808d02475cf0ca8c46a64b StaticDependenciesID=e98ee94ff34a93256015b8b71b0aa038 
Number of updated asset objects reloaded before import = 0
Number of asset objects unloaded after import = 1
========================================================================
Received Import Request.
  Time of request: 2026-08-27T05:11:08.612826Z
  Time since last request: 0.000143208 seconds.
  importAddress: GUID: 84e4bbd00035e4671bf14e0380a89001 - Path: Packages/com.unity.multiplayer.center/Editor/MultiplayerCenterWindow/UI/Icons/EmptyViewIcon.png - Importer: ScriptedImporter/UnityEditor.QuickSearchModule:UnityEditor.Search:ASIAI0B
Importing 'GUID: 84e4bbd00035e4671bf14e0380a89001 - Path: Packages/com.unity.multiplayer.center/Editor/MultiplayerCenterWindow/UI/Icons/EmptyViewIcon.png - Importer: ScriptedImporter/UnityEditor.QuickSearchModule:UnityEditor.Search:ASIAI0B' with importer (ScriptedImporter : UnityEditor.QuickSearchModule:UnityEditor.Search:ASIAI0B)
Imported 'GUID: 84e4bbd00035e4671bf14e0380a89001' -> (Import Result ID: 'b6f774d38a0578f8be3753d40495c95d') in 0.002 seconds [static and dynamic dependencies]. Details - ImportResultOutputID=82a8a169f5b1629a4e3f2fb18d146dad DependenciesID=98d3c8bcd48a087909481b95b916be77 StaticDependenciesID=9b8072141b80592221d304f41e3b3374 
Number of updated asset objects reloaded before import = 0
Number of asset objects unloaded after import = 1
========================================================================
Received Import Request.
  Time of request: 2026-08-27T05:11:08.61548Z
  Time since last request: 0.000171459 seconds.
  importAddress: GUID: 1984cd07fe96417f9e88f5771f6b4b32 - Path: Packages/com.unity.multiplayer.center/Editor/MultiplayerCenterWindow/UI/dark.uss - Importer: ScriptedImporter/UnityEditor.QuickSearchModule:UnityEditor.Search:ASIAI0B
Importing 'GUID: 1984cd07fe96417f9e88f5771f6b4b32 - Path: Packages/com.unity.multiplayer.center/Editor/MultiplayerCenterWindow/UI/dark.uss - Importer: ScriptedImporter/UnityEditor.QuickSearchModule:UnityEditor.Search:ASIAI0B' with importer (ScriptedImporter : UnityEditor.QuickSearchModule:UnityEditor.Search:ASIAI0B)
Imported 'GUID: 1984cd07fe96417f9e88f5771f6b4b32' -> (Import Result ID: '701a5218ef26a77487267994fae7a316') in 0.002 seconds [static and dynamic dependencies]. Details - ImportResultOutputID=8b9f84e6afecde7175e426780a8460be DependenciesID=6a5b1312b86f2a7657d9d3e7c68b483b StaticDependenciesID=88653429d607cb38daa99bd3b24408c2 
Number of updated asset objects reloaded before import = 0
Number of asset objects unloaded after import = 9
========================================================================
Received Import Request.
  Time of request: 2026-08-27T05:11:08.617363Z
  Time since last request: 0.000121042 seconds.
  importAddress: GUID: bcf305fff4614e26a6979b63e954f6d6 - Path: Packages/com.unity.multiplayer.center/Editor/MultiplayerCenterWindow/UI/QuestionnaireView.cs - Importer: ScriptedImporter/UnityEditor.QuickSearchModule:UnityEditor.Search:ASIAI0B
Importing 'GUID: bcf305fff4614e26a6979b63e954f6d6 - Path: Packages/com.unity.multiplayer.center/Editor/MultiplayerCenterWindow/UI/QuestionnaireView.cs - Importer: ScriptedImporter/UnityEditor.QuickSearchModule:UnityEditor.Search:ASIAI0B' with importer (ScriptedImporter : UnityEditor.QuickSearchModule:UnityEditor.Search:ASIAI0B)
Imported 'GUID: bcf305fff4614e26a6979b63e954f6d6' -> (Import Result ID: '2f7ac3f3a92f82ea69c49d2c33130f89') in 0.001 seconds [static and dynamic dependencies]. Details - ImportResultOutputID=8469fd8b995ceb05fbe5f3ee957afdf4 DependenciesID=d057689c475fc8f61c3304dc542c3934 StaticDependenciesID=fe92a2b779dec5c8f4d5aaa0472315f6 
Number of updated asset objects reloaded before import = 0
Number of asset objects unloaded after import = 0
========================================================================
Received Import Request.
  Time of request: 2026-08-27T05:11:08.61834Z
  Time since last request: 0.000129167 seconds.
  importAddress: GUID: 63314900d81e4a15814496af1889cb51 - Path: Packages/com.unity.multiplayer.center/Editor/MultiplayerCenterWindow/UI/RecommendationView/SectionHeader.cs - Importer: ScriptedImporter/UnityEditor.QuickSearchModule:UnityEditor.Search:ASIAI0B
Importing 'GUID: 63314900d81e4a15814496af1889cb51 - Path: Packages/com.unity.multiplayer.center/Editor/MultiplayerCenterWindow/UI/RecommendationView/SectionHeader.cs - Importer: ScriptedImporter/UnityEditor.QuickSearchModule:UnityEditor.Search:ASIAI0B' with importer (ScriptedImporter : UnityEditor.QuickSearchModule:UnityEditor.Search:ASIAI0B)
Imported 'GUID: 63314900d81e4a15814496af1889cb51' -> (Import Result ID: 'ac6ce1b5f9241c737da6d7bcfb7f27be') in 0.001 seconds [static and dynamic dependencies]. Details - ImportResultOutputID=9ae115550a8f0dad8519ffdb093bfd22 DependenciesID=aa663f8f747895da78c29862e9fe283a StaticDependenciesID=f47ff65f885c345c3aaeaac4fe8cf8b9 
Number of updated asset objects reloaded before import = 0
Number of asset objects unloaded after import = 0
========================================================================
Received Import Request.
  Time of request: 2026-08-27T05:11:08.619189Z
  Time since last request: 0.000147125 seconds.
  importAddress: GUID: 9431e8221045c4af189b2fa7174b9e9f - Path: Packages/com.unity.multiplayer.center/Editor/MultiplayerCenterWindow/UI/Icons/PackageManager@2x.png - Importer: ScriptedImporter/UnityEditor.QuickSearchModule:UnityEditor.Search:ASIAI0B
Importing 'GUID: 9431e8221045c4af189b2fa7174b9e9f - Path: Packages/com.unity.multiplayer.center/Editor/MultiplayerCenterWindow/UI/Icons/PackageManager@2x.png - Importer: ScriptedImporter/UnityEditor.QuickSearchModule:UnityEditor.Search:ASIAI0B' with importer (ScriptedImporter : UnityEditor.QuickSearchModule:UnityEditor.Search:ASIAI0B)
Imported 'GUID: 9431e8221045c4af189b2fa7174b9e9f' -> (Import Result ID: '446c0683fba5fdb585dd3681dc6bf9c4') in 0.002 seconds [static and dynamic dependencies]. Details - ImportResultOutputID=6e6dd3e2da0d5cb6333342f9209ee6a5 DependenciesID=bf1020a9cbdf815931fe515a85dd82ce StaticDependenciesID=018a8aa4bf3148d4668c61b16611e9f3 
Number of updated asset objects reloaded before import = 0
Number of asset objects unloaded after import = 1
========================================================================
Received Import Request.
  Time of request: 2026-08-27T05:11:08.621096Z
  Time since last request: 0.000132167 seconds.
  importAddress: GUID: 470a2d15035f44b7b2888a0db0704bff - Path: Packages/com.unity.multiplayer.center/Tests/Editor/TabGroupTests.cs - Importer: ScriptedImporter/UnityEditor.QuickSearchModule:UnityEditor.Search:ASIAI0B
Importing 'GUID: 470a2d15035f44b7b2888a0db0704bff - Path: Packages/com.unity.multiplayer.center/Tests/Editor/TabGroupTests.cs - Importer: ScriptedImporter/UnityEditor.QuickSearchModule:UnityEditor.Search:ASIAI0B' with importer (ScriptedImporter : UnityEditor.QuickSearchModule:UnityEditor.Search:ASIAI0B)
Imported 'GUID: 470a2d15035f44b7b2888a0db0704bff' -> (Import Result ID: '9b17f5a6697ff6c8595b0d607a18b333') in 0.000 seconds [static and dynamic dependencies]. Details - ImportResultOutputID=7de8519350adfb3b1a0e25c722c549ba DependenciesID=3d1d8d75323ce4afb0ac8446655843c4 StaticDependenciesID=62649842ae29c31d7cd4ba6114379ab6 
Number of updated asset objects reloaded before import = 0
Number of asset objects unloaded after import = 0
========================================================================
Received Import Request.
  Time of request: 2026-08-27T05:11:08.621783Z
  Time since last request: 0.0001665 seconds.
  importAddress: GUID: 2adffcc506285402aa795dee6f3166d0 - Path: Packages/com.unity.multiplayer.center/Editor/MultiplayerCenterWindow/UI/Icons/EmptyViewIcon@2x.png - Importer: ScriptedImporter/UnityEditor.QuickSearchModule:UnityEditor.Search:ASIAI0B
Importing 'GUID: 2adffcc506285402aa795dee6f3166d0 - Path: Packages/com.unity.multiplayer.center/Editor/MultiplayerCenterWindow/UI/Icons/EmptyViewIcon@2x.png - Importer: ScriptedImporter/UnityEditor.QuickSearchModule:UnityEditor.Search:ASIAI0B' with importer (ScriptedImporter : UnityEditor.QuickSearchModule:UnityEditor.Search:ASIAI0B)
Imported 'GUID: 2adffcc506285402aa795dee6f3166d0' -> (Import Result ID: '605277543e523775de7020046bad14ec') in 0.002 seconds [static and dynamic dependencies]. Details - ImportResultOutputID=2bb4c0dbe72c2273da5608aeead38e2a DependenciesID=9c10f783325ab4bcb674d99552082935 StaticDependenciesID=0bacef1520e749616cf5e362a3bae68c 
Number of updated asset objects reloaded before import = 0
Number of asset objects unloaded after import = 1
========================================================================
Received Import Request.
  Time of request: 2026-08-27T05:11:08.624059Z
  Time since last request: 0.000185375 seconds.
  importAddress: GUID: c7a38e6eccbfc49778cb8b77f594a971 - Path: Packages/com.unity.multiplayer.center/Editor/MultiplayerCenterWindow/UI/Icons/ClientHosted@2x.png - Importer: ScriptedImporter/UnityEditor.QuickSearchModule:UnityEditor.Search:ASIAI0B
Importing 'GUID: c7a38e6eccbfc49778cb8b77f594a971 - Path: Packages/com.unity.multiplayer.center/Editor/MultiplayerCenterWindow/UI/Icons/ClientHosted@2x.png - Importer: ScriptedImporter/UnityEditor.QuickSearchModule:UnityEditor.Search:ASIAI0B' with importer (ScriptedImporter : UnityEditor.QuickSearchModule:UnityEditor.Search:ASIAI0B)
Imported 'GUID: c7a38e6eccbfc49778cb8b77f594a971' -> (Import Result ID: 'aa17ac870bf27c04a2daa25c568fca2c') in 0.003 seconds [static and dynamic dependencies]. Details - ImportResultOutputID=55763bbae07997c421021365cf914fed DependenciesID=bf59a169fc247c5e088c991efe6f5ccd StaticDependenciesID=7687b4e7a78c54aa6a80cbdb018ddd20 
Number of updated asset objects reloaded before import = 0
Number of asset objects unloaded after import = 1
========================================================================
Received Import Request.
  Time of request: 2026-08-27T05:11:08.638202Z
  Time since last request: 0.011552375 seconds.
  importAddress: GUID: 96d14b71b907bb52333b2886e665aba6 - Path: Packages/com.unity.modules.video/package.json - Importer: ScriptedImporter/UnityEditor.QuickSearchModule:UnityEditor.Search:ASIAI0B
Importing 'GUID: 96d14b71b907bb52333b2886e665aba6 - Path: Packages/com.unity.modules.video/package.json - Importer: ScriptedImporter/UnityEditor.QuickSearchModule:UnityEditor.Search:ASIAI0B' with importer (ScriptedImporter : UnityEditor.QuickSearchModule:UnityEditor.Search:ASIAI0B)
Imported 'GUID: 96d14b71b907bb52333b2886e665aba6' -> (Import Result ID: 'df1c3ae82b726101baee206f792ea5bc') in 0.001 seconds [static and dynamic dependencies]. Details - ImportResultOutputID=3109a6e19ffd113346aefd3840888727 DependenciesID=a65b7a2bc16e401c13886c5fe2e13c7c StaticDependenciesID=e295aabba7e8c24d7ebc09a1e313a7df 
Number of updated asset objects reloaded before import = 0
Number of asset objects unloaded after import = 1
========================================================================
Received Import Request.
  Time of request: 2026-08-27T05:11:08.639276Z
  Time since last request: 0.00018325 seconds.
  importAddress: GUID: fe6a6957b37b61417b457a1e0541791d - Path: Packages/com.unity.modules.physics2d/package.ModuleCompilationTrigger - Importer: ScriptedImporter/UnityEditor.QuickSearchModule:UnityEditor.Search:ASIAI0B
Importing 'GUID: fe6a6957b37b61417b457a1e0541791d - Path: Packages/com.unity.modules.physics2d/package.ModuleCompilationTrigger - Importer: ScriptedImporter/UnityEditor.QuickSearchModule:UnityEditor.Search:ASIAI0B' with importer (ScriptedImporter : UnityEditor.QuickSearchModule:UnityEditor.Search:ASIAI0B)
Imported 'GUID: fe6a6957b37b61417b457a1e0541791d' -> (Import Result ID: '8fd2a8ede4b573088a7cc9f9b710aa4b') in 0.001 seconds [static and dynamic dependencies]. Details - ImportResultOutputID=80cbe5b4e93e2fe903dab6364e5ae0cf DependenciesID=5647ce72b3768bb8c45992f340f20e6e StaticDependenciesID=69dee1165741315e2436e76a95d2009a 
Number of updated asset objects reloaded before import = 0
Number of asset objects unloaded after import = 1
========================================================================
Received Import Request.
  Time of request: 2026-08-27T05:11:08.639995Z
  Time since last request: 0.000111792 seconds.
  importAddress: GUID: 4745d06d5a7ca576dcf9e5e67b417652 - Path: Packages/com.unity.modules.accessibility/package.ModuleCompilationTrigger - Importer: ScriptedImporter/UnityEditor.QuickSearchModule:UnityEditor.Search:ASIAI0B
Importing 'GUID: 4745d06d5a7ca576dcf9e5e67b417652 - Path: Packages/com.unity.modules.accessibility/package.ModuleCompilationTrigger - Importer: ScriptedImporter/UnityEditor.QuickSearchModule:UnityEditor.Search:ASIAI0B' with importer (ScriptedImporter : UnityEditor.QuickSearchModule:UnityEditor.Search:ASIAI0B)
Imported 'GUID: 4745d06d5a7ca576dcf9e5e67b417652' -> (Import Result ID: 'ef0db3d5013237698cbc158ba8b34ec9') in 0.000 seconds [static and dynamic dependencies]. Details - ImportResultOutputID=c930c9bd81f32c148a63f76c685bce3e DependenciesID=981cd5d76296a12fcfe1d943344811ff StaticDependenciesID=688c0e5efd6dd3e300a07c96635167d9 
Number of updated asset objects reloaded before import = 0
Number of asset objects unloaded after import = 1
========================================================================
Received Import Request.
  Time of request: 2026-08-27T05:11:08.64062Z
  Time since last request: 0.000125417 seconds.
  importAddress: GUID: 9b1a5759726ef9d39a0ab82047b615f1 - Path: Packages/com.unity.modules.hierarchycore/package.json - Importer: ScriptedImporter/UnityEditor.QuickSearchModule:UnityEditor.Search:ASIAI0B
Importing 'GUID: 9b1a5759726ef9d39a0ab82047b615f1 - Path: Packages/com.unity.modules.hierarchycore/package.json - Importer: ScriptedImporter/UnityEditor.QuickSearchModule:UnityEditor.Search:ASIAI0B' with importer (ScriptedImporter : UnityEditor.QuickSearchModule:UnityEditor.Search:ASIAI0B)
Imported 'GUID: 9b1a5759726ef9d39a0ab82047b615f1' -> (Import Result ID: '0d9230400d3c9f81aa13f991b2c9bbd0') in 0.001 seconds [static and dynamic dependencies]. Details - ImportResultOutputID=1e2c8d1d885acb1d65b901480d4f6887 DependenciesID=1a7f8d7754d48e934d2757d0e9e719dc StaticDependenciesID=2ea7daa244ede86ca5c2714ec81a5606 
Number of updated asset objects reloaded before import = 0
Number of asset objects unloaded after import = 1
========================================================================
Received Import Request.
  Time of request: 2026-08-27T05:11:08.64127Z
  Time since last request: 0.000109417 seconds.
  importAddress: GUID: c82e859b16636ddd2ca4a1f63fd34938 - Path: Packages/com.unity.modules.androidjni/package.ModuleCompilationTrigger - Importer: ScriptedImporter/UnityEditor.QuickSearchModule:UnityEditor.Search:ASIAI0B
Importing 'GUID: c82e859b16636ddd2ca4a1f63fd34938 - Path: Packages/com.unity.modules.androidjni/package.ModuleCompilationTrigger - Importer: ScriptedImporter/UnityEditor.QuickSearchModule:UnityEditor.Search:ASIAI0B' with importer (ScriptedImporter : UnityEditor.QuickSearchModule:UnityEditor.Search:ASIAI0B)
Imported 'GUID: c82e859b16636ddd2ca4a1f63fd34938' -> (Import Result ID: 'ae3aa55e57d4c21dbe89e50e43bfa6b6') in 0.000 seconds [static and dynamic dependencies]. Details - ImportResultOutputID=c7c362688e9d9fe7c6347571edde5229 DependenciesID=15ceb2d158639abc81ac6012baab6d32 StaticDependenciesID=3c85765e871405360eb6bfd56717e9d9 
Number of updated asset objects reloaded before import = 0
Number of asset objects unloaded after import = 1
========================================================================
Received Import Request.
  Time of request: 2026-08-27T05:11:08.642003Z
  Time since last request: 0.000247416 seconds.
  importAddress: GUID: 4c413a81cadcce7038e446e56570117e - Path: Packages/com.unity.modules.adaptiveperformance/package.json - Importer: ScriptedImporter/UnityEditor.QuickSearchModule:UnityEditor.Search:ASIAI0B
Importing 'GUID: 4c413a81cadcce7038e446e56570117e - Path: Packages/com.unity.modules.adaptiveperformance/package.json - Importer: ScriptedImporter/UnityEditor.QuickSearchModule:UnityEditor.Search:ASIAI0B' with importer (ScriptedImporter : UnityEditor.QuickSearchModule:UnityEditor.Search:ASIAI0B)
Imported 'GUID: 4c413a81cadcce7038e446e56570117e' -> (Import Result ID: '84cb3026cff287bf6e0b2718d5d45b52') in 0.001 seconds [static and dynamic dependencies]. Details - ImportResultOutputID=48a86888dc0da21b6730a9fa195293aa DependenciesID=a32567242d90298559e4457f67f4ede8 StaticDependenciesID=0e531c1cf286a42396ad6f9d30e06960 
Number of updated asset objects reloaded before import = 0
Number of asset objects unloaded after import = 1
========================================================================
Received Import Request.
  Time of request: 2026-08-27T05:11:08.642831Z
  Time since last request: 0.000199209 seconds.
  importAddress: GUID: 3cc1ebf2abb7fef6871ad48f499b6e21 - Path: Packages/com.unity.modules.vectorgraphics/package.ModuleCompilationTrigger - Importer: ScriptedImporter/UnityEditor.QuickSearchModule:UnityEditor.Search:ASIAI0B
Importing 'GUID: 3cc1ebf2abb7fef6871ad48f499b6e21 - Path: Packages/com.unity.modules.vectorgraphics/package.ModuleCompilationTrigger - Importer: ScriptedImporter/UnityEditor.QuickSearchModule:UnityEditor.Search:ASIAI0B' with importer (ScriptedImporter : UnityEditor.QuickSearchModule:UnityEditor.Search:ASIAI0B)
Imported 'GUID: 3cc1ebf2abb7fef6871ad48f499b6e21' -> (Import Result ID: '23b50428c80bf45c03c40e071f6ef447') in 0.001 seconds [static and dynamic dependencies]. Details - ImportResultOutputID=04fbe79549fa4a2f41391074a604537b DependenciesID=33e23ec09f2157c8c888ad8c41e80232 StaticDependenciesID=91f16ef788375314def576571cc72f35 
Number of updated asset objects reloaded before import = 0
Number of asset objects unloaded after import = 1
========================================================================
Received Import Request.
  Time of request: 2026-08-27T05:11:08.643641Z
  Time since last request: 0.000192917 seconds.
  importAddress: GUID: 8d4bc6bfa28760b29f13174d6b6ea710 - Path: Packages/com.unity.modules.subsystems/package.ModuleCompilationTrigger - Importer: ScriptedImporter/UnityEditor.QuickSearchModule:UnityEditor.Search:ASIAI0B
Importing 'GUID: 8d4bc6bfa28760b29f13174d6b6ea710 - Path: Packages/com.unity.modules.subsystems/package.ModuleCompilationTrigger - Importer: ScriptedImporter/UnityEditor.QuickSearchModule:UnityEditor.Search:ASIAI0B' with importer (ScriptedImporter : UnityEditor.QuickSearchModule:UnityEditor.Search:ASIAI0B)
Imported 'GUID: 8d4bc6bfa28760b29f13174d6b6ea710' -> (Import Result ID: 'ec42a5efa3d8e85d51ad1a9488ad1236') in 0.001 seconds [static and dynamic dependencies]. Details - ImportResultOutputID=d51d9358248f412a772392c33a60bc58 DependenciesID=e8246deba088f5278f08ba7a5f1bc462 StaticDependenciesID=569c3bbc6c705a7e74b59b6b04cd2a88 
Number of updated asset objects reloaded before import = 0
Number of asset objects unloaded after import = 1
========================================================================
Received Import Request.
  Time of request: 2026-08-27T05:11:08.644484Z
  Time since last request: 0.000143375 seconds.
  importAddress: GUID: d2ec2d1228c8e67cdd913cb5609176a2 - Path: Packages/com.unity.modules.unitywebrequest/package.ModuleCompilationTrigger - Importer: ScriptedImporter/UnityEditor.QuickSearchModule:UnityEditor.Search:ASIAI0B
Importing 'GUID: d2ec2d1228c8e67cdd913cb5609176a2 - Path: Packages/com.unity.modules.unitywebrequest/package.ModuleCompilationTrigger - Importer: ScriptedImporter/UnityEditor.QuickSearchModule:UnityEditor.Search:ASIAI0B' with importer (ScriptedImporter : UnityEditor.QuickSearchModule:UnityEditor.Search:ASIAI0B)
Imported 'GUID: d2ec2d1228c8e67cdd913cb5609176a2' -> (Import Result ID: '0c1bb1b93417a692942885f65ee826d8') in 0.000 seconds [static and dynamic dependencies]. Details - ImportResultOutputID=f5ad380e32ea96a1c06777df01e0dad7 DependenciesID=ea8b9c66115e0fd8868c523510e36281 StaticDependenciesID=8a91491cbf389786d09c45543a1b2682 
Number of updated asset objects reloaded before import = 0
Number of asset objects unloaded after import = 1
========================================================================
Received Import Request.
  Time of request: 2026-08-27T05:11:08.645142Z
  Time since last request: 0.000131625 seconds.
  importAddress: GUID: 082fbee38a82835433261a5e9c00e267 - Path: Packages/com.unity.modules.cloth/package.ModuleCompilationTrigger - Importer: ScriptedImporter/UnityEditor.QuickSearchModule:UnityEditor.Search:ASIAI0B
Importing 'GUID: 082fbee38a82835433261a5e9c00e267 - Path: Packages/com.unity.modules.cloth/package.ModuleCompilationTrigger - Importer: ScriptedImporter/UnityEditor.QuickSearchModule:UnityEditor.Search:ASIAI0B' with importer (ScriptedImporter : UnityEditor.QuickSearchModule:UnityEditor.Search:ASIAI0B)
Imported 'GUID: 082fbee38a82835433261a5e9c00e267' -> (Import Result ID: 'c4d541e75d40197d83713f39a7898bd6') in 0.001 seconds [static and dynamic dependencies]. Details - ImportResultOutputID=593bb7ffd53bfe04ff4d543e1b12ec72 DependenciesID=6c464e779d573d558278c25ac805e934 StaticDependenciesID=88a1ddda8b89766c5359df6f48efd9a6 
Number of updated asset objects reloaded before import = 0
Number of asset objects unloaded after import = 1
========================================================================
Received Import Request.
  Time of request: 2026-08-27T05:11:08.645857Z
  Time since last request: 0.000133958 seconds.
  importAddress: GUID: 51fa60bb2bd1e5bc74e8cc95a7bfd5b7 - Path: Packages/com.unity.modules.ui/package.ModuleCompilationTrigger - Importer: ScriptedImporter/UnityEditor.QuickSearchModule:UnityEditor.Search:ASIAI0B
Importing 'GUID: 51fa60bb2bd1e5bc74e8cc95a7bfd5b7 - Path: Packages/com.unity.modules.ui/package.ModuleCompilationTrigger - Importer: ScriptedImporter/UnityEditor.QuickSearchModule:UnityEditor.Search:ASIAI0B' with importer (ScriptedImporter : UnityEditor.QuickSearchModule:UnityEditor.Search:ASIAI0B)
Imported 'GUID: 51fa60bb2bd1e5bc74e8cc95a7bfd5b7' -> (Import Result ID: '178259461f25bcb6517e89886b404e79') in 0.000 seconds [static and dynamic dependencies]. Details - ImportResultOutputID=420387a86fb5d383be442ceb6212ce22 DependenciesID=597d32e37f6557ebfd049b5460075418 StaticDependenciesID=d430922f28c211a71b68c77eb4a36b35 
Number of updated asset objects reloaded before import = 0
Number of asset objects unloaded after import = 1
========================================================================
Received Import Request.
  Time of request: 2026-08-27T05:11:08.646523Z
  Time since last request: 0.000169334 seconds.
  importAddress: GUID: 17f093324b67f5bd57e55b546736750e - Path: Packages/com.unity.modules.particlesystem/package.ModuleCompilationTrigger - Importer: ScriptedImporter/UnityEditor.QuickSearchModule:UnityEditor.Search:ASIAI0B
Importing 'GUID: 17f093324b67f5bd57e55b546736750e - Path: Packages/com.unity.modules.particlesystem/package.ModuleCompilationTrigger - Importer: ScriptedImporter/UnityEditor.QuickSearchModule:UnityEditor.Search:ASIAI0B' with importer (ScriptedImporter : UnityEditor.QuickSearchModule:UnityEditor.Search:ASIAI0B)
Imported 'GUID: 17f093324b67f5bd57e55b546736750e' -> (Import Result ID: 'dd06a2866f63c8bd09dc9f49cc961ae5') in 0.001 seconds [static and dynamic dependencies]. Details - ImportResultOutputID=bf8b12d8f528a10a7b173567f22dc64b DependenciesID=9e7418bc7662d7a179d81afc10ffa9dd StaticDependenciesID=43d1286c8a495a5366ac3881b722e1a0 
Number of updated asset objects reloaded before import = 0
Number of asset objects unloaded after import = 1
========================================================================
Received Import Request.
  Time of request: 2026-08-27T05:11:08.647284Z
  Time since last request: 0.00013925 seconds.
  importAddress: GUID: 87d720faa37005c08600090e04d8c739 - Path: Packages/com.unity.modules.particlesystem/package.json - Importer: ScriptedImporter/UnityEditor.QuickSearchModule:UnityEditor.Search:ASIAI0B
Importing 'GUID: 87d720faa37005c08600090e04d8c739 - Path: Packages/com.unity.modules.particlesystem/package.json - Importer: ScriptedImporter/UnityEditor.QuickSearchModule:UnityEditor.Search:ASIAI0B' with importer (ScriptedImporter : UnityEditor.QuickSearchModule:UnityEditor.Search:ASIAI0B)
Imported 'GUID: 87d720faa37005c08600090e04d8c739' -> (Import Result ID: 'faf75cf34a00bcc2c5712a557f5b6613') in 0.000 seconds [static and dynamic dependencies]. Details - ImportResultOutputID=635b29c4ae187a05a1443b2d069db833 DependenciesID=eb30e3820a88e4530f9ab721081173dd StaticDependenciesID=ece3f1322fe16d4e9831bd890c4bc7ee 
Number of updated asset objects reloaded before import = 0
Number of asset objects unloaded after import = 1
========================================================================
Received Import Request.
  Time of request: 2026-08-27T05:11:08.647965Z
  Time since last request: 0.000175458 seconds.
  importAddress: GUID: e2d09a26ce46dc617b54e49a534ace20 - Path: Packages/com.unity.modules.ai/package.ModuleCompilationTrigger - Importer: ScriptedImporter/UnityEditor.QuickSearchModule:UnityEditor.Search:ASIAI0B
Importing 'GUID: e2d09a26ce46dc617b54e49a534ace20 - Path: Packages/com.unity.modules.ai/package.ModuleCompilationTrigger - Importer: ScriptedImporter/UnityEditor.QuickSearchModule:UnityEditor.Search:ASIAI0B' with importer (ScriptedImporter : UnityEditor.QuickSearchModule:UnityEditor.Search:ASIAI0B)
Imported 'GUID: e2d09a26ce46dc617b54e49a534ace20' -> (Import Result ID: 'd16a0961c7c07bebe7328975e1d3997c') in 0.001 seconds [static and dynamic dependencies]. Details - ImportResultOutputID=469282096d030f0a85d925a64d254e84 DependenciesID=1035214cb823621b25616822e4193abb StaticDependenciesID=de0e16b6698c943820e262034e0a0b92 
Number of updated asset objects reloaded before import = 0
Number of asset objects unloaded after import = 1
========================================================================
Received Import Request.
  Time of request: 2026-08-27T05:11:08.648656Z
  Time since last request: 0.000117 seconds.
  importAddress: GUID: c88e90bad18cceb5d182d0c805883056 - Path: Packages/com.unity.modules.director/package.ModuleCompilationTrigger - Importer: ScriptedImporter/UnityEditor.QuickSearchModule:UnityEditor.Search:ASIAI0B
Importing 'GUID: c88e90bad18cceb5d182d0c805883056 - Path: Packages/com.unity.modules.director/package.ModuleCompilationTrigger - Importer: ScriptedImporter/UnityEditor.QuickSearchModule:UnityEditor.Search:ASIAI0B' with importer (ScriptedImporter : UnityEditor.QuickSearchModule:UnityEditor.Search:ASIAI0B)
Imported 'GUID: c88e90bad18cceb5d182d0c805883056' -> (Import Result ID: '6c6c9db49907bfae07a9cc6df6926cf8') in 0.000 seconds [static and dynamic dependencies]. Details - ImportResultOutputID=4cbb72355fcd73ded3c315cd1d98eb86 DependenciesID=661a6a9167d205b7fec5f802ed56672d StaticDependenciesID=b9553544096cd428095952b321ff59d9 
Number of updated asset objects reloaded before import = 0
Number of asset objects unloaded after import = 1
========================================================================
Received Import Request.
  Time of request: 2026-08-27T05:11:08.649258Z
  Time since last request: 0.0001145 seconds.
  importAddress: GUID: 906c12bc9cd95d3963c6d58f62522c78 - Path: Packages/com.unity.modules.cloth/package.json - Importer: ScriptedImporter/UnityEditor.QuickSearchModule:UnityEditor.Search:ASIAI0B
Importing 'GUID: 906c12bc9cd95d3963c6d58f62522c78 - Path: Packages/com.unity.modules.cloth/package.json - Importer: ScriptedImporter/UnityEditor.QuickSearchModule:UnityEditor.Search:ASIAI0B' with importer (ScriptedImporter : UnityEditor.QuickSearchModule:UnityEditor.Search:ASIAI0B)
Imported 'GUID: 906c12bc9cd95d3963c6d58f62522c78' -> (Import Result ID: 'f1f05ba5f09585dde747e486d04a0ecf') in 0.000 seconds [static and dynamic dependencies]. Details - ImportResultOutputID=d43cc5ab73ceb27bfe7658c82bba8c53 DependenciesID=c4af4579b3349dc8407c0a3de2e72511 StaticDependenciesID=0f151c8145a0dffee91b7a9f55d3202f 
Number of updated asset objects reloaded before import = 0
Number of asset objects unloaded after import = 1
========================================================================
Received Import Request.
  Time of request: 2026-08-27T05:11:08.649837Z
  Time since last request: 0.00012175 seconds.
  importAddress: GUID: 1af35a910338381f753e8a985eb5daab - Path: Packages/com.unity.modules.adaptiveperformance/package.ModuleCompilationTrigger - Importer: ScriptedImporter/UnityEditor.QuickSearchModule:UnityEditor.Search:ASIAI0B
Importing 'GUID: 1af35a910338381f753e8a985eb5daab - Path: Packages/com.unity.modules.adaptiveperformance/package.ModuleCompilationTrigger - Importer: ScriptedImporter/UnityEditor.QuickSearchModule:UnityEditor.Search:ASIAI0B' with importer (ScriptedImporter : UnityEditor.QuickSearchModule:UnityEditor.Search:ASIAI0B)
Imported 'GUID: 1af35a910338381f753e8a985eb5daab' -> (Import Result ID: 'e88c6a2465beb5242e75f66e706fb38d') in 0.000 seconds [static and dynamic dependencies]. Details - ImportResultOutputID=2c6380f267bb38252227964eb9795e56 DependenciesID=045fa7ad7781343838abebca4d4ec0ea StaticDependenciesID=8189203b1cab84e876f3f0a02e2b20da 
Number of updated asset objects reloaded before import = 0
Number of asset objects unloaded after import = 1
========================================================================
Received Import Request.
  Time of request: 2026-08-27T05:11:08.650434Z
  Time since last request: 0.000158041 seconds.
  importAddress: GUID: 43674d438e19b89d7fe6af07234f3252 - Path: Packages/com.unity.modules.accessibility/package.json - Importer: ScriptedImporter/UnityEditor.QuickSearchModule:UnityEditor.Search:ASIAI0B
Importing 'GUID: 43674d438e19b89d7fe6af07234f3252 - Path: Packages/com.unity.modules.accessibility/package.json - Importer: ScriptedImporter/UnityEditor.QuickSearchModule:UnityEditor.Search:ASIAI0B' with importer (ScriptedImporter : UnityEditor.QuickSearchModule:UnityEditor.Search:ASIAI0B)
Imported 'GUID: 43674d438e19b89d7fe6af07234f3252' -> (Import Result ID: 'c4847eca4e7cf92496bc9b86b607fba3') in 0.001 seconds [static and dynamic dependencies]. Details - ImportResultOutputID=946783c400e83670c6901f273c8a154c DependenciesID=1301be314237cef1cc6a089e12774dc0 StaticDependenciesID=0e7a52d585c7da54a47b6eb05e36c142 
Number of updated asset objects reloaded before import = 0
Number of asset objects unloaded after import = 1
========================================================================
Received Import Request.
  Time of request: 2026-08-27T05:11:08.651152Z
  Time since last request: 0.000172459 seconds.
  importAddress: GUID: 3fdd83b151eb8d25c5e2f82fc39dcb04 - Path: Packages/com.unity.modules.unitywebrequest/package.json - Importer: ScriptedImporter/UnityEditor.QuickSearchModule:UnityEditor.Search:ASIAI0B
Importing 'GUID: 3fdd83b151eb8d25c5e2f82fc39dcb04 - Path: Packages/com.unity.modules.unitywebrequest/package.json - Importer: ScriptedImporter/UnityEditor.QuickSearchModule:UnityEditor.Search:ASIAI0B' with importer (ScriptedImporter : UnityEditor.QuickSearchModule:UnityEditor.Search:ASIAI0B)
Imported 'GUID: 3fdd83b151eb8d25c5e2f82fc39dcb04' -> (Import Result ID: '88af2c849ef842f09237c8f34cdbfcd5') in 0.000 seconds [static and dynamic dependencies]. Details - ImportResultOutputID=d2516565092ef067ad84d69f6a4a7aea DependenciesID=499e2604a6790588cbfb254193513e42 StaticDependenciesID=8d25f18eb2759d43fc03247f1f959aa9 
Number of updated asset objects reloaded before import = 0
Number of asset objects unloaded after import = 1
========================================================================
Received Import Request.
  Time of request: 2026-08-27T05:11:08.651848Z
  Time since last request: 0.000168125 seconds.
  importAddress: GUID: 2adec19fac7df68adf1fd6eb83197bb1 - Path: Packages/com.unity.modules.wind/package.ModuleCompilationTrigger - Importer: ScriptedImporter/UnityEditor.QuickSearchModule:UnityEditor.Search:ASIAI0B
Importing 'GUID: 2adec19fac7df68adf1fd6eb83197bb1 - Path: Packages/com.unity.modules.wind/package.ModuleCompilationTrigger - Importer: ScriptedImporter/UnityEditor.QuickSearchModule:UnityEditor.Search:ASIAI0B' with importer (ScriptedImporter : UnityEditor.QuickSearchModule:UnityEditor.Search:ASIAI0B)
Imported 'GUID: 2adec19fac7df68adf1fd6eb83197bb1' -> (Import Result ID: '76acd2c5036ef73e841209f1d73d6d74') in 0.000 seconds [static and dynamic dependencies]. Details - ImportResultOutputID=4c1aff807ba1d8e9fd4ab6f14519b8ad DependenciesID=28278c9ceb0a6a617e556612d76e1fe8 StaticDependenciesID=958681de67dfe767159dedd7d55526a9 
Number of updated asset objects reloaded before import = 0
Number of asset objects unloaded after import = 1
========================================================================
Received Import Request.
  Time of request: 2026-08-27T05:11:08.652476Z
  Time since last request: 0.000133708 seconds.
  importAddress: GUID: bfd567a3d1631a761bca9e99fa53d86d - Path: Packages/com.unity.modules.ui/package.json - Importer: ScriptedImporter/UnityEditor.QuickSearchModule:UnityEditor.Search:ASIAI0B
Importing 'GUID: bfd567a3d1631a761bca9e99fa53d86d - Path: Packages/com.unity.modules.ui/package.json - Importer: ScriptedImporter/UnityEditor.QuickSearchModule:UnityEditor.Search:ASIAI0B' with importer (ScriptedImporter : UnityEditor.QuickSearchModule:UnityEditor.Search:ASIAI0B)
Imported 'GUID: bfd567a3d1631a761bca9e99fa53d86d' -> (Import Result ID: '95d363426bd336740298c58ae2f6fbfe') in 0.000 seconds [static and dynamic dependencies]. Details - ImportResultOutputID=df3a2530d45333aaf25fad5135b3fdca DependenciesID=d50e47437bdccb66c8b8d4c9ea7e2b6c StaticDependenciesID=30e2bf43ce52534ee33e1c418daff201 
Number of updated asset objects reloaded before import = 0
Number of asset objects unloaded after import = 1
========================================================================
Received Import Request.
  Time of request: 2026-08-27T05:11:08.653054Z
  Time since last request: 0.000115958 seconds.
  importAddress: GUID: d104359075a97392b803d3d5aebc77f7 - Path: Packages/com.unity.modules.hierarchycore/package.ModuleCompilationTrigger - Importer: ScriptedImporter/UnityEditor.QuickSearchModule:UnityEditor.Search:ASIAI0B
Importing 'GUID: d104359075a97392b803d3d5aebc77f7 - Path: Packages/com.unity.modules.hierarchycore/package.ModuleCompilationTrigger - Importer: ScriptedImporter/UnityEditor.QuickSearchModule:UnityEditor.Search:ASIAI0B' with importer (ScriptedImporter : UnityEditor.QuickSearchModule:UnityEditor.Search:ASIAI0B)
Imported 'GUID: d104359075a97392b803d3d5aebc77f7' -> (Import Result ID: 'f1a51a203b64dc2ef3ce5f5016eebcca') in 0.000 seconds [static and dynamic dependencies]. Details - ImportResultOutputID=402ef76b44dd2d47fd9035fdbf6d43c3 DependenciesID=83184813ffa13f062e2fc2ca9b238ad7 StaticDependenciesID=777bf9f5a809c118b4172931b316133a 
Number of updated asset objects reloaded before import = 0
Number of asset objects unloaded after import = 1
========================================================================
Received Import Request.
  Time of request: 2026-08-27T05:11:08.653571Z
  Time since last request: 0.000110667 seconds.
  importAddress: GUID: f62135e79edb837b2d2ee3c524da864c - Path: Packages/com.unity.modules.video/package.ModuleCompilationTrigger - Importer: ScriptedImporter/UnityEditor.QuickSearchModule:UnityEditor.Search:ASIAI0B
Importing 'GUID: f62135e79edb837b2d2ee3c524da864c - Path: Packages/com.unity.modules.video/package.ModuleCompilationTrigger - Importer: ScriptedImporter/UnityEditor.QuickSearchModule:UnityEditor.Search:ASIAI0B' with importer (ScriptedImporter : UnityEditor.QuickSearchModule:UnityEditor.Search:ASIAI0B)
Imported 'GUID: f62135e79edb837b2d2ee3c524da864c' -> (Import Result ID: '07cf95394d31c2e5941fc8ac56e3c4aa') in 0.000 seconds [static and dynamic dependencies]. Details - ImportResultOutputID=6b58f070382bbd7f673d17ccf53f6c54 DependenciesID=706c3af2c691725a8b7b6aee4b13403a StaticDependenciesID=77f880c9639ef67321a05e3418e574a7 
Number of updated asset objects reloaded before import = 0
Number of asset objects unloaded after import = 1
========================================================================
Received Import Request.
  Time of request: 2026-08-27T05:11:08.654068Z
  Time since last request: 0.000126375 seconds.
  importAddress: GUID: f7a8357347c80dc69c08d0b1a05e2122 - Path: Packages/com.unity.modules.physics2d/package.json - Importer: ScriptedImporter/UnityEditor.QuickSearchModule:UnityEditor.Search:ASIAI0B
Importing 'GUID: f7a8357347c80dc69c08d0b1a05e2122 - Path: Packages/com.unity.modules.physics2d/package.json - Importer: ScriptedImporter/UnityEditor.QuickSearchModule:UnityEditor.Search:ASIAI0B' with importer (ScriptedImporter : UnityEditor.QuickSearchModule:UnityEditor.Search:ASIAI0B)
Imported 'GUID: f7a8357347c80dc69c08d0b1a05e2122' -> (Import Result ID: '2ee0d8f54fcd864959ab27f638a9a807') in 0.001 seconds [static and dynamic dependencies]. Details - ImportResultOutputID=279b74da630231d91ff95fbd7531f11c DependenciesID=d6c91a57f715ec5a3ded7bf16e95f7cb StaticDependenciesID=5fc027e3ed14e5735525fc7080f1cc78 
Number of updated asset objects reloaded before import = 0
Number of asset objects unloaded after import = 1
========================================================================
Received Import Request.
  Time of request: 2026-08-27T05:11:08.654874Z
  Time since last request: 0.000244708 seconds.
  importAddress: GUID: 05f7f519769978b79b31d063a7fc6fa1 - Path: Packages/com.unity.modules.unitywebrequestassetbundle/package.json - Importer: ScriptedImporter/UnityEditor.QuickSearchModule:UnityEditor.Search:ASIAI0B
Importing 'GUID: 05f7f519769978b79b31d063a7fc6fa1 - Path: Packages/com.unity.modules.unitywebrequestassetbundle/package.json - Importer: ScriptedImporter/UnityEditor.QuickSearchModule:UnityEditor.Search:ASIAI0B' with importer (ScriptedImporter : UnityEditor.QuickSearchModule:UnityEditor.Search:ASIAI0B)
Imported 'GUID: 05f7f519769978b79b31d063a7fc6fa1' -> (Import Result ID: 'dee2600cf35ac894c28a0db4181f42ec') in 0.001 seconds [static and dynamic dependencies]. Details - ImportResultOutputID=c40b391ca992d2ee806a4141542e0987 DependenciesID=68598c3e2dbad9c0d4d7402de1bd5d8b StaticDependenciesID=5e2dc7e7ba07d507e6da8637fad5d228 
Number of updated asset objects reloaded before import = 0
Number of asset objects unloaded after import = 1
========================================================================
Received Import Request.
  Time of request: 2026-08-27T05:11:08.655717Z
  Time since last request: 0.000259042 seconds.
  importAddress: GUID: 2c814623cb42764d304be0c5ddd03ceb - Path: Packages/com.unity.modules.xr/package.json - Importer: ScriptedImporter/UnityEditor.QuickSearchModule:UnityEditor.Search:ASIAI0B
Importing 'GUID: 2c814623cb42764d304be0c5ddd03ceb - Path: Packages/com.unity.modules.xr/package.json - Importer: ScriptedImporter/UnityEditor.QuickSearchModule:UnityEditor.Search:ASIAI0B' with importer (ScriptedImporter : UnityEditor.QuickSearchModule:UnityEditor.Search:ASIAI0B)
Imported 'GUID: 2c814623cb42764d304be0c5ddd03ceb' -> (Import Result ID: 'a4cc6ca83858dacde4ad48f6ded38249') in 0.001 seconds [static and dynamic dependencies]. Details - ImportResultOutputID=453a3f39fd9d4d497d9e6acc30569033 DependenciesID=cc02ff8d3c53101dd08696b4dd34d1f8 StaticDependenciesID=ff0a767b1d8f7732dd55eebdf5b9b892 
Number of updated asset objects reloaded before import = 0
Number of asset objects unloaded after import = 1
========================================================================
Received Import Request.
  Time of request: 2026-08-27T05:11:08.656459Z
  Time since last request: 0.000159 seconds.
  importAddress: GUID: 5c1ee4056d0ac7ad3c5a16597fcaa38a - Path: Packages/com.unity.modules.physics/package.ModuleCompilationTrigger - Importer: ScriptedImporter/UnityEditor.QuickSearchModule:UnityEditor.Search:ASIAI0B
Importing 'GUID: 5c1ee4056d0ac7ad3c5a16597fcaa38a - Path: Packages/com.unity.modules.physics/package.ModuleCompilationTrigger - Importer: ScriptedImporter/UnityEditor.QuickSearchModule:UnityEditor.Search:ASIAI0B' with importer (ScriptedImporter : UnityEditor.QuickSearchModule:UnityEditor.Search:ASIAI0B)
Imported 'GUID: 5c1ee4056d0ac7ad3c5a16597fcaa38a' -> (Import Result ID: 'f4f274f2c7010153f52bf678e3497876') in 0.001 seconds [static and dynamic dependencies]. Details - ImportResultOutputID=0270b97a70af883f5d766c08e0f6382f DependenciesID=cb934ef64b91b7f8225d1238d072ad7a StaticDependenciesID=a840f9a988ea0c472996846c059a3e0b 
Number of updated asset objects reloaded before import = 0
Number of asset objects unloaded after import = 1
========================================================================
Received Import Request.
  Time of request: 2026-08-27T05:11:08.657171Z
  Time since last request: 0.000137709 seconds.
  importAddress: GUID: e5c46c19ce0ce2e0103aa6f82df1043a - Path: Packages/com.unity.modules.vehicles/package.ModuleCompilationTrigger - Importer: ScriptedImporter/UnityEditor.QuickSearchModule:UnityEditor.Search:ASIAI0B
Importing 'GUID: e5c46c19ce0ce2e0103aa6f82df1043a - Path: Packages/com.unity.modules.vehicles/package.ModuleCompilationTrigger - Importer: ScriptedImporter/UnityEditor.QuickSearchModule:UnityEditor.Search:ASIAI0B' with importer (ScriptedImporter : UnityEditor.QuickSearchModule:UnityEditor.Search:ASIAI0B)
Imported 'GUID: e5c46c19ce0ce2e0103aa6f82df1043a' -> (Import Result ID: 'e090aa71d7288b045251ab09d818b02c') in 0.000 seconds [static and dynamic dependencies]. Details - ImportResultOutputID=40ece04b24a0159a356c05872b00e499 DependenciesID=ef1dece6946ff18201b056891752ca42 StaticDependenciesID=d9e265e50840c485b23c82ea55fd048f 
Number of updated asset objects reloaded before import = 0
Number of asset objects unloaded after import = 1
========================================================================
Received Import Request.
  Time of request: 2026-08-27T05:11:08.657817Z
  Time since last request: 0.000124334 seconds.
  importAddress: GUID: c7a8b0317f4e68556d7509828e9e211e - Path: Packages/com.unity.modules.xr/package.ModuleCompilationTrigger - Importer: ScriptedImporter/UnityEditor.QuickSearchModule:UnityEditor.Search:ASIAI0B
Importing 'GUID: c7a8b0317f4e68556d7509828e9e211e - Path: Packages/com.unity.modules.xr/package.ModuleCompilationTrigger - Importer: ScriptedImporter/UnityEditor.QuickSearchModule:UnityEditor.Search:ASIAI0B' with importer (ScriptedImporter : UnityEditor.QuickSearchModule:UnityEditor.Search:ASIAI0B)
Imported 'GUID: c7a8b0317f4e68556d7509828e9e211e' -> (Import Result ID: '611d6f7947692648541c941029f3b9fe') in 0.000 seconds [static and dynamic dependencies]. Details - ImportResultOutputID=82505e6cf22f41ccdc0f81b55ad98e0b DependenciesID=18ea8836b02213bf6e700c67c9227fde StaticDependenciesID=8ef61a630221eef84923300b3d6d6859 
Number of updated asset objects reloaded before import = 0
Number of asset objects unloaded after import = 1
========================================================================
Received Import Request.
  Time of request: 2026-08-27T05:11:08.658446Z
  Time since last request: 0.000176417 seconds.
  importAddress: GUID: 830a36a23cf3ab1e61fa47940a6dc35e - Path: Packages/com.unity.modules.imageconversion/package.ModuleCompilationTrigger - Importer: ScriptedImporter/UnityEditor.QuickSearchModule:UnityEditor.Search:ASIAI0B
Importing 'GUID: 830a36a23cf3ab1e61fa47940a6dc35e - Path: Packages/com.unity.modules.imageconversion/package.ModuleCompilationTrigger - Importer: ScriptedImporter/UnityEditor.QuickSearchModule:UnityEditor.Search:ASIAI0B' with importer (ScriptedImporter : UnityEditor.QuickSearchModule:UnityEditor.Search:ASIAI0B)
Imported 'GUID: 830a36a23cf3ab1e61fa47940a6dc35e' -> (Import Result ID: '810beba1a946d83d738a75b689ec4a26') in 0.000 seconds [static and dynamic dependencies]. Details - ImportResultOutputID=c2295b873673e248f562b17c0347440d DependenciesID=38cf82cb7ffa21beb1715c9f32c5d883 StaticDependenciesID=3b9ee5531ac2f847fc383679976b6cdb 
Number of updated asset objects reloaded before import = 0
Number of asset objects unloaded after import = 1
========================================================================
Received Import Request.
  Time of request: 2026-08-27T05:11:08.659094Z
  Time since last request: 0.000149 seconds.
  importAddress: GUID: 953fab16d15d5885b3600fcd6388b2ad - Path: Packages/com.unity.modules.imageconversion/package.json - Importer: ScriptedImporter/UnityEditor.QuickSearchModule:UnityEditor.Search:ASIAI0B
Importing 'GUID: 953fab16d15d5885b3600fcd6388b2ad - Path: Packages/com.unity.modules.imageconversion/package.json - Importer: ScriptedImporter/UnityEditor.QuickSearchModule:UnityEditor.Search:ASIAI0B' with importer (ScriptedImporter : UnityEditor.QuickSearchModule:UnityEditor.Search:ASIAI0B)
Imported 'GUID: 953fab16d15d5885b3600fcd6388b2ad' -> (Import Result ID: '32687902775a61472932e60a68aac80a') in 0.001 seconds [static and dynamic dependencies]. Details - ImportResultOutputID=5a1762c315ab84f62d87807e853189f8 DependenciesID=46ae0ee0f30aab732df1683cb78dfeb2 StaticDependenciesID=3836dca88b49e7a6605ce34357b35369 
Number of updated asset objects reloaded before import = 0
Number of asset objects unloaded after import = 1
========================================================================
Received Import Request.
  Time of request: 2026-08-27T05:11:08.659878Z
  Time since last request: 0.000180583 seconds.
  importAddress: GUID: 1a4266815e998967becf686f9c71f0a6 - Path: Packages/com.unity.modules.physics/package.json - Importer: ScriptedImporter/UnityEditor.QuickSearchModule:UnityEditor.Search:ASIAI0B
Importing 'GUID: 1a4266815e998967becf686f9c71f0a6 - Path: Packages/com.unity.modules.physics/package.json - Importer: ScriptedImporter/UnityEditor.QuickSearchModule:UnityEditor.Search:ASIAI0B' with importer (ScriptedImporter : UnityEditor.QuickSearchModule:UnityEditor.Search:ASIAI0B)
Imported 'GUID: 1a4266815e998967becf686f9c71f0a6' -> (Import Result ID: '34fe3e65275bf0551049a0bbba2bbd32') in 0.001 seconds [static and dynamic dependencies]. Details - ImportResultOutputID=82a772ce5a4e8785e6678dba03354262 DependenciesID=6e667cda69eedec67660f52250fa49ee StaticDependenciesID=ed37b3f4427282dd608feb555b7301fe 
Number of updated asset objects reloaded before import = 0
Number of asset objects unloaded after import = 1
========================================================================
Received Import Request.
  Time of request: 2026-08-27T05:11:08.660647Z
  Time since last request: 0.000161459 seconds.
  importAddress: GUID: 6afb166a156df2d20433d981f4bb2832 - Path: Packages/com.unity.modules.vehicles/package.json - Importer: ScriptedImporter/UnityEditor.QuickSearchModule:UnityEditor.Search:ASIAI0B
Importing 'GUID: 6afb166a156df2d20433d981f4bb2832 - Path: Packages/com.unity.modules.vehicles/package.json - Importer: ScriptedImporter/UnityEditor.QuickSearchModule:UnityEditor.Search:ASIAI0B' with importer (ScriptedImporter : UnityEditor.QuickSearchModule:UnityEditor.Search:ASIAI0B)
Imported 'GUID: 6afb166a156df2d20433d981f4bb2832' -> (Import Result ID: '8945396cfb656291651539d44bebbc5c') in 0.001 seconds [static and dynamic dependencies]. Details - ImportResultOutputID=c96fdcc0820ed25d0286e448afe2aa07 DependenciesID=e0413f59539b892a50d61be1ac3b3cc7 StaticDependenciesID=e548a22c905b0dc180f3348a892e168d 
Number of updated asset objects reloaded before import = 0
Number of asset objects unloaded after import = 1
========================================================================
Received Import Request.
  Time of request: 2026-08-27T05:11:08.662066Z
  Time since last request: 0.000160292 seconds.
  importAddress: GUID: ec02776fe29df900b897106d61977735 - Path: Packages/com.unity.modules.director/package.json - Importer: ScriptedImporter/UnityEditor.QuickSearchModule:UnityEditor.Search:ASIAI0B
Importing 'GUID: ec02776fe29df900b897106d61977735 - Path: Packages/com.unity.modules.director/package.json - Importer: ScriptedImporter/UnityEditor.QuickSearchModule:UnityEditor.Search:ASIAI0B' with importer (ScriptedImporter : UnityEditor.QuickSearchModule:UnityEditor.Search:ASIAI0B)
Imported 'GUID: ec02776fe29df900b897106d61977735' -> (Import Result ID: '66c63986a79a41faa1d7eb66f5518c5d') in 0.001 seconds [static and dynamic dependencies]. Details - ImportResultOutputID=0ae6857af3957a3fecf89c61a8f4f92a DependenciesID=76d1d5160f6a5072da5b26aea52754f0 StaticDependenciesID=9752c89e8ca393d1b3f1908d51c781dc 
Number of updated asset objects reloaded before import = 0
Number of asset objects unloaded after import = 1
========================================================================
Received Import Request.
  Time of request: 2026-08-27T05:11:08.662832Z
  Time since last request: 0.000148791 seconds.
  importAddress: GUID: bd1af0a6633ee94ae21c7d1d702cdc12 - Path: Packages/com.unity.modules.androidjni/package.json - Importer: ScriptedImporter/UnityEditor.QuickSearchModule:UnityEditor.Search:ASIAI0B
Importing 'GUID: bd1af0a6633ee94ae21c7d1d702cdc12 - Path: Packages/com.unity.modules.androidjni/package.json - Importer: ScriptedImporter/UnityEditor.QuickSearchModule:UnityEditor.Search:ASIAI0B' with importer (ScriptedImporter : UnityEditor.QuickSearchModule:UnityEditor.Search:ASIAI0B)
Imported 'GUID: bd1af0a6633ee94ae21c7d1d702cdc12' -> (Import Result ID: 'e2011c6a29e8dc78678e91c7b38d82c3') in 0.001 seconds [static and dynamic dependencies]. Details - ImportResultOutputID=6a05931ee345bba8633a49133adef7c4 DependenciesID=4e38616d81f9e0ceb406d0de2fc9a491 StaticDependenciesID=a45acc56dd926984bab96938e7394638 
Number of updated asset objects reloaded before import = 0
Number of asset objects unloaded after import = 1
========================================================================
Received Import Request.
  Time of request: 2026-08-27T05:11:08.663604Z
  Time since last request: 0.000217417 seconds.
  importAddress: GUID: 7610600f5c83e01041a6fe849d39279f - Path: Packages/com.unity.modules.unitywebrequestassetbundle/package.ModuleCompilationTrigger - Importer: ScriptedImporter/UnityEditor.QuickSearchModule:UnityEditor.Search:ASIAI0B
Importing 'GUID: 7610600f5c83e01041a6fe849d39279f - Path: Packages/com.unity.modules.unitywebrequestassetbundle/package.ModuleCompilationTrigger - Importer: ScriptedImporter/UnityEditor.QuickSearchModule:UnityEditor.Search:ASIAI0B' with importer (ScriptedImporter : UnityEditor.QuickSearchModule:UnityEditor.Search:ASIAI0B)
Imported 'GUID: 7610600f5c83e01041a6fe849d39279f' -> (Import Result ID: '15b3c26a1fccacb6980a9fd774e2ec62') in 0.001 seconds [static and dynamic dependencies]. Details - ImportResultOutputID=d2bbc3c3accfc433439398312eac12bb DependenciesID=124da89abd3f0a9d1f4b9ac4f3101c3f StaticDependenciesID=3345b05d890caf41865202e83269e73d 
Number of updated asset objects reloaded before import = 0
Number of asset objects unloaded after import = 1
========================================================================
Received Import Request.
  Time of request: 2026-08-27T05:11:08.664317Z
  Time since last request: 0.000159083 seconds.
  importAddress: GUID: f0f13f2ab3d6d13cfc6e4656824bfca8 - Path: Packages/com.unity.modules.ai/package.json - Importer: ScriptedImporter/UnityEditor.QuickSearchModule:UnityEditor.Search:ASIAI0B
Importing 'GUID: f0f13f2ab3d6d13cfc6e4656824bfca8 - Path: Packages/com.unity.modules.ai/package.json - Importer: ScriptedImporter/UnityEditor.QuickSearchModule:UnityEditor.Search:ASIAI0B' with importer (ScriptedImporter : UnityEditor.QuickSearchModule:UnityEditor.Search:ASIAI0B)
Imported 'GUID: f0f13f2ab3d6d13cfc6e4656824bfca8' -> (Import Result ID: '5e0fd9d6f62b90c748aa3bdf0fdefd33') in 0.001 seconds [static and dynamic dependencies]. Details - ImportResultOutputID=03a6c1e0e43604e036d9b0c1ff3c6756 DependenciesID=b84d06b5d1151906b88eeb5924bfdb2e StaticDependenciesID=9591b2498903eb54b5155090aee0e20e 
Number of updated asset objects reloaded before import = 0
Number of asset objects unloaded after import = 1
========================================================================
Received Import Request.
  Time of request: 2026-08-27T05:11:08.665004Z
  Time since last request: 0.000124 seconds.
  importAddress: GUID: b83f06ac0c0696e9563230865ca72b81 - Path: Packages/com.unity.modules.wind/package.json - Importer: ScriptedImporter/UnityEditor.QuickSearchModule:UnityEditor.Search:ASIAI0B
Importing 'GUID: b83f06ac0c0696e9563230865ca72b81 - Path: Packages/com.unity.modules.wind/package.json - Importer: ScriptedImporter/UnityEditor.QuickSearchModule:UnityEditor.Search:ASIAI0B' with importer (ScriptedImporter : UnityEditor.QuickSearchModule:UnityEditor.Search:ASIAI0B)
Imported 'GUID: b83f06ac0c0696e9563230865ca72b81' -> (Import Result ID: '7b84700ea5287a0c370b867cc6bedc81') in 0.000 seconds [static and dynamic dependencies]. Details - ImportResultOutputID=21d06c6958a7d9a886d26f7046d0e2e7 DependenciesID=2c267f4b38635b6f818d9612c964e58e StaticDependenciesID=a5047e89602e9543c024c381f072d809 
Number of updated asset objects reloaded before import = 0
Number of asset objects unloaded after import = 1
========================================================================
Received Import Request.
  Time of request: 2026-08-27T05:11:08.665648Z
  Time since last request: 0.000138917 seconds.
  importAddress: GUID: 78e5667e52329c3ceef41288763404ae - Path: Packages/com.unity.modules.vectorgraphics/package.json - Importer: ScriptedImporter/UnityEditor.QuickSearchModule:UnityEditor.Search:ASIAI0B
Importing 'GUID: 78e5667e52329c3ceef41288763404ae - Path: Packages/com.unity.modules.vectorgraphics/package.json - Importer: ScriptedImporter/UnityEditor.QuickSearchModule:UnityEditor.Search:ASIAI0B' with importer (ScriptedImporter : UnityEditor.QuickSearchModule:UnityEditor.Search:ASIAI0B)
Imported 'GUID: 78e5667e52329c3ceef41288763404ae' -> (Import Result ID: '85f085888b005d83d93d24e428b97d96') in 0.000 seconds [static and dynamic dependencies]. Details - ImportResultOutputID=c6744333fb2d360ceed0b1212b7f11f1 DependenciesID=fcdde7f2486cfa65827ed973cc2157de StaticDependenciesID=eb854d16cabdab2ec227fe9cc9385f12 
Number of updated asset objects reloaded before import = 0
Number of asset objects unloaded after import = 1
========================================================================
Received Import Request.
  Time of request: 2026-08-27T05:11:08.666274Z
  Time since last request: 0.000117792 seconds.
  importAddress: GUID: 30b312a167534621b316172253b08723 - Path: Packages/com.unity.modules.subsystems/package.json - Importer: ScriptedImporter/UnityEditor.QuickSearchModule:UnityEditor.Search:ASIAI0B
Importing 'GUID: 30b312a167534621b316172253b08723 - Path: Packages/com.unity.modules.subsystems/package.json - Importer: ScriptedImporter/UnityEditor.QuickSearchModule:UnityEditor.Search:ASIAI0B' with importer (ScriptedImporter : UnityEditor.QuickSearchModule:UnityEditor.Search:ASIAI0B)
Imported 'GUID: 30b312a167534621b316172253b08723' -> (Import Result ID: '80b2723240dac32181f648d17892aac6') in 0.000 seconds [static and dynamic dependencies]. Details - ImportResultOutputID=cb85c6fdaa37f35afb1ce986c24fa15a DependenciesID=25ece443d89d67810914cfa54badb2b8 StaticDependenciesID=eaf13aaff3fdab55352bcec5bd6aa044 
Number of updated asset objects reloaded before import = 0
Number of asset objects unloaded after import = 1
========================================================================
Received Prepare
AcceleratorClientConnectionCallback - disconnected - :0
Unloading 1 Unused Serialized files (Serialized files now loaded: 0)
Unloading 437 unused Assets / (304.1 KB). Loaded Objects now: 1046.
Memory consumption went from 92.0 MB to 91.7 MB.
Total: 4.862375 ms (FindLiveObjects: 0.194625 ms CreateObjectMapping: 0.041958 ms MarkObjects: 4.393459 ms  DeleteObjects: 0.232000 ms)

Prepare: number of updated asset objects reloaded= 0
Editor requested this worker to shutdown with reason: Editor is closing down
AcceleratorClientConnectionCallback - disconnected - :0
AssetImportWorker is now disconnected from the server
Process exiting
