Unity Editor version:    6000.5.2f1 (eb73d3b415a1)
Branch:                  6000.5/staging
Build type:              Release
Batch mode:              YES
macOS version:           Version 26.6.2 (Build 25G83)
Darwin version:          25.6.0
Architecture:            arm64
Running under Rosetta:   NO
Available memory:        65536 MB
Date:                    2026-08-27T07:09:10Z
[Licensing::Module] Trying to connect to existing licensing client channel...
[Licensing::IpcConnector] Successfully connected to: "LicenseClient-andrew" at "2026-08-27T07:09:10.934951Z"

COMMAND LINE ARGUMENTS:
/Applications/Unity/Hub/Editor/6000.5.2f1/Unity.app/Contents/MacOS/Unity
-adb2
-batchMode
-noUpm
-name
AssetImportWorkerHW1
-projectPath
/Users/andrew/ProyectosPersonales/Umbra/My project
-logFile
Logs/AssetImportWorkerHW1.log
-srvPort
53520
-parentPid
50702
-analyticsCloudUserId
4674182019760
-analyticsLocalProjectId
ebef308b1ca9040b5ab5911f4506d894
-noDiagnosticSwitchPersistentStore
-job-worker-count
8
-background-job-worker-count
8
-asset-garbage-collectors
1
-force-metal
-name AssetImport
Successfully changed project path to: /Users/andrew/ProyectosPersonales/Umbra/My project
/Users/andrew/ProyectosPersonales/Umbra/My project
[UnityMemory] Configuration Parameters - Can be set up in boot.config
    "memorysetup-temp-allocator-size-gi-baking-worker=262144"
    "memorysetup-temp-allocator-size-gi-baking-worker=262144"
    "memorysetup-temp-allocator-size-gi-baking-worker=262144"
    "memorysetup-temp-allocator-size-gi-baking-worker=262144"
    "memorysetup-temp-allocator-size-gi-baking-worker=262144"
    "memorysetup-temp-allocator-size-nav-mesh-worker=65536"
    "memorysetup-temp-allocator-size-audio-worker=65536"
    "memorysetup-temp-allocator-size-cloud-worker=32768"
    "memorysetup-allocator-temp-initial-block-size-main=262144"
    "memorysetup-allocator-temp-initial-block-size-worker=262144"
    "memorysetup-temp-allocator-size-preload-manager=33554432"
    "memorysetup-temp-allocator-size-gfx=262144"
    "memorysetup-temp-allocator-size-background-worker=32768"
    "memorysetup-temp-allocator-size-job-worker=262144"
    "memorysetup-bucket-allocator-granularity=16"
    "memorysetup-bucket-allocator-bucket-count=8"
    "memorysetup-bucket-allocator-block-size=33554432"
    "memorysetup-bucket-allocator-block-count=8"
    "memorysetup-main-allocator-block-size=16777216"
    "memorysetup-thread-allocator-block-size=16777216"
    "memorysetup-main-allocator-mimalloc-enabled=0"
    "memorysetup-gfx-main-allocator-block-size=16777216"
    "memorysetup-gfx-thread-allocator-block-size=16777216"
    "memorysetup-cache-allocator-block-size=4194304"
    "memorysetup-typetree-allocator-block-size=2097152"
    "memorysetup-profiler-bucket-allocator-granularity=16"
    "memorysetup-profiler-bucket-allocator-bucket-count=8"
    "memorysetup-profiler-bucket-allocator-block-size=33554432"
    "memorysetup-profiler-bucket-allocator-block-count=8"
    "memorysetup-profiler-allocator-block-size=16777216"
    "memorysetup-profiler-editor-allocator-block-size=1048576"
    "memorysetup-temp-allocator-size-main=16777216"
    "memorysetup-job-temp-allocator-block-size=2097152"
    "memorysetup-job-temp-allocator-block-size-background=1048576"
    "memorysetup-job-temp-allocator-reduction-small-platforms=262144"
Player connection [8492917120]  Target information:

Player connection [8492917120]  * "[IP] 192.168.18.27 [Port] 0 [Flags] 2 [Guid] 1303990798 [EditorId] 1303990798 [Version] 1048832 [Id] OSXEditor(0,Andrews-MacBook-Pro.local) [Debug] 1 [PackageName] OSXEditor [ProjectName] Editor" 

Player connection [8492917120] Host joined multi-casting on [225.0.0.222:54997]...
Player connection [8492917120] Host joined alternative multi-casting on [225.0.0.222:34997]...
JobSystem: Creating JobQueue using job-worker-count value 8
Input System module state changed to: Initialized.
[Physics::Module] Initialized fallback backend.
[Physics::Module] Id: 0xdecafbad
Library Redirect Path: Library/
[Physics::Module] Selected backend.
[Physics::Module] Name: PhysX
[Physics::Module] Id: 0xf2b8ea05
[Physics::Module] SDK Version: 4.1.2
[Physics::Module] Integration Version: 1.0.0
[Physics::Module] Threading Mode: Multi-Threaded
Initialize engine version: 6000.5.2f1 (eb73d3b415a1)
[Subsystems] Discovering subsystems at path /Applications/Unity/Hub/Editor/6000.5.2f1/Unity.app/Contents/Resources/UnitySubsystems
[Subsystems] Discovering subsystems at path /Users/andrew/ProyectosPersonales/Umbra/My project/Assets
Forcing GfxDevice: Metal
GfxDevice: creating device client; kGfxThreadingModeNonThreaded
 preferred device: Apple M5 Pro (high power)
Metal devices available: 1
0: Apple M5 Pro (high power)
Using device Apple M5 Pro (high power)
Initializing Metal device caps: Apple M5 Pro
Mac GPU Family: 2
Apple GPU Family: 9
MSL Version: 3.0
Has Float MSAA: 1
Has Float Filtering: 1
ReadWrite Texture Tier: 2
[Licensing::Client] Error: HandshakeResponse reported an error:
	ResponseCode: 505
	ResponseStatus: Unsupported protocol version '1.18.1'.
[Licensing::Module] Error: Failed to handshake to channel: "LicenseClient-andrew"
[Licensing::IpcConnector] LicenseClient-andrew channel disconnected successfully.
[Licensing::IpcConnector] Successfully connected to: "LicenseClient-andrew-6000.5.2" at "2026-08-27T07:09:11.115673Z"
Initialize mono
Mono path[0] = '/Applications/Unity/Hub/Editor/6000.5.2f1/Unity.app/Contents/Resources/Scripting/Managed'
Mono path[1] = '/Applications/Unity/Hub/Editor/6000.5.2f1/Unity.app/Contents/Resources/Scripting/BCLExtensions/runtime/netstandard2.1'
Mono path[2] = '/Applications/Unity/Hub/Editor/6000.5.2f1/Unity.app/Contents/Resources/Scripting/MonoBleedingEdge/lib/mono/unityjit-macos'
Mono config path = '/Applications/Unity/Hub/Editor/6000.5.2f1/Unity.app/Contents/Resources/Scripting/MonoBleedingEdge/etc'
Using monoOptions --debugger-agent=transport=dt_socket,embedding=1,server=y,suspend=n,address=127.0.0.1:56559
CodeReloadManager initialized
Begin MonoManager ReloadAssembly
Registering precompiled unity dll's ...
Register platform support module: /Applications/Unity/Hub/Editor/6000.5.2f1/PlaybackEngines/WebGLSupport/UnityEditor.WebGL.Extensions.dll
Register platform support module: /Applications/Unity/Hub/Editor/6000.5.2f1/PlaybackEngines/MacStandaloneSupport/UnityEditor.OSXStandalone.Extensions.dll
Registered in 0.000362 seconds.
[Licensing::Client] Handshaking with LicensingClient:
  Version:                 1.18.1+9fbee8e
  Session Id:              73c0620359fe48859ff043e56a0b7a39
  Correlation Id:          3436f16ebf3de4e9001345c05bd946db
  External correlation Id: 1853503190280740938
  Machine Id:              66r/rhb9bTTSFebFiCDkGiNyYkw=
[Licensing::Module] Successfully connected to LicensingClient on channel: "LicenseClient-andrew-6000.5.2" (connect: 0.00s, validation: 0.00s, handshake: 0.16s)
[Licensing::IpcConnector] Successfully connected to: "LicenseClient-andrew-6000.5.2-notifications" at "2026-08-27T07:09:11.273031Z"
[Licensing::Module] Licensing Background thread has ended after 0.34s
Native extension for OSXStandalone target not found
Native extension for WebGL target not found
Package Manager log level set to [2]
[Package Manager] Failed to launch server process. Reason: Unity was launched with the -noUpm command-line argument
[Package Manager] Unable to send message (not connected to server process).
[Package Manager] Cannot connect to Unity Package Manager local server
ScheduleIndexationOnStartup MainProcess:False IndexOnStartup:True
Mono: successfully reloaded assembly
- Finished resetting the current domain, in  0.174 seconds
Domain Reload Profiling: 385ms
	BeginReloadAssembly (38ms)
	RebuildNativeTypeToScriptingClass (8ms)
	initialDomainReloadingComplete (24ms)
	LoadAllAssembliesAndSetupDomain (137ms)
		LoadAssemblies (38ms)
		AnalyzeDomain (104ms)
			TypeCache.Refresh (103ms)
				TypeCache.ScanAssembly (95ms)
	FinalizeReload (175ms)
		SetupLoadedEditorAssemblies (0ms)
			BeforeProcessingInitializeOnLoad (39ms)
			ProcessInitializeOnLoadAttributes (45ms)
			ProcessInitializeOnLoadMethodAttributes (56ms)
Initializing Unity extensions:
[Licensing::Client] Successfully resolved entitlement details
[Licensing::Module] License group:
  Id: 4674181853197-u20227680mnb4xu41-UnityProStuXXXX
  Product: Unity Student
  Type: Assigned
  Expiration: 2027-04-01T02:31:37Z
[CoreBusinessMetrics] Unexpected thread when updating session info.
========================================================================
Worker process is ready to serve import requests
Import Worker Mode flag is 0x00
Begin MonoManager ReloadAssembly
Native extension for OSXStandalone target not found
Native extension for WebGL target not found
[Package Manager] Failed to launch server process. Reason: Unity was launched with the -noUpm command-line argument
[Package Manager] Unable to send message (not connected to server process).
[Package Manager] Cannot connect to Unity Package Manager local server
ScheduleIndexationOnStartup MainProcess:False IndexOnStartup:True
Mono: successfully reloaded assembly
- Finished resetting the current domain, in  0.181 seconds
Domain Reload Profiling: 323ms
	BeginReloadAssembly (60ms)
		CreateAndSetChildDomain (10ms)
	RebuildCommonClasses (4ms)
	RebuildNativeTypeToScriptingClass (8ms)
	initialDomainReloadingComplete (12ms)
	LoadAllAssembliesAndSetupDomain (58ms)
		LoadAssemblies (27ms)
		AnalyzeDomain (17ms)
			TypeCache.Refresh (12ms)
				TypeCache.ScanAssembly (9ms)
			BuildScriptInfoCaches (4ms)
	FinalizeReload (182ms)
		SetupLoadedEditorAssemblies (0ms)
			BeforeProcessingInitializeOnLoad (39ms)
			ProcessInitializeOnLoadAttributes (48ms)
			ProcessInitializeOnLoadMethodAttributes (32ms)
AcceleratorClientConnectionCallback - disconnected - :0
Launching external process: /Applications/Unity/Hub/Editor/6000.5.2f1/Unity.app/Contents/Helpers/UnityShaderCompiler
Launched and connected shader compiler UnityShaderCompiler after 0.02 seconds
Unloading 0 Unused Serialized files (Serialized files now loaded: 0)
Curl error 3: URL rejected: Error
Unloading 854 unused Assets / (268.6 KB). Loaded Objects now: 1462.
Memory consumption went from 85.7 MB to 85.5 MB.
Total: 2.946166 ms (FindLiveObjects: 0.042750 ms CreateObjectMapping: 0.058834 ms MarkObjects: 2.702250 ms  DeleteObjects: 0.142041 ms)

========================================================================
Received Import Request.
  Time of request: 2026-08-27T07:09:13.445187Z
  Time since last request: 350333.48135333298706 seconds.
  importAddress: GUID: c4d706f0363fb48d99d70236ea243e49 - Path: Assets/Sprites/Crystal.png - Importer: PreviewImporter
Importing 'GUID: c4d706f0363fb48d99d70236ea243e49 - Path: Assets/Sprites/Crystal.png - Importer: PreviewImporter' with importer (PreviewImporter)
Imported 'GUID: c4d706f0363fb48d99d70236ea243e49' -> (Import Result ID: 'b471fc1208c2e1ccb1a3bf8b8e99969f') in 0.093 seconds [static and dynamic dependencies]. Details - ImportResultOutputID=cea45afa2c0f443b56029bdfaa140eb9 DependenciesID=6c710a987ecc0b6494aea33dd9754cf2 StaticDependenciesID=0022044d489d0f1ddfbc25639ea51c86 
Number of updated asset objects reloaded before import = 0
Number of asset objects unloaded after import = 2
========================================================================
Received Import Request.
  Time of request: 2026-08-27T07:09:13.538779Z
  Time since last request: 0.000365834 seconds.
  importAddress: GUID: f4aad3caed1cc4627bd9b2763c2dd98e - Path: Assets/Sprites/Ground.png - Importer: PreviewImporter
Importing 'GUID: f4aad3caed1cc4627bd9b2763c2dd98e - Path: Assets/Sprites/Ground.png - Importer: PreviewImporter' with importer (PreviewImporter)
Imported 'GUID: f4aad3caed1cc4627bd9b2763c2dd98e' -> (Import Result ID: 'e99b02bef1299a450ce386868fa9335f') in 0.002 seconds [static and dynamic dependencies]. Details - ImportResultOutputID=30118d0b18ee32831b0fc8a89402d4bb DependenciesID=f1cd4ca7f617ea47833db9c614e7aaf7 StaticDependenciesID=a3bbf8251ee075077c5ec79b1bff9563 
Number of updated asset objects reloaded before import = 0
Number of asset objects unloaded after import = 2
========================================================================
Received Import Request.
  Time of request: 2026-08-27T07:09:13.540945Z
  Time since last request: 0.000271292 seconds.
  importAddress: GUID: 7b68264611f07452688dec2f79a5d942 - Path: Assets/Sprites/Hazard.png - Importer: PreviewImporter
Importing 'GUID: 7b68264611f07452688dec2f79a5d942 - Path: Assets/Sprites/Hazard.png - Importer: PreviewImporter' with importer (PreviewImporter)
Imported 'GUID: 7b68264611f07452688dec2f79a5d942' -> (Import Result ID: '72eff3cfd7cb32c9c2fde095521928e3') in 0.002 seconds [static and dynamic dependencies]. Details - ImportResultOutputID=6b4840da6b843dd0aac91fac8161e0aa DependenciesID=95eda5f3ffc98049e3d66e4c1e798b29 StaticDependenciesID=651f435ceed1f5814413d2c9e68a4de5 
Number of updated asset objects reloaded before import = 0
Number of asset objects unloaded after import = 2
========================================================================
Received Prepare
AcceleratorClientConnectionCallback - disconnected - :0
Begin MonoManager ReloadAssembly
Thread 0x174577000 may have been prematurely finalized
Native extension for OSXStandalone target not found
Native extension for WebGL target not found
[Package Manager] Failed to launch server process. Reason: Unity was launched with the -noUpm command-line argument
[Package Manager] Unable to send message (not connected to server process).
[Package Manager] Cannot connect to Unity Package Manager local server
ScheduleIndexationOnStartup MainProcess:False IndexOnStartup:True
Mono: successfully reloaded assembly
- Finished resetting the current domain, in  0.164 seconds
Domain Reload Profiling: 297ms
	BeginReloadAssembly (68ms)
		DisableScriptedObjects (3ms)
		CreateAndSetChildDomain (9ms)
	RebuildCommonClasses (4ms)
	RebuildNativeTypeToScriptingClass (7ms)
	initialDomainReloadingComplete (12ms)
	LoadAllAssembliesAndSetupDomain (40ms)
		LoadAssemblies (29ms)
		AnalyzeDomain (4ms)
			TypeCache.Refresh (2ms)
	FinalizeReload (165ms)
		SetupLoadedEditorAssemblies (0ms)
			BeforeProcessingInitializeOnLoad (36ms)
			ProcessInitializeOnLoadAttributes (42ms)
			ProcessInitializeOnLoadMethodAttributes (29ms)
Unloading 0 Unused Serialized files (Serialized files now loaded: 0)
Unloading 852 unused Assets / (101.6 KB). Loaded Objects now: 1468.
Memory consumption went from 93.6 MB to 93.5 MB.
Total: 2.847500 ms (FindLiveObjects: 0.039042 ms CreateObjectMapping: 0.057834 ms MarkObjects: 2.659791 ms  DeleteObjects: 0.090625 ms)

Prepare: number of updated asset objects reloaded= 0
========================================================================
Received Prepare
AcceleratorClientConnectionCallback - disconnected - :0
Unloading 0 Unused Serialized files (Serialized files now loaded: 0)
Unloading 0 unused Assets / (0 B). Loaded Objects now: 1468.
Memory consumption went from 86.5 MB to 86.5 MB.
Total: 3.178917 ms (FindLiveObjects: 0.029500 ms CreateObjectMapping: 0.030709 ms MarkObjects: 3.115375 ms  DeleteObjects: 0.002875 ms)

Prepare: number of updated asset objects reloaded= 0
========================================================================
Received Prepare
AcceleratorClientConnectionCallback - disconnected - :0
Unloading 0 Unused Serialized files (Serialized files now loaded: 0)
Unloading 0 unused Assets / (0 B). Loaded Objects now: 1468.
Memory consumption went from 86.3 MB to 86.3 MB.
Total: 2.958750 ms (FindLiveObjects: 0.033208 ms CreateObjectMapping: 0.033000 ms MarkObjects: 2.888750 ms  DeleteObjects: 0.003375 ms)

Prepare: number of updated asset objects reloaded= 0
========================================================================
Received Prepare
AcceleratorClientConnectionCallback - disconnected - :0
Unloading 0 Unused Serialized files (Serialized files now loaded: 0)
Unloading 0 unused Assets / (0 B). Loaded Objects now: 1468.
Memory consumption went from 86.2 MB to 86.2 MB.
Total: 2.813291 ms (FindLiveObjects: 0.028375 ms CreateObjectMapping: 0.031083 ms MarkObjects: 2.751167 ms  DeleteObjects: 0.002333 ms)

Prepare: number of updated asset objects reloaded= 0
========================================================================
Received Prepare
AcceleratorClientConnectionCallback - disconnected - :0
Unloading 0 Unused Serialized files (Serialized files now loaded: 0)
Unloading 0 unused Assets / (0 B). Loaded Objects now: 1468.
Memory consumption went from 86.0 MB to 86.0 MB.
Total: 2.969459 ms (FindLiveObjects: 0.034250 ms CreateObjectMapping: 0.035250 ms MarkObjects: 2.896667 ms  DeleteObjects: 0.003042 ms)

Prepare: number of updated asset objects reloaded= 0
========================================================================
Received Prepare
AcceleratorClientConnectionCallback - disconnected - :0
Unloading 0 Unused Serialized files (Serialized files now loaded: 0)
Unloading 0 unused Assets / (0 B). Loaded Objects now: 1468.
Memory consumption went from 85.9 MB to 85.9 MB.
Total: 2.854875 ms (FindLiveObjects: 0.032416 ms CreateObjectMapping: 0.032959 ms MarkObjects: 2.785375 ms  DeleteObjects: 0.003458 ms)

Prepare: number of updated asset objects reloaded= 0
========================================================================
Received Prepare
AcceleratorClientConnectionCallback - disconnected - :0
Unloading 0 Unused Serialized files (Serialized files now loaded: 0)
Unloading 0 unused Assets / (0 B). Loaded Objects now: 1468.
Memory consumption went from 85.7 MB to 85.7 MB.
Total: 2.889333 ms (FindLiveObjects: 0.030667 ms CreateObjectMapping: 0.030375 ms MarkObjects: 2.825208 ms  DeleteObjects: 0.002708 ms)

Prepare: number of updated asset objects reloaded= 0
========================================================================
Received Prepare
AcceleratorClientConnectionCallback - disconnected - :0
Begin MonoManager ReloadAssembly
[Licensing::Client] Successfully resolved entitlement details
Thread 0x16dbcb000 may have been prematurely finalized
Native extension for OSXStandalone target not found
Native extension for WebGL target not found
[Package Manager] Failed to launch server process. Reason: Unity was launched with the -noUpm command-line argument
[Package Manager] Unable to send message (not connected to server process).
[Package Manager] Cannot connect to Unity Package Manager local server
ScheduleIndexationOnStartup MainProcess:False IndexOnStartup:True
Mono: successfully reloaded assembly
- Finished resetting the current domain, in  0.177 seconds
Domain Reload Profiling: 317ms
	BeginReloadAssembly (69ms)
		CreateAndSetChildDomain (10ms)
	RebuildCommonClasses (4ms)
	RebuildNativeTypeToScriptingClass (8ms)
	initialDomainReloadingComplete (14ms)
	LoadAllAssembliesAndSetupDomain (45ms)
		LoadAssemblies (29ms)
		AnalyzeDomain (4ms)
			TypeCache.Refresh (2ms)
	FinalizeReload (177ms)
		SetupLoadedEditorAssemblies (0ms)
			BeforeProcessingInitializeOnLoad (37ms)
			ProcessInitializeOnLoadAttributes (45ms)
			ProcessInitializeOnLoadMethodAttributes (32ms)
Unloading 0 Unused Serialized files (Serialized files now loaded: 0)
Unloading 852 unused Assets / (125.9 KB). Loaded Objects now: 1468.
Memory consumption went from 93.1 MB to 93.0 MB.
Total: 2.930958 ms (FindLiveObjects: 0.039125 ms CreateObjectMapping: 0.061583 ms MarkObjects: 2.733625 ms  DeleteObjects: 0.096458 ms)

Prepare: number of updated asset objects reloaded= 0
========================================================================
Received Prepare
AcceleratorClientConnectionCallback - disconnected - :0
Begin MonoManager ReloadAssembly
[Licensing::Client] Successfully resolved entitlement details
Thread 0x16dbcb000 may have been prematurely finalized
Native extension for OSXStandalone target not found
Native extension for WebGL target not found
[Package Manager] Failed to launch server process. Reason: Unity was launched with the -noUpm command-line argument
[Package Manager] Unable to send message (not connected to server process).
[Package Manager] Cannot connect to Unity Package Manager local server
ScheduleIndexationOnStartup MainProcess:False IndexOnStartup:True
Mono: successfully reloaded assembly
- Finished resetting the current domain, in  0.180 seconds
Domain Reload Profiling: 317ms
	BeginReloadAssembly (69ms)
		CreateAndSetChildDomain (10ms)
	RebuildCommonClasses (4ms)
	RebuildNativeTypeToScriptingClass (8ms)
	initialDomainReloadingComplete (14ms)
	LoadAllAssembliesAndSetupDomain (42ms)
		LoadAssemblies (29ms)
		AnalyzeDomain (4ms)
			TypeCache.Refresh (2ms)
	FinalizeReload (181ms)
		SetupLoadedEditorAssemblies (0ms)
			BeforeProcessingInitializeOnLoad (37ms)
			ProcessInitializeOnLoadAttributes (45ms)
			ProcessInitializeOnLoadMethodAttributes (36ms)
Unloading 0 Unused Serialized files (Serialized files now loaded: 0)
Unloading 852 unused Assets / (118.9 KB). Loaded Objects now: 1468.
Memory consumption went from 93.5 MB to 93.4 MB.
Total: 2.699125 ms (FindLiveObjects: 0.035625 ms CreateObjectMapping: 0.057042 ms MarkObjects: 2.514875 ms  DeleteObjects: 0.091458 ms)

Prepare: number of updated asset objects reloaded= 0
========================================================================
Received Prepare
AcceleratorClientConnectionCallback - disconnected - :0
Begin MonoManager ReloadAssembly
Thread 0x16dbcb000 may have been prematurely finalized
Native extension for OSXStandalone target not found
Native extension for WebGL target not found
[Package Manager] Failed to launch server process. Reason: Unity was launched with the -noUpm command-line argument
[Package Manager] Unable to send message (not connected to server process).
[Package Manager] Cannot connect to Unity Package Manager local server
ScheduleIndexationOnStartup MainProcess:False IndexOnStartup:True
Mono: successfully reloaded assembly
- Finished resetting the current domain, in  0.186 seconds
Domain Reload Profiling: 325ms
	BeginReloadAssembly (69ms)
		CreateAndSetChildDomain (11ms)
	RebuildCommonClasses (4ms)
	RebuildNativeTypeToScriptingClass (8ms)
	initialDomainReloadingComplete (13ms)
	LoadAllAssembliesAndSetupDomain (45ms)
		LoadAssemblies (29ms)
		AnalyzeDomain (4ms)
			TypeCache.Refresh (2ms)
	FinalizeReload (186ms)
		SetupLoadedEditorAssemblies (0ms)
			BeforeProcessingInitializeOnLoad (39ms)
			ProcessInitializeOnLoadAttributes (48ms)
			ProcessInitializeOnLoadMethodAttributes (35ms)
Unloading 0 Unused Serialized files (Serialized files now loaded: 0)
Unloading 852 unused Assets / (80.3 KB). Loaded Objects now: 1468.
Memory consumption went from 93.9 MB to 93.8 MB.
Total: 2.890083 ms (FindLiveObjects: 0.041125 ms CreateObjectMapping: 0.059791 ms MarkObjects: 2.700167 ms  DeleteObjects: 0.088666 ms)

Prepare: number of updated asset objects reloaded= 0
========================================================================
Received Prepare
AcceleratorClientConnectionCallback - disconnected - :0
Begin MonoManager ReloadAssembly
Thread 0x16dbcb000 may have been prematurely finalized
Native extension for OSXStandalone target not found
Native extension for WebGL target not found
[Package Manager] Failed to launch server process. Reason: Unity was launched with the -noUpm command-line argument
[Package Manager] Unable to send message (not connected to server process).
[Package Manager] Cannot connect to Unity Package Manager local server
ScheduleIndexationOnStartup MainProcess:False IndexOnStartup:True
Mono: successfully reloaded assembly
- Finished resetting the current domain, in  0.185 seconds
Domain Reload Profiling: 326ms
	BeginReloadAssembly (70ms)
		CreateAndSetChildDomain (11ms)
	RebuildCommonClasses (4ms)
	RebuildNativeTypeToScriptingClass (8ms)
	initialDomainReloadingComplete (14ms)
	LoadAllAssembliesAndSetupDomain (45ms)
		LoadAssemblies (30ms)
		AnalyzeDomain (4ms)
			TypeCache.Refresh (2ms)
	FinalizeReload (185ms)
		SetupLoadedEditorAssemblies (0ms)
			BeforeProcessingInitializeOnLoad (38ms)
			ProcessInitializeOnLoadAttributes (51ms)
			ProcessInitializeOnLoadMethodAttributes (33ms)
Unloading 0 Unused Serialized files (Serialized files now loaded: 0)
Unloading 852 unused Assets / (142.8 KB). Loaded Objects now: 1468.
Memory consumption went from 94.4 MB to 94.2 MB.
Total: 3.104833 ms (FindLiveObjects: 0.044084 ms CreateObjectMapping: 0.064833 ms MarkObjects: 2.889708 ms  DeleteObjects: 0.106167 ms)

Prepare: number of updated asset objects reloaded= 0
========================================================================
Received Prepare
AcceleratorClientConnectionCallback - disconnected - :0
Begin MonoManager ReloadAssembly
[Licensing::Client] Successfully resolved entitlement details
Thread 0x16dbcb000 may have been prematurely finalized
Native extension for OSXStandalone target not found
Native extension for WebGL target not found
[Package Manager] Failed to launch server process. Reason: Unity was launched with the -noUpm command-line argument
[Package Manager] Unable to send message (not connected to server process).
[Package Manager] Cannot connect to Unity Package Manager local server
ScheduleIndexationOnStartup MainProcess:False IndexOnStartup:True
Mono: successfully reloaded assembly
- Finished resetting the current domain, in  0.175 seconds
Domain Reload Profiling: 315ms
	BeginReloadAssembly (73ms)
		CreateAndSetChildDomain (12ms)
	RebuildCommonClasses (4ms)
	RebuildNativeTypeToScriptingClass (7ms)
	initialDomainReloadingComplete (12ms)
	LoadAllAssembliesAndSetupDomain (43ms)
		LoadAssemblies (31ms)
		AnalyzeDomain (4ms)
			TypeCache.Refresh (2ms)
	FinalizeReload (176ms)
		SetupLoadedEditorAssemblies (0ms)
			BeforeProcessingInitializeOnLoad (38ms)
			ProcessInitializeOnLoadAttributes (45ms)
			ProcessInitializeOnLoadMethodAttributes (32ms)
Unloading 0 Unused Serialized files (Serialized files now loaded: 0)
Unloading 852 unused Assets / (94.8 KB). Loaded Objects now: 1468.
Memory consumption went from 94.8 MB to 94.7 MB.
Total: 3.042958 ms (FindLiveObjects: 0.042125 ms CreateObjectMapping: 0.062791 ms MarkObjects: 2.839375 ms  DeleteObjects: 0.098500 ms)

Prepare: number of updated asset objects reloaded= 0
========================================================================
Received Prepare
AcceleratorClientConnectionCallback - disconnected - :0
Unloading 0 Unused Serialized files (Serialized files now loaded: 0)
Unloading 0 unused Assets / (0 B). Loaded Objects now: 1468.
Memory consumption went from 87.8 MB to 87.8 MB.
Total: 2.830500 ms (FindLiveObjects: 0.026208 ms CreateObjectMapping: 0.029833 ms MarkObjects: 2.770250 ms  DeleteObjects: 0.002125 ms)

Prepare: number of updated asset objects reloaded= 0
========================================================================
Received Prepare
AcceleratorClientConnectionCallback - disconnected - :0
Unloading 0 Unused Serialized files (Serialized files now loaded: 0)
Unloading 0 unused Assets / (0 B). Loaded Objects now: 1468.
Memory consumption went from 87.5 MB to 87.5 MB.
Total: 2.748917 ms (FindLiveObjects: 0.029000 ms CreateObjectMapping: 0.031667 ms MarkObjects: 2.685667 ms  DeleteObjects: 0.002417 ms)

Prepare: number of updated asset objects reloaded= 0
========================================================================
Received Prepare
AcceleratorClientConnectionCallback - disconnected - :0
Unloading 0 Unused Serialized files (Serialized files now loaded: 0)
Unloading 0 unused Assets / (0 B). Loaded Objects now: 1468.
Memory consumption went from 87.4 MB to 87.4 MB.
Total: 2.879417 ms (FindLiveObjects: 0.025583 ms CreateObjectMapping: 0.029084 ms MarkObjects: 2.822500 ms  DeleteObjects: 0.002084 ms)

Prepare: number of updated asset objects reloaded= 0
========================================================================
Received Prepare
AcceleratorClientConnectionCallback - disconnected - :0
Unloading 0 Unused Serialized files (Serialized files now loaded: 0)
Unloading 0 unused Assets / (0 B). Loaded Objects now: 1468.
Memory consumption went from 87.3 MB to 87.3 MB.
Total: 2.924792 ms (FindLiveObjects: 0.029959 ms CreateObjectMapping: 0.029375 ms MarkObjects: 2.863291 ms  DeleteObjects: 0.001916 ms)

Prepare: number of updated asset objects reloaded= 0
========================================================================
Received Prepare
AcceleratorClientConnectionCallback - disconnected - :0
Unloading 0 Unused Serialized files (Serialized files now loaded: 0)
Unloading 0 unused Assets / (0 B). Loaded Objects now: 1468.
Memory consumption went from 87.1 MB to 87.1 MB.
Total: 2.791209 ms (FindLiveObjects: 0.027375 ms CreateObjectMapping: 0.029000 ms MarkObjects: 2.732208 ms  DeleteObjects: 0.002375 ms)

Prepare: number of updated asset objects reloaded= 0
========================================================================
Received Prepare
AcceleratorClientConnectionCallback - disconnected - :0
Unloading 0 Unused Serialized files (Serialized files now loaded: 0)
Unloading 0 unused Assets / (0 B). Loaded Objects now: 1468.
Memory consumption went from 87.0 MB to 87.0 MB.
Total: 2.774583 ms (FindLiveObjects: 0.031416 ms CreateObjectMapping: 0.031500 ms MarkObjects: 2.709083 ms  DeleteObjects: 0.002333 ms)

Prepare: number of updated asset objects reloaded= 0
========================================================================
Received Prepare
AcceleratorClientConnectionCallback - disconnected - :0
Unloading 0 Unused Serialized files (Serialized files now loaded: 0)
Unloading 0 unused Assets / (0 B). Loaded Objects now: 1468.
Memory consumption went from 86.8 MB to 86.8 MB.
Total: 2.896792 ms (FindLiveObjects: 0.027542 ms CreateObjectMapping: 0.030166 ms MarkObjects: 2.836334 ms  DeleteObjects: 0.002500 ms)

Prepare: number of updated asset objects reloaded= 0
========================================================================
Received Prepare
AcceleratorClientConnectionCallback - disconnected - :0
Unloading 0 Unused Serialized files (Serialized files now loaded: 0)
Unloading 0 unused Assets / (0 B). Loaded Objects now: 1468.
Memory consumption went from 86.7 MB to 86.7 MB.
Total: 2.854458 ms (FindLiveObjects: 0.029125 ms CreateObjectMapping: 0.031167 ms MarkObjects: 2.791875 ms  DeleteObjects: 0.001916 ms)

Prepare: number of updated asset objects reloaded= 0
========================================================================
Received Prepare
AcceleratorClientConnectionCallback - disconnected - :0
Unloading 0 Unused Serialized files (Serialized files now loaded: 0)
Unloading 0 unused Assets / (0 B). Loaded Objects now: 1468.
Memory consumption went from 86.5 MB to 86.5 MB.
Total: 2.807459 ms (FindLiveObjects: 0.026334 ms CreateObjectMapping: 0.028667 ms MarkObjects: 2.749750 ms  DeleteObjects: 0.002417 ms)

Prepare: number of updated asset objects reloaded= 0
========================================================================
Received Prepare
AcceleratorClientConnectionCallback - disconnected - :0
Unloading 0 Unused Serialized files (Serialized files now loaded: 0)
Unloading 0 unused Assets / (0 B). Loaded Objects now: 1468.
Memory consumption went from 86.4 MB to 86.4 MB.
Total: 2.863250 ms (FindLiveObjects: 0.026500 ms CreateObjectMapping: 0.028958 ms MarkObjects: 2.804792 ms  DeleteObjects: 0.002792 ms)

Prepare: number of updated asset objects reloaded= 0
========================================================================
Received Prepare
AcceleratorClientConnectionCallback - disconnected - :0
Begin MonoManager ReloadAssembly
[Licensing::Client] Successfully resolved entitlement details
Thread 0x16dbcb000 may have been prematurely finalized
Native extension for OSXStandalone target not found
Native extension for WebGL target not found
[Package Manager] Failed to launch server process. Reason: Unity was launched with the -noUpm command-line argument
[Package Manager] Unable to send message (not connected to server process).
[Package Manager] Cannot connect to Unity Package Manager local server
ScheduleIndexationOnStartup MainProcess:False IndexOnStartup:True
Mono: successfully reloaded assembly
- Finished resetting the current domain, in  0.166 seconds
Domain Reload Profiling: 298ms
	BeginReloadAssembly (66ms)
		CreateAndSetChildDomain (9ms)
	RebuildCommonClasses (4ms)
	RebuildNativeTypeToScriptingClass (8ms)
	initialDomainReloadingComplete (12ms)
	LoadAllAssembliesAndSetupDomain (42ms)
		LoadAssemblies (28ms)
		AnalyzeDomain (4ms)
			TypeCache.Refresh (2ms)
	FinalizeReload (167ms)
		SetupLoadedEditorAssemblies (0ms)
			BeforeProcessingInitializeOnLoad (36ms)
			ProcessInitializeOnLoadAttributes (42ms)
			ProcessInitializeOnLoadMethodAttributes (30ms)
Unloading 0 Unused Serialized files (Serialized files now loaded: 0)
Unloading 852 unused Assets / (123.6 KB). Loaded Objects now: 1468.
Memory consumption went from 93.7 MB to 93.6 MB.
Total: 2.769208 ms (FindLiveObjects: 0.037375 ms CreateObjectMapping: 0.053709 ms MarkObjects: 2.585708 ms  DeleteObjects: 0.092125 ms)

Prepare: number of updated asset objects reloaded= 0
========================================================================
Received Prepare
AcceleratorClientConnectionCallback - disconnected - :0
Begin MonoManager ReloadAssembly
[Licensing::Client] Successfully resolved entitlement details
Thread 0x16dbcb000 may have been prematurely finalized
Native extension for OSXStandalone target not found
Native extension for WebGL target not found
[Package Manager] Failed to launch server process. Reason: Unity was launched with the -noUpm command-line argument
[Package Manager] Unable to send message (not connected to server process).
[Package Manager] Cannot connect to Unity Package Manager local server
ScheduleIndexationOnStartup MainProcess:False IndexOnStartup:True
Mono: successfully reloaded assembly
- Finished resetting the current domain, in  0.167 seconds
Domain Reload Profiling: 301ms
	BeginReloadAssembly (67ms)
		CreateAndSetChildDomain (10ms)
	RebuildCommonClasses (4ms)
	RebuildNativeTypeToScriptingClass (8ms)
	initialDomainReloadingComplete (13ms)
	LoadAllAssembliesAndSetupDomain (42ms)
		LoadAssemblies (29ms)
		AnalyzeDomain (4ms)
			TypeCache.Refresh (2ms)
	FinalizeReload (167ms)
		SetupLoadedEditorAssemblies (0ms)
			BeforeProcessingInitializeOnLoad (35ms)
			ProcessInitializeOnLoadAttributes (42ms)
			ProcessInitializeOnLoadMethodAttributes (30ms)
Unloading 0 Unused Serialized files (Serialized files now loaded: 0)
Unloading 852 unused Assets / (123.8 KB). Loaded Objects now: 1468.
Memory consumption went from 94.1 MB to 94.0 MB.
Total: 2.821000 ms (FindLiveObjects: 0.036708 ms CreateObjectMapping: 0.054459 ms MarkObjects: 2.634583 ms  DeleteObjects: 0.095083 ms)

Prepare: number of updated asset objects reloaded= 0
========================================================================
Received Import Request.
  Time of request: 2026-08-27T08:30:31.895647Z
  Time since last request: 4878.27545333299986 seconds.
  importAddress: GUID: cdc588cfee2e9a84a9d748fb7314daff - Path: Packages/com.unity.inputsystem/InputSystem/Editor/UITKAssetEditor/Views/ViewStateCollection.cs - Importer: ScriptedImporter/UnityEditor.QuickSearchModule:UnityEditor.Search:ASIAI0B
Importing 'GUID: cdc588cfee2e9a84a9d748fb7314daff - Path: Packages/com.unity.inputsystem/InputSystem/Editor/UITKAssetEditor/Views/ViewStateCollection.cs - Importer: ScriptedImporter/UnityEditor.QuickSearchModule:UnityEditor.Search:ASIAI0B' with importer (ScriptedImporter : UnityEditor.QuickSearchModule:UnityEditor.Search:ASIAI0B)
Imported 'GUID: cdc588cfee2e9a84a9d748fb7314daff' -> (Import Result ID: 'd8359d1e93fa1680389dfcfebf4f469e') in 0.053 seconds [static and dynamic dependencies]. Details - ImportResultOutputID=4dbc103b2328c6a2d0ed4d7dcd7120c2 DependenciesID=c3c61df2cec557b95079be7df3b5b9ea StaticDependenciesID=0bbc04c29ac8061b387492d30873a498 
Number of updated asset objects reloaded before import = 0
Number of asset objects unloaded after import = 0
========================================================================
Received Import Request.
  Time of request: 2026-08-27T08:30:31.949687Z
  Time since last request: 0.000232042 seconds.
  importAddress: GUID: 15ce6d517ffb81e44bc72545abacdc9c - Path: Packages/com.unity.inputsystem/InputSystem/Editor/PropertyDrawers/InputActionAssetSearchProvider.cs - Importer: ScriptedImporter/UnityEditor.QuickSearchModule:UnityEditor.Search:ASIAI0B
Importing 'GUID: 15ce6d517ffb81e44bc72545abacdc9c - Path: Packages/com.unity.inputsystem/InputSystem/Editor/PropertyDrawers/InputActionAssetSearchProvider.cs - Importer: ScriptedImporter/UnityEditor.QuickSearchModule:UnityEditor.Search:ASIAI0B' with importer (ScriptedImporter : UnityEditor.QuickSearchModule:UnityEditor.Search:ASIAI0B)
Imported 'GUID: 15ce6d517ffb81e44bc72545abacdc9c' -> (Import Result ID: 'ee1b9a0150e51cbd5a8932924312882a') in 0.002 seconds [static and dynamic dependencies]. Details - ImportResultOutputID=bee47eae678fcdcc0ab453d54ef3eb1c DependenciesID=8a2eba9d16e6f96dd5a6b1069ec46139 StaticDependenciesID=b7c26cbb8ef075e6bc9977517d320bd0 
Number of updated asset objects reloaded before import = 0
Number of asset objects unloaded after import = 0
========================================================================
Received Import Request.
  Time of request: 2026-08-27T08:30:31.952041Z
  Time since last request: 0.000181 seconds.
  importAddress: GUID: ab9b5824ece1d443aa1f3a5672d9da86 - Path: Packages/com.unity.inputsystem/InputSystem/Editor/Icons/d_Dpad@2x.png - Importer: ScriptedImporter/UnityEditor.QuickSearchModule:UnityEditor.Search:ASIAI0B
Importing 'GUID: ab9b5824ece1d443aa1f3a5672d9da86 - Path: Packages/com.unity.inputsystem/InputSystem/Editor/Icons/d_Dpad@2x.png - Importer: ScriptedImporter/UnityEditor.QuickSearchModule:UnityEditor.Search:ASIAI0B' with importer (ScriptedImporter : UnityEditor.QuickSearchModule:UnityEditor.Search:ASIAI0B)
Imported 'GUID: ab9b5824ece1d443aa1f3a5672d9da86' -> (Import Result ID: 'c756d7660199619046cc8d50fe75539c') in 0.019 seconds [static and dynamic dependencies]. Details - ImportResultOutputID=e6790caeae34858817b13e55956a8e94 DependenciesID=11a0b75fdc3a989b40250d4fd6bcb446 StaticDependenciesID=95119839fe5f335fa5c3faacd6baca3c 
Number of updated asset objects reloaded before import = 0
Number of asset objects unloaded after import = 1
========================================================================
Received Import Request.
  Time of request: 2026-08-27T08:30:31.972049Z
  Time since last request: 0.000519792 seconds.
  importAddress: GUID: ce150b9c1acd40e0a087ca3f3257831d - Path: Packages/com.unity.inputsystem/InputSystem/Controls/InputControlPath.cs - Importer: ScriptedImporter/UnityEditor.QuickSearchModule:UnityEditor.Search:ASIAI0B
Importing 'GUID: ce150b9c1acd40e0a087ca3f3257831d - Path: Packages/com.unity.inputsystem/InputSystem/Controls/InputControlPath.cs - Importer: ScriptedImporter/UnityEditor.QuickSearchModule:UnityEditor.Search:ASIAI0B' with importer (ScriptedImporter : UnityEditor.QuickSearchModule:UnityEditor.Search:ASIAI0B)
Imported 'GUID: ce150b9c1acd40e0a087ca3f3257831d' -> (Import Result ID: '332c64d7e4a46b18016ec288ec97a262') in 0.001 seconds [static and dynamic dependencies]. Details - ImportResultOutputID=d315e3466dfd5e8009f53c2f4ad303df DependenciesID=765eb13c8515137a85bc3c3bf32d4339 StaticDependenciesID=891d43516550dbaee5aa94646a634d47 
Number of updated asset objects reloaded before import = 0
Number of asset objects unloaded after import = 0
========================================================================
Received Import Request.
  Time of request: 2026-08-27T08:30:31.97402Z
  Time since last request: 0.000488083 seconds.
  importAddress: GUID: c77cd15ef9ca14d3e928d192049c276d - Path: Packages/com.unity.inputsystem/InputSystem/Actions/InputActionChange.cs - Importer: ScriptedImporter/UnityEditor.QuickSearchModule:UnityEditor.Search:ASIAI0B
Importing 'GUID: c77cd15ef9ca14d3e928d192049c276d - Path: Packages/com.unity.inputsystem/InputSystem/Actions/InputActionChange.cs - Importer: ScriptedImporter/UnityEditor.QuickSearchModule:UnityEditor.Search:ASIAI0B' with importer (ScriptedImporter : UnityEditor.QuickSearchModule:UnityEditor.Search:ASIAI0B)
Imported 'GUID: c77cd15ef9ca14d3e928d192049c276d' -> (Import Result ID: '236ca22e22ac0ec9bd614d92debc6c5f') in 0.001 seconds [static and dynamic dependencies]. Details - ImportResultOutputID=59e88d1f0c5c197da799d27e0ff25a3a DependenciesID=f9191c9afb45a298be79e5e2e89de1ec StaticDependenciesID=af9ef2124949291d8f0fe9c770a2a0a8 
Number of updated asset objects reloaded before import = 0
Number of asset objects unloaded after import = 0
========================================================================
Received Import Request.
  Time of request: 2026-08-27T08:30:31.975138Z
  Time since last request: 0.000141125 seconds.
  importAddress: GUID: 49a488c9c543d82408e3f15c90d36980 - Path: Packages/com.unity.inputsystem/InputSystem/Editor/UITKAssetEditor/Views/IViewStateCollection.cs - Importer: ScriptedImporter/UnityEditor.QuickSearchModule:UnityEditor.Search:ASIAI0B
Importing 'GUID: 49a488c9c543d82408e3f15c90d36980 - Path: Packages/com.unity.inputsystem/InputSystem/Editor/UITKAssetEditor/Views/IViewStateCollection.cs - Importer: ScriptedImporter/UnityEditor.QuickSearchModule:UnityEditor.Search:ASIAI0B' with importer (ScriptedImporter : UnityEditor.QuickSearchModule:UnityEditor.Search:ASIAI0B)
Imported 'GUID: 49a488c9c543d82408e3f15c90d36980' -> (Import Result ID: '7e7da5d51c69e7db3b320495eea773cf') in 0.001 seconds [static and dynamic dependencies]. Details - ImportResultOutputID=aab3aaf407493b8d61f23556fe3ddcfe DependenciesID=28d4e9ce73e33393aeea733719d09cb9 StaticDependenciesID=ef9270d1946743c004646b465fac424e 
Number of updated asset objects reloaded before import = 0
Number of asset objects unloaded after import = 0
========================================================================
Received Import Request.
  Time of request: 2026-08-27T08:30:31.976175Z
  Time since last request: 0.000151167 seconds.
  importAddress: GUID: 72251f49d44478b4c93462938d7ce4cf - Path: Packages/com.unity.inputsystem/InputSystem/Controls/DoubleControl.cs - Importer: ScriptedImporter/UnityEditor.QuickSearchModule:UnityEditor.Search:ASIAI0B
Importing 'GUID: 72251f49d44478b4c93462938d7ce4cf - Path: Packages/com.unity.inputsystem/InputSystem/Controls/DoubleControl.cs - Importer: ScriptedImporter/UnityEditor.QuickSearchModule:UnityEditor.Search:ASIAI0B' with importer (ScriptedImporter : UnityEditor.QuickSearchModule:UnityEditor.Search:ASIAI0B)
Imported 'GUID: 72251f49d44478b4c93462938d7ce4cf' -> (Import Result ID: 'fae5125ce4df7d91de352bd8ab89fd4b') in 0.001 seconds [static and dynamic dependencies]. Details - ImportResultOutputID=923596fe7e4798732b2f4a5d81511360 DependenciesID=f69ee5c2d63df7702143d7f5c9d833e6 StaticDependenciesID=b8a702da384db7051cadd5c7a4980439 
Number of updated asset objects reloaded before import = 0
Number of asset objects unloaded after import = 0
========================================================================
Received Import Request.
  Time of request: 2026-08-27T08:30:31.977339Z
  Time since last request: 0.000365167 seconds.
  importAddress: GUID: c5bdeae4dabac4bf19f7a1afcf5ca678 - Path: Packages/com.unity.inputsystem/InputSystem/Editor/Icons/d_Position.png - Importer: ScriptedImporter/UnityEditor.QuickSearchModule:UnityEditor.Search:ASIAI0B
Importing 'GUID: c5bdeae4dabac4bf19f7a1afcf5ca678 - Path: Packages/com.unity.inputsystem/InputSystem/Editor/Icons/d_Position.png - Importer: ScriptedImporter/UnityEditor.QuickSearchModule:UnityEditor.Search:ASIAI0B' with importer (ScriptedImporter : UnityEditor.QuickSearchModule:UnityEditor.Search:ASIAI0B)
Imported 'GUID: c5bdeae4dabac4bf19f7a1afcf5ca678' -> (Import Result ID: 'e7f6d5e5da5077a23587418fe05fd406') in 0.002 seconds [static and dynamic dependencies]. Details - ImportResultOutputID=e915322e5960298ac5bd6f6154641db7 DependenciesID=f9677c972c80b46dec28e3c4f4f30ea6 StaticDependenciesID=71fe3ebc75f8330e55da2bda3377a691 
Number of updated asset objects reloaded before import = 0
Number of asset objects unloaded after import = 1
========================================================================
Received Import Request.
  Time of request: 2026-08-27T08:30:31.979759Z
  Time since last request: 0.000176 seconds.
  importAddress: GUID: 6ef7b744d03d44f2a82c38ac2f25b21f - Path: Packages/com.unity.inputsystem/InputSystem/Controls/Processors/CompensateRotationProcessor.cs - Importer: ScriptedImporter/UnityEditor.QuickSearchModule:UnityEditor.Search:ASIAI0B
Importing 'GUID: 6ef7b744d03d44f2a82c38ac2f25b21f - Path: Packages/com.unity.inputsystem/InputSystem/Controls/Processors/CompensateRotationProcessor.cs - Importer: ScriptedImporter/UnityEditor.QuickSearchModule:UnityEditor.Search:ASIAI0B' with importer (ScriptedImporter : UnityEditor.QuickSearchModule:UnityEditor.Search:ASIAI0B)
Imported 'GUID: 6ef7b744d03d44f2a82c38ac2f25b21f' -> (Import Result ID: 'f4e27e8e60539226b451f04710373481') in 0.001 seconds [static and dynamic dependencies]. Details - ImportResultOutputID=ab3eba48dd707cd22147ecaf77d5d27e DependenciesID=3b24a22890f0768f23c7e534889438d6 StaticDependenciesID=0263e1229da2812d77f06b802ad37b27 
Number of updated asset objects reloaded before import = 0
Number of asset objects unloaded after import = 0
========================================================================
Received Import Request.
  Time of request: 2026-08-27T08:30:31.980696Z
  Time since last request: 0.000173959 seconds.
  importAddress: GUID: a9fe7c3d19af4432b9ae2a5172f4ea72 - Path: Packages/com.unity.inputsystem/InputSystem/Editor/Icons/ChevronUp.png - Importer: ScriptedImporter/UnityEditor.QuickSearchModule:UnityEditor.Search:ASIAI0B
Importing 'GUID: a9fe7c3d19af4432b9ae2a5172f4ea72 - Path: Packages/com.unity.inputsystem/InputSystem/Editor/Icons/ChevronUp.png - Importer: ScriptedImporter/UnityEditor.QuickSearchModule:UnityEditor.Search:ASIAI0B' with importer (ScriptedImporter : UnityEditor.QuickSearchModule:UnityEditor.Search:ASIAI0B)
Imported 'GUID: a9fe7c3d19af4432b9ae2a5172f4ea72' -> (Import Result ID: 'd857df353b398f152158bf5d7743f1e1') in 0.003 seconds [static and dynamic dependencies]. Details - ImportResultOutputID=629d4d07be6a3b426e07968f61480d6f DependenciesID=c5f8e14298f568546be5caab8b2af7b6 StaticDependenciesID=a49cfadcac4f42c05599173e1633b880 
Number of updated asset objects reloaded before import = 0
Number of asset objects unloaded after import = 1
========================================================================
Received Import Request.
  Time of request: 2026-08-27T08:30:31.983659Z
  Time since last request: 0.000165167 seconds.
  importAddress: GUID: bd293de081caa442dae1595e4c7a6773 - Path: Packages/com.unity.inputsystem/InputSystem/Editor/DeviceSimulator - Importer: ScriptedImporter/UnityEditor.QuickSearchModule:UnityEditor.Search:ASIAI0B
Importing 'GUID: bd293de081caa442dae1595e4c7a6773 - Path: Packages/com.unity.inputsystem/InputSystem/Editor/DeviceSimulator - Importer: ScriptedImporter/UnityEditor.QuickSearchModule:UnityEditor.Search:ASIAI0B' with importer (ScriptedImporter : UnityEditor.QuickSearchModule:UnityEditor.Search:ASIAI0B)
Imported 'GUID: bd293de081caa442dae1595e4c7a6773' -> (Import Result ID: '1bcf82d1bf54d19af2641b5e5bc6356a') in 0.001 seconds [static and dynamic dependencies]. Details - ImportResultOutputID=8e242f93fea34c889b10a18bdd2332ab DependenciesID=c43e69ae4a77d56c8c7601d34c306bca StaticDependenciesID=46068a57bd6eed1ab4ae70c6c9b7ad9e 
Number of updated asset objects reloaded before import = 0
Number of asset objects unloaded after import = 1
========================================================================
Received Import Request.
  Time of request: 2026-08-27T08:30:31.984763Z
  Time since last request: 0.000311958 seconds.
  importAddress: GUID: ba304f5556a3a4fac98d126883083e7e - Path: Packages/com.unity.inputsystem/InputSystem/Editor/Icons/ChevronDown.png - Importer: ScriptedImporter/UnityEditor.QuickSearchModule:UnityEditor.Search:ASIAI0B
Importing 'GUID: ba304f5556a3a4fac98d126883083e7e - Path: Packages/com.unity.inputsystem/InputSystem/Editor/Icons/ChevronDown.png - Importer: ScriptedImporter/UnityEditor.QuickSearchModule:UnityEditor.Search:ASIAI0B' with importer (ScriptedImporter : UnityEditor.QuickSearchModule:UnityEditor.Search:ASIAI0B)
Imported 'GUID: ba304f5556a3a4fac98d126883083e7e' -> (Import Result ID: '2a37c5ce313b6e316ac79944efa0a685') in 0.002 seconds [static and dynamic dependencies]. Details - ImportResultOutputID=f2151ec819a58e1c1acc2ae30c72621e DependenciesID=3225868a3d8b4667aa5a5b33a10a2f4a StaticDependenciesID=dcc94f3046a3539b9bdf62c37bace348 
Number of updated asset objects reloaded before import = 0
Number of asset objects unloaded after import = 1
========================================================================
Received Import Request.
  Time of request: 2026-08-27T08:30:31.987163Z
  Time since last request: 0.0001405 seconds.
  importAddress: GUID: a4d5a38cb01e9c54aa75431f797059cb - Path: Packages/com.unity.inputsystem/InputSystem/Editor/Icons/TrackedPoseDriver.png - Importer: ScriptedImporter/UnityEditor.QuickSearchModule:UnityEditor.Search:ASIAI0B
Importing 'GUID: a4d5a38cb01e9c54aa75431f797059cb - Path: Packages/com.unity.inputsystem/InputSystem/Editor/Icons/TrackedPoseDriver.png - Importer: ScriptedImporter/UnityEditor.QuickSearchModule:UnityEditor.Search:ASIAI0B' with importer (ScriptedImporter : UnityEditor.QuickSearchModule:UnityEditor.Search:ASIAI0B)
Imported 'GUID: a4d5a38cb01e9c54aa75431f797059cb' -> (Import Result ID: 'd9754a970a92cff397e1edd15c22c466') in 0.002 seconds [static and dynamic dependencies]. Details - ImportResultOutputID=e78723f0419ea03700fae858071bedd6 DependenciesID=a2625ee3a71ba446edbf41a05ba360f8 StaticDependenciesID=bca99366df45e33a90e6772954abbb56 
Number of updated asset objects reloaded before import = 0
Number of asset objects unloaded after import = 1
========================================================================
Received Import Request.
  Time of request: 2026-08-27T08:30:31.989446Z
  Time since last request: 0.000180167 seconds.
  importAddress: GUID: 94fa2e214a138425e8afbbe1329e0b55 - Path: Packages/com.unity.inputsystem/InputSystem/Editor/Icons/d_Touch.png - Importer: ScriptedImporter/UnityEditor.QuickSearchModule:UnityEditor.Search:ASIAI0B
Importing 'GUID: 94fa2e214a138425e8afbbe1329e0b55 - Path: Packages/com.unity.inputsystem/InputSystem/Editor/Icons/d_Touch.png - Importer: ScriptedImporter/UnityEditor.QuickSearchModule:UnityEditor.Search:ASIAI0B' with importer (ScriptedImporter : UnityEditor.QuickSearchModule:UnityEditor.Search:ASIAI0B)
Imported 'GUID: 94fa2e214a138425e8afbbe1329e0b55' -> (Import Result ID: '9909224ebfc31146864348f50f2787d8') in 0.002 seconds [static and dynamic dependencies]. Details - ImportResultOutputID=e464da084910933f4a1efd0e625ac0ef DependenciesID=32437f2249df71250feafbb65842e698 StaticDependenciesID=734ad4d5fd30cf48e7e450b3cbad53b5 
Number of updated asset objects reloaded before import = 0
Number of asset objects unloaded after import = 1
========================================================================
Received Import Request.
  Time of request: 2026-08-27T08:30:31.992075Z
  Time since last request: 0.000195375 seconds.
  importAddress: GUID: 4075725b42343494dae837a8144df3b2 - Path: Packages/com.unity.inputsystem/InputSystem/Editor/PropertyDrawers/InputControlPathDrawer.cs - Importer: ScriptedImporter/UnityEditor.QuickSearchModule:UnityEditor.Search:ASIAI0B
Importing 'GUID: 4075725b42343494dae837a8144df3b2 - Path: Packages/com.unity.inputsystem/InputSystem/Editor/PropertyDrawers/InputControlPathDrawer.cs - Importer: ScriptedImporter/UnityEditor.QuickSearchModule:UnityEditor.Search:ASIAI0B' with importer (ScriptedImporter : UnityEditor.QuickSearchModule:UnityEditor.Search:ASIAI0B)
Imported 'GUID: 4075725b42343494dae837a8144df3b2' -> (Import Result ID: '8dfa1efeee25ce96428973c0dac0733c') in 0.001 seconds [static and dynamic dependencies]. Details - ImportResultOutputID=adf16853a3361b7b44a15cc05f1dae84 DependenciesID=d22e3a77c5ade0ef3b0a9270b0cff04c StaticDependenciesID=220560ea531f87a3e53c450d59c14243 
Number of updated asset objects reloaded before import = 0
Number of asset objects unloaded after import = 0
========================================================================
Received Import Request.
  Time of request: 2026-08-27T08:30:31.993144Z
  Time since last request: 0.0002605 seconds.
  importAddress: GUID: 3e9857b4032c493aa79e61db86f9e09b - Path: Packages/com.unity.inputsystem/InputSystem/Controls/QuaternionControl.cs - Importer: ScriptedImporter/UnityEditor.QuickSearchModule:UnityEditor.Search:ASIAI0B
Importing 'GUID: 3e9857b4032c493aa79e61db86f9e09b - Path: Packages/com.unity.inputsystem/InputSystem/Controls/QuaternionControl.cs - Importer: ScriptedImporter/UnityEditor.QuickSearchModule:UnityEditor.Search:ASIAI0B' with importer (ScriptedImporter : UnityEditor.QuickSearchModule:UnityEditor.Search:ASIAI0B)
Imported 'GUID: 3e9857b4032c493aa79e61db86f9e09b' -> (Import Result ID: 'f2406ca71449de1176348081c809920e') in 0.001 seconds [static and dynamic dependencies]. Details - ImportResultOutputID=7a803c1f2c09d8d1a0550420670a80b5 DependenciesID=610e7788ba1a20982233443cec642a95 StaticDependenciesID=b523b2c9209dbfa0b09dac24c33ffc95 
Number of updated asset objects reloaded before import = 0
Number of asset objects unloaded after import = 0
========================================================================
Received Import Request.
  Time of request: 2026-08-27T08:30:31.994294Z
  Time since last request: 0.000155166 seconds.
  importAddress: GUID: 3ae5734e49d646442ad24f37762ebdd2 - Path: Packages/com.unity.inputsystem/Tests/IntegrationTests/Unity.InputSystem.IntegrationTests.asmdef - Importer: ScriptedImporter/UnityEditor.QuickSearchModule:UnityEditor.Search:ASIAI0B
Importing 'GUID: 3ae5734e49d646442ad24f37762ebdd2 - Path: Packages/com.unity.inputsystem/Tests/IntegrationTests/Unity.InputSystem.IntegrationTests.asmdef - Importer: ScriptedImporter/UnityEditor.QuickSearchModule:UnityEditor.Search:ASIAI0B' with importer (ScriptedImporter : UnityEditor.QuickSearchModule:UnityEditor.Search:ASIAI0B)
Imported 'GUID: 3ae5734e49d646442ad24f37762ebdd2' -> (Import Result ID: 'b19ffb5709813ff3845144ecec5469d4') in 0.001 seconds [static and dynamic dependencies]. Details - ImportResultOutputID=77f3b1ee7f5dfa8e0ef580e572286ff6 DependenciesID=4f7b641925c2173480f519d76a19a87a StaticDependenciesID=6542e9322f6da7d8a873dae9d9f4ae01 
Number of updated asset objects reloaded before import = 0
Number of asset objects unloaded after import = 1
========================================================================
Received Import Request.
  Time of request: 2026-08-27T08:30:31.995993Z
  Time since last request: 0.000177292 seconds.
  importAddress: GUID: 3b8e35f20292579409c899395e30948f - Path: Packages/com.unity.inputsystem/InputSystem/Editor/UITKAssetEditor/InputActionsEditorWindowUtils.cs - Importer: ScriptedImporter/UnityEditor.QuickSearchModule:UnityEditor.Search:ASIAI0B
Importing 'GUID: 3b8e35f20292579409c899395e30948f - Path: Packages/com.unity.inputsystem/InputSystem/Editor/UITKAssetEditor/InputActionsEditorWindowUtils.cs - Importer: ScriptedImporter/UnityEditor.QuickSearchModule:UnityEditor.Search:ASIAI0B' with importer (ScriptedImporter : UnityEditor.QuickSearchModule:UnityEditor.Search:ASIAI0B)
Imported 'GUID: 3b8e35f20292579409c899395e30948f' -> (Import Result ID: '36a52d23121688def421e390d6b88ceb') in 0.001 seconds [static and dynamic dependencies]. Details - ImportResultOutputID=ba97f583af734c47f6918716dc059ebf DependenciesID=edbbc51956f7127f21580b3d30eb0afd StaticDependenciesID=11fe25621cae6271afac588e282a49aa 
Number of updated asset objects reloaded before import = 0
Number of asset objects unloaded after import = 0
========================================================================
Received Import Request.
  Time of request: 2026-08-27T08:30:31.996961Z
  Time since last request: 0.000218917 seconds.
  importAddress: GUID: 954f8631d67512b409a5c4c526ae4f71 - Path: Packages/com.unity.inputsystem/InputSystem/Editor/UITKAssetEditor/Views/ActionPropertiesView.cs - Importer: ScriptedImporter/UnityEditor.QuickSearchModule:UnityEditor.Search:ASIAI0B
Importing 'GUID: 954f8631d67512b409a5c4c526ae4f71 - Path: Packages/com.unity.inputsystem/InputSystem/Editor/UITKAssetEditor/Views/ActionPropertiesView.cs - Importer: ScriptedImporter/UnityEditor.QuickSearchModule:UnityEditor.Search:ASIAI0B' with importer (ScriptedImporter : UnityEditor.QuickSearchModule:UnityEditor.Search:ASIAI0B)
Imported 'GUID: 954f8631d67512b409a5c4c526ae4f71' -> (Import Result ID: '78c4e4738e71a0b8b5243c5b3ace7514') in 0.001 seconds [static and dynamic dependencies]. Details - ImportResultOutputID=b9fcd29077f801f31b4a0d5989cda1d0 DependenciesID=fbd207a00d889155f062b855884e0091 StaticDependenciesID=07c0213f47d9647444514d75c79ca4df 
Number of updated asset objects reloaded before import = 0
Number of asset objects unloaded after import = 0
========================================================================
Received Import Request.
  Time of request: 2026-08-27T08:30:31.997935Z
  Time since last request: 0.000196875 seconds.
  importAddress: GUID: 57f4c22a7e71744499d25ed776ef6cf2 - Path: Packages/com.unity.inputsystem/InputSystem/Editor/AssetImporter/InputActionAssetEditor.cs - Importer: ScriptedImporter/UnityEditor.QuickSearchModule:UnityEditor.Search:ASIAI0B
Importing 'GUID: 57f4c22a7e71744499d25ed776ef6cf2 - Path: Packages/com.unity.inputsystem/InputSystem/Editor/AssetImporter/InputActionAssetEditor.cs - Importer: ScriptedImporter/UnityEditor.QuickSearchModule:UnityEditor.Search:ASIAI0B' with importer (ScriptedImporter : UnityEditor.QuickSearchModule:UnityEditor.Search:ASIAI0B)
Imported 'GUID: 57f4c22a7e71744499d25ed776ef6cf2' -> (Import Result ID: '51e2016ddaba2b71211805fdd5dbb2c9') in 0.001 seconds [static and dynamic dependencies]. Details - ImportResultOutputID=f0ae1c38cda04a9ad291adc31a24f995 DependenciesID=d156b3941c62c603887c203bd00e5f73 StaticDependenciesID=a65c1778931b4420918bab9960d600c1 
Number of updated asset objects reloaded before import = 0
Number of asset objects unloaded after import = 0
========================================================================
Received Import Request.
  Time of request: 2026-08-27T08:30:31.998803Z
  Time since last request: 0.000137875 seconds.
  importAddress: GUID: 87c5b80450f54500a29fe13a4b83fbab - Path: Packages/com.unity.inputsystem/InputSystem/InputFeatureNames.cs - Importer: ScriptedImporter/UnityEditor.QuickSearchModule:UnityEditor.Search:ASIAI0B
Importing 'GUID: 87c5b80450f54500a29fe13a4b83fbab - Path: Packages/com.unity.inputsystem/InputSystem/InputFeatureNames.cs - Importer: ScriptedImporter/UnityEditor.QuickSearchModule:UnityEditor.Search:ASIAI0B' with importer (ScriptedImporter : UnityEditor.QuickSearchModule:UnityEditor.Search:ASIAI0B)
Imported 'GUID: 87c5b80450f54500a29fe13a4b83fbab' -> (Import Result ID: '73bf6d7f57d813d4cc2c6606c97d05c7') in 0.001 seconds [static and dynamic dependencies]. Details - ImportResultOutputID=80eeb75cfee5f3714480bd38278588f8 DependenciesID=b6781344c531aec70cfaef97de332800 StaticDependenciesID=384c2bbf6dd1b89e6a469f6456d15198 
Number of updated asset objects reloaded before import = 0
Number of asset objects unloaded after import = 0
========================================================================
Received Import Request.
  Time of request: 2026-08-27T08:30:31.99962Z
  Time since last request: 0.000142792 seconds.
  importAddress: GUID: 6a237171e2346e3458db37eb0f90d42b - Path: Packages/com.unity.inputsystem/InputSystem/Editor/Icons/MultiplayerEventSystem@64.png - Importer: ScriptedImporter/UnityEditor.QuickSearchModule:UnityEditor.Search:ASIAI0B
Importing 'GUID: 6a237171e2346e3458db37eb0f90d42b - Path: Packages/com.unity.inputsystem/InputSystem/Editor/Icons/MultiplayerEventSystem@64.png - Importer: ScriptedImporter/UnityEditor.QuickSearchModule:UnityEditor.Search:ASIAI0B' with importer (ScriptedImporter : UnityEditor.QuickSearchModule:UnityEditor.Search:ASIAI0B)
Imported 'GUID: 6a237171e2346e3458db37eb0f90d42b' -> (Import Result ID: 'd93cf2389e6296307e28150bd2c1d3b1') in 0.002 seconds [static and dynamic dependencies]. Details - ImportResultOutputID=5267ca62ecf7cac7f5e2776ff5571195 DependenciesID=8a65e188b1260b5451622b3fd0cb4f4a StaticDependenciesID=652ba69d57953b7594a819411e49eedf 
Number of updated asset objects reloaded before import = 0
Number of asset objects unloaded after import = 1
========================================================================
Received Import Request.
  Time of request: 2026-08-27T08:30:32.002336Z
  Time since last request: 0.000474667 seconds.
  importAddress: GUID: db7a158b580fb4518ae82aa029a54892 - Path: Packages/com.unity.inputsystem/InputSystem/Editor/ControlPicker/InputControlPickerDropdown.cs - Importer: ScriptedImporter/UnityEditor.QuickSearchModule:UnityEditor.Search:ASIAI0B
Importing 'GUID: db7a158b580fb4518ae82aa029a54892 - Path: Packages/com.unity.inputsystem/InputSystem/Editor/ControlPicker/InputControlPickerDropdown.cs - Importer: ScriptedImporter/UnityEditor.QuickSearchModule:UnityEditor.Search:ASIAI0B' with importer (ScriptedImporter : UnityEditor.QuickSearchModule:UnityEditor.Search:ASIAI0B)
Imported 'GUID: db7a158b580fb4518ae82aa029a54892' -> (Import Result ID: '4ab509e2abf2aaa9220080e4527d548a') in 0.001 seconds [static and dynamic dependencies]. Details - ImportResultOutputID=3c56dccd39f19f0c534d4916e6fe2b2f DependenciesID=1c7d2d30621eee213633f3caed67dc1f StaticDependenciesID=6e50918cdb6082869f913f25c2a1b80b 
Number of updated asset objects reloaded before import = 0
Number of asset objects unloaded after import = 0
========================================================================
Received Import Request.
  Time of request: 2026-08-27T08:30:32.00346Z
  Time since last request: 0.000152083 seconds.
  importAddress: GUID: c189b798c1d4842fcb189cf619033d39 - Path: Packages/com.unity.inputsystem/InputSystem/Editor/Settings - Importer: ScriptedImporter/UnityEditor.QuickSearchModule:UnityEditor.Search:ASIAI0B
Importing 'GUID: c189b798c1d4842fcb189cf619033d39 - Path: Packages/com.unity.inputsystem/InputSystem/Editor/Settings - Importer: ScriptedImporter/UnityEditor.QuickSearchModule:UnityEditor.Search:ASIAI0B' with importer (ScriptedImporter : UnityEditor.QuickSearchModule:UnityEditor.Search:ASIAI0B)
Imported 'GUID: c189b798c1d4842fcb189cf619033d39' -> (Import Result ID: 'aa421bfc3320356a16ca64206c6e3eb1') in 0.001 seconds [static and dynamic dependencies]. Details - ImportResultOutputID=48f643f8040856738aaf0c96f2dd53cf DependenciesID=d92b8b741b118baafe3532013771e5c4 StaticDependenciesID=6b8dd5eb98693b1921739620766bf10c 
Number of updated asset objects reloaded before import = 0
Number of asset objects unloaded after import = 1
========================================================================
Received Import Request.
  Time of request: 2026-08-27T08:30:32.004544Z
  Time since last request: 0.000187583 seconds.
  importAddress: GUID: e78bab4d8055a47fd933966a032e34ef - Path: Packages/com.unity.inputsystem/InputSystem/Plugins/WebGL/WebGLGamepad.cs - Importer: ScriptedImporter/UnityEditor.QuickSearchModule:UnityEditor.Search:ASIAI0B
Importing 'GUID: e78bab4d8055a47fd933966a032e34ef - Path: Packages/com.unity.inputsystem/InputSystem/Plugins/WebGL/WebGLGamepad.cs - Importer: ScriptedImporter/UnityEditor.QuickSearchModule:UnityEditor.Search:ASIAI0B' with importer (ScriptedImporter : UnityEditor.QuickSearchModule:UnityEditor.Search:ASIAI0B)
Imported 'GUID: e78bab4d8055a47fd933966a032e34ef' -> (Import Result ID: '7aa2d1f2b7426fabf29d4094367629b3') in 0.001 seconds [static and dynamic dependencies]. Details - ImportResultOutputID=4d34c2f83c62d10c875a229b80f3850a DependenciesID=ababe848f2af96fdc9f41675c6245d5a StaticDependenciesID=6226239dd6d3006296ec4554d8160946 
Number of updated asset objects reloaded before import = 0
Number of asset objects unloaded after import = 0
========================================================================
Received Import Request.
  Time of request: 2026-08-27T08:30:32.005669Z
  Time since last request: 0.000303584 seconds.
  importAddress: GUID: 5b630b769a2a8aa499ce2d2093f40500 - Path: Packages/com.unity.inputsystem/InputSystem/Editor/ControlPicker/Layouts - Importer: ScriptedImporter/UnityEditor.QuickSearchModule:UnityEditor.Search:ASIAI0B
Importing 'GUID: 5b630b769a2a8aa499ce2d2093f40500 - Path: Packages/com.unity.inputsystem/InputSystem/Editor/ControlPicker/Layouts - Importer: ScriptedImporter/UnityEditor.QuickSearchModule:UnityEditor.Search:ASIAI0B' with importer (ScriptedImporter : UnityEditor.QuickSearchModule:UnityEditor.Search:ASIAI0B)
Imported 'GUID: 5b630b769a2a8aa499ce2d2093f40500' -> (Import Result ID: '9957ce446c2b610b75d7ab1e11833428') in 0.001 seconds [static and dynamic dependencies]. Details - ImportResultOutputID=018312f9ff2c99c3b6b5b9a0c93f358f DependenciesID=b3cbac0fd63caba29c899a29bc1c49bd StaticDependenciesID=903d8f19b66da8d0e8268ce8e1bc859c 
Number of updated asset objects reloaded before import = 0
Number of asset objects unloaded after import = 1
========================================================================
Received Import Request.
  Time of request: 2026-08-27T08:30:32.006599Z
  Time since last request: 0.000184291 seconds.
  importAddress: GUID: 716898219fc23de4a81300652df80ef3 - Path: Packages/com.unity.inputsystem/InputSystem/Editor/UITKAssetEditor/Views/ActionsTreeView.cs - Importer: ScriptedImporter/UnityEditor.QuickSearchModule:UnityEditor.Search:ASIAI0B
Importing 'GUID: 716898219fc23de4a81300652df80ef3 - Path: Packages/com.unity.inputsystem/InputSystem/Editor/UITKAssetEditor/Views/ActionsTreeView.cs - Importer: ScriptedImporter/UnityEditor.QuickSearchModule:UnityEditor.Search:ASIAI0B' with importer (ScriptedImporter : UnityEditor.QuickSearchModule:UnityEditor.Search:ASIAI0B)
Imported 'GUID: 716898219fc23de4a81300652df80ef3' -> (Import Result ID: '8b9a591c33ab15e40d44ab8d163b5c97') in 0.001 seconds [static and dynamic dependencies]. Details - ImportResultOutputID=207f79ba3954575f7566f79765e7bc08 DependenciesID=04f344556be9698683a39f071a36caaf StaticDependenciesID=0902f0ccc44ed9739f975cb7cb0492ac 
Number of updated asset objects reloaded before import = 0
Number of asset objects unloaded after import = 0
========================================================================
Received Import Request.
  Time of request: 2026-08-27T08:30:32.007688Z
  Time since last request: 0.000268208 seconds.
  importAddress: GUID: ef4b66ea93dd243a783c32ab1da39fc4 - Path: Packages/com.unity.inputsystem/InputSystem/Plugins/EnhancedTouch - Importer: ScriptedImporter/UnityEditor.QuickSearchModule:UnityEditor.Search:ASIAI0B
Importing 'GUID: ef4b66ea93dd243a783c32ab1da39fc4 - Path: Packages/com.unity.inputsystem/InputSystem/Plugins/EnhancedTouch - Importer: ScriptedImporter/UnityEditor.QuickSearchModule:UnityEditor.Search:ASIAI0B' with importer (ScriptedImporter : UnityEditor.QuickSearchModule:UnityEditor.Search:ASIAI0B)
Imported 'GUID: ef4b66ea93dd243a783c32ab1da39fc4' -> (Import Result ID: 'dc2a2b6d2023692af887472ffa1d4bee') in 0.001 seconds [static and dynamic dependencies]. Details - ImportResultOutputID=4a3c327a0498791e46aef530da0f04ef DependenciesID=09b22c379e3cdb78bfedf51926fb40d0 StaticDependenciesID=4bc4d0c1e54b5ca4c2617764022674e9 
Number of updated asset objects reloaded before import = 0
Number of asset objects unloaded after import = 1
========================================================================
Received Import Request.
  Time of request: 2026-08-27T08:30:32.009169Z
  Time since last request: 0.000278083 seconds.
  importAddress: GUID: 9231fc068a549684f8ece75b66d6095b - Path: Packages/com.unity.inputsystem/InputSystem/Plugins/XR/Devices/WindowsMR.cs - Importer: ScriptedImporter/UnityEditor.QuickSearchModule:UnityEditor.Search:ASIAI0B
Importing 'GUID: 9231fc068a549684f8ece75b66d6095b - Path: Packages/com.unity.inputsystem/InputSystem/Plugins/XR/Devices/WindowsMR.cs - Importer: ScriptedImporter/UnityEditor.QuickSearchModule:UnityEditor.Search:ASIAI0B' with importer (ScriptedImporter : UnityEditor.QuickSearchModule:UnityEditor.Search:ASIAI0B)
Imported 'GUID: 9231fc068a549684f8ece75b66d6095b' -> (Import Result ID: '18f274730dabdf0af21e689ace550916') in 0.001 seconds [static and dynamic dependencies]. Details - ImportResultOutputID=e52d80b205c8d797a21f4741859aa9c8 DependenciesID=7e05db394397f9f0159e72eb2811b6aa StaticDependenciesID=f2021094daec7f71f8e69e1c357d4841 
Number of updated asset objects reloaded before import = 0
Number of asset objects unloaded after import = 0
========================================================================
Received Import Request.
  Time of request: 2026-08-27T08:30:32.010422Z
  Time since last request: 0.00027125 seconds.
  importAddress: GUID: 9858d4c8055fd45539a2e86388f7c5ba - Path: Packages/com.unity.inputsystem/InputSystem/Editor/DownloadableSample.cs - Importer: ScriptedImporter/UnityEditor.QuickSearchModule:UnityEditor.Search:ASIAI0B
Importing 'GUID: 9858d4c8055fd45539a2e86388f7c5ba - Path: Packages/com.unity.inputsystem/InputSystem/Editor/DownloadableSample.cs - Importer: ScriptedImporter/UnityEditor.QuickSearchModule:UnityEditor.Search:ASIAI0B' with importer (ScriptedImporter : UnityEditor.QuickSearchModule:UnityEditor.Search:ASIAI0B)
Imported 'GUID: 9858d4c8055fd45539a2e86388f7c5ba' -> (Import Result ID: 'a884974a03df04e065ce4095d06d8442') in 0.001 seconds [static and dynamic dependencies]. Details - ImportResultOutputID=4bf1d0c089573112f9a09c08fdddf77a DependenciesID=b56a8650726a76fbd1ff476208f4a1d9 StaticDependenciesID=faf0b68b3d146c3943b3bdc88bd1d474 
Number of updated asset objects reloaded before import = 0
Number of asset objects unloaded after import = 0
========================================================================
Received Import Request.
  Time of request: 2026-08-27T08:30:32.011311Z
  Time since last request: 0.000160291 seconds.
  importAddress: GUID: 8f99eea29fb7e4f7a9c7aad1730f329a - Path: Packages/com.unity.inputsystem/InputSystem/Utilities/OneOrMore.cs - Importer: ScriptedImporter/UnityEditor.QuickSearchModule:UnityEditor.Search:ASIAI0B
Importing 'GUID: 8f99eea29fb7e4f7a9c7aad1730f329a - Path: Packages/com.unity.inputsystem/InputSystem/Utilities/OneOrMore.cs - Importer: ScriptedImporter/UnityEditor.QuickSearchModule:UnityEditor.Search:ASIAI0B' with importer (ScriptedImporter : UnityEditor.QuickSearchModule:UnityEditor.Search:ASIAI0B)
Imported 'GUID: 8f99eea29fb7e4f7a9c7aad1730f329a' -> (Import Result ID: '0dec1b3dd080c92df6a843587d0bd154') in 0.001 seconds [static and dynamic dependencies]. Details - ImportResultOutputID=91d69f251d27f3fb6a74d99467860e54 DependenciesID=85834e335cd38e11e4b5809cefd7d0db StaticDependenciesID=3d415281d12836977b254268b1f7b52f 
Number of updated asset objects reloaded before import = 0
Number of asset objects unloaded after import = 0
========================================================================
Received Import Request.
  Time of request: 2026-08-27T08:30:32.012113Z
  Time since last request: 0.000175458 seconds.
  importAddress: GUID: 9721efa02e520488d96c36460fe7e4a6 - Path: Packages/com.unity.inputsystem/InputSystem/Editor/Icons/Mouse@2x.png - Importer: ScriptedImporter/UnityEditor.QuickSearchModule:UnityEditor.Search:ASIAI0B
Importing 'GUID: 9721efa02e520488d96c36460fe7e4a6 - Path: Packages/com.unity.inputsystem/InputSystem/Editor/Icons/Mouse@2x.png - Importer: ScriptedImporter/UnityEditor.QuickSearchModule:UnityEditor.Search:ASIAI0B' with importer (ScriptedImporter : UnityEditor.QuickSearchModule:UnityEditor.Search:ASIAI0B)
Imported 'GUID: 9721efa02e520488d96c36460fe7e4a6' -> (Import Result ID: '68690cea31ce0be4a14489ebee0f456b') in 0.002 seconds [static and dynamic dependencies]. Details - ImportResultOutputID=1f636a8704adb0e9835b66b3dc36486e DependenciesID=ca9f706057079c8ac9f27bac8c1f3aaa StaticDependenciesID=7863ab9a9085457297475a4bedcf1c22 
Number of updated asset objects reloaded before import = 0
Number of asset objects unloaded after import = 1
========================================================================
Received Import Request.
  Time of request: 2026-08-27T08:30:32.014323Z
  Time since last request: 0.000196167 seconds.
  importAddress: GUID: 60e5ec46fb7a7ff41856f37c60efb70f - Path: Packages/com.unity.inputsystem/InputSystem/Editor/UITKAssetEditor/Commands/Commands.cs - Importer: ScriptedImporter/UnityEditor.QuickSearchModule:UnityEditor.Search:ASIAI0B
Importing 'GUID: 60e5ec46fb7a7ff41856f37c60efb70f - Path: Packages/com.unity.inputsystem/InputSystem/Editor/UITKAssetEditor/Commands/Commands.cs - Importer: ScriptedImporter/UnityEditor.QuickSearchModule:UnityEditor.Search:ASIAI0B' with importer (ScriptedImporter : UnityEditor.QuickSearchModule:UnityEditor.Search:ASIAI0B)
Imported 'GUID: 60e5ec46fb7a7ff41856f37c60efb70f' -> (Import Result ID: '9e14754917d7ffce743ad958a12f2719') in 0.001 seconds [static and dynamic dependencies]. Details - ImportResultOutputID=0f946e60dfdaeb38a23000a867b2f4e5 DependenciesID=c6ea9348a6f70d993a613f731d1adadd StaticDependenciesID=fd7ba82f2d9468e539b3447fd92cd4c0 
Number of updated asset objects reloaded before import = 0
Number of asset objects unloaded after import = 0
========================================================================
Received Import Request.
  Time of request: 2026-08-27T08:30:32.017865Z
  Time since last request: 0.002748959 seconds.
  importAddress: GUID: e072bc6a44a3a4944bb32165f753b9ca - Path: Packages/com.unity.inputsystem/InputSystem/Plugins/Users/InputUser.cs - Importer: ScriptedImporter/UnityEditor.QuickSearchModule:UnityEditor.Search:ASIAI0B
Importing 'GUID: e072bc6a44a3a4944bb32165f753b9ca - Path: Packages/com.unity.inputsystem/InputSystem/Plugins/Users/InputUser.cs - Importer: ScriptedImporter/UnityEditor.QuickSearchModule:UnityEditor.Search:ASIAI0B' with importer (ScriptedImporter : UnityEditor.QuickSearchModule:UnityEditor.Search:ASIAI0B)
Imported 'GUID: e072bc6a44a3a4944bb32165f753b9ca' -> (Import Result ID: 'aa95528a99f9f1e3f46ffbf8aa4afae5') in 0.001 seconds [static and dynamic dependencies]. Details - ImportResultOutputID=8f2a3c0bf45f7632f95358e38cd39b58 DependenciesID=d0fcab8d7a591d062d8988a2697ab360 StaticDependenciesID=7e7a80db28e37b1f351be59fda466585 
Number of updated asset objects reloaded before import = 0
Number of asset objects unloaded after import = 0
========================================================================
Received Import Request.
  Time of request: 2026-08-27T08:30:32.019108Z
  Time since last request: 0.000341208 seconds.
  importAddress: GUID: ce1664b057efc40759e0da41d54e3e4e - Path: Packages/com.unity.inputsystem/InputSystem/Plugins/Users/InputUserChange.cs - Importer: ScriptedImporter/UnityEditor.QuickSearchModule:UnityEditor.Search:ASIAI0B
Importing 'GUID: ce1664b057efc40759e0da41d54e3e4e - Path: Packages/com.unity.inputsystem/InputSystem/Plugins/Users/InputUserChange.cs - Importer: ScriptedImporter/UnityEditor.QuickSearchModule:UnityEditor.Search:ASIAI0B' with importer (ScriptedImporter : UnityEditor.QuickSearchModule:UnityEditor.Search:ASIAI0B)
Imported 'GUID: ce1664b057efc40759e0da41d54e3e4e' -> (Import Result ID: '2dc334d8c6d931a90bc1e16ef94879d8') in 0.001 seconds [static and dynamic dependencies]. Details - ImportResultOutputID=e1f3b89a4dd298e8b62498c9c5abc840 DependenciesID=66f532f11e4feaaf993cbd5e36676d5a StaticDependenciesID=c0136abd7eeca3b39ea54648188daf36 
Number of updated asset objects reloaded before import = 0
Number of asset objects unloaded after import = 0
========================================================================
Received Import Request.
  Time of request: 2026-08-27T08:30:32.020165Z
  Time since last request: 0.000189209 seconds.
  importAddress: GUID: 8d76c8b08c287594c9bf5d6c70fb8699 - Path: Packages/com.unity.inputsystem/InputSystem/Devices/Commands/EnableDeviceCommand.cs - Importer: ScriptedImporter/UnityEditor.QuickSearchModule:UnityEditor.Search:ASIAI0B
Importing 'GUID: 8d76c8b08c287594c9bf5d6c70fb8699 - Path: Packages/com.unity.inputsystem/InputSystem/Devices/Commands/EnableDeviceCommand.cs - Importer: ScriptedImporter/UnityEditor.QuickSearchModule:UnityEditor.Search:ASIAI0B' with importer (ScriptedImporter : UnityEditor.QuickSearchModule:UnityEditor.Search:ASIAI0B)
Imported 'GUID: 8d76c8b08c287594c9bf5d6c70fb8699' -> (Import Result ID: '9fc8457f6cf8f928e9e84b2082732721') in 0.001 seconds [static and dynamic dependencies]. Details - ImportResultOutputID=2d7c3391486cc9e37232b7d199f25d52 DependenciesID=071f3270ba75e05fb936563bced8ebfa StaticDependenciesID=f1ee0d5e9ab8e64f06e62c8c4d7b1a49 
Number of updated asset objects reloaded before import = 0
Number of asset objects unloaded after import = 0
========================================================================
Received Import Request.
  Time of request: 2026-08-27T08:30:32.021066Z
  Time since last request: 0.00017925 seconds.
  importAddress: GUID: ccdc5c2ae66744782ab7e326c053ad0a - Path: Packages/com.unity.inputsystem/InputSystem/State/InputStateHistory.cs - Importer: ScriptedImporter/UnityEditor.QuickSearchModule:UnityEditor.Search:ASIAI0B
Importing 'GUID: ccdc5c2ae66744782ab7e326c053ad0a - Path: Packages/com.unity.inputsystem/InputSystem/State/InputStateHistory.cs - Importer: ScriptedImporter/UnityEditor.QuickSearchModule:UnityEditor.Search:ASIAI0B' with importer (ScriptedImporter : UnityEditor.QuickSearchModule:UnityEditor.Search:ASIAI0B)
Imported 'GUID: ccdc5c2ae66744782ab7e326c053ad0a' -> (Import Result ID: '9a86a775982dfcfd4a5eb93fcf26c8b7') in 0.001 seconds [static and dynamic dependencies]. Details - ImportResultOutputID=0d74c40bbe3eca75448f66810a0f169a DependenciesID=e390fae764588c6b13a9beb5601af7f2 StaticDependenciesID=91ec7d66cfbccbfbc3fa725dd7f02573 
Number of updated asset objects reloaded before import = 0
Number of asset objects unloaded after import = 0
========================================================================
Received Import Request.
  Time of request: 2026-08-27T08:30:32.022006Z
  Time since last request: 0.000254833 seconds.
  importAddress: GUID: b0e29a3b2e6d01345abeaefb681b5f22 - Path: Packages/com.unity.inputsystem/InputSystem/Plugins/iOS/IOSGameController.cs - Importer: ScriptedImporter/UnityEditor.QuickSearchModule:UnityEditor.Search:ASIAI0B
Importing 'GUID: b0e29a3b2e6d01345abeaefb681b5f22 - Path: Packages/com.unity.inputsystem/InputSystem/Plugins/iOS/IOSGameController.cs - Importer: ScriptedImporter/UnityEditor.QuickSearchModule:UnityEditor.Search:ASIAI0B' with importer (ScriptedImporter : UnityEditor.QuickSearchModule:UnityEditor.Search:ASIAI0B)
Imported 'GUID: b0e29a3b2e6d01345abeaefb681b5f22' -> (Import Result ID: '23b4145c7080f11f41ea9ebd9e0b7b53') in 0.001 seconds [static and dynamic dependencies]. Details - ImportResultOutputID=b90b64fbec7c99f5a5e0377e39086804 DependenciesID=c93c68124652634e2a757f62f0eab3f5 StaticDependenciesID=2e09860070171b6a7729eeeef2954dcc 
Number of updated asset objects reloaded before import = 0
Number of asset objects unloaded after import = 0
========================================================================
Received Import Request.
  Time of request: 2026-08-27T08:30:32.023154Z
  Time since last request: 0.000172167 seconds.
  importAddress: GUID: 183f7887e5104e1593ce980b9d0159e3 - Path: Packages/com.unity.inputsystem/InputSystem/Editor/Analytics/VirtualMouseInputEditorAnalytic.cs - Importer: ScriptedImporter/UnityEditor.QuickSearchModule:UnityEditor.Search:ASIAI0B
Importing 'GUID: 183f7887e5104e1593ce980b9d0159e3 - Path: Packages/com.unity.inputsystem/InputSystem/Editor/Analytics/VirtualMouseInputEditorAnalytic.cs - Importer: ScriptedImporter/UnityEditor.QuickSearchModule:UnityEditor.Search:ASIAI0B' with importer (ScriptedImporter : UnityEditor.QuickSearchModule:UnityEditor.Search:ASIAI0B)
Imported 'GUID: 183f7887e5104e1593ce980b9d0159e3' -> (Import Result ID: '0ac0f7f62ec1366e2f2af17d8bf6ab46') in 0.001 seconds [static and dynamic dependencies]. Details - ImportResultOutputID=2037766cee99d184a270c12c9c5f0f47 DependenciesID=3a33aeabf380be7c81e1f4296af555b6 StaticDependenciesID=b48e87af58eb95c919fcccc7b623f4ca 
Number of updated asset objects reloaded before import = 0
Number of asset objects unloaded after import = 0
========================================================================
Received Import Request.
  Time of request: 2026-08-27T08:30:32.024134Z
  Time since last request: 0.000175 seconds.
  importAddress: GUID: 0c43a6876f1eb4fdf8b9dc2fee926776 - Path: Packages/com.unity.inputsystem/InputSystem/Actions/InputActionProperty.cs - Importer: ScriptedImporter/UnityEditor.QuickSearchModule:UnityEditor.Search:ASIAI0B
Importing 'GUID: 0c43a6876f1eb4fdf8b9dc2fee926776 - Path: Packages/com.unity.inputsystem/InputSystem/Actions/InputActionProperty.cs - Importer: ScriptedImporter/UnityEditor.QuickSearchModule:UnityEditor.Search:ASIAI0B' with importer (ScriptedImporter : UnityEditor.QuickSearchModule:UnityEditor.Search:ASIAI0B)
Imported 'GUID: 0c43a6876f1eb4fdf8b9dc2fee926776' -> (Import Result ID: '25e05aac1590ca933a4b8dd872e59928') in 0.001 seconds [static and dynamic dependencies]. Details - ImportResultOutputID=98829c8e6a5990b031bcb3f7390fdc59 DependenciesID=d8d2d4f881d6915670468652c4cd48e9 StaticDependenciesID=1caff81ef623cbf3a67fee83f1b430f9 
Number of updated asset objects reloaded before import = 0
Number of asset objects unloaded after import = 0
========================================================================
Received Import Request.
  Time of request: 2026-08-27T08:30:32.025003Z
  Time since last request: 0.000143833 seconds.
  importAddress: GUID: 47e42d28cda46b34cb7f8804e6db4c25 - Path: Packages/com.unity.inputsystem/InputSystem/Plugins/UI/BaseInputOverride.cs - Importer: ScriptedImporter/UnityEditor.QuickSearchModule:UnityEditor.Search:ASIAI0B
Importing 'GUID: 47e42d28cda46b34cb7f8804e6db4c25 - Path: Packages/com.unity.inputsystem/InputSystem/Plugins/UI/BaseInputOverride.cs - Importer: ScriptedImporter/UnityEditor.QuickSearchModule:UnityEditor.Search:ASIAI0B' with importer (ScriptedImporter : UnityEditor.QuickSearchModule:UnityEditor.Search:ASIAI0B)
Imported 'GUID: 47e42d28cda46b34cb7f8804e6db4c25' -> (Import Result ID: 'dab1c9e73946a958e3528dd34121e9e4') in 0.001 seconds [static and dynamic dependencies]. Details - ImportResultOutputID=1f4636732fe6b74044e7c94ecc52a45e DependenciesID=a60394352e9d076e06ecc2ffd9641de3 StaticDependenciesID=4b2bd8bfeba5efaf9dbe52c18076d054 
Number of updated asset objects reloaded before import = 0
Number of asset objects unloaded after import = 0
========================================================================
Received Import Request.
  Time of request: 2026-08-27T08:30:32.02583Z
  Time since last request: 0.000190375 seconds.
  importAddress: GUID: 0e235e01f7e6408f87e899ac373c85d1 - Path: Packages/com.unity.inputsystem/InputSystem/Plugins/DualShock/IDualShockHaptics.cs - Importer: ScriptedImporter/UnityEditor.QuickSearchModule:UnityEditor.Search:ASIAI0B
Importing 'GUID: 0e235e01f7e6408f87e899ac373c85d1 - Path: Packages/com.unity.inputsystem/InputSystem/Plugins/DualShock/IDualShockHaptics.cs - Importer: ScriptedImporter/UnityEditor.QuickSearchModule:UnityEditor.Search:ASIAI0B' with importer (ScriptedImporter : UnityEditor.QuickSearchModule:UnityEditor.Search:ASIAI0B)
Imported 'GUID: 0e235e01f7e6408f87e899ac373c85d1' -> (Import Result ID: '764518520091a75d1f071215bc9d47fe') in 0.001 seconds [static and dynamic dependencies]. Details - ImportResultOutputID=21b497f3360c8520163516581fa083ac DependenciesID=67579705f70013c427d5cd5cfbfadb9a StaticDependenciesID=6aeb533dc6955516c293d3e0aa27d6f5 
Number of updated asset objects reloaded before import = 0
Number of asset objects unloaded after import = 0
========================================================================
Received Import Request.
  Time of request: 2026-08-27T08:30:32.026876Z
  Time since last request: 0.000218791 seconds.
  importAddress: GUID: 5881d226463a047cb8db57c9cb0ebc0f - Path: Packages/com.unity.inputsystem/InputSystem/Editor/Icons/Stick@2x.png - Importer: ScriptedImporter/UnityEditor.QuickSearchModule:UnityEditor.Search:ASIAI0B
Importing 'GUID: 5881d226463a047cb8db57c9cb0ebc0f - Path: Packages/com.unity.inputsystem/InputSystem/Editor/Icons/Stick@2x.png - Importer: ScriptedImporter/UnityEditor.QuickSearchModule:UnityEditor.Search:ASIAI0B' with importer (ScriptedImporter : UnityEditor.QuickSearchModule:UnityEditor.Search:ASIAI0B)
Imported 'GUID: 5881d226463a047cb8db57c9cb0ebc0f' -> (Import Result ID: '74a91efa922b5f71ec3493e2a197df53') in 0.002 seconds [static and dynamic dependencies]. Details - ImportResultOutputID=74e5a27134e2ae96003f49b4d0bdf057 DependenciesID=13916258a2d237025b0ad45c1fa89640 StaticDependenciesID=bed25ca1ed58e4b98586c90325cf8967 
Number of updated asset objects reloaded before import = 0
Number of asset objects unloaded after import = 1
========================================================================
Received Import Request.
  Time of request: 2026-08-27T08:30:32.02961Z
  Time since last request: 0.000178459 seconds.
  importAddress: GUID: f747a892239fb40f9a9b9e2acf9929ee - Path: Packages/com.unity.inputsystem/README.md - Importer: ScriptedImporter/UnityEditor.QuickSearchModule:UnityEditor.Search:ASIAI0B
Importing 'GUID: f747a892239fb40f9a9b9e2acf9929ee - Path: Packages/com.unity.inputsystem/README.md - Importer: ScriptedImporter/UnityEditor.QuickSearchModule:UnityEditor.Search:ASIAI0B' with importer (ScriptedImporter : UnityEditor.QuickSearchModule:UnityEditor.Search:ASIAI0B)
Imported 'GUID: f747a892239fb40f9a9b9e2acf9929ee' -> (Import Result ID: '4e8b96388f5510382f101168cb41c937') in 0.001 seconds [static and dynamic dependencies]. Details - ImportResultOutputID=18c82ebe80ec5a083dd55280cde7ce46 DependenciesID=9c34e57fcd1d0e082fd299f5cf902fac StaticDependenciesID=889e75ca5845769dfd3eead2e497e27b 
Number of updated asset objects reloaded before import = 0
Number of asset objects unloaded after import = 1
========================================================================
Received Import Request.
  Time of request: 2026-08-27T08:30:32.030958Z
  Time since last request: 0.000239041 seconds.
  importAddress: GUID: e14a578f61014fccab81ed0f1bc21948 - Path: Packages/com.unity.inputsystem/InputSystem/Devices/Joystick.cs - Importer: ScriptedImporter/UnityEditor.QuickSearchModule:UnityEditor.Search:ASIAI0B
Importing 'GUID: e14a578f61014fccab81ed0f1bc21948 - Path: Packages/com.unity.inputsystem/InputSystem/Devices/Joystick.cs - Importer: ScriptedImporter/UnityEditor.QuickSearchModule:UnityEditor.Search:ASIAI0B' with importer (ScriptedImporter : UnityEditor.QuickSearchModule:UnityEditor.Search:ASIAI0B)
Imported 'GUID: e14a578f61014fccab81ed0f1bc21948' -> (Import Result ID: 'aef7414fa02d853139cbe54b497643d7') in 0.001 seconds [static and dynamic dependencies]. Details - ImportResultOutputID=4de9afd43f39414cadaa94595914ae73 DependenciesID=64b4e0cae82d6de32d4206718d6c5deb StaticDependenciesID=78dd70b933c55244e167f1272e7119c1 
Number of updated asset objects reloaded before import = 0
Number of asset objects unloaded after import = 0
========================================================================
Received Import Request.
  Time of request: 2026-08-27T08:30:32.031827Z
  Time since last request: 0.000155667 seconds.
  importAddress: GUID: 8ccfc0b2d0da54246a3a9a3938b52fa4 - Path: Packages/com.unity.inputsystem/InputSystem/Events/InputEventStream.cs - Importer: ScriptedImporter/UnityEditor.QuickSearchModule:UnityEditor.Search:ASIAI0B
Importing 'GUID: 8ccfc0b2d0da54246a3a9a3938b52fa4 - Path: Packages/com.unity.inputsystem/InputSystem/Events/InputEventStream.cs - Importer: ScriptedImporter/UnityEditor.QuickSearchModule:UnityEditor.Search:ASIAI0B' with importer (ScriptedImporter : UnityEditor.QuickSearchModule:UnityEditor.Search:ASIAI0B)
Imported 'GUID: 8ccfc0b2d0da54246a3a9a3938b52fa4' -> (Import Result ID: '138640075fe3639f527850080241bcb7') in 0.001 seconds [static and dynamic dependencies]. Details - ImportResultOutputID=fb44bbe3cb7ea7ec73bc672241df0e61 DependenciesID=5586909c4e747fd7aa6b9bd09317ac12 StaticDependenciesID=7aff263403245f953f8cd3970a45e960 
Number of updated asset objects reloaded before import = 0
Number of asset objects unloaded after import = 0
========================================================================
Received Import Request.
  Time of request: 2026-08-27T08:30:32.032642Z
  Time since last request: 0.000146709 seconds.
  importAddress: GUID: 2bd2d0548382d58489e8c2999daf4139 - Path: Packages/com.unity.inputsystem/InputSystem/Editor/UITKAssetEditor/PackageResources/CompositeBindingPropertiesEditor.uxml - Importer: ScriptedImporter/UnityEditor.QuickSearchModule:UnityEditor.Search:ASIAI0B
Importing 'GUID: 2bd2d0548382d58489e8c2999daf4139 - Path: Packages/com.unity.inputsystem/InputSystem/Editor/UITKAssetEditor/PackageResources/CompositeBindingPropertiesEditor.uxml - Importer: ScriptedImporter/UnityEditor.QuickSearchModule:UnityEditor.Search:ASIAI0B' with importer (ScriptedImporter : UnityEditor.QuickSearchModule:UnityEditor.Search:ASIAI0B)
Imported 'GUID: 2bd2d0548382d58489e8c2999daf4139' -> (Import Result ID: 'f7f52eec0935289b8f7c69e82ed34c46') in 0.033 seconds [static and dynamic dependencies]. Details - ImportResultOutputID=98ca75d2f8eee78a198e974bafd2abe7 DependenciesID=986544e9733de15724cd52c082f2bf6c StaticDependenciesID=ff678055bc885d7f85570d8008e7ec28 
Number of updated asset objects reloaded before import = 0
Number of asset objects unloaded after import = 2
========================================================================
Received Import Request.
  Time of request: 2026-08-27T08:30:32.066388Z
  Time since last request: 0.000203125 seconds.
  importAddress: GUID: 3da49be2d645b418c8ee308bb1a011c7 - Path: Packages/com.unity.inputsystem/InputSystem/Plugins/Linux/LinuxSupport.cs - Importer: ScriptedImporter/UnityEditor.QuickSearchModule:UnityEditor.Search:ASIAI0B
Importing 'GUID: 3da49be2d645b418c8ee308bb1a011c7 - Path: Packages/com.unity.inputsystem/InputSystem/Plugins/Linux/LinuxSupport.cs - Importer: ScriptedImporter/UnityEditor.QuickSearchModule:UnityEditor.Search:ASIAI0B' with importer (ScriptedImporter : UnityEditor.QuickSearchModule:UnityEditor.Search:ASIAI0B)
Imported 'GUID: 3da49be2d645b418c8ee308bb1a011c7' -> (Import Result ID: 'a94549d048e1769912c2150741fa1b1b') in 0.001 seconds [static and dynamic dependencies]. Details - ImportResultOutputID=c38024b757e416ac6c8d8f5511845229 DependenciesID=a048e4e2a8b9233079cca2e11d137942 StaticDependenciesID=a9ecb80da4a00dbc5df1180b26ea4568 
Number of updated asset objects reloaded before import = 0
Number of asset objects unloaded after import = 0
========================================================================
Received Import Request.
  Time of request: 2026-08-27T08:30:32.067437Z
  Time since last request: 0.000194167 seconds.
  importAddress: GUID: bca227b3a59246a197db2ff52b862072 - Path: Packages/com.unity.inputsystem/InputSystem/Plugins/UI/ExtendedPointerEventData.cs - Importer: ScriptedImporter/UnityEditor.QuickSearchModule:UnityEditor.Search:ASIAI0B
Importing 'GUID: bca227b3a59246a197db2ff52b862072 - Path: Packages/com.unity.inputsystem/InputSystem/Plugins/UI/ExtendedPointerEventData.cs - Importer: ScriptedImporter/UnityEditor.QuickSearchModule:UnityEditor.Search:ASIAI0B' with importer (ScriptedImporter : UnityEditor.QuickSearchModule:UnityEditor.Search:ASIAI0B)
Imported 'GUID: bca227b3a59246a197db2ff52b862072' -> (Import Result ID: 'bd1c8c2c5eb6d2a80e49e1bc0ca4b3a9') in 0.001 seconds [static and dynamic dependencies]. Details - ImportResultOutputID=76c505c4ea36f34fcf9bf85322e4a482 DependenciesID=636adb73196d1238ec6b9e6dbf93d068 StaticDependenciesID=f36387f736106252ab74425023060e8f 
Number of updated asset objects reloaded before import = 0
Number of asset objects unloaded after import = 0
========================================================================
Received Import Request.
  Time of request: 2026-08-27T08:30:32.068314Z
  Time since last request: 0.000141541 seconds.
  importAddress: GUID: 50db2526021f1429e84687ad14aa0855 - Path: Packages/com.unity.inputsystem/InputSystem/Editor/AssetImporter/InputActionImporterEditor.cs - Importer: ScriptedImporter/UnityEditor.QuickSearchModule:UnityEditor.Search:ASIAI0B
Importing 'GUID: 50db2526021f1429e84687ad14aa0855 - Path: Packages/com.unity.inputsystem/InputSystem/Editor/AssetImporter/InputActionImporterEditor.cs - Importer: ScriptedImporter/UnityEditor.QuickSearchModule:UnityEditor.Search:ASIAI0B' with importer (ScriptedImporter : UnityEditor.QuickSearchModule:UnityEditor.Search:ASIAI0B)
Imported 'GUID: 50db2526021f1429e84687ad14aa0855' -> (Import Result ID: '44206fb2c482c687833adc2984a7d946') in 0.001 seconds [static and dynamic dependencies]. Details - ImportResultOutputID=f7f87c18517ad808946ee1f1e37842c4 DependenciesID=63779ac912da5535f33b15ea0c870a1a StaticDependenciesID=8bc3fdc98ccacd1576d3032271b49531 
Number of updated asset objects reloaded before import = 0
Number of asset objects unloaded after import = 0
========================================================================
Received Import Request.
  Time of request: 2026-08-27T08:30:32.069039Z
  Time since last request: 0.000137167 seconds.
  importAddress: GUID: d771fd88f0934b4dbe724b2690a9f330 - Path: Packages/com.unity.inputsystem/InputSystem/Editor/Analytics/InputActionsEditorSessionAnalytic.cs - Importer: ScriptedImporter/UnityEditor.QuickSearchModule:UnityEditor.Search:ASIAI0B
Importing 'GUID: d771fd88f0934b4dbe724b2690a9f330 - Path: Packages/com.unity.inputsystem/InputSystem/Editor/Analytics/InputActionsEditorSessionAnalytic.cs - Importer: ScriptedImporter/UnityEditor.QuickSearchModule:UnityEditor.Search:ASIAI0B' with importer (ScriptedImporter : UnityEditor.QuickSearchModule:UnityEditor.Search:ASIAI0B)
Imported 'GUID: d771fd88f0934b4dbe724b2690a9f330' -> (Import Result ID: 'f039cfe74a3cbba72d8b0f4530d38cca') in 0.001 seconds [static and dynamic dependencies]. Details - ImportResultOutputID=c87700fa06abf5f9198a24b166b86829 DependenciesID=e244abf5dc0d3dfa52eec7568fcbc5d5 StaticDependenciesID=f7b5fc3aa8d192948776a421e3185e00 
Number of updated asset objects reloaded before import = 0
Number of asset objects unloaded after import = 0
========================================================================
Received Import Request.
  Time of request: 2026-08-27T08:30:32.069929Z
  Time since last request: 0.000254709 seconds.
  importAddress: GUID: 3028dc075ba8c584d9bc7d1e0255e038 - Path: Packages/com.unity.inputsystem/InputSystem/Editor/Icons/InputSystemUIInputModule@64.png - Importer: ScriptedImporter/UnityEditor.QuickSearchModule:UnityEditor.Search:ASIAI0B
Importing 'GUID: 3028dc075ba8c584d9bc7d1e0255e038 - Path: Packages/com.unity.inputsystem/InputSystem/Editor/Icons/InputSystemUIInputModule@64.png - Importer: ScriptedImporter/UnityEditor.QuickSearchModule:UnityEditor.Search:ASIAI0B' with importer (ScriptedImporter : UnityEditor.QuickSearchModule:UnityEditor.Search:ASIAI0B)
Imported 'GUID: 3028dc075ba8c584d9bc7d1e0255e038' -> (Import Result ID: '70ad3371e8da097c08cee9f90f5f3fe7') in 0.003 seconds [static and dynamic dependencies]. Details - ImportResultOutputID=db624f8b9d8e39c5a515ef6bc9f1ee44 DependenciesID=edc90ba0f761c574d5d3699d183a92c2 StaticDependenciesID=99e8837d32b35ba8610daa1fb8c98313 
Number of updated asset objects reloaded before import = 0
Number of asset objects unloaded after import = 1
========================================================================
Received Import Request.
  Time of request: 2026-08-27T08:30:32.07308Z
  Time since last request: 0.00018825 seconds.
  importAddress: GUID: 25881642ba784356b23ef34898fdc690 - Path: Packages/com.unity.inputsystem/InputSystem/Utilities/Observables/TakeNObservable.cs - Importer: ScriptedImporter/UnityEditor.QuickSearchModule:UnityEditor.Search:ASIAI0B
Importing 'GUID: 25881642ba784356b23ef34898fdc690 - Path: Packages/com.unity.inputsystem/InputSystem/Utilities/Observables/TakeNObservable.cs - Importer: ScriptedImporter/UnityEditor.QuickSearchModule:UnityEditor.Search:ASIAI0B' with importer (ScriptedImporter : UnityEditor.QuickSearchModule:UnityEditor.Search:ASIAI0B)
Imported 'GUID: 25881642ba784356b23ef34898fdc690' -> (Import Result ID: 'af928bffc322891e645c1b5bdb412968') in 0.001 seconds [static and dynamic dependencies]. Details - ImportResultOutputID=6b625e32ad012abb2cc2e8fcfbc492d6 DependenciesID=c2a9fcffe33af278a139ee6101077c88 StaticDependenciesID=d3ea2407f226b7af28918a43422aa61e 
Number of updated asset objects reloaded before import = 0
Number of asset objects unloaded after import = 0
========================================================================
Received Import Request.
  Time of request: 2026-08-27T08:30:32.074517Z
  Time since last request: 0.000393375 seconds.
  importAddress: GUID: 4a0ce0eda6ee74c669b13104649e1313 - Path: Packages/com.unity.inputsystem/InputSystem/Editor/Icons/d_Add Binding@4x.png - Importer: ScriptedImporter/UnityEditor.QuickSearchModule:UnityEditor.Search:ASIAI0B
Importing 'GUID: 4a0ce0eda6ee74c669b13104649e1313 - Path: Packages/com.unity.inputsystem/InputSystem/Editor/Icons/d_Add Binding@4x.png - Importer: ScriptedImporter/UnityEditor.QuickSearchModule:UnityEditor.Search:ASIAI0B' with importer (ScriptedImporter : UnityEditor.QuickSearchModule:UnityEditor.Search:ASIAI0B)
Imported 'GUID: 4a0ce0eda6ee74c669b13104649e1313' -> (Import Result ID: '79dcab50fbcab838b875e0e174a04795') in 0.002 seconds [static and dynamic dependencies]. Details - ImportResultOutputID=5e3b76a6bc1683cc198ebdb9f8565cce DependenciesID=6422dc47a538ad60ff437433f6f78ed4 StaticDependenciesID=d78acf22046c06a7cfe5b2978fdc8207 
Number of updated asset objects reloaded before import = 0
Number of asset objects unloaded after import = 1
========================================================================
Received Import Request.
  Time of request: 2026-08-27T08:30:32.076999Z
  Time since last request: 0.000252459 seconds.
  importAddress: GUID: 864a08de8a08473ebf82029d80696449 - Path: Packages/com.unity.inputsystem/InputSystem/Devices/Keyboard.cs - Importer: ScriptedImporter/UnityEditor.QuickSearchModule:UnityEditor.Search:ASIAI0B
Importing 'GUID: 864a08de8a08473ebf82029d80696449 - Path: Packages/com.unity.inputsystem/InputSystem/Devices/Keyboard.cs - Importer: ScriptedImporter/UnityEditor.QuickSearchModule:UnityEditor.Search:ASIAI0B' with importer (ScriptedImporter : UnityEditor.QuickSearchModule:UnityEditor.Search:ASIAI0B)
Imported 'GUID: 864a08de8a08473ebf82029d80696449' -> (Import Result ID: '0c59c87e39197476f45cbf4b95812b6c') in 0.001 seconds [static and dynamic dependencies]. Details - ImportResultOutputID=738f6649edea9360d02829c810710e61 DependenciesID=591f83b605d699babcfcc1173a7271fc StaticDependenciesID=49bf445a04f8feebbd98c20fe3094782 
Number of updated asset objects reloaded before import = 0
Number of asset objects unloaded after import = 0
========================================================================
Received Import Request.
  Time of request: 2026-08-27T08:30:32.078009Z
  Time since last request: 0.00023625 seconds.
  importAddress: GUID: 3cf42e49077e442fd8b9dc29c328d345 - Path: Packages/com.unity.inputsystem/InputSystem/Plugins/EnhancedTouch/EnhancedTouchSupport.cs - Importer: ScriptedImporter/UnityEditor.QuickSearchModule:UnityEditor.Search:ASIAI0B
Importing 'GUID: 3cf42e49077e442fd8b9dc29c328d345 - Path: Packages/com.unity.inputsystem/InputSystem/Plugins/EnhancedTouch/EnhancedTouchSupport.cs - Importer: ScriptedImporter/UnityEditor.QuickSearchModule:UnityEditor.Search:ASIAI0B' with importer (ScriptedImporter : UnityEditor.QuickSearchModule:UnityEditor.Search:ASIAI0B)
Imported 'GUID: 3cf42e49077e442fd8b9dc29c328d345' -> (Import Result ID: '16631689047d6c6acf645e0159cde3dc') in 0.001 seconds [static and dynamic dependencies]. Details - ImportResultOutputID=dae101a0d954ae5c2c9a9f7af25a42c6 DependenciesID=240579931f118d0679339a9a787a892f StaticDependenciesID=445c0bc3768a48848aff9030f286bca6 
Number of updated asset objects reloaded before import = 0
Number of asset objects unloaded after import = 0
========================================================================
Received Import Request.
  Time of request: 2026-08-27T08:30:32.079135Z
  Time since last request: 0.000285 seconds.
  importAddress: GUID: a653ebc2c02d545f581079cf4bbb0cd9 - Path: Packages/com.unity.inputsystem/InputSystem/InputAnalytics.cs - Importer: ScriptedImporter/UnityEditor.QuickSearchModule:UnityEditor.Search:ASIAI0B
Importing 'GUID: a653ebc2c02d545f581079cf4bbb0cd9 - Path: Packages/com.unity.inputsystem/InputSystem/InputAnalytics.cs - Importer: ScriptedImporter/UnityEditor.QuickSearchModule:UnityEditor.Search:ASIAI0B' with importer (ScriptedImporter : UnityEditor.QuickSearchModule:UnityEditor.Search:ASIAI0B)
Imported 'GUID: a653ebc2c02d545f581079cf4bbb0cd9' -> (Import Result ID: 'c51450f3cdfbf05ee521abcc26d1633b') in 0.001 seconds [static and dynamic dependencies]. Details - ImportResultOutputID=895f952fb8be784c01cf466d1c1fe8fd DependenciesID=65587e0443f2c73efeb4b61450b57d5f StaticDependenciesID=e58cb32f953d600fe4594a8093ad084e 
Number of updated asset objects reloaded before import = 0
Number of asset objects unloaded after import = 0
========================================================================
Received Import Request.
  Time of request: 2026-08-27T08:30:32.080026Z
  Time since last request: 0.000279334 seconds.
  importAddress: GUID: 4b36e69515ff4a45be02062b5584e1a8 - Path: Packages/com.unity.inputsystem/InputSystem/Editor/Analytics/InputComponentEditorAnalytic.cs - Importer: ScriptedImporter/UnityEditor.QuickSearchModule:UnityEditor.Search:ASIAI0B
Importing 'GUID: 4b36e69515ff4a45be02062b5584e1a8 - Path: Packages/com.unity.inputsystem/InputSystem/Editor/Analytics/InputComponentEditorAnalytic.cs - Importer: ScriptedImporter/UnityEditor.QuickSearchModule:UnityEditor.Search:ASIAI0B' with importer (ScriptedImporter : UnityEditor.QuickSearchModule:UnityEditor.Search:ASIAI0B)
Imported 'GUID: 4b36e69515ff4a45be02062b5584e1a8' -> (Import Result ID: '36325faf681094dd2a27e793b5df4b18') in 0.001 seconds [static and dynamic dependencies]. Details - ImportResultOutputID=013af154ff632981f86329564b4d138a DependenciesID=d47671de91a2c2581a441a6f42bb3f52 StaticDependenciesID=a7f5296086f0cfce7efab729bd585dac 
Number of updated asset objects reloaded before import = 0
Number of asset objects unloaded after import = 0
========================================================================
Received Import Request.
  Time of request: 2026-08-27T08:30:32.080954Z
  Time since last request: 0.000174833 seconds.
  importAddress: GUID: 644895dd25f14937a1d11481e2338925 - Path: Packages/com.unity.inputsystem/InputSystem/Devices/Gamepad.cs - Importer: ScriptedImporter/UnityEditor.QuickSearchModule:UnityEditor.Search:ASIAI0B
Importing 'GUID: 644895dd25f14937a1d11481e2338925 - Path: Packages/com.unity.inputsystem/InputSystem/Devices/Gamepad.cs - Importer: ScriptedImporter/UnityEditor.QuickSearchModule:UnityEditor.Search:ASIAI0B' with importer (ScriptedImporter : UnityEditor.QuickSearchModule:UnityEditor.Search:ASIAI0B)
Imported 'GUID: 644895dd25f14937a1d11481e2338925' -> (Import Result ID: '249b695637f9570f1a260ddadc7a8f5d') in 0.001 seconds [static and dynamic dependencies]. Details - ImportResultOutputID=32141fdbe0c1ee20636ae6230f405e83 DependenciesID=51d3b990e72dc7058f901d3bee3d9403 StaticDependenciesID=be69c2d08969784d9e1868e4eb81411d 
Number of updated asset objects reloaded before import = 0
Number of asset objects unloaded after import = 0
========================================================================
Received Import Request.
  Time of request: 2026-08-27T08:30:32.081877Z
  Time since last request: 0.0003215 seconds.
  importAddress: GUID: b24da9e286b594ace8ec4dfd4a374780 - Path: Packages/com.unity.inputsystem/InputSystem/Plugins/PlayerInput/InputValue.cs - Importer: ScriptedImporter/UnityEditor.QuickSearchModule:UnityEditor.Search:ASIAI0B
Importing 'GUID: b24da9e286b594ace8ec4dfd4a374780 - Path: Packages/com.unity.inputsystem/InputSystem/Plugins/PlayerInput/InputValue.cs - Importer: ScriptedImporter/UnityEditor.QuickSearchModule:UnityEditor.Search:ASIAI0B' with importer (ScriptedImporter : UnityEditor.QuickSearchModule:UnityEditor.Search:ASIAI0B)
Imported 'GUID: b24da9e286b594ace8ec4dfd4a374780' -> (Import Result ID: '7455057c3baed813184cde7ebc418b42') in 0.001 seconds [static and dynamic dependencies]. Details - ImportResultOutputID=cb91888b4c87608ac6e5b16840b684d1 DependenciesID=7c9ac4d553c12dd55840b257096d34b5 StaticDependenciesID=5e4a0bd1d99705b5877b7549afa38a5c 
Number of updated asset objects reloaded before import = 0
Number of asset objects unloaded after import = 0
========================================================================
Received Import Request.
  Time of request: 2026-08-27T08:30:32.082685Z
  Time since last request: 0.000163042 seconds.
  importAddress: GUID: 34e7ea3151ed73745b7924e453c67eca - Path: Packages/com.unity.inputsystem/InputSystem/Plugins/UI/NavigationModel.cs - Importer: ScriptedImporter/UnityEditor.QuickSearchModule:UnityEditor.Search:ASIAI0B
Importing 'GUID: 34e7ea3151ed73745b7924e453c67eca - Path: Packages/com.unity.inputsystem/InputSystem/Plugins/UI/NavigationModel.cs - Importer: ScriptedImporter/UnityEditor.QuickSearchModule:UnityEditor.Search:ASIAI0B' with importer (ScriptedImporter : UnityEditor.QuickSearchModule:UnityEditor.Search:ASIAI0B)
Imported 'GUID: 34e7ea3151ed73745b7924e453c67eca' -> (Import Result ID: 'ab07636155ddc9c5a07a9cd3621d59d1') in 0.001 seconds [static and dynamic dependencies]. Details - ImportResultOutputID=bc02af14795c9d7901b5bd15e5e35316 DependenciesID=e149569a9e68d24de31e673007bc1a26 StaticDependenciesID=ffdafd7f48ac360b835da578e1481411 
Number of updated asset objects reloaded before import = 0
Number of asset objects unloaded after import = 0
========================================================================
Received Import Request.
  Time of request: 2026-08-27T08:30:32.083534Z
  Time since last request: 0.000225625 seconds.
  importAddress: GUID: 1fe35221cd5f4ca9b9df947d34e7e1f0 - Path: Packages/com.unity.inputsystem/InputSystem/Plugins/InputForUI/InputActionAssetVerifier.cs - Importer: ScriptedImporter/UnityEditor.QuickSearchModule:UnityEditor.Search:ASIAI0B
Importing 'GUID: 1fe35221cd5f4ca9b9df947d34e7e1f0 - Path: Packages/com.unity.inputsystem/InputSystem/Plugins/InputForUI/InputActionAssetVerifier.cs - Importer: ScriptedImporter/UnityEditor.QuickSearchModule:UnityEditor.Search:ASIAI0B' with importer (ScriptedImporter : UnityEditor.QuickSearchModule:UnityEditor.Search:ASIAI0B)
Imported 'GUID: 1fe35221cd5f4ca9b9df947d34e7e1f0' -> (Import Result ID: 'adbacde9a7a31f0b2c5d0a8bb3e7e3af') in 0.001 seconds [static and dynamic dependencies]. Details - ImportResultOutputID=fb90e06448b8301f4309cc55df8f41a3 DependenciesID=3e2a57bea72ccbe4ac4cd0bc34fab159 StaticDependenciesID=1ee5334cb7445a3667bd64e862c0fc5d 
Number of updated asset objects reloaded before import = 0
Number of asset objects unloaded after import = 0
========================================================================
Received Import Request.
  Time of request: 2026-08-27T08:30:32.084566Z
  Time since last request: 0.000199041 seconds.
  importAddress: GUID: 7d4638131127c4f4382fb36cf16c52fe - Path: Packages/com.unity.inputsystem/InputSystem/Editor/Icons/d_Joystick.png - Importer: ScriptedImporter/UnityEditor.QuickSearchModule:UnityEditor.Search:ASIAI0B
Importing 'GUID: 7d4638131127c4f4382fb36cf16c52fe - Path: Packages/com.unity.inputsystem/InputSystem/Editor/Icons/d_Joystick.png - Importer: ScriptedImporter/UnityEditor.QuickSearchModule:UnityEditor.Search:ASIAI0B' with importer (ScriptedImporter : UnityEditor.QuickSearchModule:UnityEditor.Search:ASIAI0B)
Imported 'GUID: 7d4638131127c4f4382fb36cf16c52fe' -> (Import Result ID: '1b47d7d857673b4df4d2aa7cf327addb') in 0.003 seconds [static and dynamic dependencies]. Details - ImportResultOutputID=aa78a3fbc92c24c9225b573783f8c015 DependenciesID=8a065aec0976c01778c38b1f0ab4447e StaticDependenciesID=04c15ef6b60aef690bb82b7b76706caa 
Number of updated asset objects reloaded before import = 0
Number of asset objects unloaded after import = 1
========================================================================
Received Import Request.
  Time of request: 2026-08-27T08:30:32.087764Z
  Time since last request: 0.000245834 seconds.
  importAddress: GUID: c4b66e31395c54087a2fbc13ae7e0f3c - Path: Packages/com.unity.inputsystem/InputSystem/Editor/AssetEditor/PackageResources/pro/actionTreeBackground.png - Importer: ScriptedImporter/UnityEditor.QuickSearchModule:UnityEditor.Search:ASIAI0B
Importing 'GUID: c4b66e31395c54087a2fbc13ae7e0f3c - Path: Packages/com.unity.inputsystem/InputSystem/Editor/AssetEditor/PackageResources/pro/actionTreeBackground.png - Importer: ScriptedImporter/UnityEditor.QuickSearchModule:UnityEditor.Search:ASIAI0B' with importer (ScriptedImporter : UnityEditor.QuickSearchModule:UnityEditor.Search:ASIAI0B)
Imported 'GUID: c4b66e31395c54087a2fbc13ae7e0f3c' -> (Import Result ID: '58cd380d2bdca356b34804e4ae3f4372') in 0.002 seconds [static and dynamic dependencies]. Details - ImportResultOutputID=d033b79b446548faf04c433836450ea1 DependenciesID=61d1d821fe6b403a59c57023474bc277 StaticDependenciesID=89305e04d17a8974252c7e0316475737 
Number of updated asset objects reloaded before import = 0
Number of asset objects unloaded after import = 1
========================================================================
Received Import Request.
  Time of request: 2026-08-27T08:30:32.090142Z
  Time since last request: 0.000222458 seconds.
  importAddress: GUID: ffeba93637e654de6a5906b48520dc94 - Path: Packages/com.unity.inputsystem/InputSystem/Editor/AssetEditor/PackageResources/green.png - Importer: ScriptedImporter/UnityEditor.QuickSearchModule:UnityEditor.Search:ASIAI0B
Importing 'GUID: ffeba93637e654de6a5906b48520dc94 - Path: Packages/com.unity.inputsystem/InputSystem/Editor/AssetEditor/PackageResources/green.png - Importer: ScriptedImporter/UnityEditor.QuickSearchModule:UnityEditor.Search:ASIAI0B' with importer (ScriptedImporter : UnityEditor.QuickSearchModule:UnityEditor.Search:ASIAI0B)
Imported 'GUID: ffeba93637e654de6a5906b48520dc94' -> (Import Result ID: '5ab4b0e0c5aa15f8f88066c37ce236fd') in 0.002 seconds [static and dynamic dependencies]. Details - ImportResultOutputID=806c1e2040b2825f84522f1f5276362b DependenciesID=d6c52bc73c8dfd9132116d876da05d48 StaticDependenciesID=6bd85d9860b2800135053ac708dc0ffb 
Number of updated asset objects reloaded before import = 0
Number of asset objects unloaded after import = 1
========================================================================
Received Import Request.
  Time of request: 2026-08-27T08:30:32.092583Z
  Time since last request: 0.00030075 seconds.
  importAddress: GUID: 46f02abeca624ce68874afdbb77c9be0 - Path: Packages/com.unity.inputsystem/InputSystem/InputManager.cs - Importer: ScriptedImporter/UnityEditor.QuickSearchModule:UnityEditor.Search:ASIAI0B
Importing 'GUID: 46f02abeca624ce68874afdbb77c9be0 - Path: Packages/com.unity.inputsystem/InputSystem/InputManager.cs - Importer: ScriptedImporter/UnityEditor.QuickSearchModule:UnityEditor.Search:ASIAI0B' with importer (ScriptedImporter : UnityEditor.QuickSearchModule:UnityEditor.Search:ASIAI0B)
Imported 'GUID: 46f02abeca624ce68874afdbb77c9be0' -> (Import Result ID: '9e14772dbcc62e5ebf311d91981e49e2') in 0.001 seconds [static and dynamic dependencies]. Details - ImportResultOutputID=80b8a723a02bcd4cb95f818c7712c8da DependenciesID=d8ff5405d966d62f7e2d08dfab7249f2 StaticDependenciesID=6e075d64e00b333629d36de543243615 
Number of updated asset objects reloaded before import = 0
Number of asset objects unloaded after import = 0
========================================================================
Received Import Request.
  Time of request: 2026-08-27T08:30:32.094028Z
  Time since last request: 0.000303291 seconds.
  importAddress: GUID: 123b6218ad27a41af933311ee524dcdc - Path: Packages/com.unity.inputsystem/InputSystem/Editor/Icons/d_Keyboard@4x.png - Importer: ScriptedImporter/UnityEditor.QuickSearchModule:UnityEditor.Search:ASIAI0B
Importing 'GUID: 123b6218ad27a41af933311ee524dcdc - Path: Packages/com.unity.inputsystem/InputSystem/Editor/Icons/d_Keyboard@4x.png - Importer: ScriptedImporter/UnityEditor.QuickSearchModule:UnityEditor.Search:ASIAI0B' with importer (ScriptedImporter : UnityEditor.QuickSearchModule:UnityEditor.Search:ASIAI0B)
Imported 'GUID: 123b6218ad27a41af933311ee524dcdc' -> (Import Result ID: 'd638f72a412cdae5701553de9c863f45') in 0.003 seconds [static and dynamic dependencies]. Details - ImportResultOutputID=9a70b3d6fb3c5b1d885029dc398903df DependenciesID=1a697c9497cffd3302355e420c366762 StaticDependenciesID=4ad4ca3b71c31260a05812ad59ee8719 
Number of updated asset objects reloaded before import = 0
Number of asset objects unloaded after import = 1
========================================================================
Received Import Request.
  Time of request: 2026-08-27T08:30:32.110843Z
  Time since last request: 0.014093167 seconds.
  importAddress: GUID: bb4d45fbf0aa84484b251242fdb21800 - Path: Packages/com.unity.inputsystem/InputSystem/Plugins/Steam/SteamIGAConverter.cs - Importer: ScriptedImporter/UnityEditor.QuickSearchModule:UnityEditor.Search:ASIAI0B
Importing 'GUID: bb4d45fbf0aa84484b251242fdb21800 - Path: Packages/com.unity.inputsystem/InputSystem/Plugins/Steam/SteamIGAConverter.cs - Importer: ScriptedImporter/UnityEditor.QuickSearchModule:UnityEditor.Search:ASIAI0B' with importer (ScriptedImporter : UnityEditor.QuickSearchModule:UnityEditor.Search:ASIAI0B)
Imported 'GUID: bb4d45fbf0aa84484b251242fdb21800' -> (Import Result ID: '60fafe0f2602b20575ada35fa3bb2d58') in 0.001 seconds [static and dynamic dependencies]. Details - ImportResultOutputID=b3462b7400b91f7e9added5d664edf51 DependenciesID=c51526dda52c1da851674518aaeaa871 StaticDependenciesID=b02512a471c052ecdf7a7c3b99fe195e 
Number of updated asset objects reloaded before import = 0
Number of asset objects unloaded after import = 0
========================================================================
Received Import Request.
  Time of request: 2026-08-27T08:30:32.112294Z
  Time since last request: 0.000252792 seconds.
  importAddress: GUID: 9eb2b64988cb1443cab6da5dc5300d1c - Path: Packages/com.unity.inputsystem/InputSystem/Editor/Icons/Mouse.png - Importer: ScriptedImporter/UnityEditor.QuickSearchModule:UnityEditor.Search:ASIAI0B
Importing 'GUID: 9eb2b64988cb1443cab6da5dc5300d1c - Path: Packages/com.unity.inputsystem/InputSystem/Editor/Icons/Mouse.png - Importer: ScriptedImporter/UnityEditor.QuickSearchModule:UnityEditor.Search:ASIAI0B' with importer (ScriptedImporter : UnityEditor.QuickSearchModule:UnityEditor.Search:ASIAI0B)
Imported 'GUID: 9eb2b64988cb1443cab6da5dc5300d1c' -> (Import Result ID: '24b571cef39736571695b70b5274bda3') in 0.002 seconds [static and dynamic dependencies]. Details - ImportResultOutputID=3f682f9e4b709387acd4824c43f62f11 DependenciesID=28e247dde43a8d07043251df452d7ec6 StaticDependenciesID=a09fac82d92b7946fccb5c81b926b171 
Number of updated asset objects reloaded before import = 0
Number of asset objects unloaded after import = 1
========================================================================
Received Import Request.
  Time of request: 2026-08-27T08:30:32.114511Z
  Time since last request: 0.00018775 seconds.
  importAddress: GUID: ff8479815905ce84e9ef610d926f28c8 - Path: Packages/com.unity.inputsystem/InputSystem/Editor/Icons/TrackedPoseDriver@2x.png - Importer: ScriptedImporter/UnityEditor.QuickSearchModule:UnityEditor.Search:ASIAI0B
Importing 'GUID: ff8479815905ce84e9ef610d926f28c8 - Path: Packages/com.unity.inputsystem/InputSystem/Editor/Icons/TrackedPoseDriver@2x.png - Importer: ScriptedImporter/UnityEditor.QuickSearchModule:UnityEditor.Search:ASIAI0B' with importer (ScriptedImporter : UnityEditor.QuickSearchModule:UnityEditor.Search:ASIAI0B)
Imported 'GUID: ff8479815905ce84e9ef610d926f28c8' -> (Import Result ID: '75ea1c53b8c20e0e46296d3189312048') in 0.002 seconds [static and dynamic dependencies]. Details - ImportResultOutputID=2bce60cf7142fcb30bf5a164c5f77bbb DependenciesID=3c1f97ca48a90d94190497dddec84d37 StaticDependenciesID=c05efa5cc88a569bf8b3b36a395864ad 
Number of updated asset objects reloaded before import = 0
Number of asset objects unloaded after import = 1
========================================================================
Received Import Request.
  Time of request: 2026-08-27T08:30:32.116737Z
  Time since last request: 0.000157917 seconds.
  importAddress: GUID: c2db5674bb583c0449389396f935abf8 - Path: Packages/com.unity.inputsystem/InputSystem/Actions/InputActionPhase.cs - Importer: ScriptedImporter/UnityEditor.QuickSearchModule:UnityEditor.Search:ASIAI0B
Importing 'GUID: c2db5674bb583c0449389396f935abf8 - Path: Packages/com.unity.inputsystem/InputSystem/Actions/InputActionPhase.cs - Importer: ScriptedImporter/UnityEditor.QuickSearchModule:UnityEditor.Search:ASIAI0B' with importer (ScriptedImporter : UnityEditor.QuickSearchModule:UnityEditor.Search:ASIAI0B)
Imported 'GUID: c2db5674bb583c0449389396f935abf8' -> (Import Result ID: 'b6339f172c97acd0ed1b05d52ea21cd9') in 0.001 seconds [static and dynamic dependencies]. Details - ImportResultOutputID=00556350a58cc42a3e633b253782babb DependenciesID=00df9a8ce0fe54ac9c9483d6451f59e2 StaticDependenciesID=5cf291034afe9daefb36aac5a8cfcdf2 
Number of updated asset objects reloaded before import = 0
Number of asset objects unloaded after import = 0
========================================================================
Received Import Request.
  Time of request: 2026-08-27T08:30:32.11768Z
  Time since last request: 0.000135375 seconds.
  importAddress: GUID: 8377f8bca2884d3ba3dd053d9b5d06f7 - Path: Packages/com.unity.inputsystem/InputSystem/Editor/Internal - Importer: ScriptedImporter/UnityEditor.QuickSearchModule:UnityEditor.Search:ASIAI0B
Importing 'GUID: 8377f8bca2884d3ba3dd053d9b5d06f7 - Path: Packages/com.unity.inputsystem/InputSystem/Editor/Internal - Importer: ScriptedImporter/UnityEditor.QuickSearchModule:UnityEditor.Search:ASIAI0B' with importer (ScriptedImporter : UnityEditor.QuickSearchModule:UnityEditor.Search:ASIAI0B)
Imported 'GUID: 8377f8bca2884d3ba3dd053d9b5d06f7' -> (Import Result ID: '6d0e1d62690ae9f192d0f3fa28d99045') in 0.001 seconds [static and dynamic dependencies]. Details - ImportResultOutputID=b4f4c0ae29322ace250764076de60f78 DependenciesID=d6028de8104699bb0571cb651a46f988 StaticDependenciesID=712fab0fffcf912aa025e6dc722db16a 
Number of updated asset objects reloaded before import = 0
Number of asset objects unloaded after import = 1
========================================================================
Received Import Request.
  Time of request: 2026-08-27T08:30:32.118666Z
  Time since last request: 0.000296084 seconds.
  importAddress: GUID: af015677ecab4644b2382c6b37c2d95c - Path: Packages/com.unity.inputsystem/InputSystem/Devices/InputDeviceChange.cs - Importer: ScriptedImporter/UnityEditor.QuickSearchModule:UnityEditor.Search:ASIAI0B
Importing 'GUID: af015677ecab4644b2382c6b37c2d95c - Path: Packages/com.unity.inputsystem/InputSystem/Devices/InputDeviceChange.cs - Importer: ScriptedImporter/UnityEditor.QuickSearchModule:UnityEditor.Search:ASIAI0B' with importer (ScriptedImporter : UnityEditor.QuickSearchModule:UnityEditor.Search:ASIAI0B)
Imported 'GUID: af015677ecab4644b2382c6b37c2d95c' -> (Import Result ID: '27f97bba78ad88d13907b384cb318bd5') in 0.001 seconds [static and dynamic dependencies]. Details - ImportResultOutputID=9631a556fa831ba1a30996c176b0dece DependenciesID=4b7c06b0a1c89ca07f69c08c12a5d91e StaticDependenciesID=4d6cfdd9d94958a6e20fb1760303ac18 
Number of updated asset objects reloaded before import = 0
Number of asset objects unloaded after import = 0
========================================================================
Received Import Request.
  Time of request: 2026-08-27T08:30:32.119814Z
  Time since last request: 0.000272792 seconds.
  importAddress: GUID: 4defb5292901c41f29313d9c9c87a7eb - Path: Packages/com.unity.inputsystem/InputSystem/Editor/Icons/Gamepad@2x.png - Importer: ScriptedImporter/UnityEditor.QuickSearchModule:UnityEditor.Search:ASIAI0B
Importing 'GUID: 4defb5292901c41f29313d9c9c87a7eb - Path: Packages/com.unity.inputsystem/InputSystem/Editor/Icons/Gamepad@2x.png - Importer: ScriptedImporter/UnityEditor.QuickSearchModule:UnityEditor.Search:ASIAI0B' with importer (ScriptedImporter : UnityEditor.QuickSearchModule:UnityEditor.Search:ASIAI0B)
Imported 'GUID: 4defb5292901c41f29313d9c9c87a7eb' -> (Import Result ID: 'f46de793169c0cf60e3239e7b0a003f9') in 0.002 seconds [static and dynamic dependencies]. Details - ImportResultOutputID=11dbfb61aa888423c3525e49ba1924f0 DependenciesID=6177a108ae122de82ac404c5d9032d65 StaticDependenciesID=24cf1258f3d38f313871a8a09d6a3a28 
Number of updated asset objects reloaded before import = 0
Number of asset objects unloaded after import = 1
========================================================================
Received Import Request.
  Time of request: 2026-08-27T08:30:32.122003Z
  Time since last request: 0.00013025 seconds.
  importAddress: GUID: 4ab0ce1980d384014be67a2d135ed92c - Path: Packages/com.unity.inputsystem/InputSystem/Controls/Processors/InvertVector2Processor.cs - Importer: ScriptedImporter/UnityEditor.QuickSearchModule:UnityEditor.Search:ASIAI0B
Importing 'GUID: 4ab0ce1980d384014be67a2d135ed92c - Path: Packages/com.unity.inputsystem/InputSystem/Controls/Processors/InvertVector2Processor.cs - Importer: ScriptedImporter/UnityEditor.QuickSearchModule:UnityEditor.Search:ASIAI0B' with importer (ScriptedImporter : UnityEditor.QuickSearchModule:UnityEditor.Search:ASIAI0B)
Imported 'GUID: 4ab0ce1980d384014be67a2d135ed92c' -> (Import Result ID: '7b9d929d4407353052ff4a9fd10a0c69') in 0.001 seconds [static and dynamic dependencies]. Details - ImportResultOutputID=8381903ec3f07d92585c9dad0e86fa96 DependenciesID=836a5942a4b67f6630ca6bf67a661a7e StaticDependenciesID=fa4ce24294517b81015c4720969cb585 
Number of updated asset objects reloaded before import = 0
Number of asset objects unloaded after import = 0
========================================================================
Received Import Request.
  Time of request: 2026-08-27T08:30:32.122941Z
  Time since last request: 0.000164208 seconds.
  importAddress: GUID: c213b206af9a4bef8c43f8f0f60cc31e - Path: Packages/com.unity.inputsystem/InputSystem/Editor/Dialog.cs - Importer: ScriptedImporter/UnityEditor.QuickSearchModule:UnityEditor.Search:ASIAI0B
Importing 'GUID: c213b206af9a4bef8c43f8f0f60cc31e - Path: Packages/com.unity.inputsystem/InputSystem/Editor/Dialog.cs - Importer: ScriptedImporter/UnityEditor.QuickSearchModule:UnityEditor.Search:ASIAI0B' with importer (ScriptedImporter : UnityEditor.QuickSearchModule:UnityEditor.Search:ASIAI0B)
Imported 'GUID: c213b206af9a4bef8c43f8f0f60cc31e' -> (Import Result ID: '2f6d841aa73a766abe27b89433254d92') in 0.001 seconds [static and dynamic dependencies]. Details - ImportResultOutputID=550ec3562f4db6ae87d251d6b037d407 DependenciesID=b72b92287ec9383e4140b4d42a9a546e StaticDependenciesID=a64dd56eb1350f2dd916297c59ce7c1c 
Number of updated asset objects reloaded before import = 0
Number of asset objects unloaded after import = 0
========================================================================
Received Import Request.
  Time of request: 2026-08-27T08:30:32.12437Z
  Time since last request: 0.000168375 seconds.
  importAddress: GUID: 713b035f669b942adbd1cc05c4fb6e1d - Path: Packages/com.unity.inputsystem/InputSystem/Editor/AssetEditor/InputActionTreeView.cs - Importer: ScriptedImporter/UnityEditor.QuickSearchModule:UnityEditor.Search:ASIAI0B
Importing 'GUID: 713b035f669b942adbd1cc05c4fb6e1d - Path: Packages/com.unity.inputsystem/InputSystem/Editor/AssetEditor/InputActionTreeView.cs - Importer: ScriptedImporter/UnityEditor.QuickSearchModule:UnityEditor.Search:ASIAI0B' with importer (ScriptedImporter : UnityEditor.QuickSearchModule:UnityEditor.Search:ASIAI0B)
Imported 'GUID: 713b035f669b942adbd1cc05c4fb6e1d' -> (Import Result ID: 'eaba5d9849bdc4f74e0e940f13017d91') in 0.001 seconds [static and dynamic dependencies]. Details - ImportResultOutputID=a4831b4d9ab1e064a5c6b4aa2edf00b6 DependenciesID=2a5e826ce359ff5c5a2ba5f3ed9ce23d StaticDependenciesID=1fc5ee6b6771fe132fd8a776a5993107 
Number of updated asset objects reloaded before import = 0
Number of asset objects unloaded after import = 0
========================================================================
Received Import Request.
  Time of request: 2026-08-27T08:30:32.125329Z
  Time since last request: 0.000168375 seconds.
  importAddress: GUID: 76d591911f4ae4f62953b13f6ff50429 - Path: Packages/com.unity.inputsystem/InputSystem/Editor/AssetEditor/InputActionTreeViewItems.cs - Importer: ScriptedImporter/UnityEditor.QuickSearchModule:UnityEditor.Search:ASIAI0B
Importing 'GUID: 76d591911f4ae4f62953b13f6ff50429 - Path: Packages/com.unity.inputsystem/InputSystem/Editor/AssetEditor/InputActionTreeViewItems.cs - Importer: ScriptedImporter/UnityEditor.QuickSearchModule:UnityEditor.Search:ASIAI0B' with importer (ScriptedImporter : UnityEditor.QuickSearchModule:UnityEditor.Search:ASIAI0B)
Imported 'GUID: 76d591911f4ae4f62953b13f6ff50429' -> (Import Result ID: '6048091dcb2c62ff6f9525969264959d') in 0.001 seconds [static and dynamic dependencies]. Details - ImportResultOutputID=a078c00cdf458c8104ffa4bd874d7dfe DependenciesID=8c25631b7b225116abd9e4f6a4b770e5 StaticDependenciesID=4aad06b34fad101c0e8ad34d36c1f0f4 
Number of updated asset objects reloaded before import = 0
Number of asset objects unloaded after import = 0
========================================================================
Received Import Request.
  Time of request: 2026-08-27T08:30:32.126131Z
  Time since last request: 0.000144833 seconds.
  importAddress: GUID: f5ace3d653812436a812bebfe7f9a242 - Path: Packages/com.unity.inputsystem/InputSystem/Editor/Icons/Stick@4x.png - Importer: ScriptedImporter/UnityEditor.QuickSearchModule:UnityEditor.Search:ASIAI0B
Importing 'GUID: f5ace3d653812436a812bebfe7f9a242 - Path: Packages/com.unity.inputsystem/InputSystem/Editor/Icons/Stick@4x.png - Importer: ScriptedImporter/UnityEditor.QuickSearchModule:UnityEditor.Search:ASIAI0B' with importer (ScriptedImporter : UnityEditor.QuickSearchModule:UnityEditor.Search:ASIAI0B)
Imported 'GUID: f5ace3d653812436a812bebfe7f9a242' -> (Import Result ID: '51a51d06738b417e85b0f2d0b2977652') in 0.002 seconds [static and dynamic dependencies]. Details - ImportResultOutputID=9797c6f01ce808d8ea13bf03826588cd DependenciesID=a7e7b9cad4e5df7165df027afd96e202 StaticDependenciesID=24e9934147721ab97d805fbd9d432ccd 
Number of updated asset objects reloaded before import = 0
Number of asset objects unloaded after import = 1
========================================================================
Received Import Request.
  Time of request: 2026-08-27T08:30:32.128813Z
  Time since last request: 0.00017575 seconds.
  importAddress: GUID: 5b23e3210ca74ea9ae4fe882b9bce278 - Path: Packages/com.unity.inputsystem/InputSystem/Events/InputEventTrace.cs - Importer: ScriptedImporter/UnityEditor.QuickSearchModule:UnityEditor.Search:ASIAI0B
Importing 'GUID: 5b23e3210ca74ea9ae4fe882b9bce278 - Path: Packages/com.unity.inputsystem/InputSystem/Events/InputEventTrace.cs - Importer: ScriptedImporter/UnityEditor.QuickSearchModule:UnityEditor.Search:ASIAI0B' with importer (ScriptedImporter : UnityEditor.QuickSearchModule:UnityEditor.Search:ASIAI0B)
Imported 'GUID: 5b23e3210ca74ea9ae4fe882b9bce278' -> (Import Result ID: '0338eb0d15797e4098bf2b641b0a477c') in 0.001 seconds [static and dynamic dependencies]. Details - ImportResultOutputID=f4473d61de8a4b55a93aa0ea9ed79a2d DependenciesID=d587e79715e4f3adea184c308402d99c StaticDependenciesID=b7013ce6fe3edc31438cc0546f52d116 
Number of updated asset objects reloaded before import = 0
Number of asset objects unloaded after import = 0
========================================================================
Received Import Request.
  Time of request: 2026-08-27T08:30:32.129791Z
  Time since last request: 0.000152417 seconds.
  importAddress: GUID: b00a605ae58d438baf0b80388b377972 - Path: Packages/com.unity.inputsystem/InputSystem/Controls/DpadControl.cs - Importer: ScriptedImporter/UnityEditor.QuickSearchModule:UnityEditor.Search:ASIAI0B
Importing 'GUID: b00a605ae58d438baf0b80388b377972 - Path: Packages/com.unity.inputsystem/InputSystem/Controls/DpadControl.cs - Importer: ScriptedImporter/UnityEditor.QuickSearchModule:UnityEditor.Search:ASIAI0B' with importer (ScriptedImporter : UnityEditor.QuickSearchModule:UnityEditor.Search:ASIAI0B)
Imported 'GUID: b00a605ae58d438baf0b80388b377972' -> (Import Result ID: 'b57d09d0f96abe592a3f62db9c51df68') in 0.001 seconds [static and dynamic dependencies]. Details - ImportResultOutputID=261963857ea9aa18326ea601f8ebb86b DependenciesID=7dcc7d0c7cce359a7f85e70b0586c98d StaticDependenciesID=6a109e17d1cabd72f7fced462fe4851b 
Number of updated asset objects reloaded before import = 0
Number of asset objects unloaded after import = 0
========================================================================
Received Import Request.
  Time of request: 2026-08-27T08:30:32.130695Z
  Time since last request: 0.000167208 seconds.
  importAddress: GUID: 99cfd7e6e4fd7294090b6bf84b177326 - Path: Packages/com.unity.inputsystem/InputSystem/Editor/UITKAssetEditor/Commands/ControlSchemeCommands.cs - Importer: ScriptedImporter/UnityEditor.QuickSearchModule:UnityEditor.Search:ASIAI0B
Importing 'GUID: 99cfd7e6e4fd7294090b6bf84b177326 - Path: Packages/com.unity.inputsystem/InputSystem/Editor/UITKAssetEditor/Commands/ControlSchemeCommands.cs - Importer: ScriptedImporter/UnityEditor.QuickSearchModule:UnityEditor.Search:ASIAI0B' with importer (ScriptedImporter : UnityEditor.QuickSearchModule:UnityEditor.Search:ASIAI0B)
Imported 'GUID: 99cfd7e6e4fd7294090b6bf84b177326' -> (Import Result ID: 'b5bec2184ace9ce88b603e0492508e7e') in 0.001 seconds [static and dynamic dependencies]. Details - ImportResultOutputID=6735db04e127d2197ca2a0914db85a2b DependenciesID=c629fcf4dce9f9b86ba95ed5baa4d28a StaticDependenciesID=aea04ec3027c5510f5e31273d1882aa4 
Number of updated asset objects reloaded before import = 0
Number of asset objects unloaded after import = 0
========================================================================
Received Import Request.
  Time of request: 2026-08-27T08:30:32.131553Z
  Time since last request: 0.000149917 seconds.
  importAddress: GUID: 4eac2aa5bc9a4fc1b87308eec2acf8b1 - Path: Packages/com.unity.inputsystem/InputSystem/Devices/Pen.cs - Importer: ScriptedImporter/UnityEditor.QuickSearchModule:UnityEditor.Search:ASIAI0B
Importing 'GUID: 4eac2aa5bc9a4fc1b87308eec2acf8b1 - Path: Packages/com.unity.inputsystem/InputSystem/Devices/Pen.cs - Importer: ScriptedImporter/UnityEditor.QuickSearchModule:UnityEditor.Search:ASIAI0B' with importer (ScriptedImporter : UnityEditor.QuickSearchModule:UnityEditor.Search:ASIAI0B)
Imported 'GUID: 4eac2aa5bc9a4fc1b87308eec2acf8b1' -> (Import Result ID: '685f290b1ce48816aea61b1cdd4c0b30') in 0.001 seconds [static and dynamic dependencies]. Details - ImportResultOutputID=e638545049708ba3aedafcddd51bbe27 DependenciesID=67b6f6f7e94a0c77047b9ad7f2de9f36 StaticDependenciesID=a85767f3b6e7b0f7d0cc02a09b8aab0d 
Number of updated asset objects reloaded before import = 0
Number of asset objects unloaded after import = 0
========================================================================
Received Import Request.
  Time of request: 2026-08-27T08:30:32.132315Z
  Time since last request: 0.000154667 seconds.
  importAddress: GUID: dda83392ceab4fddbb9f3c7dd5edde62 - Path: Packages/com.unity.inputsystem/InputSystem/Events/TextEvent.cs - Importer: ScriptedImporter/UnityEditor.QuickSearchModule:UnityEditor.Search:ASIAI0B
Importing 'GUID: dda83392ceab4fddbb9f3c7dd5edde62 - Path: Packages/com.unity.inputsystem/InputSystem/Events/TextEvent.cs - Importer: ScriptedImporter/UnityEditor.QuickSearchModule:UnityEditor.Search:ASIAI0B' with importer (ScriptedImporter : UnityEditor.QuickSearchModule:UnityEditor.Search:ASIAI0B)
Imported 'GUID: dda83392ceab4fddbb9f3c7dd5edde62' -> (Import Result ID: 'abd34e19dfb572c3513764285eafbfad') in 0.001 seconds [static and dynamic dependencies]. Details - ImportResultOutputID=c11227eb8e57ac3c00c2f7eb1abdb2a4 DependenciesID=57a8829eee916881eac53b2836d949db StaticDependenciesID=c67949000be076f732ca152173dd7283 
Number of updated asset objects reloaded before import = 0
Number of asset objects unloaded after import = 0
========================================================================
Received Import Request.
  Time of request: 2026-08-27T08:30:32.133169Z
  Time since last request: 0.000155208 seconds.
  importAddress: GUID: d1acbe0a708dc40dc80254764e67ecfa - Path: Packages/com.unity.inputsystem/InputSystem/Editor/Icons/ChevronDown@4x.png - Importer: ScriptedImporter/UnityEditor.QuickSearchModule:UnityEditor.Search:ASIAI0B
Importing 'GUID: d1acbe0a708dc40dc80254764e67ecfa - Path: Packages/com.unity.inputsystem/InputSystem/Editor/Icons/ChevronDown@4x.png - Importer: ScriptedImporter/UnityEditor.QuickSearchModule:UnityEditor.Search:ASIAI0B' with importer (ScriptedImporter : UnityEditor.QuickSearchModule:UnityEditor.Search:ASIAI0B)
Imported 'GUID: d1acbe0a708dc40dc80254764e67ecfa' -> (Import Result ID: 'e755cff696673e14c6626014c683debb') in 0.002 seconds [static and dynamic dependencies]. Details - ImportResultOutputID=f9721af20e9af36cc5f797d6817d40cb DependenciesID=2a002ae75be164ecaceaff9ea9c5655a StaticDependenciesID=fb484699f0e77f45c865e9da98341976 
Number of updated asset objects reloaded before import = 0
Number of asset objects unloaded after import = 1
========================================================================
Received Import Request.
  Time of request: 2026-08-27T08:30:32.135443Z
  Time since last request: 0.00030375 seconds.
  importAddress: GUID: fc1515ab76e54f068e2f2207940fab32 - Path: Packages/com.unity.inputsystem/InputSystem/Actions/InputActionReference.cs - Importer: ScriptedImporter/UnityEditor.QuickSearchModule:UnityEditor.Search:ASIAI0B
Importing 'GUID: fc1515ab76e54f068e2f2207940fab32 - Path: Packages/com.unity.inputsystem/InputSystem/Actions/InputActionReference.cs - Importer: ScriptedImporter/UnityEditor.QuickSearchModule:UnityEditor.Search:ASIAI0B' with importer (ScriptedImporter : UnityEditor.QuickSearchModule:UnityEditor.Search:ASIAI0B)
Imported 'GUID: fc1515ab76e54f068e2f2207940fab32' -> (Import Result ID: 'fb1f4f9a5ea4e9ae93262cd9916a2365') in 0.001 seconds [static and dynamic dependencies]. Details - ImportResultOutputID=b5d2041e3fe092452fc6057d59111687 DependenciesID=cfabd76e0cdcd9cb2b91be47b9196f47 StaticDependenciesID=6c94dbd05738914dfea2259fbe2cfd41 
Number of updated asset objects reloaded before import = 0
Number of asset objects unloaded after import = 0
========================================================================
Received Import Request.
  Time of request: 2026-08-27T08:30:32.136869Z
  Time since last request: 0.000173792 seconds.
  importAddress: GUID: 0a3e3635b85e2124b9b3147aef1cdc32 - Path: Packages/com.unity.inputsystem/InputSystem/Plugins/XInput/XInputControllerWindows.cs - Importer: ScriptedImporter/UnityEditor.QuickSearchModule:UnityEditor.Search:ASIAI0B
Importing 'GUID: 0a3e3635b85e2124b9b3147aef1cdc32 - Path: Packages/com.unity.inputsystem/InputSystem/Plugins/XInput/XInputControllerWindows.cs - Importer: ScriptedImporter/UnityEditor.QuickSearchModule:UnityEditor.Search:ASIAI0B' with importer (ScriptedImporter : UnityEditor.QuickSearchModule:UnityEditor.Search:ASIAI0B)
Imported 'GUID: 0a3e3635b85e2124b9b3147aef1cdc32' -> (Import Result ID: '7c63856a869b1d6b64fa1669383eaba0') in 0.001 seconds [static and dynamic dependencies]. Details - ImportResultOutputID=fa683e0e06fa67d49c0fe44cd7275b79 DependenciesID=bf437c64deabc23ecb844e09d1ed193f StaticDependenciesID=45d80ea618a773ebe6e72ed8262d75da 
Number of updated asset objects reloaded before import = 0
Number of asset objects unloaded after import = 0
========================================================================
Received Import Request.
  Time of request: 2026-08-27T08:30:32.137787Z
  Time since last request: 0.000211625 seconds.
  importAddress: GUID: a1284e66e3be9424db2c22a37b5a3cf0 - Path: Packages/com.unity.inputsystem/InputSystem/Devices/InputDeviceBuilder.cs - Importer: ScriptedImporter/UnityEditor.QuickSearchModule:UnityEditor.Search:ASIAI0B
Importing 'GUID: a1284e66e3be9424db2c22a37b5a3cf0 - Path: Packages/com.unity.inputsystem/InputSystem/Devices/InputDeviceBuilder.cs - Importer: ScriptedImporter/UnityEditor.QuickSearchModule:UnityEditor.Search:ASIAI0B' with importer (ScriptedImporter : UnityEditor.QuickSearchModule:UnityEditor.Search:ASIAI0B)
Imported 'GUID: a1284e66e3be9424db2c22a37b5a3cf0' -> (Import Result ID: '319c6e61344e50d88ec33f727c934bce') in 0.001 seconds [static and dynamic dependencies]. Details - ImportResultOutputID=b5d4eac3dcd1a0a956525fa2f4061f78 DependenciesID=64aa2c822abe33429a63c5811457e0fb StaticDependenciesID=dd5ccf51720ec6d342c94b9c02593d9d 
Number of updated asset objects reloaded before import = 0
Number of asset objects unloaded after import = 0
========================================================================
Received Import Request.
  Time of request: 2026-08-27T08:30:32.138596Z
  Time since last request: 0.00014525 seconds.
  importAddress: GUID: 9e0ea5a9f932f6541962b1bf7934f7c3 - Path: Packages/com.unity.inputsystem/InputSystem/Devices/Commands/EnableIMECompositionCommand.cs - Importer: ScriptedImporter/UnityEditor.QuickSearchModule:UnityEditor.Search:ASIAI0B
Importing 'GUID: 9e0ea5a9f932f6541962b1bf7934f7c3 - Path: Packages/com.unity.inputsystem/InputSystem/Devices/Commands/EnableIMECompositionCommand.cs - Importer: ScriptedImporter/UnityEditor.QuickSearchModule:UnityEditor.Search:ASIAI0B' with importer (ScriptedImporter : UnityEditor.QuickSearchModule:UnityEditor.Search:ASIAI0B)
Imported 'GUID: 9e0ea5a9f932f6541962b1bf7934f7c3' -> (Import Result ID: 'cc9810ae5ab99f7d9060e659313f8a29') in 0.001 seconds [static and dynamic dependencies]. Details - ImportResultOutputID=f6102113a5dd5e130c52b6c367924648 DependenciesID=1548ff3bed8c27dc00e8168b005524b1 StaticDependenciesID=87de69519aee2a3200b02c63970434c3 
Number of updated asset objects reloaded before import = 0
Number of asset objects unloaded after import = 0
========================================================================
Received Import Request.
  Time of request: 2026-08-27T08:30:32.140133Z
  Time since last request: 0.000128084 seconds.
  importAddress: GUID: 62ce957ca99fe4fcba573a5b141eb113 - Path: Packages/com.unity.inputsystem/InputSystem/Editor/Icons/InputControl@2x.png - Importer: ScriptedImporter/UnityEditor.QuickSearchModule:UnityEditor.Search:ASIAI0B
Importing 'GUID: 62ce957ca99fe4fcba573a5b141eb113 - Path: Packages/com.unity.inputsystem/InputSystem/Editor/Icons/InputControl@2x.png - Importer: ScriptedImporter/UnityEditor.QuickSearchModule:UnityEditor.Search:ASIAI0B' with importer (ScriptedImporter : UnityEditor.QuickSearchModule:UnityEditor.Search:ASIAI0B)
Imported 'GUID: 62ce957ca99fe4fcba573a5b141eb113' -> (Import Result ID: '887fd8ceb7003c5fee896d19853a0d11') in 0.002 seconds [static and dynamic dependencies]. Details - ImportResultOutputID=a7cc3f116e67d8b897f1c6739226ac21 DependenciesID=fb88312069e9f623897b1f31452dc091 StaticDependenciesID=a74f51f6cea97c684044643e5e5e2a80 
Number of updated asset objects reloaded before import = 0
Number of asset objects unloaded after import = 1
========================================================================
Received Import Request.
  Time of request: 2026-08-27T08:30:32.142583Z
  Time since last request: 0.00016875 seconds.
  importAddress: GUID: 05bbafd21bf3c4cca93cb8ddfbbd4070 - Path: Packages/com.unity.inputsystem/InputSystem/Editor/Icons/Mouse@3x.png - Importer: ScriptedImporter/UnityEditor.QuickSearchModule:UnityEditor.Search:ASIAI0B
Importing 'GUID: 05bbafd21bf3c4cca93cb8ddfbbd4070 - Path: Packages/com.unity.inputsystem/InputSystem/Editor/Icons/Mouse@3x.png - Importer: ScriptedImporter/UnityEditor.QuickSearchModule:UnityEditor.Search:ASIAI0B' with importer (ScriptedImporter : UnityEditor.QuickSearchModule:UnityEditor.Search:ASIAI0B)
Imported 'GUID: 05bbafd21bf3c4cca93cb8ddfbbd4070' -> (Import Result ID: '34e8f3b27cba2e54e7f2faf9b0fd14ee') in 0.002 seconds [static and dynamic dependencies]. Details - ImportResultOutputID=77deba125de7bda754c06d17feaa1562 DependenciesID=f876e80255ba7d9e942e711730a40870 StaticDependenciesID=f61970de694a7140453bd87dc9ddb9dd 
Number of updated asset objects reloaded before import = 0
Number of asset objects unloaded after import = 1
========================================================================
Received Import Request.
  Time of request: 2026-08-27T08:30:32.145015Z
  Time since last request: 0.0001705 seconds.
  importAddress: GUID: 7333721cfa334ecdb55d0cb1a3386292 - Path: Packages/com.unity.inputsystem/InputSystem/Events/DeviceResetEvent.cs - Importer: ScriptedImporter/UnityEditor.QuickSearchModule:UnityEditor.Search:ASIAI0B
Importing 'GUID: 7333721cfa334ecdb55d0cb1a3386292 - Path: Packages/com.unity.inputsystem/InputSystem/Events/DeviceResetEvent.cs - Importer: ScriptedImporter/UnityEditor.QuickSearchModule:UnityEditor.Search:ASIAI0B' with importer (ScriptedImporter : UnityEditor.QuickSearchModule:UnityEditor.Search:ASIAI0B)
Imported 'GUID: 7333721cfa334ecdb55d0cb1a3386292' -> (Import Result ID: '4c221a641b39e5ab57659306a5873834') in 0.001 seconds [static and dynamic dependencies]. Details - ImportResultOutputID=e8895bf6c707c355c499fd9912387aa2 DependenciesID=df84f64e6aaa1550ea198f7b4e726940 StaticDependenciesID=aa3a8b506bb2c600d54f78ccb2de88a5 
Number of updated asset objects reloaded before import = 0
Number of asset objects unloaded after import = 0
========================================================================
Received Import Request.
  Time of request: 2026-08-27T08:30:32.145966Z
  Time since last request: 0.000148083 seconds.
  importAddress: GUID: 51e828593aae48cdbee6e9ae0ec20e5d - Path: Packages/com.unity.inputsystem/InputSystem/Utilities - Importer: ScriptedImporter/UnityEditor.QuickSearchModule:UnityEditor.Search:ASIAI0B
Importing 'GUID: 51e828593aae48cdbee6e9ae0ec20e5d - Path: Packages/com.unity.inputsystem/InputSystem/Utilities - Importer: ScriptedImporter/UnityEditor.QuickSearchModule:UnityEditor.Search:ASIAI0B' with importer (ScriptedImporter : UnityEditor.QuickSearchModule:UnityEditor.Search:ASIAI0B)
Imported 'GUID: 51e828593aae48cdbee6e9ae0ec20e5d' -> (Import Result ID: '3eb1937928e8ef3e00523961742f6e30') in 0.001 seconds [static and dynamic dependencies]. Details - ImportResultOutputID=7745df3bb97f7c2ef088c39fecec93f4 DependenciesID=08823d174df2c17b2121d4ca281b3c84 StaticDependenciesID=bf55e4cda4fe3a41cdafb7b8200d0f92 
Number of updated asset objects reloaded before import = 0
Number of asset objects unloaded after import = 1
========================================================================
Received Import Request.
  Time of request: 2026-08-27T08:30:32.146875Z
  Time since last request: 0.000195541 seconds.
  importAddress: GUID: f14e3a4027f834f16b235498ac15bb3f - Path: Packages/com.unity.inputsystem/InputSystem/Editor/Icons/d_Keyboard@2x.png - Importer: ScriptedImporter/UnityEditor.QuickSearchModule:UnityEditor.Search:ASIAI0B
Importing 'GUID: f14e3a4027f834f16b235498ac15bb3f - Path: Packages/com.unity.inputsystem/InputSystem/Editor/Icons/d_Keyboard@2x.png - Importer: ScriptedImporter/UnityEditor.QuickSearchModule:UnityEditor.Search:ASIAI0B' with importer (ScriptedImporter : UnityEditor.QuickSearchModule:UnityEditor.Search:ASIAI0B)
Imported 'GUID: f14e3a4027f834f16b235498ac15bb3f' -> (Import Result ID: '525ab47eb40487ec4169bc1562eaff3b') in 0.002 seconds [static and dynamic dependencies]. Details - ImportResultOutputID=1ea6fa766963bbdb4207dd17af464f9f DependenciesID=ad7e183fe9a12088eaa52c7057f05bae StaticDependenciesID=04b211f7348d0abef22261b4f3704535 
Number of updated asset objects reloaded before import = 0
Number of asset objects unloaded after import = 1
========================================================================
Received Import Request.
  Time of request: 2026-08-27T08:30:32.149025Z
  Time since last request: 0.000164 seconds.
  importAddress: GUID: fa7997ba71d7b476799fab3d063b7e6c - Path: Packages/com.unity.inputsystem/InputSystem/Events/InputEventBuffer.cs - Importer: ScriptedImporter/UnityEditor.QuickSearchModule:UnityEditor.Search:ASIAI0B
Importing 'GUID: fa7997ba71d7b476799fab3d063b7e6c - Path: Packages/com.unity.inputsystem/InputSystem/Events/InputEventBuffer.cs - Importer: ScriptedImporter/UnityEditor.QuickSearchModule:UnityEditor.Search:ASIAI0B' with importer (ScriptedImporter : UnityEditor.QuickSearchModule:UnityEditor.Search:ASIAI0B)
Imported 'GUID: fa7997ba71d7b476799fab3d063b7e6c' -> (Import Result ID: '46cc071452f0bdee3f6d21bf1f7aeca1') in 0.001 seconds [static and dynamic dependencies]. Details - ImportResultOutputID=b1321ee0f217dbe1c8a7902152779e38 DependenciesID=be0ecae454885f0d72b8854434e721e3 StaticDependenciesID=782324b0eccf3bcf775f96049dc90dfd 
Number of updated asset objects reloaded before import = 0
Number of asset objects unloaded after import = 0
========================================================================
Received Import Request.
  Time of request: 2026-08-27T08:30:32.149934Z
  Time since last request: 0.000117292 seconds.
  importAddress: GUID: 392e37dde5bf4a14bb315f2b4829bd6b - Path: Packages/com.unity.inputsystem/InputSystem/Editor/UITKAssetEditor/Views/InputActionsEditorView.cs - Importer: ScriptedImporter/UnityEditor.QuickSearchModule:UnityEditor.Search:ASIAI0B
Importing 'GUID: 392e37dde5bf4a14bb315f2b4829bd6b - Path: Packages/com.unity.inputsystem/InputSystem/Editor/UITKAssetEditor/Views/InputActionsEditorView.cs - Importer: ScriptedImporter/UnityEditor.QuickSearchModule:UnityEditor.Search:ASIAI0B' with importer (ScriptedImporter : UnityEditor.QuickSearchModule:UnityEditor.Search:ASIAI0B)
Imported 'GUID: 392e37dde5bf4a14bb315f2b4829bd6b' -> (Import Result ID: '0b2b6043c25ae7510874955a9d8387f8') in 0.001 seconds [static and dynamic dependencies]. Details - ImportResultOutputID=c5b1f252f11ef58f4817abc2939d7c9a DependenciesID=83d7a818d621ca0b779ef80660702a6b StaticDependenciesID=3ea12e4bcd7b91851ea7619bd874333d 
Number of updated asset objects reloaded before import = 0
Number of asset objects unloaded after import = 0
========================================================================
Received Import Request.
  Time of request: 2026-08-27T08:30:32.150825Z
  Time since last request: 0.000176416 seconds.
  importAddress: GUID: 6f91aa063fcc645ea8061ce0ae4f6f2b - Path: Packages/com.unity.inputsystem/InputSystem/Plugins/WebGL/WebGLJoystick.cs - Importer: ScriptedImporter/UnityEditor.QuickSearchModule:UnityEditor.Search:ASIAI0B
Importing 'GUID: 6f91aa063fcc645ea8061ce0ae4f6f2b - Path: Packages/com.unity.inputsystem/InputSystem/Plugins/WebGL/WebGLJoystick.cs - Importer: ScriptedImporter/UnityEditor.QuickSearchModule:UnityEditor.Search:ASIAI0B' with importer (ScriptedImporter : UnityEditor.QuickSearchModule:UnityEditor.Search:ASIAI0B)
Imported 'GUID: 6f91aa063fcc645ea8061ce0ae4f6f2b' -> (Import Result ID: 'd9a8d5a9988e775d8b6cfbcd4c63dbf9') in 0.002 seconds [static and dynamic dependencies]. Details - ImportResultOutputID=11a4690825c0e0b333391803ada08563 DependenciesID=ba91b5679bdccb6925d1e08fc89cab8e StaticDependenciesID=e1e0c2a988c0fdf3b49cfe132471d7f8 
Number of updated asset objects reloaded before import = 0
Number of asset objects unloaded after import = 0
========================================================================
Received Import Request.
  Time of request: 2026-08-27T08:30:32.153144Z
  Time since last request: 0.000120042 seconds.
  importAddress: GUID: d7fcb545eb7743c8bd27f341b51151dc - Path: Packages/com.unity.inputsystem/InputSystem/Editor/Analytics - Importer: ScriptedImporter/UnityEditor.QuickSearchModule:UnityEditor.Search:ASIAI0B
Importing 'GUID: d7fcb545eb7743c8bd27f341b51151dc - Path: Packages/com.unity.inputsystem/InputSystem/Editor/Analytics - Importer: ScriptedImporter/UnityEditor.QuickSearchModule:UnityEditor.Search:ASIAI0B' with importer (ScriptedImporter : UnityEditor.QuickSearchModule:UnityEditor.Search:ASIAI0B)
Imported 'GUID: d7fcb545eb7743c8bd27f341b51151dc' -> (Import Result ID: '689d1805455a8a07b2bd7ec42167d596') in 0.001 seconds [static and dynamic dependencies]. Details - ImportResultOutputID=6b371042404a25da38a8874e93fc61ea DependenciesID=4f32505b112f1706a00d7b04021217aa StaticDependenciesID=b134af7c1c02825714d448c3decbcef8 
Number of updated asset objects reloaded before import = 0
Number of asset objects unloaded after import = 1
========================================================================
Received Import Request.
  Time of request: 2026-08-27T08:30:32.153966Z
  Time since last request: 0.000121375 seconds.
  importAddress: GUID: ef4e8c908ae24e438f4baea55d866f5e - Path: Packages/com.unity.inputsystem/InputSystem/State/InputStateBlock.cs - Importer: ScriptedImporter/UnityEditor.QuickSearchModule:UnityEditor.Search:ASIAI0B
Importing 'GUID: ef4e8c908ae24e438f4baea55d866f5e - Path: Packages/com.unity.inputsystem/InputSystem/State/InputStateBlock.cs - Importer: ScriptedImporter/UnityEditor.QuickSearchModule:UnityEditor.Search:ASIAI0B' with importer (ScriptedImporter : UnityEditor.QuickSearchModule:UnityEditor.Search:ASIAI0B)
Imported 'GUID: ef4e8c908ae24e438f4baea55d866f5e' -> (Import Result ID: '105414df250478d494125d6559ce9013') in 0.001 seconds [static and dynamic dependencies]. Details - ImportResultOutputID=3892f4f1846efc45dba345eb94e8a288 DependenciesID=186e6a5865ebbafebe2a2354e43de210 StaticDependenciesID=e5c60e848e4899e2ed1239616305ecdd 
Number of updated asset objects reloaded before import = 0
Number of asset objects unloaded after import = 0
========================================================================
Received Import Request.
  Time of request: 2026-08-27T08:30:32.171675Z
  Time since last request: 0.016977875 seconds.
  importAddress: GUID: 7d7a42e3bb8b4c0f877cbe19718a4103 - Path: Packages/com.unity.inputsystem/InputSystem/Controls/KeyControl.cs - Importer: ScriptedImporter/UnityEditor.QuickSearchModule:UnityEditor.Search:ASIAI0B
Importing 'GUID: 7d7a42e3bb8b4c0f877cbe19718a4103 - Path: Packages/com.unity.inputsystem/InputSystem/Controls/KeyControl.cs - Importer: ScriptedImporter/UnityEditor.QuickSearchModule:UnityEditor.Search:ASIAI0B' with importer (ScriptedImporter : UnityEditor.QuickSearchModule:UnityEditor.Search:ASIAI0B)
Imported 'GUID: 7d7a42e3bb8b4c0f877cbe19718a4103' -> (Import Result ID: '4a875d3a8624b369f636038706221621') in 0.001 seconds [static and dynamic dependencies]. Details - ImportResultOutputID=d443df3a128872a63c5d70676c14173e DependenciesID=cf9209975b8197582e7fbf254940a97b StaticDependenciesID=f14a10681c62463c66fb41d15c4e52a7 
Number of updated asset objects reloaded before import = 0
Number of asset objects unloaded after import = 0
========================================================================
Received Import Request.
  Time of request: 2026-08-27T08:30:32.172916Z
  Time since last request: 0.000227125 seconds.
  importAddress: GUID: ae42a3986cf84fe2aa1df4aa984dd806 - Path: Packages/com.unity.inputsystem/InputSystem/Plugins/HID/HIDDescriptorWindow.cs - Importer: ScriptedImporter/UnityEditor.QuickSearchModule:UnityEditor.Search:ASIAI0B
Importing 'GUID: ae42a3986cf84fe2aa1df4aa984dd806 - Path: Packages/com.unity.inputsystem/InputSystem/Plugins/HID/HIDDescriptorWindow.cs - Importer: ScriptedImporter/UnityEditor.QuickSearchModule:UnityEditor.Search:ASIAI0B' with importer (ScriptedImporter : UnityEditor.QuickSearchModule:UnityEditor.Search:ASIAI0B)
Imported 'GUID: ae42a3986cf84fe2aa1df4aa984dd806' -> (Import Result ID: '0c847d1279dae3d8cc8e6e4cfb55b6e0') in 0.001 seconds [static and dynamic dependencies]. Details - ImportResultOutputID=b872a31a9f946fd8abeef966496d6938 DependenciesID=0ea33bf3d40d44853ceb4473453ca5a6 StaticDependenciesID=c5d99bcc0e788f725c7a70b895b199de 
Number of updated asset objects reloaded before import = 0
Number of asset objects unloaded after import = 0
========================================================================
Received Import Request.
  Time of request: 2026-08-27T08:30:32.174411Z
  Time since last request: 0.000289791 seconds.
  importAddress: GUID: 4ee65784bb8ce434a947aea199821419 - Path: Packages/com.unity.inputsystem/InputSystem/Plugins/UI/INavigationEventData.cs - Importer: ScriptedImporter/UnityEditor.QuickSearchModule:UnityEditor.Search:ASIAI0B
Importing 'GUID: 4ee65784bb8ce434a947aea199821419 - Path: Packages/com.unity.inputsystem/InputSystem/Plugins/UI/INavigationEventData.cs - Importer: ScriptedImporter/UnityEditor.QuickSearchModule:UnityEditor.Search:ASIAI0B' with importer (ScriptedImporter : UnityEditor.QuickSearchModule:UnityEditor.Search:ASIAI0B)
Imported 'GUID: 4ee65784bb8ce434a947aea199821419' -> (Import Result ID: '5c223779aa68b7f4515c6295dcc2ee86') in 0.001 seconds [static and dynamic dependencies]. Details - ImportResultOutputID=182ff7f95107138cc48a04754d62fadd DependenciesID=7cdfaaf5685ac74b35f14c9c227e014b StaticDependenciesID=40ebd47aef5a47585f460cb20c4222fa 
Number of updated asset objects reloaded before import = 0
Number of asset objects unloaded after import = 0
========================================================================
Received Import Request.
  Time of request: 2026-08-27T08:30:32.176019Z
  Time since last request: 0.000438583 seconds.
  importAddress: GUID: 900c2de771722c542b5857931181ab2f - Path: Packages/com.unity.inputsystem/InputSystem/Editor/UITKAssetEditor/Views/ViewBase.cs - Importer: ScriptedImporter/UnityEditor.QuickSearchModule:UnityEditor.Search:ASIAI0B
Importing 'GUID: 900c2de771722c542b5857931181ab2f - Path: Packages/com.unity.inputsystem/InputSystem/Editor/UITKAssetEditor/Views/ViewBase.cs - Importer: ScriptedImporter/UnityEditor.QuickSearchModule:UnityEditor.Search:ASIAI0B' with importer (ScriptedImporter : UnityEditor.QuickSearchModule:UnityEditor.Search:ASIAI0B)
Imported 'GUID: 900c2de771722c542b5857931181ab2f' -> (Import Result ID: '32759a2aaa596442b8fb80fb55e2c181') in 0.001 seconds [static and dynamic dependencies]. Details - ImportResultOutputID=c7698165c07204752aaa8fd270a5710c DependenciesID=983fe1c58cdec9a016dff5dd677716e3 StaticDependenciesID=19c9a7f25e4bcbc5e2706ce3d285b24c 
Number of updated asset objects reloaded before import = 0
Number of asset objects unloaded after import = 0
========================================================================
Received Import Request.
  Time of request: 2026-08-27T08:30:32.177716Z
  Time since last request: 0.000413875 seconds.
  importAddress: GUID: c79fd316c31a2402692c908865404608 - Path: Packages/com.unity.inputsystem/InputSystem/Controls/InputProcessor.cs - Importer: ScriptedImporter/UnityEditor.QuickSearchModule:UnityEditor.Search:ASIAI0B
Importing 'GUID: c79fd316c31a2402692c908865404608 - Path: Packages/com.unity.inputsystem/InputSystem/Controls/InputProcessor.cs - Importer: ScriptedImporter/UnityEditor.QuickSearchModule:UnityEditor.Search:ASIAI0B' with importer (ScriptedImporter : UnityEditor.QuickSearchModule:UnityEditor.Search:ASIAI0B)
Imported 'GUID: c79fd316c31a2402692c908865404608' -> (Import Result ID: 'ef082a54be3717f18e9850e7e2b28081') in 0.001 seconds [static and dynamic dependencies]. Details - ImportResultOutputID=905ede99f075c1c9537e84f9a4aa9403 DependenciesID=e944da385f59a976625985e6cd7449d9 StaticDependenciesID=c7ea4e68e2186fcba81701b666ccca5e 
Number of updated asset objects reloaded before import = 0
Number of asset objects unloaded after import = 0
========================================================================
Received Import Request.
  Time of request: 2026-08-27T08:30:32.179453Z
  Time since last request: 0.000365375 seconds.
  importAddress: GUID: 6633b33d60f14b81927d89a4b06c8a1f - Path: Packages/com.unity.inputsystem/InputSystem/State/InputStateBuffers.cs - Importer: ScriptedImporter/UnityEditor.QuickSearchModule:UnityEditor.Search:ASIAI0B
Importing 'GUID: 6633b33d60f14b81927d89a4b06c8a1f - Path: Packages/com.unity.inputsystem/InputSystem/State/InputStateBuffers.cs - Importer: ScriptedImporter/UnityEditor.QuickSearchModule:UnityEditor.Search:ASIAI0B' with importer (ScriptedImporter : UnityEditor.QuickSearchModule:UnityEditor.Search:ASIAI0B)
Imported 'GUID: 6633b33d60f14b81927d89a4b06c8a1f' -> (Import Result ID: '2ad3d17791dbc901a90d34b244a985b7') in 0.001 seconds [static and dynamic dependencies]. Details - ImportResultOutputID=4d095fb789105db7ac56f4c6412036d8 DependenciesID=63d27d82a5caf3ffd24979c0b09cae23 StaticDependenciesID=db4c2b6a99105e44a5a5b5ae57694f73 
Number of updated asset objects reloaded before import = 0
Number of asset objects unloaded after import = 0
========================================================================
Received Import Request.
  Time of request: 2026-08-27T08:30:32.180532Z
  Time since last request: 0.000313125 seconds.
  importAddress: GUID: bb39cf984021140a3adc2419327534a7 - Path: Packages/com.unity.inputsystem/InputSystem/Events/IMECompositionEvent.cs - Importer: ScriptedImporter/UnityEditor.QuickSearchModule:UnityEditor.Search:ASIAI0B
Importing 'GUID: bb39cf984021140a3adc2419327534a7 - Path: Packages/com.unity.inputsystem/InputSystem/Events/IMECompositionEvent.cs - Importer: ScriptedImporter/UnityEditor.QuickSearchModule:UnityEditor.Search:ASIAI0B' with importer (ScriptedImporter : UnityEditor.QuickSearchModule:UnityEditor.Search:ASIAI0B)
Imported 'GUID: bb39cf984021140a3adc2419327534a7' -> (Import Result ID: '990964333746d1f666f7e2e8948901a1') in 0.001 seconds [static and dynamic dependencies]. Details - ImportResultOutputID=24f5dc44d4aaaf77cc6e6fa23e223e20 DependenciesID=455928dd96a52fbf3c7073a26228758f StaticDependenciesID=3eaf8d2222502fdcb873d95721c38863 
Number of updated asset objects reloaded before import = 0
Number of asset objects unloaded after import = 0
========================================================================
Received Import Request.
  Time of request: 2026-08-27T08:30:32.181823Z
  Time since last request: 0.000184625 seconds.
  importAddress: GUID: 9e082355c53c54d19a09c1d4f7629360 - Path: Packages/com.unity.inputsystem/InputSystem/Utilities/JsonParser.cs - Importer: ScriptedImporter/UnityEditor.QuickSearchModule:UnityEditor.Search:ASIAI0B
Importing 'GUID: 9e082355c53c54d19a09c1d4f7629360 - Path: Packages/com.unity.inputsystem/InputSystem/Utilities/JsonParser.cs - Importer: ScriptedImporter/UnityEditor.QuickSearchModule:UnityEditor.Search:ASIAI0B' with importer (ScriptedImporter : UnityEditor.QuickSearchModule:UnityEditor.Search:ASIAI0B)
Imported 'GUID: 9e082355c53c54d19a09c1d4f7629360' -> (Import Result ID: '04ebdf360fe4ed745870cb612764dad8') in 0.001 seconds [static and dynamic dependencies]. Details - ImportResultOutputID=c8caf792af9d137df1dc659708ef0fb5 DependenciesID=e48825956d232797c26fe0ca68c29cd9 StaticDependenciesID=d9c36588dcf6f80eb5e68de85f398900 
Number of updated asset objects reloaded before import = 0
Number of asset objects unloaded after import = 0
========================================================================
Received Import Request.
  Time of request: 2026-08-27T08:30:32.182761Z
  Time since last request: 0.000180708 seconds.
  importAddress: GUID: 449c8e5ca27af8e4a9db710c8be5e4df - Path: Packages/com.unity.inputsystem/InputSystem/Editor/UITKAssetEditor/PackageResources/BindingPanelRowTemplate.uxml - Importer: ScriptedImporter/UnityEditor.QuickSearchModule:UnityEditor.Search:ASIAI0B
Importing 'GUID: 449c8e5ca27af8e4a9db710c8be5e4df - Path: Packages/com.unity.inputsystem/InputSystem/Editor/UITKAssetEditor/PackageResources/BindingPanelRowTemplate.uxml - Importer: ScriptedImporter/UnityEditor.QuickSearchModule:UnityEditor.Search:ASIAI0B' with importer (ScriptedImporter : UnityEditor.QuickSearchModule:UnityEditor.Search:ASIAI0B)
Imported 'GUID: 449c8e5ca27af8e4a9db710c8be5e4df' -> (Import Result ID: 'dae051eb9a84fcfc7c9af9ed88d1e934') in 0.004 seconds [static and dynamic dependencies]. Details - ImportResultOutputID=5eea6cdb97b66e112aa837919126e6a9 DependenciesID=7788b1ffa4f2968dc3f8e52a8a0408b6 StaticDependenciesID=c12366b6bd026bae9c6cb101a9e6b23e 
Number of updated asset objects reloaded before import = 0
Number of asset objects unloaded after import = 4
========================================================================
Received Import Request.
  Time of request: 2026-08-27T08:30:32.186772Z
  Time since last request: 0.000238292 seconds.
  importAddress: GUID: 98a0df93c82e4369b500b62affa160db - Path: Packages/com.unity.inputsystem/InputSystem/Utilities/InlinedArray.cs - Importer: ScriptedImporter/UnityEditor.QuickSearchModule:UnityEditor.Search:ASIAI0B
Importing 'GUID: 98a0df93c82e4369b500b62affa160db - Path: Packages/com.unity.inputsystem/InputSystem/Utilities/InlinedArray.cs - Importer: ScriptedImporter/UnityEditor.QuickSearchModule:UnityEditor.Search:ASIAI0B' with importer (ScriptedImporter : UnityEditor.QuickSearchModule:UnityEditor.Search:ASIAI0B)
Imported 'GUID: 98a0df93c82e4369b500b62affa160db' -> (Import Result ID: 'f520a2b583b49d2a13428c25afc258d6') in 0.001 seconds [static and dynamic dependencies]. Details - ImportResultOutputID=4b2c308aeef5c713b52b5f8e68f70d8b DependenciesID=f100c367411ff74f8874b1de4b9c9019 StaticDependenciesID=425eafecf6cd0cf113e297249eef7da5 
Number of updated asset objects reloaded before import = 0
Number of asset objects unloaded after import = 0
========================================================================
Received Import Request.
  Time of request: 2026-08-27T08:30:32.188133Z
  Time since last request: 0.000274916 seconds.
  importAddress: GUID: fdd7c783de844fefa8df8acfd36b9dc9 - Path: Packages/com.unity.inputsystem/InputSystem/Editor/Debugger/SampleFrequencyCalculator.cs - Importer: ScriptedImporter/UnityEditor.QuickSearchModule:UnityEditor.Search:ASIAI0B
Importing 'GUID: fdd7c783de844fefa8df8acfd36b9dc9 - Path: Packages/com.unity.inputsystem/InputSystem/Editor/Debugger/SampleFrequencyCalculator.cs - Importer: ScriptedImporter/UnityEditor.QuickSearchModule:UnityEditor.Search:ASIAI0B' with importer (ScriptedImporter : UnityEditor.QuickSearchModule:UnityEditor.Search:ASIAI0B)
Imported 'GUID: fdd7c783de844fefa8df8acfd36b9dc9' -> (Import Result ID: 'af832bdbb256827a1477a98dd9a8b4fe') in 0.001 seconds [static and dynamic dependencies]. Details - ImportResultOutputID=5134edc1f94b87fb1cf1dd326b9055fc DependenciesID=85cf3c4ee4d6ceeeaf07d8b29ef7a403 StaticDependenciesID=ac7dfbda23de62b2dd243f10affcf3b9 
Number of updated asset objects reloaded before import = 0
Number of asset objects unloaded after import = 0
========================================================================
Received Import Request.
  Time of request: 2026-08-27T08:30:32.189364Z
  Time since last request: 0.000338834 seconds.
  importAddress: GUID: 5ab69704aa4984b49bc426da72fabbed - Path: Packages/com.unity.inputsystem/InputSystem/Editor/AssetEditor/PackageResources/personal/foldoutBackground.png - Importer: ScriptedImporter/UnityEditor.QuickSearchModule:UnityEditor.Search:ASIAI0B
Importing 'GUID: 5ab69704aa4984b49bc426da72fabbed - Path: Packages/com.unity.inputsystem/InputSystem/Editor/AssetEditor/PackageResources/personal/foldoutBackground.png - Importer: ScriptedImporter/UnityEditor.QuickSearchModule:UnityEditor.Search:ASIAI0B' with importer (ScriptedImporter : UnityEditor.QuickSearchModule:UnityEditor.Search:ASIAI0B)
Imported 'GUID: 5ab69704aa4984b49bc426da72fabbed' -> (Import Result ID: 'c96cc70062c3c5f4157e7de23eca6f4a') in 0.002 seconds [static and dynamic dependencies]. Details - ImportResultOutputID=ef40416d92bdc621f97ba18205fec99d DependenciesID=f2fc696e2d1a081ef190b7c69144121c StaticDependenciesID=0ca71fd698c075c1736f21f11b9384bc 
Number of updated asset objects reloaded before import = 0
Number of asset objects unloaded after import = 1
========================================================================
Received Import Request.
  Time of request: 2026-08-27T08:30:32.191802Z
  Time since last request: 0.000259209 seconds.
  importAddress: GUID: da649da79e1b9455791f5ddd31355edc - Path: Packages/com.unity.inputsystem/InputSystem/Editor/AssetEditor/NameAndParameterListView.cs - Importer: ScriptedImporter/UnityEditor.QuickSearchModule:UnityEditor.Search:ASIAI0B
Importing 'GUID: da649da79e1b9455791f5ddd31355edc - Path: Packages/com.unity.inputsystem/InputSystem/Editor/AssetEditor/NameAndParameterListView.cs - Importer: ScriptedImporter/UnityEditor.QuickSearchModule:UnityEditor.Search:ASIAI0B' with importer (ScriptedImporter : UnityEditor.QuickSearchModule:UnityEditor.Search:ASIAI0B)
Imported 'GUID: da649da79e1b9455791f5ddd31355edc' -> (Import Result ID: 'd86c3c2a1e60f0ac1ca0a31caa11478e') in 0.001 seconds [static and dynamic dependencies]. Details - ImportResultOutputID=9b242c1be2d94a365faf719640ef7e8d DependenciesID=8d11d2c67df7e2fd009299003bb25603 StaticDependenciesID=11050ec7bbefc44163bb3a6c6b7d88d5 
Number of updated asset objects reloaded before import = 0
Number of asset objects unloaded after import = 0
========================================================================
Received Import Request.
  Time of request: 2026-08-27T08:30:32.193201Z
  Time since last request: 0.0003375 seconds.
  importAddress: GUID: 21e367e100361604f9ad6287fd367d4a - Path: Packages/com.unity.inputsystem/ValidationConfig.json - Importer: ScriptedImporter/UnityEditor.QuickSearchModule:UnityEditor.Search:ASIAI0B
Importing 'GUID: 21e367e100361604f9ad6287fd367d4a - Path: Packages/com.unity.inputsystem/ValidationConfig.json - Importer: ScriptedImporter/UnityEditor.QuickSearchModule:UnityEditor.Search:ASIAI0B' with importer (ScriptedImporter : UnityEditor.QuickSearchModule:UnityEditor.Search:ASIAI0B)
Imported 'GUID: 21e367e100361604f9ad6287fd367d4a' -> (Import Result ID: 'c63fe9dc2425329a73a6d8efb27350f8') in 0.001 seconds [static and dynamic dependencies]. Details - ImportResultOutputID=81e369f5621eea01086ffd6bc19654d2 DependenciesID=a2de5096f7b54c10cd9d9ca2e673ef22 StaticDependenciesID=260d7c34b05b1f750025ded13e9585d9 
Number of updated asset objects reloaded before import = 0
Number of asset objects unloaded after import = 1
========================================================================
Received Import Request.
  Time of request: 2026-08-27T08:30:32.194874Z
  Time since last request: 0.000120917 seconds.
  importAddress: GUID: c018e4b76d0cd35459e780d36eb69c45 - Path: Packages/com.unity.inputsystem/InputSystem/Editor/Internal/SerializedPropertyLinqExtensions.cs - Importer: ScriptedImporter/UnityEditor.QuickSearchModule:UnityEditor.Search:ASIAI0B
Importing 'GUID: c018e4b76d0cd35459e780d36eb69c45 - Path: Packages/com.unity.inputsystem/InputSystem/Editor/Internal/SerializedPropertyLinqExtensions.cs - Importer: ScriptedImporter/UnityEditor.QuickSearchModule:UnityEditor.Search:ASIAI0B' with importer (ScriptedImporter : UnityEditor.QuickSearchModule:UnityEditor.Search:ASIAI0B)
Imported 'GUID: c018e4b76d0cd35459e780d36eb69c45' -> (Import Result ID: '638752b3d532c5fcf14a7bca8c85e382') in 0.001 seconds [static and dynamic dependencies]. Details - ImportResultOutputID=fedefd3f6cd44f597bd5a7beeb002d24 DependenciesID=30dde1eff1cef6d3963ce3cd1f4709a8 StaticDependenciesID=2ae7c348d63fb8b3aa0d3b04d3a5f1e8 
Number of updated asset objects reloaded before import = 0
Number of asset objects unloaded after import = 0
========================================================================
Received Import Request.
  Time of request: 2026-08-27T08:30:32.19588Z
  Time since last request: 0.000217209 seconds.
  importAddress: GUID: d6965b068653ebe45986cb10b38854d1 - Path: Packages/com.unity.inputsystem/InputSystem/Plugins/InputForUI/InputSystemProvider.cs - Importer: ScriptedImporter/UnityEditor.QuickSearchModule:UnityEditor.Search:ASIAI0B
Importing 'GUID: d6965b068653ebe45986cb10b38854d1 - Path: Packages/com.unity.inputsystem/InputSystem/Plugins/InputForUI/InputSystemProvider.cs - Importer: ScriptedImporter/UnityEditor.QuickSearchModule:UnityEditor.Search:ASIAI0B' with importer (ScriptedImporter : UnityEditor.QuickSearchModule:UnityEditor.Search:ASIAI0B)
Imported 'GUID: d6965b068653ebe45986cb10b38854d1' -> (Import Result ID: '8c12c3884afc27c2387077e65604a88b') in 0.001 seconds [static and dynamic dependencies]. Details - ImportResultOutputID=672edab5e7cd6fa6a92f1e56e88182d4 DependenciesID=b440e39b9fef3283eb4cd04f568eafa1 StaticDependenciesID=92549db36fb201d646b2861e9e11ca87 
Number of updated asset objects reloaded before import = 0
Number of asset objects unloaded after import = 0
========================================================================
Received Import Request.
  Time of request: 2026-08-27T08:30:32.197092Z
  Time since last request: 0.000246041 seconds.
  importAddress: GUID: 30858d79688750445a07107b96c917fe - Path: Packages/com.unity.inputsystem/InputSystem/Devices/Precompiled/FastTouchscreen.cs - Importer: ScriptedImporter/UnityEditor.QuickSearchModule:UnityEditor.Search:ASIAI0B
Importing 'GUID: 30858d79688750445a07107b96c917fe - Path: Packages/com.unity.inputsystem/InputSystem/Devices/Precompiled/FastTouchscreen.cs - Importer: ScriptedImporter/UnityEditor.QuickSearchModule:UnityEditor.Search:ASIAI0B' with importer (ScriptedImporter : UnityEditor.QuickSearchModule:UnityEditor.Search:ASIAI0B)
Imported 'GUID: 30858d79688750445a07107b96c917fe' -> (Import Result ID: '64787afae7db6ff131975969142e87fe') in 0.001 seconds [static and dynamic dependencies]. Details - ImportResultOutputID=7d06abb20d0cdfdfe49de0151ec7e422 DependenciesID=7eaee5f1b3a4e0ee6eb79351ca12cff5 StaticDependenciesID=51dd170f0e3a2c109c193db43f99770a 
Number of updated asset objects reloaded before import = 0
Number of asset objects unloaded after import = 0
========================================================================
Received Import Request.
  Time of request: 2026-08-27T08:30:32.198083Z
  Time since last request: 0.000191542 seconds.
  importAddress: GUID: ca933a91c81734ddd88b17c8481ec1e9 - Path: Packages/com.unity.inputsystem/InputSystem/Editor/Icons/d_Add Binding@3x.png - Importer: ScriptedImporter/UnityEditor.QuickSearchModule:UnityEditor.Search:ASIAI0B
Importing 'GUID: ca933a91c81734ddd88b17c8481ec1e9 - Path: Packages/com.unity.inputsystem/InputSystem/Editor/Icons/d_Add Binding@3x.png - Importer: ScriptedImporter/UnityEditor.QuickSearchModule:UnityEditor.Search:ASIAI0B' with importer (ScriptedImporter : UnityEditor.QuickSearchModule:UnityEditor.Search:ASIAI0B)
Imported 'GUID: ca933a91c81734ddd88b17c8481ec1e9' -> (Import Result ID: '538cb1661513b9ec281913a7f483b9bc') in 0.003 seconds [static and dynamic dependencies]. Details - ImportResultOutputID=9b3dabde2887323e91bcb262c98bb4f4 DependenciesID=6519db9871b778dc73876ea5524d4fa6 StaticDependenciesID=3b56a553d0f858d6c16da3bb0eb6852e 
Number of updated asset objects reloaded before import = 0
Number of asset objects unloaded after import = 1
========================================================================
Received Import Request.
  Time of request: 2026-08-27T08:30:32.201118Z
  Time since last request: 0.000246125 seconds.
  importAddress: GUID: 7c6a2891083312645a7be416176261c1 - Path: Packages/com.unity.inputsystem/InputSystem/Utilities/CSharpCodeHelpers.cs - Importer: ScriptedImporter/UnityEditor.QuickSearchModule:UnityEditor.Search:ASIAI0B
Importing 'GUID: 7c6a2891083312645a7be416176261c1 - Path: Packages/com.unity.inputsystem/InputSystem/Utilities/CSharpCodeHelpers.cs - Importer: ScriptedImporter/UnityEditor.QuickSearchModule:UnityEditor.Search:ASIAI0B' with importer (ScriptedImporter : UnityEditor.QuickSearchModule:UnityEditor.Search:ASIAI0B)
Imported 'GUID: 7c6a2891083312645a7be416176261c1' -> (Import Result ID: '3ef89be2592677d3f84b940cc638d6db') in 0.001 seconds [static and dynamic dependencies]. Details - ImportResultOutputID=59f2677323601aaa31f1a411bdbe79af DependenciesID=6071320092b4ab187c14033aac15fe32 StaticDependenciesID=fe53efb6a28acc8bc171402a3a20642d 
Number of updated asset objects reloaded before import = 0
Number of asset objects unloaded after import = 0
========================================================================
Received Import Request.
  Time of request: 2026-08-27T08:30:32.20219Z
  Time since last request: 0.000236458 seconds.
  importAddress: GUID: 7e853779c8fed4ebf917a0de21c79602 - Path: Packages/com.unity.inputsystem/InputSystem/Editor/Icons/Axis.png - Importer: ScriptedImporter/UnityEditor.QuickSearchModule:UnityEditor.Search:ASIAI0B
Importing 'GUID: 7e853779c8fed4ebf917a0de21c79602 - Path: Packages/com.unity.inputsystem/InputSystem/Editor/Icons/Axis.png - Importer: ScriptedImporter/UnityEditor.QuickSearchModule:UnityEditor.Search:ASIAI0B' with importer (ScriptedImporter : UnityEditor.QuickSearchModule:UnityEditor.Search:ASIAI0B)
Imported 'GUID: 7e853779c8fed4ebf917a0de21c79602' -> (Import Result ID: 'e7e4cd16a0a243a9a6bb720f692f9baf') in 0.003 seconds [static and dynamic dependencies]. Details - ImportResultOutputID=b31cd26dcad424dd75f8c8ff1a2ba9ab DependenciesID=1d70184e8df92bbbda88b8959474befa StaticDependenciesID=ca0a03e39022098da3109df741952a12 
Number of updated asset objects reloaded before import = 0
Number of asset objects unloaded after import = 1
========================================================================
Received Import Request.
  Time of request: 2026-08-27T08:30:32.205313Z
  Time since last request: 0.000388208 seconds.
  importAddress: GUID: a6724a4cbf5d47a2b01ca5fe41036ddd - Path: Packages/com.unity.inputsystem/InputSystem/State - Importer: ScriptedImporter/UnityEditor.QuickSearchModule:UnityEditor.Search:ASIAI0B
Importing 'GUID: a6724a4cbf5d47a2b01ca5fe41036ddd - Path: Packages/com.unity.inputsystem/InputSystem/State - Importer: ScriptedImporter/UnityEditor.QuickSearchModule:UnityEditor.Search:ASIAI0B' with importer (ScriptedImporter : UnityEditor.QuickSearchModule:UnityEditor.Search:ASIAI0B)
Imported 'GUID: a6724a4cbf5d47a2b01ca5fe41036ddd' -> (Import Result ID: '854c98400bfbd11f80bda52a023d8bfd') in 0.001 seconds [static and dynamic dependencies]. Details - ImportResultOutputID=97764085e80b9133962eeef824ffde79 DependenciesID=160c1d7542c0c93dbdd201390ed00fc9 StaticDependenciesID=06d989bbba3b5d84453f4736a97b5466 
Number of updated asset objects reloaded before import = 0
Number of asset objects unloaded after import = 1
========================================================================
Received Import Request.
  Time of request: 2026-08-27T08:30:32.206185Z
  Time since last request: 0.000233125 seconds.
  importAddress: GUID: 6600059bab4cd4a4ab586e5bb07df47b - Path: Packages/com.unity.inputsystem/InputSystem/Devices/Precompiled - Importer: ScriptedImporter/UnityEditor.QuickSearchModule:UnityEditor.Search:ASIAI0B
Importing 'GUID: 6600059bab4cd4a4ab586e5bb07df47b - Path: Packages/com.unity.inputsystem/InputSystem/Devices/Precompiled - Importer: ScriptedImporter/UnityEditor.QuickSearchModule:UnityEditor.Search:ASIAI0B' with importer (ScriptedImporter : UnityEditor.QuickSearchModule:UnityEditor.Search:ASIAI0B)
Imported 'GUID: 6600059bab4cd4a4ab586e5bb07df47b' -> (Import Result ID: '647e052ccc63f5a2a3b9de545c46ddce') in 0.001 seconds [static and dynamic dependencies]. Details - ImportResultOutputID=51dd5df8c8686921e23683e30267444c DependenciesID=1a85f8e6def50ed1bc06cad9704d6054 StaticDependenciesID=a10f8cdbfd02b43e821ff7fa14f1877a 
Number of updated asset objects reloaded before import = 0
Number of asset objects unloaded after import = 1
========================================================================
Received Import Request.
  Time of request: 2026-08-27T08:30:32.207089Z
  Time since last request: 0.0002235 seconds.
  importAddress: GUID: bb83bbf668a324899963d1ea424c5ad0 - Path: Packages/com.unity.inputsystem/InputSystem/Utilities/DelegateHelpers.cs - Importer: ScriptedImporter/UnityEditor.QuickSearchModule:UnityEditor.Search:ASIAI0B
Importing 'GUID: bb83bbf668a324899963d1ea424c5ad0 - Path: Packages/com.unity.inputsystem/InputSystem/Utilities/DelegateHelpers.cs - Importer: ScriptedImporter/UnityEditor.QuickSearchModule:UnityEditor.Search:ASIAI0B' with importer (ScriptedImporter : UnityEditor.QuickSearchModule:UnityEditor.Search:ASIAI0B)
Imported 'GUID: bb83bbf668a324899963d1ea424c5ad0' -> (Import Result ID: '17d6d5883100a73c93a990d328401d6c') in 0.001 seconds [static and dynamic dependencies]. Details - ImportResultOutputID=afb5a58dab0859ee66d2866ac7d79757 DependenciesID=9a0aa0c2f1933ccd58130674198d9ebb StaticDependenciesID=de8f16e49980536ca1056d393108b9bf 
Number of updated asset objects reloaded before import = 0
Number of asset objects unloaded after import = 0
========================================================================
Received Import Request.
  Time of request: 2026-08-27T08:30:32.208223Z
  Time since last request: 0.000274167 seconds.
  importAddress: GUID: 2603947746e342918fcad117e9ce6db6 - Path: Packages/com.unity.inputsystem/InputSystem/Editor/AssetImporter/IInputActionAssetEditor.cs - Importer: ScriptedImporter/UnityEditor.QuickSearchModule:UnityEditor.Search:ASIAI0B
Importing 'GUID: 2603947746e342918fcad117e9ce6db6 - Path: Packages/com.unity.inputsystem/InputSystem/Editor/AssetImporter/IInputActionAssetEditor.cs - Importer: ScriptedImporter/UnityEditor.QuickSearchModule:UnityEditor.Search:ASIAI0B' with importer (ScriptedImporter : UnityEditor.QuickSearchModule:UnityEditor.Search:ASIAI0B)
Imported 'GUID: 2603947746e342918fcad117e9ce6db6' -> (Import Result ID: '9936cc4d6a750d261ead06a59c87fb1a') in 0.001 seconds [static and dynamic dependencies]. Details - ImportResultOutputID=f0c26c62b1efd38f2a8950d7bcdb01e9 DependenciesID=be964aba8a0a70a3c58ded1457420e13 StaticDependenciesID=757a251e36a76ec01685d892b1a3b7db 
Number of updated asset objects reloaded before import = 0
Number of asset objects unloaded after import = 0
========================================================================
Received Import Request.
  Time of request: 2026-08-27T08:30:32.209423Z
  Time since last request: 0.000226542 seconds.
  importAddress: GUID: b16c6f78230fa4964a222622d8aae332 - Path: Packages/com.unity.inputsystem/InputSystem/Plugins/UI/MultiplayerEventSystem.cs - Importer: ScriptedImporter/UnityEditor.QuickSearchModule:UnityEditor.Search:ASIAI0B
Importing 'GUID: b16c6f78230fa4964a222622d8aae332 - Path: Packages/com.unity.inputsystem/InputSystem/Plugins/UI/MultiplayerEventSystem.cs - Importer: ScriptedImporter/UnityEditor.QuickSearchModule:UnityEditor.Search:ASIAI0B' with importer (ScriptedImporter : UnityEditor.QuickSearchModule:UnityEditor.Search:ASIAI0B)
Imported 'GUID: b16c6f78230fa4964a222622d8aae332' -> (Import Result ID: '37537e80b3f3908e9d249eb7610fbde4') in 0.001 seconds [static and dynamic dependencies]. Details - ImportResultOutputID=d3c1a31952b291c4e6305f0bf4a9bb9f DependenciesID=03e71af4ceb70ac74994af739704f7bc StaticDependenciesID=79aa1db45975a221a747b28b87a6164b 
Number of updated asset objects reloaded before import = 0
Number of asset objects unloaded after import = 1
========================================================================
Received Import Request.
  Time of request: 2026-08-27T08:30:32.210574Z
  Time since last request: 0.000245875 seconds.
  importAddress: GUID: ac53fbe9e2e3a1535e2bfa5d8a7dfd6e - Path: Packages/com.unity.inputsystem - Importer: ScriptedImporter/UnityEditor.QuickSearchModule:UnityEditor.Search:ASIAI0B
Importing 'GUID: ac53fbe9e2e3a1535e2bfa5d8a7dfd6e - Path: Packages/com.unity.inputsystem - Importer: ScriptedImporter/UnityEditor.QuickSearchModule:UnityEditor.Search:ASIAI0B' with importer (ScriptedImporter : UnityEditor.QuickSearchModule:UnityEditor.Search:ASIAI0B)
Imported 'GUID: ac53fbe9e2e3a1535e2bfa5d8a7dfd6e' -> (Import Result ID: '941f61acd74107daa8c8ba95f483e7a9') in 0.001 seconds [static and dynamic dependencies]. Details - ImportResultOutputID=02d8c8b7ea5bfbd382aa2f69d6e6e42c DependenciesID=6b009266edd4926567be1d3092a9e892 StaticDependenciesID=99a7e8ccbb1c6444da6d5075c3950dfb 
Number of updated asset objects reloaded before import = 0
Number of asset objects unloaded after import = 1
========================================================================
Received Import Request.
  Time of request: 2026-08-27T08:30:32.211651Z
  Time since last request: 0.000380209 seconds.
  importAddress: GUID: 073f4378d59364199ae19d0486842726 - Path: Packages/com.unity.inputsystem/Tests/TestFixture/InputTestRuntime.cs - Importer: ScriptedImporter/UnityEditor.QuickSearchModule:UnityEditor.Search:ASIAI0B
Importing 'GUID: 073f4378d59364199ae19d0486842726 - Path: Packages/com.unity.inputsystem/Tests/TestFixture/InputTestRuntime.cs - Importer: ScriptedImporter/UnityEditor.QuickSearchModule:UnityEditor.Search:ASIAI0B' with importer (ScriptedImporter : UnityEditor.QuickSearchModule:UnityEditor.Search:ASIAI0B)
Imported 'GUID: 073f4378d59364199ae19d0486842726' -> (Import Result ID: '6cee088197fabc4b1b2f1c994aae4345') in 0.002 seconds [static and dynamic dependencies]. Details - ImportResultOutputID=cb9cfe09992bb647e7933879ead3fe35 DependenciesID=70dccd89277d7b3eb88146d9d7efde4c StaticDependenciesID=604c31a70d971b0fb594c418f46753f5 
Number of updated asset objects reloaded before import = 0
Number of asset objects unloaded after import = 0
========================================================================
Received Import Request.
  Time of request: 2026-08-27T08:30:32.213867Z
  Time since last request: 0.000342958 seconds.
  importAddress: GUID: 989e6ef705a83455c81a5d0a22910406 - Path: Packages/com.unity.inputsystem/InputSystem/Editor/UITKAssetEditor/Views/ContextMenu.cs - Importer: ScriptedImporter/UnityEditor.QuickSearchModule:UnityEditor.Search:ASIAI0B
Importing 'GUID: 989e6ef705a83455c81a5d0a22910406 - Path: Packages/com.unity.inputsystem/InputSystem/Editor/UITKAssetEditor/Views/ContextMenu.cs - Importer: ScriptedImporter/UnityEditor.QuickSearchModule:UnityEditor.Search:ASIAI0B' with importer (ScriptedImporter : UnityEditor.QuickSearchModule:UnityEditor.Search:ASIAI0B)
Imported 'GUID: 989e6ef705a83455c81a5d0a22910406' -> (Import Result ID: 'a612b6142e3d3a3a654ecfdf9a803234') in 0.001 seconds [static and dynamic dependencies]. Details - ImportResultOutputID=0ab8566b6496e4ce2bf54d5a601140a3 DependenciesID=2932778f4c1348322f2ec2eb1a41376f StaticDependenciesID=951ec9376054718c3c3c374c5506530c 
Number of updated asset objects reloaded before import = 0
Number of asset objects unloaded after import = 0
========================================================================
Received Import Request.
  Time of request: 2026-08-27T08:30:32.214779Z
  Time since last request: 0.0001745 seconds.
  importAddress: GUID: ee46ea662a1d4d2397d0b3a45baf67ef - Path: Packages/com.unity.inputsystem/InputSystem/Devices/Haptics/DualMotorRumbleCommand.cs - Importer: ScriptedImporter/UnityEditor.QuickSearchModule:UnityEditor.Search:ASIAI0B
Importing 'GUID: ee46ea662a1d4d2397d0b3a45baf67ef - Path: Packages/com.unity.inputsystem/InputSystem/Devices/Haptics/DualMotorRumbleCommand.cs - Importer: ScriptedImporter/UnityEditor.QuickSearchModule:UnityEditor.Search:ASIAI0B' with importer (ScriptedImporter : UnityEditor.QuickSearchModule:UnityEditor.Search:ASIAI0B)
Imported 'GUID: ee46ea662a1d4d2397d0b3a45baf67ef' -> (Import Result ID: 'c0d8e44be579b8d201038ea523cc1763') in 0.001 seconds [static and dynamic dependencies]. Details - ImportResultOutputID=6257c35c57b1ce471df217792fcd1b0b DependenciesID=32de559089ee4d04d7f3f73b5caab0e0 StaticDependenciesID=7683b68b2d4a59d329cfdd3ad433e9fc 
Number of updated asset objects reloaded before import = 0
Number of asset objects unloaded after import = 0
========================================================================
Received Import Request.
  Time of request: 2026-08-27T08:30:32.215944Z
  Time since last request: 0.000228458 seconds.
  importAddress: GUID: 17c8753d0e5e24194b06404851be7f13 - Path: Packages/com.unity.inputsystem/InputSystem/Editor/Icons/Gamepad.png - Importer: ScriptedImporter/UnityEditor.QuickSearchModule:UnityEditor.Search:ASIAI0B
Importing 'GUID: 17c8753d0e5e24194b06404851be7f13 - Path: Packages/com.unity.inputsystem/InputSystem/Editor/Icons/Gamepad.png - Importer: ScriptedImporter/UnityEditor.QuickSearchModule:UnityEditor.Search:ASIAI0B' with importer (ScriptedImporter : UnityEditor.QuickSearchModule:UnityEditor.Search:ASIAI0B)
Imported 'GUID: 17c8753d0e5e24194b06404851be7f13' -> (Import Result ID: '57747c0255912fb2cf6a3aa22698496e') in 0.002 seconds [static and dynamic dependencies]. Details - ImportResultOutputID=59935cc1a99b3a685bdc712660ddc06d DependenciesID=e6ee45e5d23b2f31baf13cde958ebbcd StaticDependenciesID=237c83704b663195c2225bdfe3145207 
Number of updated asset objects reloaded before import = 0
Number of asset objects unloaded after import = 1
========================================================================
Received Import Request.
  Time of request: 2026-08-27T08:30:32.218428Z
  Time since last request: 0.000211958 seconds.
  importAddress: GUID: 760fac1b814a4d99a4fc534934e4dc99 - Path: Packages/com.unity.inputsystem/InputSystem/Utilities/MemoryHelpers.cs - Importer: ScriptedImporter/UnityEditor.QuickSearchModule:UnityEditor.Search:ASIAI0B
Importing 'GUID: 760fac1b814a4d99a4fc534934e4dc99 - Path: Packages/com.unity.inputsystem/InputSystem/Utilities/MemoryHelpers.cs - Importer: ScriptedImporter/UnityEditor.QuickSearchModule:UnityEditor.Search:ASIAI0B' with importer (ScriptedImporter : UnityEditor.QuickSearchModule:UnityEditor.Search:ASIAI0B)
Imported 'GUID: 760fac1b814a4d99a4fc534934e4dc99' -> (Import Result ID: '917b111618917ff44737c90468e2a227') in 0.001 seconds [static and dynamic dependencies]. Details - ImportResultOutputID=5ad20c31acaf7ff9a244bb7f9f25cd7f DependenciesID=f5c4a8f351c59f90a9665de8c8d397da StaticDependenciesID=1c52945d2ef3373a05075afcda3dcc5d 
Number of updated asset objects reloaded before import = 0
Number of asset objects unloaded after import = 0
========================================================================
Received Import Request.
  Time of request: 2026-08-27T08:30:32.219869Z
  Time since last request: 0.000456167 seconds.
  importAddress: GUID: e3da24ab555e0c04793b0618d387a2b5 - Path: Packages/com.unity.inputsystem/InputSystem/Controls/TouchPressControl.cs - Importer: ScriptedImporter/UnityEditor.QuickSearchModule:UnityEditor.Search:ASIAI0B
Importing 'GUID: e3da24ab555e0c04793b0618d387a2b5 - Path: Packages/com.unity.inputsystem/InputSystem/Controls/TouchPressControl.cs - Importer: ScriptedImporter/UnityEditor.QuickSearchModule:UnityEditor.Search:ASIAI0B' with importer (ScriptedImporter : UnityEditor.QuickSearchModule:UnityEditor.Search:ASIAI0B)
Imported 'GUID: e3da24ab555e0c04793b0618d387a2b5' -> (Import Result ID: 'ccd225bdc5d4e53708389298b69d36e3') in 0.001 seconds [static and dynamic dependencies]. Details - ImportResultOutputID=efb4c05147877c0bedf962ba7eb1be59 DependenciesID=a6f4ff833df49fc276011553a22d1384 StaticDependenciesID=0ee10ba9aaa47aa43d4de8f50ebf152e 
Number of updated asset objects reloaded before import = 0
Number of asset objects unloaded after import = 0
========================================================================
Received Import Request.
  Time of request: 2026-08-27T08:30:32.221454Z
  Time since last request: 0.00050825 seconds.
  importAddress: GUID: c933c2bcad7ef46309fde7c1cf11b39a - Path: Packages/com.unity.inputsystem/InputSystem/Editor/Icons/d_Orientation.png - Importer: ScriptedImporter/UnityEditor.QuickSearchModule:UnityEditor.Search:ASIAI0B
Importing 'GUID: c933c2bcad7ef46309fde7c1cf11b39a - Path: Packages/com.unity.inputsystem/InputSystem/Editor/Icons/d_Orientation.png - Importer: ScriptedImporter/UnityEditor.QuickSearchModule:UnityEditor.Search:ASIAI0B' with importer (ScriptedImporter : UnityEditor.QuickSearchModule:UnityEditor.Search:ASIAI0B)
Imported 'GUID: c933c2bcad7ef46309fde7c1cf11b39a' -> (Import Result ID: '4d2a532c9510f8d6b41091b53007d4d3') in 0.002 seconds [static and dynamic dependencies]. Details - ImportResultOutputID=11eeb9ac8fe60fb69de1cb27324e2a2d DependenciesID=4f5fcd9af9cbe42ac72147a93a0899eb StaticDependenciesID=0ef1e2eda72052b66e33ab1ab9439fc1 
Number of updated asset objects reloaded before import = 0
Number of asset objects unloaded after import = 1
========================================================================
Received Import Request.
  Time of request: 2026-08-27T08:30:32.224218Z
  Time since last request: 0.000277875 seconds.
  importAddress: GUID: c2fadf230d1919748a9aa21d40f74619 - Path: Packages/com.unity.inputsystem/InputSystem/Plugins/XR/TrackedPoseDriver.cs - Importer: ScriptedImporter/UnityEditor.QuickSearchModule:UnityEditor.Search:ASIAI0B
Importing 'GUID: c2fadf230d1919748a9aa21d40f74619 - Path: Packages/com.unity.inputsystem/InputSystem/Plugins/XR/TrackedPoseDriver.cs - Importer: ScriptedImporter/UnityEditor.QuickSearchModule:UnityEditor.Search:ASIAI0B' with importer (ScriptedImporter : UnityEditor.QuickSearchModule:UnityEditor.Search:ASIAI0B)
Imported 'GUID: c2fadf230d1919748a9aa21d40f74619' -> (Import Result ID: '64c0805e6a57d5f09c7bab2cd5189da7') in 0.001 seconds [static and dynamic dependencies]. Details - ImportResultOutputID=1b54df124d7eb57bd20a3a9d755510aa DependenciesID=c0e18b40250064775e0c6b3a385a8724 StaticDependenciesID=498067aeb56b70ca02a85409a0cd07b0 
Number of updated asset objects reloaded before import = 0
Number of asset objects unloaded after import = 1
========================================================================
Received Import Request.
  Time of request: 2026-08-27T08:30:32.228881Z
  Time since last request: 0.003096167 seconds.
  importAddress: GUID: 050df780a05f4754b28e85d32a88da95 - Path: Packages/com.unity.inputsystem/InputSystem/Actions/InputActionParameters.cs - Importer: ScriptedImporter/UnityEditor.QuickSearchModule:UnityEditor.Search:ASIAI0B
Importing 'GUID: 050df780a05f4754b28e85d32a88da95 - Path: Packages/com.unity.inputsystem/InputSystem/Actions/InputActionParameters.cs - Importer: ScriptedImporter/UnityEditor.QuickSearchModule:UnityEditor.Search:ASIAI0B' with importer (ScriptedImporter : UnityEditor.QuickSearchModule:UnityEditor.Search:ASIAI0B)
Imported 'GUID: 050df780a05f4754b28e85d32a88da95' -> (Import Result ID: '92273e58ac4fea0c27c603b7b0051dee') in 0.001 seconds [static and dynamic dependencies]. Details - ImportResultOutputID=8968170b521e1ef7237fe02dcbf12abe DependenciesID=a6859ace81c27d6af37379af9ee62cf1 StaticDependenciesID=d9cca5d083d3cbf09b9c44748573e288 
Number of updated asset objects reloaded before import = 0
Number of asset objects unloaded after import = 0
========================================================================
Received Import Request.
  Time of request: 2026-08-27T08:30:32.230486Z
  Time since last request: 0.000446417 seconds.
  importAddress: GUID: 7c9443eaca924751a528ee833d503cb0 - Path: Packages/com.unity.inputsystem/InputSystem/Events/InputEventHandledPolicy.cs - Importer: ScriptedImporter/UnityEditor.QuickSearchModule:UnityEditor.Search:ASIAI0B
Importing 'GUID: 7c9443eaca924751a528ee833d503cb0 - Path: Packages/com.unity.inputsystem/InputSystem/Events/InputEventHandledPolicy.cs - Importer: ScriptedImporter/UnityEditor.QuickSearchModule:UnityEditor.Search:ASIAI0B' with importer (ScriptedImporter : UnityEditor.QuickSearchModule:UnityEditor.Search:ASIAI0B)
Imported 'GUID: 7c9443eaca924751a528ee833d503cb0' -> (Import Result ID: '6b4eaa5425e1d345c24006de393f20b5') in 0.001 seconds [static and dynamic dependencies]. Details - ImportResultOutputID=3869e111ae4c538583dee0fc1741e512 DependenciesID=493bf5feeed8293eb84e68acf41b576a StaticDependenciesID=7f210285a47ee165aabf210df3451ca6 
Number of updated asset objects reloaded before import = 0
Number of asset objects unloaded after import = 0
========================================================================
Received Import Request.
  Time of request: 2026-08-27T08:30:32.231746Z
  Time since last request: 0.000301458 seconds.
  importAddress: GUID: 153c8e15f7f6c452ca50f6795813ed39 - Path: Packages/com.unity.inputsystem/InputSystem/Editor/Icons/ChevronDown@2x.png - Importer: ScriptedImporter/UnityEditor.QuickSearchModule:UnityEditor.Search:ASIAI0B
Importing 'GUID: 153c8e15f7f6c452ca50f6795813ed39 - Path: Packages/com.unity.inputsystem/InputSystem/Editor/Icons/ChevronDown@2x.png - Importer: ScriptedImporter/UnityEditor.QuickSearchModule:UnityEditor.Search:ASIAI0B' with importer (ScriptedImporter : UnityEditor.QuickSearchModule:UnityEditor.Search:ASIAI0B)
Imported 'GUID: 153c8e15f7f6c452ca50f6795813ed39' -> (Import Result ID: '4571eea76eb26b7669e40a3b65a05588') in 0.003 seconds [static and dynamic dependencies]. Details - ImportResultOutputID=f5ef42f39c112d3208b03ff39e9eac53 DependenciesID=5df6797c5f627b66f4b9c9fcef52c283 StaticDependenciesID=132e27d0be8f4ab6357cc99ef222e1ef 
Number of updated asset objects reloaded before import = 0
Number of asset objects unloaded after import = 1
========================================================================
Received Import Request.
  Time of request: 2026-08-27T08:30:32.235563Z
  Time since last request: 0.000296667 seconds.
  importAddress: GUID: acfae125fa5d7904987a696b3993d432 - Path: Packages/com.unity.inputsystem/InputSystem/Editor/UITKAssetEditor/PackageResources/CompositePartBindingPropertiesEditor.uxml - Importer: ScriptedImporter/UnityEditor.QuickSearchModule:UnityEditor.Search:ASIAI0B
Importing 'GUID: acfae125fa5d7904987a696b3993d432 - Path: Packages/com.unity.inputsystem/InputSystem/Editor/UITKAssetEditor/PackageResources/CompositePartBindingPropertiesEditor.uxml - Importer: ScriptedImporter/UnityEditor.QuickSearchModule:UnityEditor.Search:ASIAI0B' with importer (ScriptedImporter : UnityEditor.QuickSearchModule:UnityEditor.Search:ASIAI0B)
Imported 'GUID: acfae125fa5d7904987a696b3993d432' -> (Import Result ID: '77b7cf120704c7dc4a411f17e8f3c7be') in 0.002 seconds [static and dynamic dependencies]. Details - ImportResultOutputID=de9c6662bae99c0eebfbc026c4bf3fe6 DependenciesID=c963f4522ac71dc9b61a86165d0e104e StaticDependenciesID=f6fd2db0fd2b690b00f3f15a8d62b7e5 
Number of updated asset objects reloaded before import = 0
Number of asset objects unloaded after import = 2
========================================================================
Received Import Request.
  Time of request: 2026-08-27T08:30:32.238217Z
  Time since last request: 0.00024575 seconds.
  importAddress: GUID: a3fa73829479e4b41965e749fcca7c12 - Path: Packages/com.unity.inputsystem/InputSystem/Editor/Icons/Position@2x.png - Importer: ScriptedImporter/UnityEditor.QuickSearchModule:UnityEditor.Search:ASIAI0B
Importing 'GUID: a3fa73829479e4b41965e749fcca7c12 - Path: Packages/com.unity.inputsystem/InputSystem/Editor/Icons/Position@2x.png - Importer: ScriptedImporter/UnityEditor.QuickSearchModule:UnityEditor.Search:ASIAI0B' with importer (ScriptedImporter : UnityEditor.QuickSearchModule:UnityEditor.Search:ASIAI0B)
Imported 'GUID: a3fa73829479e4b41965e749fcca7c12' -> (Import Result ID: '1670a034fe2e829664a6708495ed113d') in 0.002 seconds [static and dynamic dependencies]. Details - ImportResultOutputID=5cc0ab52696f735cdda274f5196cb7a3 DependenciesID=9ef42e36c44fa83b022eca23d4f0815f StaticDependenciesID=e97b359fc326484338cb240bd3c919f7 
Number of updated asset objects reloaded before import = 0
Number of asset objects unloaded after import = 1
========================================================================
Received Import Request.
  Time of request: 2026-08-27T08:30:32.240767Z
  Time since last request: 0.000272667 seconds.
  importAddress: GUID: 96f7582a52a6843c09e0c71617e94f2d - Path: Packages/com.unity.inputsystem/InputSystem/Editor/Icons/d_Pen@2x.png - Importer: ScriptedImporter/UnityEditor.QuickSearchModule:UnityEditor.Search:ASIAI0B
Importing 'GUID: 96f7582a52a6843c09e0c71617e94f2d - Path: Packages/com.unity.inputsystem/InputSystem/Editor/Icons/d_Pen@2x.png - Importer: ScriptedImporter/UnityEditor.QuickSearchModule:UnityEditor.Search:ASIAI0B' with importer (ScriptedImporter : UnityEditor.QuickSearchModule:UnityEditor.Search:ASIAI0B)
Imported 'GUID: 96f7582a52a6843c09e0c71617e94f2d' -> (Import Result ID: '0b977583828fddcb6bc8f6cddf5fc87a') in 0.002 seconds [static and dynamic dependencies]. Details - ImportResultOutputID=53d2cb099fd1b84beb5ceeb96c161125 DependenciesID=30573e46b6a5d7cbb7fff77db8502b96 StaticDependenciesID=d971a68a36c58f698b85a6e8f439d1f8 
Number of updated asset objects reloaded before import = 0
Number of asset objects unloaded after import = 1
========================================================================
Received Import Request.
  Time of request: 2026-08-27T08:30:32.243628Z
  Time since last request: 0.000293875 seconds.
  importAddress: GUID: a3e12f7b92d6e49c0b430ae7813c2398 - Path: Packages/com.unity.inputsystem/CHANGELOG.md - Importer: ScriptedImporter/UnityEditor.QuickSearchModule:UnityEditor.Search:ASIAI0B
Importing 'GUID: a3e12f7b92d6e49c0b430ae7813c2398 - Path: Packages/com.unity.inputsystem/CHANGELOG.md - Importer: ScriptedImporter/UnityEditor.QuickSearchModule:UnityEditor.Search:ASIAI0B' with importer (ScriptedImporter : UnityEditor.QuickSearchModule:UnityEditor.Search:ASIAI0B)
Imported 'GUID: a3e12f7b92d6e49c0b430ae7813c2398' -> (Import Result ID: 'ceeeed0b8ac9fd37059b02eb60d8fe90') in 0.002 seconds [static and dynamic dependencies]. Details - ImportResultOutputID=337f4477f9ce7c61e7b92b3d0c54b318 DependenciesID=8f88e4d1b87d3e5171296f395f81800a StaticDependenciesID=eee17b95cc13da51fd92f4af50a78ea4 
Number of updated asset objects reloaded before import = 0
Number of asset objects unloaded after import = 1
========================================================================
Received Import Request.
  Time of request: 2026-08-27T08:30:32.245944Z
  Time since last request: 0.000283916 seconds.
  importAddress: GUID: b025a2a0f9e554d1e88a93b5649dfc3f - Path: Packages/com.unity.inputsystem/InputSystem/Editor/Icons/InputActionAsset.png - Importer: ScriptedImporter/UnityEditor.QuickSearchModule:UnityEditor.Search:ASIAI0B
Importing 'GUID: b025a2a0f9e554d1e88a93b5649dfc3f - Path: Packages/com.unity.inputsystem/InputSystem/Editor/Icons/InputActionAsset.png - Importer: ScriptedImporter/UnityEditor.QuickSearchModule:UnityEditor.Search:ASIAI0B' with importer (ScriptedImporter : UnityEditor.QuickSearchModule:UnityEditor.Search:ASIAI0B)
Imported 'GUID: b025a2a0f9e554d1e88a93b5649dfc3f' -> (Import Result ID: '18c597c2d5223fc252984862997b5231') in 0.002 seconds [static and dynamic dependencies]. Details - ImportResultOutputID=ada81760133126f1f892ec7a679d3872 DependenciesID=b76bf0b478e00691f61ef3028f5c31f8 StaticDependenciesID=270d748609cf8c948592fd817134cddf 
Number of updated asset objects reloaded before import = 0
Number of asset objects unloaded after import = 1
========================================================================
Received Import Request.
  Time of request: 2026-08-27T08:30:32.248474Z
  Time since last request: 0.000218541 seconds.
  importAddress: GUID: 9ad5d5b6a25b749e78b4950eae0a8ec2 - Path: Packages/com.unity.inputsystem/InputSystem/Editor/Icons/Touch@3x.png - Importer: ScriptedImporter/UnityEditor.QuickSearchModule:UnityEditor.Search:ASIAI0B
Importing 'GUID: 9ad5d5b6a25b749e78b4950eae0a8ec2 - Path: Packages/com.unity.inputsystem/InputSystem/Editor/Icons/Touch@3x.png - Importer: ScriptedImporter/UnityEditor.QuickSearchModule:UnityEditor.Search:ASIAI0B' with importer (ScriptedImporter : UnityEditor.QuickSearchModule:UnityEditor.Search:ASIAI0B)
Imported 'GUID: 9ad5d5b6a25b749e78b4950eae0a8ec2' -> (Import Result ID: '2c474ea6e020849daa40ecd9fbbea585') in 0.003 seconds [static and dynamic dependencies]. Details - ImportResultOutputID=f6bf11a43a68f48c50ed8370829d9b60 DependenciesID=18fa8a130b1ef98be1e4579e222d382a StaticDependenciesID=adfa2f09671128fddcdd63d2af8d144e 
Number of updated asset objects reloaded before import = 0
Number of asset objects unloaded after import = 1
========================================================================
Received Import Request.
  Time of request: 2026-08-27T08:30:32.251471Z
  Time since last request: 0.000297208 seconds.
  importAddress: GUID: 1ab470181bfe4ba891e0d1584730fc4c - Path: Packages/com.unity.inputsystem/InputSystem/Controls/DiscreteButtonControl.cs - Importer: ScriptedImporter/UnityEditor.QuickSearchModule:UnityEditor.Search:ASIAI0B
Importing 'GUID: 1ab470181bfe4ba891e0d1584730fc4c - Path: Packages/com.unity.inputsystem/InputSystem/Controls/DiscreteButtonControl.cs - Importer: ScriptedImporter/UnityEditor.QuickSearchModule:UnityEditor.Search:ASIAI0B' with importer (ScriptedImporter : UnityEditor.QuickSearchModule:UnityEditor.Search:ASIAI0B)
Imported 'GUID: 1ab470181bfe4ba891e0d1584730fc4c' -> (Import Result ID: '142536774a6e8220164f55db45c48676') in 0.001 seconds [static and dynamic dependencies]. Details - ImportResultOutputID=ccd3deb49ca23299df4591a4b8e53578 DependenciesID=5fc9c60159fa669ae0c6766d1e5199b9 StaticDependenciesID=4ae83c8b898ab108717bd9ba84daefcb 
Number of updated asset objects reloaded before import = 0
Number of asset objects unloaded after import = 0
========================================================================
Received Import Request.
  Time of request: 2026-08-27T08:30:32.252805Z
  Time since last request: 0.000495875 seconds.
  importAddress: GUID: 9e37175fb5b321444aa88a861f93360a - Path: Packages/com.unity.inputsystem/InputSystem/Actions/IInputInteraction.cs - Importer: ScriptedImporter/UnityEditor.QuickSearchModule:UnityEditor.Search:ASIAI0B
Importing 'GUID: 9e37175fb5b321444aa88a861f93360a - Path: Packages/com.unity.inputsystem/InputSystem/Actions/IInputInteraction.cs - Importer: ScriptedImporter/UnityEditor.QuickSearchModule:UnityEditor.Search:ASIAI0B' with importer (ScriptedImporter : UnityEditor.QuickSearchModule:UnityEditor.Search:ASIAI0B)
Imported 'GUID: 9e37175fb5b321444aa88a861f93360a' -> (Import Result ID: 'e9079cf8d56d90df1506551f40d11bd1') in 0.001 seconds [static and dynamic dependencies]. Details - ImportResultOutputID=2d8288c24f6c039ad420086352880a99 DependenciesID=f3e5dbb59fe75931f18f4ad4e906668b StaticDependenciesID=3dd6596b6554d7c99fcce0b7ac7e95f9 
Number of updated asset objects reloaded before import = 0
Number of asset objects unloaded after import = 0
========================================================================
Received Import Request.
  Time of request: 2026-08-27T08:30:32.254138Z
  Time since last request: 0.000217542 seconds.
  importAddress: GUID: 898672c95e554f2fb492125d78b11af2 - Path: Packages/com.unity.inputsystem/DocCodeSamples.Tests/GamepadExample.cs - Importer: ScriptedImporter/UnityEditor.QuickSearchModule:UnityEditor.Search:ASIAI0B
Importing 'GUID: 898672c95e554f2fb492125d78b11af2 - Path: Packages/com.unity.inputsystem/DocCodeSamples.Tests/GamepadExample.cs - Importer: ScriptedImporter/UnityEditor.QuickSearchModule:UnityEditor.Search:ASIAI0B' with importer (ScriptedImporter : UnityEditor.QuickSearchModule:UnityEditor.Search:ASIAI0B)
Imported 'GUID: 898672c95e554f2fb492125d78b11af2' -> (Import Result ID: '396b61c0a1dfd27a4a9cd0258e77211b') in 0.001 seconds [static and dynamic dependencies]. Details - ImportResultOutputID=240554d56cbf212c0cdad6150ef1c961 DependenciesID=e41aec56a4027d16ecac9e5b2a2e58db StaticDependenciesID=3a844f19ee113c1cc36954ed0b5d43b7 
Number of updated asset objects reloaded before import = 0
Number of asset objects unloaded after import = 0
========================================================================
Received Import Request.
  Time of request: 2026-08-27T08:30:32.255027Z
  Time since last request: 0.000193375 seconds.
  importAddress: GUID: e9d677f1681015749b15c436eec6d880 - Path: Packages/com.unity.inputsystem/InputSystem/Plugins/OnScreen/OnScreenStick.cs - Importer: ScriptedImporter/UnityEditor.QuickSearchModule:UnityEditor.Search:ASIAI0B
Importing 'GUID: e9d677f1681015749b15c436eec6d880 - Path: Packages/com.unity.inputsystem/InputSystem/Plugins/OnScreen/OnScreenStick.cs - Importer: ScriptedImporter/UnityEditor.QuickSearchModule:UnityEditor.Search:ASIAI0B' with importer (ScriptedImporter : UnityEditor.QuickSearchModule:UnityEditor.Search:ASIAI0B)
Imported 'GUID: e9d677f1681015749b15c436eec6d880' -> (Import Result ID: '184efae53d10227db4ce8ef07516ee13') in 0.001 seconds [static and dynamic dependencies]. Details - ImportResultOutputID=d553e98bc36fbc12a1b318fcf66072b6 DependenciesID=73e6b0a1fbcf1606c26790cc9696dae7 StaticDependenciesID=1aa34048e66144cadbb5f2b2f990582a 
Number of updated asset objects reloaded before import = 0
Number of asset objects unloaded after import = 0
========================================================================
Received Import Request.
  Time of request: 2026-08-27T08:30:32.255876Z
  Time since last request: 0.000144042 seconds.
  importAddress: GUID: 8529451a1ee99484a891bdea2f5219f3 - Path: Packages/com.unity.inputsystem/InputSystem/Plugins/XR/Haptics - Importer: ScriptedImporter/UnityEditor.QuickSearchModule:UnityEditor.Search:ASIAI0B
Importing 'GUID: 8529451a1ee99484a891bdea2f5219f3 - Path: Packages/com.unity.inputsystem/InputSystem/Plugins/XR/Haptics - Importer: ScriptedImporter/UnityEditor.QuickSearchModule:UnityEditor.Search:ASIAI0B' with importer (ScriptedImporter : UnityEditor.QuickSearchModule:UnityEditor.Search:ASIAI0B)
Imported 'GUID: 8529451a1ee99484a891bdea2f5219f3' -> (Import Result ID: '1f27487aae751a92406502c67c1f9f74') in 0.001 seconds [static and dynamic dependencies]. Details - ImportResultOutputID=f19c2599a4674c893bda735fed839eff DependenciesID=9e7a6cf8abbc8ad0af009121d4900a29 StaticDependenciesID=e44ceec44b189a238e7a4e35b8732655 
Number of updated asset objects reloaded before import = 0
Number of asset objects unloaded after import = 1
========================================================================
Received Import Request.
  Time of request: 2026-08-27T08:30:32.256872Z
  Time since last request: 0.000322958 seconds.
  importAddress: GUID: cca9ce0c8554d5244930f14c21489ac1 - Path: Packages/com.unity.inputsystem/InputSystem/Editor/UITKAssetEditor/PackageResources/InputAssetEditorDark.uss - Importer: ScriptedImporter/UnityEditor.QuickSearchModule:UnityEditor.Search:ASIAI0B
Importing 'GUID: cca9ce0c8554d5244930f14c21489ac1 - Path: Packages/com.unity.inputsystem/InputSystem/Editor/UITKAssetEditor/PackageResources/InputAssetEditorDark.uss - Importer: ScriptedImporter/UnityEditor.QuickSearchModule:UnityEditor.Search:ASIAI0B' with importer (ScriptedImporter : UnityEditor.QuickSearchModule:UnityEditor.Search:ASIAI0B)
Imported 'GUID: cca9ce0c8554d5244930f14c21489ac1' -> (Import Result ID: 'f0910a58c6d7ad47e58edf4667d0c58e') in 0.003 seconds [static and dynamic dependencies]. Details - ImportResultOutputID=cd0884a650caa91a73c943e8893e6ef4 DependenciesID=760fc7eefaf169fec6d37546f603aa20 StaticDependenciesID=ebd613c42cdcfd20deea2640cd28dc65 
Number of updated asset objects reloaded before import = 0
Number of asset objects unloaded after import = 1
========================================================================
Received Import Request.
  Time of request: 2026-08-27T08:30:32.260644Z
  Time since last request: 0.000229833 seconds.
  importAddress: GUID: fb0e54f1ead384cd191254077544faf0 - Path: Packages/com.unity.inputsystem/InputSystem/Editor/AssetEditor/ParameterListView.cs - Importer: ScriptedImporter/UnityEditor.QuickSearchModule:UnityEditor.Search:ASIAI0B
Importing 'GUID: fb0e54f1ead384cd191254077544faf0 - Path: Packages/com.unity.inputsystem/InputSystem/Editor/AssetEditor/ParameterListView.cs - Importer: ScriptedImporter/UnityEditor.QuickSearchModule:UnityEditor.Search:ASIAI0B' with importer (ScriptedImporter : UnityEditor.QuickSearchModule:UnityEditor.Search:ASIAI0B)
Imported 'GUID: fb0e54f1ead384cd191254077544faf0' -> (Import Result ID: '95d42baa3cc9e3d631e85cf2fe2d770c') in 0.001 seconds [static and dynamic dependencies]. Details - ImportResultOutputID=c9fa38c87cd1c8dc108c9c5f22c0e473 DependenciesID=cc43103aab5921cd859c3d4d3a951bf7 StaticDependenciesID=485a5ea425954dca786e8c3eaee5a980 
Number of updated asset objects reloaded before import = 0
Number of asset objects unloaded after import = 0
========================================================================
Received Import Request.
  Time of request: 2026-08-27T08:30:32.261878Z
  Time since last request: 0.000272833 seconds.
  importAddress: GUID: 75a33987e21d5ac449deecea3dcd864f - Path: Packages/com.unity.inputsystem/InputSystem/Editor/UITKAssetEditor/PackageResources/InputActionsProjectSettings.uxml - Importer: ScriptedImporter/UnityEditor.QuickSearchModule:UnityEditor.Search:ASIAI0B
Importing 'GUID: 75a33987e21d5ac449deecea3dcd864f - Path: Packages/com.unity.inputsystem/InputSystem/Editor/UITKAssetEditor/PackageResources/InputActionsProjectSettings.uxml - Importer: ScriptedImporter/UnityEditor.QuickSearchModule:UnityEditor.Search:ASIAI0B' with importer (ScriptedImporter : UnityEditor.QuickSearchModule:UnityEditor.Search:ASIAI0B)
Imported 'GUID: 75a33987e21d5ac449deecea3dcd864f' -> (Import Result ID: '0677c92876e19635db0fcf08dbbd5f82') in 0.004 seconds [static and dynamic dependencies]. Details - ImportResultOutputID=4a5ff437071b060f0b8e93ff11e290ce DependenciesID=6e403be71633db6c19b1806245145bab StaticDependenciesID=ec48bb2180a5534b7e261cf126987952 
Number of updated asset objects reloaded before import = 0
Number of asset objects unloaded after import = 3
========================================================================
Received Import Request.
  Time of request: 2026-08-27T08:30:32.266638Z
  Time since last request: 0.000302542 seconds.
  importAddress: GUID: a4610f64a5a4e4625b1ddbd44b04c5a6 - Path: Packages/com.unity.inputsystem/InputSystem/Editor/Icons/Joystick@3x.png - Importer: ScriptedImporter/UnityEditor.QuickSearchModule:UnityEditor.Search:ASIAI0B
Importing 'GUID: a4610f64a5a4e4625b1ddbd44b04c5a6 - Path: Packages/com.unity.inputsystem/InputSystem/Editor/Icons/Joystick@3x.png - Importer: ScriptedImporter/UnityEditor.QuickSearchModule:UnityEditor.Search:ASIAI0B' with importer (ScriptedImporter : UnityEditor.QuickSearchModule:UnityEditor.Search:ASIAI0B)
Imported 'GUID: a4610f64a5a4e4625b1ddbd44b04c5a6' -> (Import Result ID: '705f3c80af4c261899c2ba21b045e8e2') in 0.002 seconds [static and dynamic dependencies]. Details - ImportResultOutputID=5a9a5d6584d2f071c4c6288eab4a2ab1 DependenciesID=4e6b6e52d069c1bcd754598fa8b289d7 StaticDependenciesID=fcc6aa27279bbafec8483378198b7dc4 
Number of updated asset objects reloaded before import = 0
Number of asset objects unloaded after import = 1
========================================================================
Received Import Request.
  Time of request: 2026-08-27T08:30:32.269056Z
  Time since last request: 0.0002865 seconds.
  importAddress: GUID: 2349376ef4c6487db94a6e15873ee6a8 - Path: Packages/com.unity.inputsystem/InputSystem/Utilities/CallbackArray.cs - Importer: ScriptedImporter/UnityEditor.QuickSearchModule:UnityEditor.Search:ASIAI0B
Importing 'GUID: 2349376ef4c6487db94a6e15873ee6a8 - Path: Packages/com.unity.inputsystem/InputSystem/Utilities/CallbackArray.cs - Importer: ScriptedImporter/UnityEditor.QuickSearchModule:UnityEditor.Search:ASIAI0B' with importer (ScriptedImporter : UnityEditor.QuickSearchModule:UnityEditor.Search:ASIAI0B)
Imported 'GUID: 2349376ef4c6487db94a6e15873ee6a8' -> (Import Result ID: '4afe0d6789c142bde041035a0fe4c94b') in 0.001 seconds [static and dynamic dependencies]. Details - ImportResultOutputID=e73b878d04095eb9f956a1ff152f5181 DependenciesID=74987089fe3edd2a1deb3705731a3537 StaticDependenciesID=efbb0406e6f2070a48f81a50416d917b 
Number of updated asset objects reloaded before import = 0
Number of asset objects unloaded after import = 0
========================================================================
Received Import Request.
  Time of request: 2026-08-27T08:30:32.27032Z
  Time since last request: 0.000289916 seconds.
  importAddress: GUID: fcffff3de13f4304a98bb50b1222399a - Path: Packages/com.unity.inputsystem/InputSystem/Editor/UITKAssetEditor/SerializedInputAction.cs - Importer: ScriptedImporter/UnityEditor.QuickSearchModule:UnityEditor.Search:ASIAI0B
Importing 'GUID: fcffff3de13f4304a98bb50b1222399a - Path: Packages/com.unity.inputsystem/InputSystem/Editor/UITKAssetEditor/SerializedInputAction.cs - Importer: ScriptedImporter/UnityEditor.QuickSearchModule:UnityEditor.Search:ASIAI0B' with importer (ScriptedImporter : UnityEditor.QuickSearchModule:UnityEditor.Search:ASIAI0B)
Imported 'GUID: fcffff3de13f4304a98bb50b1222399a' -> (Import Result ID: '5d6dd29a8f0d0f20e5f3de444ad04b58') in 0.001 seconds [static and dynamic dependencies]. Details - ImportResultOutputID=387b8900aa3766a50be85b4b1817f1fd DependenciesID=2407f0c7614b7fa40f90bf03d6b9cf3d StaticDependenciesID=e13d1984cad93975cf305017bda9f333 
Number of updated asset objects reloaded before import = 0
Number of asset objects unloaded after import = 0
========================================================================
Received Import Request.
  Time of request: 2026-08-27T08:30:32.271643Z
  Time since last request: 0.000254208 seconds.
  importAddress: GUID: 802caa2f96f49470facf48de1e652f16 - Path: Packages/com.unity.inputsystem/InputSystem/Actions/Interactions/PressInteraction.cs - Importer: ScriptedImporter/UnityEditor.QuickSearchModule:UnityEditor.Search:ASIAI0B
Importing 'GUID: 802caa2f96f49470facf48de1e652f16 - Path: Packages/com.unity.inputsystem/InputSystem/Actions/Interactions/PressInteraction.cs - Importer: ScriptedImporter/UnityEditor.QuickSearchModule:UnityEditor.Search:ASIAI0B' with importer (ScriptedImporter : UnityEditor.QuickSearchModule:UnityEditor.Search:ASIAI0B)
Imported 'GUID: 802caa2f96f49470facf48de1e652f16' -> (Import Result ID: '340b53b7fa02f7762134a81f2dcd8bb2') in 0.001 seconds [static and dynamic dependencies]. Details - ImportResultOutputID=76e0467f6ab344f0965d250819575176 DependenciesID=080e349954c24d36c94d03c3a276d70e StaticDependenciesID=4ab9137c6657eec799d1ba49d5781f4a 
Number of updated asset objects reloaded before import = 0
Number of asset objects unloaded after import = 0
========================================================================
Received Import Request.
  Time of request: 2026-08-27T08:30:32.272671Z
  Time since last request: 0.000294542 seconds.
  importAddress: GUID: 6234dae5cf6f04acb9a51e04d448e444 - Path: Packages/com.unity.inputsystem/InputSystem/Editor/Icons/Stick.png - Importer: ScriptedImporter/UnityEditor.QuickSearchModule:UnityEditor.Search:ASIAI0B
Importing 'GUID: 6234dae5cf6f04acb9a51e04d448e444 - Path: Packages/com.unity.inputsystem/InputSystem/Editor/Icons/Stick.png - Importer: ScriptedImporter/UnityEditor.QuickSearchModule:UnityEditor.Search:ASIAI0B' with importer (ScriptedImporter : UnityEditor.QuickSearchModule:UnityEditor.Search:ASIAI0B)
Imported 'GUID: 6234dae5cf6f04acb9a51e04d448e444' -> (Import Result ID: '36a511114b48e0783e17115ae6fb4247') in 0.002 seconds [static and dynamic dependencies]. Details - ImportResultOutputID=a28e24cb189e690d134f3a5290df0375 DependenciesID=13d4eb9de96ba06387299752766e3a7a StaticDependenciesID=974c1ecadf7b75136791599f0961020d 
Number of updated asset objects reloaded before import = 0
Number of asset objects unloaded after import = 1
========================================================================
Received Import Request.
  Time of request: 2026-08-27T08:30:32.275335Z
  Time since last request: 0.000209458 seconds.
  importAddress: GUID: 409c8128e33f94c378370cd8163fe3b0 - Path: Packages/com.unity.inputsystem/InputSystem/Editor/InputSystemPluginControl.cs - Importer: ScriptedImporter/UnityEditor.QuickSearchModule:UnityEditor.Search:ASIAI0B
Importing 'GUID: 409c8128e33f94c378370cd8163fe3b0 - Path: Packages/com.unity.inputsystem/InputSystem/Editor/InputSystemPluginControl.cs - Importer: ScriptedImporter/UnityEditor.QuickSearchModule:UnityEditor.Search:ASIAI0B' with importer (ScriptedImporter : UnityEditor.QuickSearchModule:UnityEditor.Search:ASIAI0B)
Imported 'GUID: 409c8128e33f94c378370cd8163fe3b0' -> (Import Result ID: 'a9a062d93e2734901be49201095dd734') in 0.001 seconds [static and dynamic dependencies]. Details - ImportResultOutputID=2d1e60325a65d0c632558d2e00f0104d DependenciesID=eb03b3a8f4e11fe41dd521243c70a673 StaticDependenciesID=f14ea0cdf4bcecd960744b9e3467237a 
Number of updated asset objects reloaded before import = 0
Number of asset objects unloaded after import = 0
========================================================================
Received Import Request.
  Time of request: 2026-08-27T08:30:32.276571Z
  Time since last request: 0.000286625 seconds.
  importAddress: GUID: e46ad23216d074f828f3437b21912c64 - Path: Packages/com.unity.inputsystem/InputSystem/Editor/Icons/d_ChevronUp@4x.png - Importer: ScriptedImporter/UnityEditor.QuickSearchModule:UnityEditor.Search:ASIAI0B
Importing 'GUID: e46ad23216d074f828f3437b21912c64 - Path: Packages/com.unity.inputsystem/InputSystem/Editor/Icons/d_ChevronUp@4x.png - Importer: ScriptedImporter/UnityEditor.QuickSearchModule:UnityEditor.Search:ASIAI0B' with importer (ScriptedImporter : UnityEditor.QuickSearchModule:UnityEditor.Search:ASIAI0B)
Imported 'GUID: e46ad23216d074f828f3437b21912c64' -> (Import Result ID: 'd48dba1c97cf03c057f34d62d385d11b') in 0.002 seconds [static and dynamic dependencies]. Details - ImportResultOutputID=757b9ba897b2f9401e9f2592bf1b9166 DependenciesID=89b9277eda41415d04cb75ed5dd2194c StaticDependenciesID=32df22e4c90723ef3d0b8293f96477b0 
Number of updated asset objects reloaded before import = 0
Number of asset objects unloaded after import = 1
========================================================================
Received Import Request.
  Time of request: 2026-08-27T08:30:32.279013Z
  Time since last request: 0.00024125 seconds.
  importAddress: GUID: 1c597fa0f94a3d54b9c0e85f56e5f821 - Path: Packages/com.unity.inputsystem/InputSystem/Plugins/Linux - Importer: ScriptedImporter/UnityEditor.QuickSearchModule:UnityEditor.Search:ASIAI0B
Importing 'GUID: 1c597fa0f94a3d54b9c0e85f56e5f821 - Path: Packages/com.unity.inputsystem/InputSystem/Plugins/Linux - Importer: ScriptedImporter/UnityEditor.QuickSearchModule:UnityEditor.Search:ASIAI0B' with importer (ScriptedImporter : UnityEditor.QuickSearchModule:UnityEditor.Search:ASIAI0B)
Imported 'GUID: 1c597fa0f94a3d54b9c0e85f56e5f821' -> (Import Result ID: 'bcd372f29ee50330d90bc34dec1715dd') in 0.001 seconds [static and dynamic dependencies]. Details - ImportResultOutputID=0ee1b0cfac7e91d22f10ccf8f031da5c DependenciesID=edccde686ca7fc2c4c2f543a253d659b StaticDependenciesID=eda705148ff8a5c44b408df7a3e487c0 
Number of updated asset objects reloaded before import = 0
Number of asset objects unloaded after import = 1
========================================================================
Received Import Request.
  Time of request: 2026-08-27T08:30:32.279947Z
  Time since last request: 0.000158 seconds.
  importAddress: GUID: 3c764fcc1188a6e489f8c305ff4077a6 - Path: Packages/com.unity.inputsystem/InputSystem/Devices/Commands/QueryEditorWindowCoordinatesCommand.cs - Importer: ScriptedImporter/UnityEditor.QuickSearchModule:UnityEditor.Search:ASIAI0B
Importing 'GUID: 3c764fcc1188a6e489f8c305ff4077a6 - Path: Packages/com.unity.inputsystem/InputSystem/Devices/Commands/QueryEditorWindowCoordinatesCommand.cs - Importer: ScriptedImporter/UnityEditor.QuickSearchModule:UnityEditor.Search:ASIAI0B' with importer (ScriptedImporter : UnityEditor.QuickSearchModule:UnityEditor.Search:ASIAI0B)
Imported 'GUID: 3c764fcc1188a6e489f8c305ff4077a6' -> (Import Result ID: 'a01d4b07955558720ebf532451150abb') in 0.001 seconds [static and dynamic dependencies]. Details - ImportResultOutputID=9d186cdfab7d605360a19acd57004098 DependenciesID=bda88ab632816134bb00f5d9e500b0ce StaticDependenciesID=7c563d7e31062d82721554bc3c179ff2 
Number of updated asset objects reloaded before import = 0
Number of asset objects unloaded after import = 0
========================================================================
Received Import Request.
  Time of request: 2026-08-27T08:30:32.281777Z
  Time since last request: 0.000326792 seconds.
  importAddress: GUID: e553fed0b97be3349aff36916eb6fefc - Path: Packages/com.unity.inputsystem/InputSystem/Plugins/XR/Haptics/SendBufferedHapticsCommand.cs - Importer: ScriptedImporter/UnityEditor.QuickSearchModule:UnityEditor.Search:ASIAI0B
Importing 'GUID: e553fed0b97be3349aff36916eb6fefc - Path: Packages/com.unity.inputsystem/InputSystem/Plugins/XR/Haptics/SendBufferedHapticsCommand.cs - Importer: ScriptedImporter/UnityEditor.QuickSearchModule:UnityEditor.Search:ASIAI0B' with importer (ScriptedImporter : UnityEditor.QuickSearchModule:UnityEditor.Search:ASIAI0B)
Imported 'GUID: e553fed0b97be3349aff36916eb6fefc' -> (Import Result ID: '318d415a0696b835e5d4418a06b24fb4') in 0.001 seconds [static and dynamic dependencies]. Details - ImportResultOutputID=f642d9aeb16ec9299206b21139c1c0d8 DependenciesID=8f788adcac937b5676330c0e04741d83 StaticDependenciesID=d48534a9ff122c17827889133292b80c 
Number of updated asset objects reloaded before import = 0
Number of asset objects unloaded after import = 0
========================================================================
Received Import Request.
  Time of request: 2026-08-27T08:30:32.282788Z
  Time since last request: 0.00022875 seconds.
  importAddress: GUID: 949d73ae1e0166c469c8706d4d7a21c7 - Path: Packages/com.unity.inputsystem/InputSystem/Editor/ProjectWideActions - Importer: ScriptedImporter/UnityEditor.QuickSearchModule:UnityEditor.Search:ASIAI0B
Importing 'GUID: 949d73ae1e0166c469c8706d4d7a21c7 - Path: Packages/com.unity.inputsystem/InputSystem/Editor/ProjectWideActions - Importer: ScriptedImporter/UnityEditor.QuickSearchModule:UnityEditor.Search:ASIAI0B' with importer (ScriptedImporter : UnityEditor.QuickSearchModule:UnityEditor.Search:ASIAI0B)
Imported 'GUID: 949d73ae1e0166c469c8706d4d7a21c7' -> (Import Result ID: '7e9eee015e4daa22da6cae9794382c8d') in 0.001 seconds [static and dynamic dependencies]. Details - ImportResultOutputID=524169ec4206f79e7a5584d42556fc8b DependenciesID=d9dc60c825f41a9d9a6d798a6ff6a60c StaticDependenciesID=014972c1686acac749d828608407774d 
Number of updated asset objects reloaded before import = 0
Number of asset objects unloaded after import = 1
========================================================================
Received Import Request.
  Time of request: 2026-08-27T08:30:32.285814Z
  Time since last request: 0.002417084 seconds.
  importAddress: GUID: 150936adb4fc13049a1001992b86c43e - Path: Packages/com.unity.inputsystem/InputSystem/Plugins/XR/Devices/Oculus.cs - Importer: ScriptedImporter/UnityEditor.QuickSearchModule:UnityEditor.Search:ASIAI0B
Importing 'GUID: 150936adb4fc13049a1001992b86c43e - Path: Packages/com.unity.inputsystem/InputSystem/Plugins/XR/Devices/Oculus.cs - Importer: ScriptedImporter/UnityEditor.QuickSearchModule:UnityEditor.Search:ASIAI0B' with importer (ScriptedImporter : UnityEditor.QuickSearchModule:UnityEditor.Search:ASIAI0B)
Imported 'GUID: 150936adb4fc13049a1001992b86c43e' -> (Import Result ID: '3c590f6b04157f9b951f5cfad0ab65d2') in 0.001 seconds [static and dynamic dependencies]. Details - ImportResultOutputID=aa391f69423b0794844c64c5034601a3 DependenciesID=1c635bea1d7748eae0bd36f7e20e2bed StaticDependenciesID=a871e207dceefd9ec37f67c106fd819e 
Number of updated asset objects reloaded before import = 0
Number of asset objects unloaded after import = 0
========================================================================
Received Import Request.
  Time of request: 2026-08-27T08:30:32.28723Z
  Time since last request: 0.000330084 seconds.
  importAddress: GUID: 54ee1a1058dfd4e089fe94a8e880938e - Path: Packages/com.unity.inputsystem/InputSystem/Editor/Internal/GUIHelpers.cs - Importer: ScriptedImporter/UnityEditor.QuickSearchModule:UnityEditor.Search:ASIAI0B
Importing 'GUID: 54ee1a1058dfd4e089fe94a8e880938e - Path: Packages/com.unity.inputsystem/InputSystem/Editor/Internal/GUIHelpers.cs - Importer: ScriptedImporter/UnityEditor.QuickSearchModule:UnityEditor.Search:ASIAI0B' with importer (ScriptedImporter : UnityEditor.QuickSearchModule:UnityEditor.Search:ASIAI0B)
Imported 'GUID: 54ee1a1058dfd4e089fe94a8e880938e' -> (Import Result ID: 'a8b29898d2540d44136bbc2182ab9142') in 0.001 seconds [static and dynamic dependencies]. Details - ImportResultOutputID=ceb300b1b9989a5d4514ddf0231ff1fd DependenciesID=f4f308a37e85bfa7efb15d5fd99ea190 StaticDependenciesID=e135664b58e4d63c6c5afb71cceb9817 
Number of updated asset objects reloaded before import = 0
Number of asset objects unloaded after import = 0
========================================================================
Received Import Request.
  Time of request: 2026-08-27T08:30:32.288194Z
  Time since last request: 0.000186167 seconds.
  importAddress: GUID: 76765a8c5cba74c0abc5ab4afd8266e2 - Path: Packages/com.unity.inputsystem/InputSystem/Plugins/Users/InputUserAccountHandle.cs - Importer: ScriptedImporter/UnityEditor.QuickSearchModule:UnityEditor.Search:ASIAI0B
Importing 'GUID: 76765a8c5cba74c0abc5ab4afd8266e2 - Path: Packages/com.unity.inputsystem/InputSystem/Plugins/Users/InputUserAccountHandle.cs - Importer: ScriptedImporter/UnityEditor.QuickSearchModule:UnityEditor.Search:ASIAI0B' with importer (ScriptedImporter : UnityEditor.QuickSearchModule:UnityEditor.Search:ASIAI0B)
Imported 'GUID: 76765a8c5cba74c0abc5ab4afd8266e2' -> (Import Result ID: 'e76478ee31932d471a54067c83358963') in 0.001 seconds [static and dynamic dependencies]. Details - ImportResultOutputID=99ae1bef11b5b0fcba414b363b1bb2b5 DependenciesID=a4e07f5a3ec7039c13586e3908f9cc89 StaticDependenciesID=7789fb3114a0cb05a2a803f86380b59e 
Number of updated asset objects reloaded before import = 0
Number of asset objects unloaded after import = 0
========================================================================
Received Import Request.
  Time of request: 2026-08-27T08:30:32.289239Z
  Time since last request: 0.000360917 seconds.
  importAddress: GUID: 0dd5cd31dc0a44e8979c69bd6ef78686 - Path: Packages/com.unity.inputsystem/InputSystem/Plugins/XInput/XInputSupport.cs - Importer: ScriptedImporter/UnityEditor.QuickSearchModule:UnityEditor.Search:ASIAI0B
Importing 'GUID: 0dd5cd31dc0a44e8979c69bd6ef78686 - Path: Packages/com.unity.inputsystem/InputSystem/Plugins/XInput/XInputSupport.cs - Importer: ScriptedImporter/UnityEditor.QuickSearchModule:UnityEditor.Search:ASIAI0B' with importer (ScriptedImporter : UnityEditor.QuickSearchModule:UnityEditor.Search:ASIAI0B)
Imported 'GUID: 0dd5cd31dc0a44e8979c69bd6ef78686' -> (Import Result ID: 'd788fefdef553f42f3271167f98c4218') in 0.001 seconds [static and dynamic dependencies]. Details - ImportResultOutputID=48b318f20a145a446ffdf6c8eef1fc81 DependenciesID=76b85696e84561ab1a6c36710eb10a52 StaticDependenciesID=96faa1d3bad24c9bc302cdd083f489f6 
Number of updated asset objects reloaded before import = 0
Number of asset objects unloaded after import = 0
========================================================================
Received Import Request.
  Time of request: 2026-08-27T08:30:32.290155Z
  Time since last request: 0.000263542 seconds.
  importAddress: GUID: a7c6472eb810ba445be34c69325e4fea - Path: Packages/com.unity.inputsystem/InputSystem/Plugins/Android/AndroidGameController.cs - Importer: ScriptedImporter/UnityEditor.QuickSearchModule:UnityEditor.Search:ASIAI0B
Importing 'GUID: a7c6472eb810ba445be34c69325e4fea - Path: Packages/com.unity.inputsystem/InputSystem/Plugins/Android/AndroidGameController.cs - Importer: ScriptedImporter/UnityEditor.QuickSearchModule:UnityEditor.Search:ASIAI0B' with importer (ScriptedImporter : UnityEditor.QuickSearchModule:UnityEditor.Search:ASIAI0B)
Imported 'GUID: a7c6472eb810ba445be34c69325e4fea' -> (Import Result ID: '2948d79f1b29a9265930aede4097effa') in 0.001 seconds [static and dynamic dependencies]. Details - ImportResultOutputID=2d4f039d087573c0f89545acb0c553d7 DependenciesID=7997e6e63c2a57239bbfd87fbd9b0536 StaticDependenciesID=192689901f57646054a1ffa650b2eaac 
Number of updated asset objects reloaded before import = 0
Number of asset objects unloaded after import = 0
========================================================================
Received Import Request.
  Time of request: 2026-08-27T08:30:32.291017Z
  Time since last request: 0.0001735 seconds.
  importAddress: GUID: 7c93968c9be74a1fa43a3dad5eed4cbd - Path: Packages/com.unity.inputsystem/InputSystem/Editor/Internal/InputActionSerializationHelpers.cs - Importer: ScriptedImporter/UnityEditor.QuickSearchModule:UnityEditor.Search:ASIAI0B
Importing 'GUID: 7c93968c9be74a1fa43a3dad5eed4cbd - Path: Packages/com.unity.inputsystem/InputSystem/Editor/Internal/InputActionSerializationHelpers.cs - Importer: ScriptedImporter/UnityEditor.QuickSearchModule:UnityEditor.Search:ASIAI0B' with importer (ScriptedImporter : UnityEditor.QuickSearchModule:UnityEditor.Search:ASIAI0B)
Imported 'GUID: 7c93968c9be74a1fa43a3dad5eed4cbd' -> (Import Result ID: '584147870197bc01ab7404bd49094f66') in 0.001 seconds [static and dynamic dependencies]. Details - ImportResultOutputID=1577aa263032a1e437d862d3e9754b0b DependenciesID=932f115b953ef3d1cd9fb7c8f14e8773 StaticDependenciesID=670b8c4c779782dfbeacbfbb784632e2 
Number of updated asset objects reloaded before import = 0
Number of asset objects unloaded after import = 0
========================================================================
Received Import Request.
  Time of request: 2026-08-27T08:30:32.291878Z
  Time since last request: 0.000147166 seconds.
  importAddress: GUID: c4235c4abfa134435bd4c8c1f8fd8c56 - Path: Packages/com.unity.inputsystem/InputSystem/Editor/Icons/d_InputControl@2x.png - Importer: ScriptedImporter/UnityEditor.QuickSearchModule:UnityEditor.Search:ASIAI0B
Importing 'GUID: c4235c4abfa134435bd4c8c1f8fd8c56 - Path: Packages/com.unity.inputsystem/InputSystem/Editor/Icons/d_InputControl@2x.png - Importer: ScriptedImporter/UnityEditor.QuickSearchModule:UnityEditor.Search:ASIAI0B' with importer (ScriptedImporter : UnityEditor.QuickSearchModule:UnityEditor.Search:ASIAI0B)
Imported 'GUID: c4235c4abfa134435bd4c8c1f8fd8c56' -> (Import Result ID: 'ac2ea4008a2ff17aa28ac869133ce21a') in 0.002 seconds [static and dynamic dependencies]. Details - ImportResultOutputID=89d94f217eba8d0c0ddd8ee2b61d2316 DependenciesID=ba0e3b42c8f68c0a25daba4c1bae15f9 StaticDependenciesID=5cf008206aa7ccd18ab96b173a8b9d40 
Number of updated asset objects reloaded before import = 0
Number of asset objects unloaded after import = 1
========================================================================
Received Import Request.
  Time of request: 2026-08-27T08:30:32.29438Z
  Time since last request: 0.00021775 seconds.
  importAddress: GUID: d4077c3b095df48b798c97c694ffd684 - Path: Packages/com.unity.inputsystem/InputSystem/Plugins/WebGL - Importer: ScriptedImporter/UnityEditor.QuickSearchModule:UnityEditor.Search:ASIAI0B
Importing 'GUID: d4077c3b095df48b798c97c694ffd684 - Path: Packages/com.unity.inputsystem/InputSystem/Plugins/WebGL - Importer: ScriptedImporter/UnityEditor.QuickSearchModule:UnityEditor.Search:ASIAI0B' with importer (ScriptedImporter : UnityEditor.QuickSearchModule:UnityEditor.Search:ASIAI0B)
Imported 'GUID: d4077c3b095df48b798c97c694ffd684' -> (Import Result ID: 'e9f40bd0a77164202e402d8810b6196f') in 0.001 seconds [static and dynamic dependencies]. Details - ImportResultOutputID=55ec9e07fc8371474a16b33d1475ac9c DependenciesID=c85744ba0c931266be5ded05ee64109b StaticDependenciesID=83cec983749faf11ba89218f059df61d 
Number of updated asset objects reloaded before import = 0
Number of asset objects unloaded after import = 1
========================================================================
Received Import Request.
  Time of request: 2026-08-27T08:30:32.295315Z
  Time since last request: 0.000197833 seconds.
  importAddress: GUID: 83438053370c84456a73f7f95ef821fb - Path: Packages/com.unity.inputsystem/InputSystem/Editor/Icons/d_Gamepad@4x.png - Importer: ScriptedImporter/UnityEditor.QuickSearchModule:UnityEditor.Search:ASIAI0B
Importing 'GUID: 83438053370c84456a73f7f95ef821fb - Path: Packages/com.unity.inputsystem/InputSystem/Editor/Icons/d_Gamepad@4x.png - Importer: ScriptedImporter/UnityEditor.QuickSearchModule:UnityEditor.Search:ASIAI0B' with importer (ScriptedImporter : UnityEditor.QuickSearchModule:UnityEditor.Search:ASIAI0B)
Imported 'GUID: 83438053370c84456a73f7f95ef821fb' -> (Import Result ID: '78f0ce1e19a22fb8757e20e878cc26f0') in 0.002 seconds [static and dynamic dependencies]. Details - ImportResultOutputID=4c60dc39601ff27ae716b4c6a5b59233 DependenciesID=ce7cb09dacd3b46065a782e788ede59f StaticDependenciesID=c8208db21f1061f0702b260bb45f105f 
Number of updated asset objects reloaded before import = 0
Number of asset objects unloaded after import = 1
========================================================================
Received Import Request.
  Time of request: 2026-08-27T08:30:32.297423Z
  Time since last request: 0.000185667 seconds.
  importAddress: GUID: 793d3fce58f547d688fdc78bee75cd30 - Path: Packages/com.unity.inputsystem/InputSystem/Controls/TouchControl.cs - Importer: ScriptedImporter/UnityEditor.QuickSearchModule:UnityEditor.Search:ASIAI0B
Importing 'GUID: 793d3fce58f547d688fdc78bee75cd30 - Path: Packages/com.unity.inputsystem/InputSystem/Controls/TouchControl.cs - Importer: ScriptedImporter/UnityEditor.QuickSearchModule:UnityEditor.Search:ASIAI0B' with importer (ScriptedImporter : UnityEditor.QuickSearchModule:UnityEditor.Search:ASIAI0B)
Imported 'GUID: 793d3fce58f547d688fdc78bee75cd30' -> (Import Result ID: '2784bd8158beec2d1f89e1e4751f43f2') in 0.001 seconds [static and dynamic dependencies]. Details - ImportResultOutputID=68aea80736e20bdb59935b9ee9e9af3a DependenciesID=5d6acdc5f34545e372e79816fc0c2764 StaticDependenciesID=663f90bbec371bb8a607597e9df64c71 
Number of updated asset objects reloaded before import = 0
Number of asset objects unloaded after import = 0
========================================================================
Received Import Request.
  Time of request: 2026-08-27T08:30:32.298381Z
  Time since last request: 0.000164333 seconds.
  importAddress: GUID: ac4c5ccb2785f4460b2dcfe47010c688 - Path: Packages/com.unity.inputsystem/InputSystem/Editor/Icons/d_Position@4x.png - Importer: ScriptedImporter/UnityEditor.QuickSearchModule:UnityEditor.Search:ASIAI0B
Importing 'GUID: ac4c5ccb2785f4460b2dcfe47010c688 - Path: Packages/com.unity.inputsystem/InputSystem/Editor/Icons/d_Position@4x.png - Importer: ScriptedImporter/UnityEditor.QuickSearchModule:UnityEditor.Search:ASIAI0B' with importer (ScriptedImporter : UnityEditor.QuickSearchModule:UnityEditor.Search:ASIAI0B)
Imported 'GUID: ac4c5ccb2785f4460b2dcfe47010c688' -> (Import Result ID: '929e762d1a2e84f2c053eb89eed28813') in 0.003 seconds [static and dynamic dependencies]. Details - ImportResultOutputID=125c0c9872456e6d61b48321d1ee51c3 DependenciesID=990b09217213d2132d9ed8213c8a32d9 StaticDependenciesID=fd82454fe3aebd9c42ba4c3a709563fd 
Number of updated asset objects reloaded before import = 0
Number of asset objects unloaded after import = 1
========================================================================
Received Import Request.
  Time of request: 2026-08-27T08:30:32.301148Z
  Time since last request: 0.000194375 seconds.
  importAddress: GUID: a9be5e04bc92741ccbe2c262bfaa517f - Path: Packages/com.unity.inputsystem/InputSystem/Plugins/XR/XRSupport.cs - Importer: ScriptedImporter/UnityEditor.QuickSearchModule:UnityEditor.Search:ASIAI0B
Importing 'GUID: a9be5e04bc92741ccbe2c262bfaa517f - Path: Packages/com.unity.inputsystem/InputSystem/Plugins/XR/XRSupport.cs - Importer: ScriptedImporter/UnityEditor.QuickSearchModule:UnityEditor.Search:ASIAI0B' with importer (ScriptedImporter : UnityEditor.QuickSearchModule:UnityEditor.Search:ASIAI0B)
Imported 'GUID: a9be5e04bc92741ccbe2c262bfaa517f' -> (Import Result ID: 'ebcf2eaebf2119d404761a4b070bc23f') in 0.001 seconds [static and dynamic dependencies]. Details - ImportResultOutputID=196cadb65a1d4017f81adebf2563ce98 DependenciesID=2b434c7b32701d19b175a993283081e8 StaticDependenciesID=02d16c70637488efae116e7e9e7a2829 
Number of updated asset objects reloaded before import = 0
Number of asset objects unloaded after import = 0
========================================================================
Received Import Request.
  Time of request: 2026-08-27T08:30:32.302188Z
  Time since last request: 0.000272708 seconds.
  importAddress: GUID: 32ca74660a65e46c4b2bc0f3e3c327f4 - Path: Packages/com.unity.inputsystem/InputSystem/Editor/Settings/InputEditorUserSettings.cs - Importer: ScriptedImporter/UnityEditor.QuickSearchModule:UnityEditor.Search:ASIAI0B
Importing 'GUID: 32ca74660a65e46c4b2bc0f3e3c327f4 - Path: Packages/com.unity.inputsystem/InputSystem/Editor/Settings/InputEditorUserSettings.cs - Importer: ScriptedImporter/UnityEditor.QuickSearchModule:UnityEditor.Search:ASIAI0B' with importer (ScriptedImporter : UnityEditor.QuickSearchModule:UnityEditor.Search:ASIAI0B)
Imported 'GUID: 32ca74660a65e46c4b2bc0f3e3c327f4' -> (Import Result ID: 'd0d80fdd400862e0f5fd94d313905a9d') in 0.001 seconds [static and dynamic dependencies]. Details - ImportResultOutputID=643fa92cea7865caa0f1d3de0d4a07e1 DependenciesID=4d262da4a834f2a4fd9d54b6dd9074db StaticDependenciesID=41bbea8482750f5dffeba700bf27ffba 
Number of updated asset objects reloaded before import = 0
Number of asset objects unloaded after import = 0
========================================================================
Received Import Request.
  Time of request: 2026-08-27T08:30:32.303163Z
  Time since last request: 0.000149708 seconds.
  importAddress: GUID: 17b3fef87d666459d860ad88452862da - Path: Packages/com.unity.inputsystem/InputSystem/Editor/Icons/d_Pen@3x.png - Importer: ScriptedImporter/UnityEditor.QuickSearchModule:UnityEditor.Search:ASIAI0B
Importing 'GUID: 17b3fef87d666459d860ad88452862da - Path: Packages/com.unity.inputsystem/InputSystem/Editor/Icons/d_Pen@3x.png - Importer: ScriptedImporter/UnityEditor.QuickSearchModule:UnityEditor.Search:ASIAI0B' with importer (ScriptedImporter : UnityEditor.QuickSearchModule:UnityEditor.Search:ASIAI0B)
Imported 'GUID: 17b3fef87d666459d860ad88452862da' -> (Import Result ID: '2d13f8724a3cfbb746b28da21133d9fc') in 0.002 seconds [static and dynamic dependencies]. Details - ImportResultOutputID=261970bdad2c0c94f6350279fe906145 DependenciesID=7a67f0d4276b6a92b6423089fc96fa14 StaticDependenciesID=3bd7e49ab3d46848d0e61f8ae5520862 
Number of updated asset objects reloaded before import = 0
Number of asset objects unloaded after import = 1
========================================================================
Received Import Request.
  Time of request: 2026-08-27T08:30:32.305204Z
  Time since last request: 0.000164333 seconds.
  importAddress: GUID: 36e7567d9504499a8bbe97595096de5e - Path: Packages/com.unity.inputsystem/InputSystem/Editor/UITKAssetEditor/Views/CollectionViewSelectionChangeFilter.cs - Importer: ScriptedImporter/UnityEditor.QuickSearchModule:UnityEditor.Search:ASIAI0B
Importing 'GUID: 36e7567d9504499a8bbe97595096de5e - Path: Packages/com.unity.inputsystem/InputSystem/Editor/UITKAssetEditor/Views/CollectionViewSelectionChangeFilter.cs - Importer: ScriptedImporter/UnityEditor.QuickSearchModule:UnityEditor.Search:ASIAI0B' with importer (ScriptedImporter : UnityEditor.QuickSearchModule:UnityEditor.Search:ASIAI0B)
Imported 'GUID: 36e7567d9504499a8bbe97595096de5e' -> (Import Result ID: '7ab41fa7a3ef24d6ade16ca31f5b47de') in 0.001 seconds [static and dynamic dependencies]. Details - ImportResultOutputID=a4110cadccb7be909fbc879b2ba98214 DependenciesID=dc7a293392c2ac0508613bb6f109c79a StaticDependenciesID=a594d45d3a2b126c7637721b7ae585cd 
Number of updated asset objects reloaded before import = 0
Number of asset objects unloaded after import = 0
========================================================================
Received Import Request.
  Time of request: 2026-08-27T08:30:32.306242Z
  Time since last request: 0.000222667 seconds.
  importAddress: GUID: cf632ed80bf1f46c980de6b1b8b903ef - Path: Packages/com.unity.inputsystem/InputSystem/Editor/AssetEditor/PackageResources/personal/actionTreeBackgroundWithoutBorder.png - Importer: ScriptedImporter/UnityEditor.QuickSearchModule:UnityEditor.Search:ASIAI0B
Importing 'GUID: cf632ed80bf1f46c980de6b1b8b903ef - Path: Packages/com.unity.inputsystem/InputSystem/Editor/AssetEditor/PackageResources/personal/actionTreeBackgroundWithoutBorder.png - Importer: ScriptedImporter/UnityEditor.QuickSearchModule:UnityEditor.Search:ASIAI0B' with importer (ScriptedImporter : UnityEditor.QuickSearchModule:UnityEditor.Search:ASIAI0B)
Imported 'GUID: cf632ed80bf1f46c980de6b1b8b903ef' -> (Import Result ID: 'ab036d0c6cf2bbd2a144bba0af5daa17') in 0.002 seconds [static and dynamic dependencies]. Details - ImportResultOutputID=635a66fdebaa8c702cbf0df5e3ef1e45 DependenciesID=45995d81b76dae40067f25e9a54bea99 StaticDependenciesID=cc790b922ba3c1e7f34ac647edebb937 
Number of updated asset objects reloaded before import = 0
Number of asset objects unloaded after import = 1
========================================================================
Received Import Request.
  Time of request: 2026-08-27T08:30:32.308412Z
  Time since last request: 0.000127958 seconds.
  importAddress: GUID: 1659bf437d849824999b2b9ae9e1518b - Path: Packages/com.unity.inputsystem/InputSystem/Devices/Commands/QuerySamplingFrequencyCommand.cs - Importer: ScriptedImporter/UnityEditor.QuickSearchModule:UnityEditor.Search:ASIAI0B
Importing 'GUID: 1659bf437d849824999b2b9ae9e1518b - Path: Packages/com.unity.inputsystem/InputSystem/Devices/Commands/QuerySamplingFrequencyCommand.cs - Importer: ScriptedImporter/UnityEditor.QuickSearchModule:UnityEditor.Search:ASIAI0B' with importer (ScriptedImporter : UnityEditor.QuickSearchModule:UnityEditor.Search:ASIAI0B)
Imported 'GUID: 1659bf437d849824999b2b9ae9e1518b' -> (Import Result ID: '2a6199fb33368578536bfe5dcdbf01f7') in 0.001 seconds [static and dynamic dependencies]. Details - ImportResultOutputID=ad01b421c96991e5d03ba69b3f578d39 DependenciesID=7b031dbabee7bdcadbe89d5c9b68833a StaticDependenciesID=f929cfcc36d359111a8cc662f2a58563 
Number of updated asset objects reloaded before import = 0
Number of asset objects unloaded after import = 0
========================================================================
Received Import Request.
  Time of request: 2026-08-27T08:30:32.309371Z
  Time since last request: 0.000271083 seconds.
  importAddress: GUID: 179e4e4b8003406d97463b101f15eb8b - Path: Packages/com.unity.inputsystem/InputSystem/Devices/Haptics/IHaptics.cs - Importer: ScriptedImporter/UnityEditor.QuickSearchModule:UnityEditor.Search:ASIAI0B
Importing 'GUID: 179e4e4b8003406d97463b101f15eb8b - Path: Packages/com.unity.inputsystem/InputSystem/Devices/Haptics/IHaptics.cs - Importer: ScriptedImporter/UnityEditor.QuickSearchModule:UnityEditor.Search:ASIAI0B' with importer (ScriptedImporter : UnityEditor.QuickSearchModule:UnityEditor.Search:ASIAI0B)
Imported 'GUID: 179e4e4b8003406d97463b101f15eb8b' -> (Import Result ID: 'b02dd89bbf6d7dc8c23b92bb5377ee37') in 0.001 seconds [static and dynamic dependencies]. Details - ImportResultOutputID=16e003f585cfb6dc1bfdf84f0b5d2a9e DependenciesID=c4b272922c4af648172b59491b3b965b StaticDependenciesID=df720736046247cff1a519a8cd4331d1 
Number of updated asset objects reloaded before import = 0
Number of asset objects unloaded after import = 0
========================================================================
Received Import Request.
  Time of request: 2026-08-27T08:30:32.310335Z
  Time since last request: 0.000232875 seconds.
  importAddress: GUID: caeab4c8826564dfda5e44a7e01a8de1 - Path: Packages/com.unity.inputsystem/InputSystem/Editor/Internal/AdvancedDropdown/MultiLevelDataSource.cs - Importer: ScriptedImporter/UnityEditor.QuickSearchModule:UnityEditor.Search:ASIAI0B
Importing 'GUID: caeab4c8826564dfda5e44a7e01a8de1 - Path: Packages/com.unity.inputsystem/InputSystem/Editor/Internal/AdvancedDropdown/MultiLevelDataSource.cs - Importer: ScriptedImporter/UnityEditor.QuickSearchModule:UnityEditor.Search:ASIAI0B' with importer (ScriptedImporter : UnityEditor.QuickSearchModule:UnityEditor.Search:ASIAI0B)
Imported 'GUID: caeab4c8826564dfda5e44a7e01a8de1' -> (Import Result ID: '7e90ae0cf1b844428e523ad925ac8692') in 0.001 seconds [static and dynamic dependencies]. Details - ImportResultOutputID=0a920704e1bb956616cbe2168e62e748 DependenciesID=dd94b618d6d0a5d3a02846fb1d4df13f StaticDependenciesID=4f002a9976423e9c478a39e50c53cf27 
Number of updated asset objects reloaded before import = 0
Number of asset objects unloaded after import = 0
========================================================================
Received Import Request.
  Time of request: 2026-08-27T08:30:32.311183Z
  Time since last request: 0.000196792 seconds.
  importAddress: GUID: 7d11ed63669394ec68af98a7f62afa73 - Path: Packages/com.unity.inputsystem/InputSystem/Plugins/iOS/iOSStepCounter.mm - Importer: ScriptedImporter/UnityEditor.QuickSearchModule:UnityEditor.Search:ASIAI0B
Importing 'GUID: 7d11ed63669394ec68af98a7f62afa73 - Path: Packages/com.unity.inputsystem/InputSystem/Plugins/iOS/iOSStepCounter.mm - Importer: ScriptedImporter/UnityEditor.QuickSearchModule:UnityEditor.Search:ASIAI0B' with importer (ScriptedImporter : UnityEditor.QuickSearchModule:UnityEditor.Search:ASIAI0B)
Imported 'GUID: 7d11ed63669394ec68af98a7f62afa73' -> (Import Result ID: '66dd250f087f37de4a23ce3c754c1d66') in 0.002 seconds [static and dynamic dependencies]. Details - ImportResultOutputID=c355f3e5b79cedac5280a3a8149df9b2 DependenciesID=d4a192c34db272ce7389003ef2a38058 StaticDependenciesID=6ecc00fca233ae11367baca6ea1d7f0b 
Number of updated asset objects reloaded before import = 0
Number of asset objects unloaded after import = 0
========================================================================
Received Import Request.
  Time of request: 2026-08-27T08:30:32.313388Z
  Time since last request: 0.000281834 seconds.
  importAddress: GUID: 99f4ddb4a8fa4fcfa25917e64bcc6e8c - Path: Packages/com.unity.inputsystem/InputSystem/Events - Importer: ScriptedImporter/UnityEditor.QuickSearchModule:UnityEditor.Search:ASIAI0B
Importing 'GUID: 99f4ddb4a8fa4fcfa25917e64bcc6e8c - Path: Packages/com.unity.inputsystem/InputSystem/Events - Importer: ScriptedImporter/UnityEditor.QuickSearchModule:UnityEditor.Search:ASIAI0B' with importer (ScriptedImporter : UnityEditor.QuickSearchModule:UnityEditor.Search:ASIAI0B)
Imported 'GUID: 99f4ddb4a8fa4fcfa25917e64bcc6e8c' -> (Import Result ID: '5d62d296719e38c42f4b3227c40e41b9') in 0.001 seconds [static and dynamic dependencies]. Details - ImportResultOutputID=df5cad011ae3a4edfd1411fbe02b4b0e DependenciesID=8102318e1f3298bb7a55aeb44f18f7f4 StaticDependenciesID=30fd5cfc95b5f7d17a364e30ebb7b157 
Number of updated asset objects reloaded before import = 0
Number of asset objects unloaded after import = 1
========================================================================
Received Import Request.
  Time of request: 2026-08-27T08:30:32.314225Z
  Time since last request: 0.00019925 seconds.
  importAddress: GUID: 9d9d9634637c440896a123c44c9e262b - Path: Packages/com.unity.inputsystem/InputSystem/Utilities/MiscHelpers.cs - Importer: ScriptedImporter/UnityEditor.QuickSearchModule:UnityEditor.Search:ASIAI0B
Importing 'GUID: 9d9d9634637c440896a123c44c9e262b - Path: Packages/com.unity.inputsystem/InputSystem/Utilities/MiscHelpers.cs - Importer: ScriptedImporter/UnityEditor.QuickSearchModule:UnityEditor.Search:ASIAI0B' with importer (ScriptedImporter : UnityEditor.QuickSearchModule:UnityEditor.Search:ASIAI0B)
Imported 'GUID: 9d9d9634637c440896a123c44c9e262b' -> (Import Result ID: '5384df0c9ee2a0adb21c200935a018fc') in 0.001 seconds [static and dynamic dependencies]. Details - ImportResultOutputID=890b7e77c4505998c11dc02bd40c9a7e DependenciesID=f65780f581a668f65f562ccd1a1d94f8 StaticDependenciesID=4329d9c91000d667d71e8cbe82922c21 
Number of updated asset objects reloaded before import = 0
Number of asset objects unloaded after import = 0
========================================================================
Received Import Request.
  Time of request: 2026-08-27T08:30:32.315173Z
  Time since last request: 0.000278375 seconds.
  importAddress: GUID: 8404be70184654265930450def6a9037 - Path: Packages/com.unity.inputsystem/InputSystem/Editor/AssetImporter/InputActionImporter.cs - Importer: ScriptedImporter/UnityEditor.QuickSearchModule:UnityEditor.Search:ASIAI0B
Importing 'GUID: 8404be70184654265930450def6a9037 - Path: Packages/com.unity.inputsystem/InputSystem/Editor/AssetImporter/InputActionImporter.cs - Importer: ScriptedImporter/UnityEditor.QuickSearchModule:UnityEditor.Search:ASIAI0B' with importer (ScriptedImporter : UnityEditor.QuickSearchModule:UnityEditor.Search:ASIAI0B)
Imported 'GUID: 8404be70184654265930450def6a9037' -> (Import Result ID: '6f9e9614d3385cd8d0222788b6f82833') in 0.001 seconds [static and dynamic dependencies]. Details - ImportResultOutputID=1b14e8a14bab49dfaba1658aeb9afab7 DependenciesID=51156e0ae2130e62c5adf368d417a815 StaticDependenciesID=f25b7990dde0e81557bd3a684b92e38b 
Number of updated asset objects reloaded before import = 0
Number of asset objects unloaded after import = 0
========================================================================
Received Import Request.
  Time of request: 2026-08-27T08:30:32.316272Z
  Time since last request: 0.000252791 seconds.
  importAddress: GUID: 27163f3cda5b9431d928f2b33eeb5cf1 - Path: Packages/com.unity.inputsystem/InputSystem/Editor/Icons/d_Axis@2x.png - Importer: ScriptedImporter/UnityEditor.QuickSearchModule:UnityEditor.Search:ASIAI0B
Importing 'GUID: 27163f3cda5b9431d928f2b33eeb5cf1 - Path: Packages/com.unity.inputsystem/InputSystem/Editor/Icons/d_Axis@2x.png - Importer: ScriptedImporter/UnityEditor.QuickSearchModule:UnityEditor.Search:ASIAI0B' with importer (ScriptedImporter : UnityEditor.QuickSearchModule:UnityEditor.Search:ASIAI0B)
Imported 'GUID: 27163f3cda5b9431d928f2b33eeb5cf1' -> (Import Result ID: '3892bcedaebe500ba4ddc6fc58521d5c') in 0.002 seconds [static and dynamic dependencies]. Details - ImportResultOutputID=b3aa846fbaf983e2d25d17793f7d4247 DependenciesID=0e8f0b27e6a4d2989e1489bfc27a2882 StaticDependenciesID=e815fe52e5807ef95be46dd24b690fea 
Number of updated asset objects reloaded before import = 0
Number of asset objects unloaded after import = 1
========================================================================
Received Import Request.
  Time of request: 2026-08-27T08:30:32.318849Z
  Time since last request: 0.000377667 seconds.
  importAddress: GUID: 6d671947d51444fb9b8a4bf96c16bfed - Path: Packages/com.unity.inputsystem/InputSystem/Editor/Internal/EditorHelpers.cs - Importer: ScriptedImporter/UnityEditor.QuickSearchModule:UnityEditor.Search:ASIAI0B
Importing 'GUID: 6d671947d51444fb9b8a4bf96c16bfed - Path: Packages/com.unity.inputsystem/InputSystem/Editor/Internal/EditorHelpers.cs - Importer: ScriptedImporter/UnityEditor.QuickSearchModule:UnityEditor.Search:ASIAI0B' with importer (ScriptedImporter : UnityEditor.QuickSearchModule:UnityEditor.Search:ASIAI0B)
Imported 'GUID: 6d671947d51444fb9b8a4bf96c16bfed' -> (Import Result ID: 'd6c82bc5e5d171684d5f2a7b7f7b7945') in 0.001 seconds [static and dynamic dependencies]. Details - ImportResultOutputID=b53ec822c9f4a3299016848220c8db69 DependenciesID=93c7b0bf9b92c7926a8eb69743611ee1 StaticDependenciesID=72143f728dccfc672c25ef32740251e4 
Number of updated asset objects reloaded before import = 0
Number of asset objects unloaded after import = 0
========================================================================
Received Import Request.
  Time of request: 2026-08-27T08:30:32.319835Z
  Time since last request: 0.000209625 seconds.
  importAddress: GUID: 96bf34fe183cd4ce986db61a6639cd5b - Path: Packages/com.unity.inputsystem/InputSystem/Controls/Processors/ScaleVector2Processor.cs - Importer: ScriptedImporter/UnityEditor.QuickSearchModule:UnityEditor.Search:ASIAI0B
Importing 'GUID: 96bf34fe183cd4ce986db61a6639cd5b - Path: Packages/com.unity.inputsystem/InputSystem/Controls/Processors/ScaleVector2Processor.cs - Importer: ScriptedImporter/UnityEditor.QuickSearchModule:UnityEditor.Search:ASIAI0B' with importer (ScriptedImporter : UnityEditor.QuickSearchModule:UnityEditor.Search:ASIAI0B)
Imported 'GUID: 96bf34fe183cd4ce986db61a6639cd5b' -> (Import Result ID: '8bf80ad91e487de1f4f806c3cb2a38f4') in 0.001 seconds [static and dynamic dependencies]. Details - ImportResultOutputID=c3a2bfec89d27e47f06486b2fa2de0e6 DependenciesID=fbea29640982fcbc4d63061f421d2e06 StaticDependenciesID=4df659f09d114f5a0e75983aac947e70 
Number of updated asset objects reloaded before import = 0
Number of asset objects unloaded after import = 0
========================================================================
Received Import Request.
  Time of request: 2026-08-27T08:30:32.320602Z
  Time since last request: 0.000150208 seconds.
  importAddress: GUID: 95391b99439094c00a105cd26ba61b1b - Path: Packages/com.unity.inputsystem/InputSystem/Editor/AssetEditor/PackageResources/personal - Importer: ScriptedImporter/UnityEditor.QuickSearchModule:UnityEditor.Search:ASIAI0B
Importing 'GUID: 95391b99439094c00a105cd26ba61b1b - Path: Packages/com.unity.inputsystem/InputSystem/Editor/AssetEditor/PackageResources/personal - Importer: ScriptedImporter/UnityEditor.QuickSearchModule:UnityEditor.Search:ASIAI0B' with importer (ScriptedImporter : UnityEditor.QuickSearchModule:UnityEditor.Search:ASIAI0B)
Imported 'GUID: 95391b99439094c00a105cd26ba61b1b' -> (Import Result ID: '886608ccddb3b176a82f5e22c5c5e39c') in 0.000 seconds [static and dynamic dependencies]. Details - ImportResultOutputID=7a9fdf0e401c48630582ed3245c1ab33 DependenciesID=976442b3ca9b6f24b3ae7becddbe40bf StaticDependenciesID=ee16dd3d06ae6d260c9640beaaca50bd 
Number of updated asset objects reloaded before import = 0
Number of asset objects unloaded after import = 1
========================================================================
Received Import Request.
  Time of request: 2026-08-27T08:30:32.321267Z
  Time since last request: 0.00016825 seconds.
  importAddress: GUID: 27fa98be5deb54cbf9c11ffc540272b2 - Path: Packages/com.unity.inputsystem/InputSystem/Editor/Icons/d_Joystick@2x.png - Importer: ScriptedImporter/UnityEditor.QuickSearchModule:UnityEditor.Search:ASIAI0B
Importing 'GUID: 27fa98be5deb54cbf9c11ffc540272b2 - Path: Packages/com.unity.inputsystem/InputSystem/Editor/Icons/d_Joystick@2x.png - Importer: ScriptedImporter/UnityEditor.QuickSearchModule:UnityEditor.Search:ASIAI0B' with importer (ScriptedImporter : UnityEditor.QuickSearchModule:UnityEditor.Search:ASIAI0B)
Imported 'GUID: 27fa98be5deb54cbf9c11ffc540272b2' -> (Import Result ID: '77fa474e893af7e57887ec4281097520') in 0.002 seconds [static and dynamic dependencies]. Details - ImportResultOutputID=1c42835f895f6ad03f88d25f186932f9 DependenciesID=9750fca0b5e0e6ab80563f27cb67940f StaticDependenciesID=a5c9037887f5243deed22127a07ec055 
Number of updated asset objects reloaded before import = 0
Number of asset objects unloaded after import = 1
========================================================================
Received Import Request.
  Time of request: 2026-08-27T08:30:32.323511Z
  Time since last request: 0.000219459 seconds.
  importAddress: GUID: 4f4390a0cc25d424d9adc1d6d6699a1f - Path: Packages/com.unity.inputsystem/InputSystem/Editor/ControlPicker/IInputControlPickerLayout.cs - Importer: ScriptedImporter/UnityEditor.QuickSearchModule:UnityEditor.Search:ASIAI0B
Importing 'GUID: 4f4390a0cc25d424d9adc1d6d6699a1f - Path: Packages/com.unity.inputsystem/InputSystem/Editor/ControlPicker/IInputControlPickerLayout.cs - Importer: ScriptedImporter/UnityEditor.QuickSearchModule:UnityEditor.Search:ASIAI0B' with importer (ScriptedImporter : UnityEditor.QuickSearchModule:UnityEditor.Search:ASIAI0B)
Imported 'GUID: 4f4390a0cc25d424d9adc1d6d6699a1f' -> (Import Result ID: '061d36710acfaab1ddfba43dd332d460') in 0.001 seconds [static and dynamic dependencies]. Details - ImportResultOutputID=0af94eca6dda94736923dc806a85a598 DependenciesID=aceb00341cee4af1d6869fc930820dec StaticDependenciesID=3fd658d3976c9726b9e78a63a50b873c 
Number of updated asset objects reloaded before import = 0
Number of asset objects unloaded after import = 0
========================================================================
Received Import Request.
  Time of request: 2026-08-27T08:30:32.32435Z
  Time since last request: 0.000151667 seconds.
  importAddress: GUID: 64d9d71f43124cea89b28b356e84a412 - Path: Packages/com.unity.inputsystem/InputSystem/Editor/InputAssetEditorUtils.cs - Importer: ScriptedImporter/UnityEditor.QuickSearchModule:UnityEditor.Search:ASIAI0B
Importing 'GUID: 64d9d71f43124cea89b28b356e84a412 - Path: Packages/com.unity.inputsystem/InputSystem/Editor/InputAssetEditorUtils.cs - Importer: ScriptedImporter/UnityEditor.QuickSearchModule:UnityEditor.Search:ASIAI0B' with importer (ScriptedImporter : UnityEditor.QuickSearchModule:UnityEditor.Search:ASIAI0B)
Imported 'GUID: 64d9d71f43124cea89b28b356e84a412' -> (Import Result ID: 'cb9dc1cef91be33bebf51f3f5900aa1e') in 0.001 seconds [static and dynamic dependencies]. Details - ImportResultOutputID=bf95252b1084f6f355c8447267d6e3c7 DependenciesID=c2f2c8edcfb011429c3b6cf30167a978 StaticDependenciesID=b3b2b839c79c3cee9299c438239e3f41 
Number of updated asset objects reloaded before import = 0
Number of asset objects unloaded after import = 0
========================================================================
Received Import Request.
  Time of request: 2026-08-27T08:30:32.32522Z
  Time since last request: 0.000155167 seconds.
  importAddress: GUID: 87ce818774f4c544882b249f32619300 - Path: Packages/com.unity.inputsystem/InputSystem/Controls/Processors/EditorWindowSpaceProcessor.cs - Importer: ScriptedImporter/UnityEditor.QuickSearchModule:UnityEditor.Search:ASIAI0B
Importing 'GUID: 87ce818774f4c544882b249f32619300 - Path: Packages/com.unity.inputsystem/InputSystem/Controls/Processors/EditorWindowSpaceProcessor.cs - Importer: ScriptedImporter/UnityEditor.QuickSearchModule:UnityEditor.Search:ASIAI0B' with importer (ScriptedImporter : UnityEditor.QuickSearchModule:UnityEditor.Search:ASIAI0B)
Imported 'GUID: 87ce818774f4c544882b249f32619300' -> (Import Result ID: '2b2319bde7a302841e39f1256a7abceb') in 0.001 seconds [static and dynamic dependencies]. Details - ImportResultOutputID=6b046502dfde0ee3522ac8188fa11ff5 DependenciesID=7aad5521abab5eb14ef8675e88239a86 StaticDependenciesID=f79630dae516574fa64cebc6222316bb 
Number of updated asset objects reloaded before import = 0
Number of asset objects unloaded after import = 0
========================================================================
Received Import Request.
  Time of request: 2026-08-27T08:30:32.327025Z
  Time since last request: 0.000297375 seconds.
  importAddress: GUID: 3ec5135f9c8612d42a83f87500580afa - Path: Packages/com.unity.inputsystem/InputSystem/Utilities/TypeTable.cs - Importer: ScriptedImporter/UnityEditor.QuickSearchModule:UnityEditor.Search:ASIAI0B
Importing 'GUID: 3ec5135f9c8612d42a83f87500580afa - Path: Packages/com.unity.inputsystem/InputSystem/Utilities/TypeTable.cs - Importer: ScriptedImporter/UnityEditor.QuickSearchModule:UnityEditor.Search:ASIAI0B' with importer (ScriptedImporter : UnityEditor.QuickSearchModule:UnityEditor.Search:ASIAI0B)
Imported 'GUID: 3ec5135f9c8612d42a83f87500580afa' -> (Import Result ID: 'bd4e1be56f2db9dd3dda27d13e0552e6') in 0.001 seconds [static and dynamic dependencies]. Details - ImportResultOutputID=3ed41a30a36f6c749dcbd0da268a922d DependenciesID=e765cbbd32ca579db808b17443806584 StaticDependenciesID=54ed4e778dee1752f60dcb24020c3ede 
Number of updated asset objects reloaded before import = 0
Number of asset objects unloaded after import = 0
========================================================================
Received Import Request.
  Time of request: 2026-08-27T08:30:32.328133Z
  Time since last request: 0.000212083 seconds.
  importAddress: GUID: 62dcc18c42c2246bdaed7fe210b77118 - Path: Packages/com.unity.inputsystem/InputSystem/Actions/Composites/ButtonWithTwoModifiers.cs - Importer: ScriptedImporter/UnityEditor.QuickSearchModule:UnityEditor.Search:ASIAI0B
Importing 'GUID: 62dcc18c42c2246bdaed7fe210b77118 - Path: Packages/com.unity.inputsystem/InputSystem/Actions/Composites/ButtonWithTwoModifiers.cs - Importer: ScriptedImporter/UnityEditor.QuickSearchModule:UnityEditor.Search:ASIAI0B' with importer (ScriptedImporter : UnityEditor.QuickSearchModule:UnityEditor.Search:ASIAI0B)
Imported 'GUID: 62dcc18c42c2246bdaed7fe210b77118' -> (Import Result ID: '1683cd3d5081a39c23c11b041c6fab5f') in 0.001 seconds [static and dynamic dependencies]. Details - ImportResultOutputID=66a45f17edd1804dc55c6dfde2b57fce DependenciesID=9351de0df254311dfb87ef315ef7651e StaticDependenciesID=aa094034da54d2400eda29b2a1723dff 
Number of updated asset objects reloaded before import = 0
Number of asset objects unloaded after import = 0
========================================================================
Received Import Request.
  Time of request: 2026-08-27T08:30:32.346554Z
  Time since last request: 0.017766 seconds.
  importAddress: GUID: c46f07b5ed07e4e92aa78254188d3d10 - Path: Packages/com.unity.inputsystem/InputSystem/InputSettings.cs - Importer: ScriptedImporter/UnityEditor.QuickSearchModule:UnityEditor.Search:ASIAI0B
Importing 'GUID: c46f07b5ed07e4e92aa78254188d3d10 - Path: Packages/com.unity.inputsystem/InputSystem/InputSettings.cs - Importer: ScriptedImporter/UnityEditor.QuickSearchModule:UnityEditor.Search:ASIAI0B' with importer (ScriptedImporter : UnityEditor.QuickSearchModule:UnityEditor.Search:ASIAI0B)
Imported 'GUID: c46f07b5ed07e4e92aa78254188d3d10' -> (Import Result ID: 'ccfd19363c554814ea9d46305f8d33cc') in 0.001 seconds [static and dynamic dependencies]. Details - ImportResultOutputID=1c0dd6b4dad37539f68979950529a982 DependenciesID=d73b37947f37b43a76d56918385741fe StaticDependenciesID=4a6acd446b04ca129bf9711429bad089 
Number of updated asset objects reloaded before import = 0
Number of asset objects unloaded after import = 0
========================================================================
Received Import Request.
  Time of request: 2026-08-27T08:30:32.347683Z
  Time since last request: 0.000199417 seconds.
  importAddress: GUID: 6261dd2a83757498188548c57e2492bf - Path: Packages/com.unity.inputsystem/InputSystem/Plugins/EnhancedTouch/Touch.cs - Importer: ScriptedImporter/UnityEditor.QuickSearchModule:UnityEditor.Search:ASIAI0B
Importing 'GUID: 6261dd2a83757498188548c57e2492bf - Path: Packages/com.unity.inputsystem/InputSystem/Plugins/EnhancedTouch/Touch.cs - Importer: ScriptedImporter/UnityEditor.QuickSearchModule:UnityEditor.Search:ASIAI0B' with importer (ScriptedImporter : UnityEditor.QuickSearchModule:UnityEditor.Search:ASIAI0B)
Imported 'GUID: 6261dd2a83757498188548c57e2492bf' -> (Import Result ID: '826cfaf615bdbc9260419fd6d5c9dbfd') in 0.001 seconds [static and dynamic dependencies]. Details - ImportResultOutputID=3528168a36cb2a511a0fc678d32272a4 DependenciesID=13da16907a81beadb964ce1f295e050d StaticDependenciesID=b471705e4f44753aa20ba500294dff7f 
Number of updated asset objects reloaded before import = 0
Number of asset objects unloaded after import = 0
========================================================================
Received Import Request.
  Time of request: 2026-08-27T08:30:32.34871Z
  Time since last request: 0.000217125 seconds.
  importAddress: GUID: a71161af1440e4b1fbbefefb3aaffce0 - Path: Packages/com.unity.inputsystem/InputSystem/Plugins/HID - Importer: ScriptedImporter/UnityEditor.QuickSearchModule:UnityEditor.Search:ASIAI0B
Importing 'GUID: a71161af1440e4b1fbbefefb3aaffce0 - Path: Packages/com.unity.inputsystem/InputSystem/Plugins/HID - Importer: ScriptedImporter/UnityEditor.QuickSearchModule:UnityEditor.Search:ASIAI0B' with importer (ScriptedImporter : UnityEditor.QuickSearchModule:UnityEditor.Search:ASIAI0B)
Imported 'GUID: a71161af1440e4b1fbbefefb3aaffce0' -> (Import Result ID: '42f68b511998fdc36b0bd9809ff0adc0') in 0.001 seconds [static and dynamic dependencies]. Details - ImportResultOutputID=fbbf4c7193665ce3de809f43a51bdbdd DependenciesID=fb2859331a52c80f805bfbf2376a3425 StaticDependenciesID=a720014cb224f22cea5835876f60bf2b 
Number of updated asset objects reloaded before import = 0
Number of asset objects unloaded after import = 1
========================================================================
Received Import Request.
  Time of request: 2026-08-27T08:30:32.349437Z
  Time since last request: 0.000127458 seconds.
  importAddress: GUID: 0309256f03c114697813e2296f0a1f18 - Path: Packages/com.unity.inputsystem/InputSystem/Editor/Icons/d_Button.png - Importer: ScriptedImporter/UnityEditor.QuickSearchModule:UnityEditor.Search:ASIAI0B
Importing 'GUID: 0309256f03c114697813e2296f0a1f18 - Path: Packages/com.unity.inputsystem/InputSystem/Editor/Icons/d_Button.png - Importer: ScriptedImporter/UnityEditor.QuickSearchModule:UnityEditor.Search:ASIAI0B' with importer (ScriptedImporter : UnityEditor.QuickSearchModule:UnityEditor.Search:ASIAI0B)
Imported 'GUID: 0309256f03c114697813e2296f0a1f18' -> (Import Result ID: '51a5b377115aecf48700908f6d08b924') in 0.003 seconds [static and dynamic dependencies]. Details - ImportResultOutputID=9f6bf39586952ebb6c59dbdf9019aacf DependenciesID=d581fbac021987ecf203c0f18e9eab68 StaticDependenciesID=494f73b67ddbf50eb4131219cb65f921 
Number of updated asset objects reloaded before import = 0
Number of asset objects unloaded after import = 1
========================================================================
Received Import Request.
  Time of request: 2026-08-27T08:30:32.352315Z
  Time since last request: 0.00015075 seconds.
  importAddress: GUID: 5806833d077654e5784b7cbf3e722f58 - Path: Packages/com.unity.inputsystem/InputSystem/Editor/Icons/Dpad@2x.png - Importer: ScriptedImporter/UnityEditor.QuickSearchModule:UnityEditor.Search:ASIAI0B
Importing 'GUID: 5806833d077654e5784b7cbf3e722f58 - Path: Packages/com.unity.inputsystem/InputSystem/Editor/Icons/Dpad@2x.png - Importer: ScriptedImporter/UnityEditor.QuickSearchModule:UnityEditor.Search:ASIAI0B' with importer (ScriptedImporter : UnityEditor.QuickSearchModule:UnityEditor.Search:ASIAI0B)
Imported 'GUID: 5806833d077654e5784b7cbf3e722f58' -> (Import Result ID: '85487cabc4d5746682b2460e993b4201') in 0.002 seconds [static and dynamic dependencies]. Details - ImportResultOutputID=23ef2dac151247efab663013118e71a4 DependenciesID=4e5dec4dc2caf1d7ccd7891ef567ac18 StaticDependenciesID=dc340b42083875c64e56c6afb76af834 
Number of updated asset objects reloaded before import = 0
Number of asset objects unloaded after import = 1
========================================================================
Received Import Request.
  Time of request: 2026-08-27T08:30:32.354757Z
  Time since last request: 0.000276333 seconds.
  importAddress: GUID: e1523c5607084617abb64b2ad9cb1f66 - Path: Packages/com.unity.inputsystem/InputSystem/InputSystem.cs - Importer: ScriptedImporter/UnityEditor.QuickSearchModule:UnityEditor.Search:ASIAI0B
Importing 'GUID: e1523c5607084617abb64b2ad9cb1f66 - Path: Packages/com.unity.inputsystem/InputSystem/InputSystem.cs - Importer: ScriptedImporter/UnityEditor.QuickSearchModule:UnityEditor.Search:ASIAI0B' with importer (ScriptedImporter : UnityEditor.QuickSearchModule:UnityEditor.Search:ASIAI0B)
Imported 'GUID: e1523c5607084617abb64b2ad9cb1f66' -> (Import Result ID: '2d47cc7c4fe142bb1dbe9d3d37d3f4db') in 0.001 seconds [static and dynamic dependencies]. Details - ImportResultOutputID=bfbf3149ac6258e2a7b4f7bf04fdf85c DependenciesID=ab94c002ac866f8cf1f58e58c8f26e04 StaticDependenciesID=00f733b779d06cdddff4f919bb05ec4e 
Number of updated asset objects reloaded before import = 0
Number of asset objects unloaded after import = 0
========================================================================
Received Import Request.
  Time of request: 2026-08-27T08:30:32.355789Z
  Time since last request: 0.000368208 seconds.
  importAddress: GUID: 156cc514fbe5442381b68a445ee3bf6a - Path: Packages/com.unity.inputsystem/InputSystem/Plugins/UnityRemote/UnityRemoteSupport.cs - Importer: ScriptedImporter/UnityEditor.QuickSearchModule:UnityEditor.Search:ASIAI0B
Importing 'GUID: 156cc514fbe5442381b68a445ee3bf6a - Path: Packages/com.unity.inputsystem/InputSystem/Plugins/UnityRemote/UnityRemoteSupport.cs - Importer: ScriptedImporter/UnityEditor.QuickSearchModule:UnityEditor.Search:ASIAI0B' with importer (ScriptedImporter : UnityEditor.QuickSearchModule:UnityEditor.Search:ASIAI0B)
Imported 'GUID: 156cc514fbe5442381b68a445ee3bf6a' -> (Import Result ID: '1ad6c1f2bec0f4d88acdd2ed6bbf6709') in 0.001 seconds [static and dynamic dependencies]. Details - ImportResultOutputID=be9f38dfaacb0513b42f5f061712e9fb DependenciesID=884af8630d4af067130bd9aa8a6e4a60 StaticDependenciesID=733e52b042c84642dbfdf7303cca7604 
Number of updated asset objects reloaded before import = 0
Number of asset objects unloaded after import = 0
========================================================================
Received Import Request.
  Time of request: 2026-08-27T08:30:32.356627Z
  Time since last request: 0.000127208 seconds.
  importAddress: GUID: ec5b5d14e5b51f44abf18ab8f288cdb5 - Path: Packages/com.unity.inputsystem/InputSystem/Plugins/OSX/OSXSupport.cs - Importer: ScriptedImporter/UnityEditor.QuickSearchModule:UnityEditor.Search:ASIAI0B
Importing 'GUID: ec5b5d14e5b51f44abf18ab8f288cdb5 - Path: Packages/com.unity.inputsystem/InputSystem/Plugins/OSX/OSXSupport.cs - Importer: ScriptedImporter/UnityEditor.QuickSearchModule:UnityEditor.Search:ASIAI0B' with importer (ScriptedImporter : UnityEditor.QuickSearchModule:UnityEditor.Search:ASIAI0B)
Imported 'GUID: ec5b5d14e5b51f44abf18ab8f288cdb5' -> (Import Result ID: '9ce3d195197f46abf15607bd16552836') in 0.001 seconds [static and dynamic dependencies]. Details - ImportResultOutputID=4b7301a452bab717e7a8c14bf060b7f0 DependenciesID=4d16477073b24c7ea8e65f954a084596 StaticDependenciesID=253b1bfda2ae19273080803abc08768d 
Number of updated asset objects reloaded before import = 0
Number of asset objects unloaded after import = 0
========================================================================
Received Import Request.
  Time of request: 2026-08-27T08:30:32.357415Z
  Time since last request: 0.000123416 seconds.
  importAddress: GUID: 2084fa9039e3711438d53087a63525f7 - Path: Packages/com.unity.inputsystem/InputSystem/Editor/UITKAssetEditor/SerializedInputBinding.cs - Importer: ScriptedImporter/UnityEditor.QuickSearchModule:UnityEditor.Search:ASIAI0B
Importing 'GUID: 2084fa9039e3711438d53087a63525f7 - Path: Packages/com.unity.inputsystem/InputSystem/Editor/UITKAssetEditor/SerializedInputBinding.cs - Importer: ScriptedImporter/UnityEditor.QuickSearchModule:UnityEditor.Search:ASIAI0B' with importer (ScriptedImporter : UnityEditor.QuickSearchModule:UnityEditor.Search:ASIAI0B)
Imported 'GUID: 2084fa9039e3711438d53087a63525f7' -> (Import Result ID: '492af3b4c489973ece7a456e242178ad') in 0.001 seconds [static and dynamic dependencies]. Details - ImportResultOutputID=84cdd3d998324b6f85f1f326123d05eb DependenciesID=c5e53c492627105f971e97cd2e531c18 StaticDependenciesID=9e3205c1ea79695c89723c341aa624af 
Number of updated asset objects reloaded before import = 0
Number of asset objects unloaded after import = 0
========================================================================
Received Import Request.
  Time of request: 2026-08-27T08:30:32.358243Z
  Time since last request: 0.00015825 seconds.
  importAddress: GUID: 543792e79adf14478b4a00527bbefce1 - Path: Packages/com.unity.inputsystem/InputSystem/Controls/InputControlList.cs - Importer: ScriptedImporter/UnityEditor.QuickSearchModule:UnityEditor.Search:ASIAI0B
Importing 'GUID: 543792e79adf14478b4a00527bbefce1 - Path: Packages/com.unity.inputsystem/InputSystem/Controls/InputControlList.cs - Importer: ScriptedImporter/UnityEditor.QuickSearchModule:UnityEditor.Search:ASIAI0B' with importer (ScriptedImporter : UnityEditor.QuickSearchModule:UnityEditor.Search:ASIAI0B)
Imported 'GUID: 543792e79adf14478b4a00527bbefce1' -> (Import Result ID: '06496050211ebe20c438b8e7763dac3b') in 0.001 seconds [static and dynamic dependencies]. Details - ImportResultOutputID=f626312e27397aeb46a4bd459f7d66ae DependenciesID=16924f2229a37fd17ba2f0382e773c13 StaticDependenciesID=c19b0c85ba7dcdc87faa9e295fa1c073 
Number of updated asset objects reloaded before import = 0
Number of asset objects unloaded after import = 0
========================================================================
Received Import Request.
  Time of request: 2026-08-27T08:30:32.359278Z
  Time since last request: 0.000278125 seconds.
  importAddress: GUID: 5cdce2bffd1e49bda08b3db54a031207 - Path: Packages/com.unity.inputsystem/InputSystem/InputSystemObject.cs - Importer: ScriptedImporter/UnityEditor.QuickSearchModule:UnityEditor.Search:ASIAI0B
Importing 'GUID: 5cdce2bffd1e49bda08b3db54a031207 - Path: Packages/com.unity.inputsystem/InputSystem/InputSystemObject.cs - Importer: ScriptedImporter/UnityEditor.QuickSearchModule:UnityEditor.Search:ASIAI0B' with importer (ScriptedImporter : UnityEditor.QuickSearchModule:UnityEditor.Search:ASIAI0B)
Imported 'GUID: 5cdce2bffd1e49bda08b3db54a031207' -> (Import Result ID: '061ae4c59144772f1463daad93393096') in 0.001 seconds [static and dynamic dependencies]. Details - ImportResultOutputID=d5190d364ccae9e2fab1dca6f70104e0 DependenciesID=00b022472c8acc21bb1a9e4bc62444bd StaticDependenciesID=12aaabd0707354f18b79953b4512d760 
Number of updated asset objects reloaded before import = 0
Number of asset objects unloaded after import = 0
========================================================================
Received Import Request.
  Time of request: 2026-08-27T08:30:32.360097Z
  Time since last request: 0.00018075 seconds.
  importAddress: GUID: cdf0d8abf71784dacb0470320cd8936f - Path: Packages/com.unity.inputsystem/InputSystem/Plugins/iOS - Importer: ScriptedImporter/UnityEditor.QuickSearchModule:UnityEditor.Search:ASIAI0B
Importing 'GUID: cdf0d8abf71784dacb0470320cd8936f - Path: Packages/com.unity.inputsystem/InputSystem/Plugins/iOS - Importer: ScriptedImporter/UnityEditor.QuickSearchModule:UnityEditor.Search:ASIAI0B' with importer (ScriptedImporter : UnityEditor.QuickSearchModule:UnityEditor.Search:ASIAI0B)
Imported 'GUID: cdf0d8abf71784dacb0470320cd8936f' -> (Import Result ID: '055bb26f3d22bc5ff1cb2836a70b2fb2') in 0.001 seconds [static and dynamic dependencies]. Details - ImportResultOutputID=6359c9a38f15490410a656043bb456ca DependenciesID=6753bec94924ac17e886d5c8aebefd0c StaticDependenciesID=6f071c40f9102faa7061c34c0b25a434 
Number of updated asset objects reloaded before import = 0
Number of asset objects unloaded after import = 1
========================================================================
Received Import Request.
  Time of request: 2026-08-27T08:30:32.360913Z
  Time since last request: 0.000165209 seconds.
  importAddress: GUID: 8be1fbf4b24de44c99840805bdae9e40 - Path: Packages/com.unity.inputsystem/InputSystem/Editor/Icons/Add Binding@3x.png - Importer: ScriptedImporter/UnityEditor.QuickSearchModule:UnityEditor.Search:ASIAI0B
Importing 'GUID: 8be1fbf4b24de44c99840805bdae9e40 - Path: Packages/com.unity.inputsystem/InputSystem/Editor/Icons/Add Binding@3x.png - Importer: ScriptedImporter/UnityEditor.QuickSearchModule:UnityEditor.Search:ASIAI0B' with importer (ScriptedImporter : UnityEditor.QuickSearchModule:UnityEditor.Search:ASIAI0B)
Imported 'GUID: 8be1fbf4b24de44c99840805bdae9e40' -> (Import Result ID: '691eb80000a731c4f13cf291e69c23e2') in 0.003 seconds [static and dynamic dependencies]. Details - ImportResultOutputID=9482233f9662c74b5f5a7bfb2cd5fb07 DependenciesID=6ba130c116e86af8507214a5bc17cefe StaticDependenciesID=b2c1ebc688dac6f17f24bbc17cf39f8e 
Number of updated asset objects reloaded before import = 0
Number of asset objects unloaded after import = 1
========================================================================
Received Import Request.
  Time of request: 2026-08-27T08:30:32.36407Z
  Time since last request: 0.000249375 seconds.
  importAddress: GUID: 5e64ea03a5bf05845977ae0cd2e1dd4f - Path: Packages/com.unity.inputsystem/InputSystem/Editor/PropertyDrawers/GamepadButtonPropertyDrawer.cs - Importer: ScriptedImporter/UnityEditor.QuickSearchModule:UnityEditor.Search:ASIAI0B
Importing 'GUID: 5e64ea03a5bf05845977ae0cd2e1dd4f - Path: Packages/com.unity.inputsystem/InputSystem/Editor/PropertyDrawers/GamepadButtonPropertyDrawer.cs - Importer: ScriptedImporter/UnityEditor.QuickSearchModule:UnityEditor.Search:ASIAI0B' with importer (ScriptedImporter : UnityEditor.QuickSearchModule:UnityEditor.Search:ASIAI0B)
Imported 'GUID: 5e64ea03a5bf05845977ae0cd2e1dd4f' -> (Import Result ID: '9dda051c25a3b4d1f8a0924c289aeec2') in 0.001 seconds [static and dynamic dependencies]. Details - ImportResultOutputID=22c37101ccc8db4be987e1569165f056 DependenciesID=1439372f4a841b71d304c4b145cb542d StaticDependenciesID=390bb40545b622317ab1e76f5426449d 
Number of updated asset objects reloaded before import = 0
Number of asset objects unloaded after import = 0
========================================================================
Received Import Request.
  Time of request: 2026-08-27T08:30:32.364979Z
  Time since last request: 0.000146583 seconds.
  importAddress: GUID: 39fa3d8997a24136984ca6e2c99902bc - Path: Packages/com.unity.inputsystem/InputSystem/Actions/InputActionAsset.cs - Importer: ScriptedImporter/UnityEditor.QuickSearchModule:UnityEditor.Search:ASIAI0B
Importing 'GUID: 39fa3d8997a24136984ca6e2c99902bc - Path: Packages/com.unity.inputsystem/InputSystem/Actions/InputActionAsset.cs - Importer: ScriptedImporter/UnityEditor.QuickSearchModule:UnityEditor.Search:ASIAI0B' with importer (ScriptedImporter : UnityEditor.QuickSearchModule:UnityEditor.Search:ASIAI0B)
Imported 'GUID: 39fa3d8997a24136984ca6e2c99902bc' -> (Import Result ID: 'dc32a8e3175e65cc169776f817bead39') in 0.001 seconds [static and dynamic dependencies]. Details - ImportResultOutputID=6fa6c54b9532f534a1bb47b7f487a48c DependenciesID=b9c3af411b261f0267f33a31e853ba0a StaticDependenciesID=62d435e2fb62b25f8193663391b13175 
Number of updated asset objects reloaded before import = 0
Number of asset objects unloaded after import = 0
========================================================================
Received Import Request.
  Time of request: 2026-08-27T08:30:32.365793Z
  Time since last request: 0.000133709 seconds.
  importAddress: GUID: 90a43988da5cf85498b40180b9040a38 - Path: Packages/com.unity.inputsystem/InputSystem/Devices/Commands/RequestResetCommand.cs - Importer: ScriptedImporter/UnityEditor.QuickSearchModule:UnityEditor.Search:ASIAI0B
Importing 'GUID: 90a43988da5cf85498b40180b9040a38 - Path: Packages/com.unity.inputsystem/InputSystem/Devices/Commands/RequestResetCommand.cs - Importer: ScriptedImporter/UnityEditor.QuickSearchModule:UnityEditor.Search:ASIAI0B' with importer (ScriptedImporter : UnityEditor.QuickSearchModule:UnityEditor.Search:ASIAI0B)
Imported 'GUID: 90a43988da5cf85498b40180b9040a38' -> (Import Result ID: '28309b5644684fdd2d8957f305c7d18a') in 0.001 seconds [static and dynamic dependencies]. Details - ImportResultOutputID=618b62793acc5594ef105577e3506f5b DependenciesID=6292d4f41487c499463f7256f36042e7 StaticDependenciesID=8dd86495fb40f88541dcc642235f4e9f 
Number of updated asset objects reloaded before import = 0
Number of asset objects unloaded after import = 0
========================================================================
Received Import Request.
  Time of request: 2026-08-27T08:30:32.366551Z
  Time since last request: 0.000161667 seconds.
  importAddress: GUID: f2fd4d7aa99c94a67a6a137fe979a760 - Path: Packages/com.unity.inputsystem/InputSystem/Editor/Icons/d_Stick@4x.png - Importer: ScriptedImporter/UnityEditor.QuickSearchModule:UnityEditor.Search:ASIAI0B
Importing 'GUID: f2fd4d7aa99c94a67a6a137fe979a760 - Path: Packages/com.unity.inputsystem/InputSystem/Editor/Icons/d_Stick@4x.png - Importer: ScriptedImporter/UnityEditor.QuickSearchModule:UnityEditor.Search:ASIAI0B' with importer (ScriptedImporter : UnityEditor.QuickSearchModule:UnityEditor.Search:ASIAI0B)
Imported 'GUID: f2fd4d7aa99c94a67a6a137fe979a760' -> (Import Result ID: '4e0ca19e22eb35dcd71ba2991ad81445') in 0.002 seconds [static and dynamic dependencies]. Details - ImportResultOutputID=37af9ec932e532a17f049165ae28eac5 DependenciesID=df97c3b2dcd354ae79500d389e3653f7 StaticDependenciesID=e3615dbcc06dd780c15c44b5691039c6 
Number of updated asset objects reloaded before import = 0
Number of asset objects unloaded after import = 1
========================================================================
Received Import Request.
  Time of request: 2026-08-27T08:30:32.368995Z
  Time since last request: 0.00024425 seconds.
  importAddress: GUID: c2339479d3a44fcb902e62c60f0a05af - Path: Packages/com.unity.inputsystem/InputSystem/Devices/Commands/IInputDeviceCommandInfo.cs - Importer: ScriptedImporter/UnityEditor.QuickSearchModule:UnityEditor.Search:ASIAI0B
Importing 'GUID: c2339479d3a44fcb902e62c60f0a05af - Path: Packages/com.unity.inputsystem/InputSystem/Devices/Commands/IInputDeviceCommandInfo.cs - Importer: ScriptedImporter/UnityEditor.QuickSearchModule:UnityEditor.Search:ASIAI0B' with importer (ScriptedImporter : UnityEditor.QuickSearchModule:UnityEditor.Search:ASIAI0B)
Imported 'GUID: c2339479d3a44fcb902e62c60f0a05af' -> (Import Result ID: '89897b2fc8df41d582738e553de3b562') in 0.001 seconds [static and dynamic dependencies]. Details - ImportResultOutputID=7d8a80a16813ca9ff3de188d68e59c7a DependenciesID=af30282d8f086db39bb3b043b3eb1334 StaticDependenciesID=98876f703dba724db058f73f96ccc59c 
Number of updated asset objects reloaded before import = 0
Number of asset objects unloaded after import = 0
========================================================================
Received Import Request.
  Time of request: 2026-08-27T08:30:32.369977Z
  Time since last request: 0.000170959 seconds.
  importAddress: GUID: e68462a09b6ba104abce11d2d157d0b2 - Path: Packages/com.unity.inputsystem/InputSystem/Editor/UITKAssetEditor/InputActionsEditorWindow.cs - Importer: ScriptedImporter/UnityEditor.QuickSearchModule:UnityEditor.Search:ASIAI0B
Importing 'GUID: e68462a09b6ba104abce11d2d157d0b2 - Path: Packages/com.unity.inputsystem/InputSystem/Editor/UITKAssetEditor/InputActionsEditorWindow.cs - Importer: ScriptedImporter/UnityEditor.QuickSearchModule:UnityEditor.Search:ASIAI0B' with importer (ScriptedImporter : UnityEditor.QuickSearchModule:UnityEditor.Search:ASIAI0B)
Imported 'GUID: e68462a09b6ba104abce11d2d157d0b2' -> (Import Result ID: 'fd8d5d8d820f0c47ed6f456008e2a400') in 0.001 seconds [static and dynamic dependencies]. Details - ImportResultOutputID=a9f2503362cb582e80278c416bed79ca DependenciesID=019ed2a8a6117b00909f7fb3e8e2a31a StaticDependenciesID=f4f11c326c4a636119182786c8652c37 
Number of updated asset objects reloaded before import = 0
Number of asset objects unloaded after import = 0
========================================================================
Received Import Request.
  Time of request: 2026-08-27T08:30:32.3708Z
  Time since last request: 0.000199333 seconds.
  importAddress: GUID: e35c175d4f60c4820a36054488cb5524 - Path: Packages/com.unity.inputsystem/InputSystem/Editor/ControlPicker/InputControlPicker.cs - Importer: ScriptedImporter/UnityEditor.QuickSearchModule:UnityEditor.Search:ASIAI0B
Importing 'GUID: e35c175d4f60c4820a36054488cb5524 - Path: Packages/com.unity.inputsystem/InputSystem/Editor/ControlPicker/InputControlPicker.cs - Importer: ScriptedImporter/UnityEditor.QuickSearchModule:UnityEditor.Search:ASIAI0B' with importer (ScriptedImporter : UnityEditor.QuickSearchModule:UnityEditor.Search:ASIAI0B)
Imported 'GUID: e35c175d4f60c4820a36054488cb5524' -> (Import Result ID: 'e5dbc2b314ced8fc1e0bb9b5478df3c2') in 0.001 seconds [static and dynamic dependencies]. Details - ImportResultOutputID=65128d7100112535e7a4eec472c55937 DependenciesID=f84c3b9e654f337e7860b326f432dfaf StaticDependenciesID=349263e6c3721140a7b8292b3457dfeb 
Number of updated asset objects reloaded before import = 0
Number of asset objects unloaded after import = 0
========================================================================
Received Import Request.
  Time of request: 2026-08-27T08:30:32.371784Z
  Time since last request: 0.000262333 seconds.
  importAddress: GUID: 9e0a885665a44db1adfaf0e3b9e9cda6 - Path: Packages/com.unity.inputsystem/InputSystem/Editor/PropertyDrawers/InputActionAssetDrawer.cs - Importer: ScriptedImporter/UnityEditor.QuickSearchModule:UnityEditor.Search:ASIAI0B
Importing 'GUID: 9e0a885665a44db1adfaf0e3b9e9cda6 - Path: Packages/com.unity.inputsystem/InputSystem/Editor/PropertyDrawers/InputActionAssetDrawer.cs - Importer: ScriptedImporter/UnityEditor.QuickSearchModule:UnityEditor.Search:ASIAI0B' with importer (ScriptedImporter : UnityEditor.QuickSearchModule:UnityEditor.Search:ASIAI0B)
Imported 'GUID: 9e0a885665a44db1adfaf0e3b9e9cda6' -> (Import Result ID: 'a07030187fc0b67a7ebbe0bec3daf4bf') in 0.001 seconds [static and dynamic dependencies]. Details - ImportResultOutputID=f7861d85501b7fd78cbcd23091257eeb DependenciesID=467c1155e235f2811130df3e38f8eed3 StaticDependenciesID=f6b15a0d5703ab753a8a22dc770d11e3 
Number of updated asset objects reloaded before import = 0
Number of asset objects unloaded after import = 0
========================================================================
Received Import Request.
  Time of request: 2026-08-27T08:30:32.372666Z
  Time since last request: 0.000143792 seconds.
  importAddress: GUID: e2078613efd9e410c8771cbd2717f4e7 - Path: Packages/com.unity.inputsystem/InputSystem/Editor/Icons/d_InputControl@4x.png - Importer: ScriptedImporter/UnityEditor.QuickSearchModule:UnityEditor.Search:ASIAI0B
Importing 'GUID: e2078613efd9e410c8771cbd2717f4e7 - Path: Packages/com.unity.inputsystem/InputSystem/Editor/Icons/d_InputControl@4x.png - Importer: ScriptedImporter/UnityEditor.QuickSearchModule:UnityEditor.Search:ASIAI0B' with importer (ScriptedImporter : UnityEditor.QuickSearchModule:UnityEditor.Search:ASIAI0B)
Imported 'GUID: e2078613efd9e410c8771cbd2717f4e7' -> (Import Result ID: '21370f803c42fe086e5a20f69794dd05') in 0.002 seconds [static and dynamic dependencies]. Details - ImportResultOutputID=d9f5f8f2627d05edc5601ef1b5e9c7af DependenciesID=0954dbb18201c970b3eed7d5707874b2 StaticDependenciesID=821d930d574890995cb976d081f6a40e 
Number of updated asset objects reloaded before import = 0
Number of asset objects unloaded after import = 1
========================================================================
Received Import Request.
  Time of request: 2026-08-27T08:30:32.375332Z
  Time since last request: 0.000172458 seconds.
  importAddress: GUID: b0c637405fa4842cc92e389df8729bc8 - Path: Packages/com.unity.inputsystem/InputSystem/Devices/Commands/RequestSyncCommand.cs - Importer: ScriptedImporter/UnityEditor.QuickSearchModule:UnityEditor.Search:ASIAI0B
Importing 'GUID: b0c637405fa4842cc92e389df8729bc8 - Path: Packages/com.unity.inputsystem/InputSystem/Devices/Commands/RequestSyncCommand.cs - Importer: ScriptedImporter/UnityEditor.QuickSearchModule:UnityEditor.Search:ASIAI0B' with importer (ScriptedImporter : UnityEditor.QuickSearchModule:UnityEditor.Search:ASIAI0B)
Imported 'GUID: b0c637405fa4842cc92e389df8729bc8' -> (Import Result ID: '42f5cea3357601f19cb3245d8b71e28e') in 0.001 seconds [static and dynamic dependencies]. Details - ImportResultOutputID=24ff1110cfa8858d780ceafee04cfbf8 DependenciesID=499448614ef38a26e913d6fcfb6ac476 StaticDependenciesID=46240ca4dcfd98b10d835c0ad0734e42 
Number of updated asset objects reloaded before import = 0
Number of asset objects unloaded after import = 0
========================================================================
Received Import Request.
  Time of request: 2026-08-27T08:30:32.376294Z
  Time since last request: 0.000191541 seconds.
  importAddress: GUID: 98406e6253bf4ccba72ff32ee85f5efa - Path: Packages/com.unity.inputsystem/InputSystem/Devices/InputDeviceDescription.cs - Importer: ScriptedImporter/UnityEditor.QuickSearchModule:UnityEditor.Search:ASIAI0B
Importing 'GUID: 98406e6253bf4ccba72ff32ee85f5efa - Path: Packages/com.unity.inputsystem/InputSystem/Devices/InputDeviceDescription.cs - Importer: ScriptedImporter/UnityEditor.QuickSearchModule:UnityEditor.Search:ASIAI0B' with importer (ScriptedImporter : UnityEditor.QuickSearchModule:UnityEditor.Search:ASIAI0B)
Imported 'GUID: 98406e6253bf4ccba72ff32ee85f5efa' -> (Import Result ID: 'c66ad9b5b98801e83f6b5d3d60bdd178') in 0.001 seconds [static and dynamic dependencies]. Details - ImportResultOutputID=2de75125838fee581f8ead92d66e098a DependenciesID=d63bcc6f0d142db3605f778067f7a268 StaticDependenciesID=26cdb2d4629e39a1c8793c3e28bc4ff3 
Number of updated asset objects reloaded before import = 0
Number of asset objects unloaded after import = 0
========================================================================
Received Import Request.
  Time of request: 2026-08-27T08:30:32.37725Z
  Time since last request: 0.000156667 seconds.
  importAddress: GUID: daa9ba527d8a34b218224b8287ce11d3 - Path: Packages/com.unity.inputsystem/InputSystem/Editor/Icons/d_Mouse@2x.png - Importer: ScriptedImporter/UnityEditor.QuickSearchModule:UnityEditor.Search:ASIAI0B
Importing 'GUID: daa9ba527d8a34b218224b8287ce11d3 - Path: Packages/com.unity.inputsystem/InputSystem/Editor/Icons/d_Mouse@2x.png - Importer: ScriptedImporter/UnityEditor.QuickSearchModule:UnityEditor.Search:ASIAI0B' with importer (ScriptedImporter : UnityEditor.QuickSearchModule:UnityEditor.Search:ASIAI0B)
Imported 'GUID: daa9ba527d8a34b218224b8287ce11d3' -> (Import Result ID: '27b5ede43f9317ff3bc0dd403561f74d') in 0.002 seconds [static and dynamic dependencies]. Details - ImportResultOutputID=6240435f4ff646e051ae8a3e7dd6efd1 DependenciesID=af31846e77ddc4ab6739c51573360d70 StaticDependenciesID=f3603ea5195ed06a405bfa1090050fef 
Number of updated asset objects reloaded before import = 0
Number of asset objects unloaded after import = 1
========================================================================
Received Import Request.
  Time of request: 2026-08-27T08:30:32.379431Z
  Time since last request: 0.00021225 seconds.
  importAddress: GUID: 4f7d29e15c49c49499875a6a2378f2a4 - Path: Packages/com.unity.inputsystem/InputSystem/Editor/InputParameterEditor.cs - Importer: ScriptedImporter/UnityEditor.QuickSearchModule:UnityEditor.Search:ASIAI0B
Importing 'GUID: 4f7d29e15c49c49499875a6a2378f2a4 - Path: Packages/com.unity.inputsystem/InputSystem/Editor/InputParameterEditor.cs - Importer: ScriptedImporter/UnityEditor.QuickSearchModule:UnityEditor.Search:ASIAI0B' with importer (ScriptedImporter : UnityEditor.QuickSearchModule:UnityEditor.Search:ASIAI0B)
Imported 'GUID: 4f7d29e15c49c49499875a6a2378f2a4' -> (Import Result ID: '7c3ad277c98f506b874648518ed7cca4') in 0.001 seconds [static and dynamic dependencies]. Details - ImportResultOutputID=267e1003b62fb5443846b119631f7826 DependenciesID=baf63ab63563b06db04913025160b027 StaticDependenciesID=d9b8cbed115ad19effaf16f80623c94e 
Number of updated asset objects reloaded before import = 0
Number of asset objects unloaded after import = 0
========================================================================
Received Import Request.
  Time of request: 2026-08-27T08:30:32.380502Z
  Time since last request: 0.000325542 seconds.
  importAddress: GUID: 40a0b3d771450454796d773d18ae0c31 - Path: Packages/com.unity.inputsystem/InputSystem/Editor/InputSystemPackageControl.cs - Importer: ScriptedImporter/UnityEditor.QuickSearchModule:UnityEditor.Search:ASIAI0B
Importing 'GUID: 40a0b3d771450454796d773d18ae0c31 - Path: Packages/com.unity.inputsystem/InputSystem/Editor/InputSystemPackageControl.cs - Importer: ScriptedImporter/UnityEditor.QuickSearchModule:UnityEditor.Search:ASIAI0B' with importer (ScriptedImporter : UnityEditor.QuickSearchModule:UnityEditor.Search:ASIAI0B)
Imported 'GUID: 40a0b3d771450454796d773d18ae0c31' -> (Import Result ID: 'cab44a1c8ac108ec5671b9d9f86e59e6') in 0.001 seconds [static and dynamic dependencies]. Details - ImportResultOutputID=6ef02a9502b72fb2c02f5db82dc98aec DependenciesID=42c88fb0b7103670564d11fba9366449 StaticDependenciesID=1390b7816032add02d5a2b2afc8a5833 
Number of updated asset objects reloaded before import = 0
Number of asset objects unloaded after import = 0
========================================================================
Received Import Request.
  Time of request: 2026-08-27T08:30:32.381424Z
  Time since last request: 0.000168625 seconds.
  importAddress: GUID: 455d9bc907fb62d44a2195e53ff7c0b7 - Path: Packages/com.unity.inputsystem/InputSystem/Utilities/PrimitiveValue.cs - Importer: ScriptedImporter/UnityEditor.QuickSearchModule:UnityEditor.Search:ASIAI0B
Importing 'GUID: 455d9bc907fb62d44a2195e53ff7c0b7 - Path: Packages/com.unity.inputsystem/InputSystem/Utilities/PrimitiveValue.cs - Importer: ScriptedImporter/UnityEditor.QuickSearchModule:UnityEditor.Search:ASIAI0B' with importer (ScriptedImporter : UnityEditor.QuickSearchModule:UnityEditor.Search:ASIAI0B)
Imported 'GUID: 455d9bc907fb62d44a2195e53ff7c0b7' -> (Import Result ID: '9efa025b898afffc8b44997a86cb8c4a') in 0.001 seconds [static and dynamic dependencies]. Details - ImportResultOutputID=5011106eaf80585653df81447adfb434 DependenciesID=6c0ea941e13cef24779f7da26cec33bf StaticDependenciesID=f19e5aada3f6e58768e8761ddf867ed7 
Number of updated asset objects reloaded before import = 0
Number of asset objects unloaded after import = 0
========================================================================
Received Import Request.
  Time of request: 2026-08-27T08:30:32.382293Z
  Time since last request: 0.000185959 seconds.
  importAddress: GUID: 7894838fa258e3a4197077ddbda0eec5 - Path: Packages/com.unity.inputsystem/InputSystem/Editor/UITKAssetEditor/PackageResources - Importer: ScriptedImporter/UnityEditor.QuickSearchModule:UnityEditor.Search:ASIAI0B
Importing 'GUID: 7894838fa258e3a4197077ddbda0eec5 - Path: Packages/com.unity.inputsystem/InputSystem/Editor/UITKAssetEditor/PackageResources - Importer: ScriptedImporter/UnityEditor.QuickSearchModule:UnityEditor.Search:ASIAI0B' with importer (ScriptedImporter : UnityEditor.QuickSearchModule:UnityEditor.Search:ASIAI0B)
Imported 'GUID: 7894838fa258e3a4197077ddbda0eec5' -> (Import Result ID: 'b9e843edadb9999884b0a5620f549837') in 0.001 seconds [static and dynamic dependencies]. Details - ImportResultOutputID=8d689bbc79aa61bcd9f3076254c9d81b DependenciesID=0cb5ca9c37d0eecd2582e52dc89fabdf StaticDependenciesID=88e8eb9fc77a43be4bbb074c9a0f58da 
Number of updated asset objects reloaded before import = 0
Number of asset objects unloaded after import = 1
========================================================================
Received Import Request.
  Time of request: 2026-08-27T08:30:32.383072Z
  Time since last request: 0.000187667 seconds.
  importAddress: GUID: 58dca4037ed747dba3154af0d815053a - Path: Packages/com.unity.inputsystem/InputSystem/Editor/Debugger/InputLatencyCalculator.cs - Importer: ScriptedImporter/UnityEditor.QuickSearchModule:UnityEditor.Search:ASIAI0B
Importing 'GUID: 58dca4037ed747dba3154af0d815053a - Path: Packages/com.unity.inputsystem/InputSystem/Editor/Debugger/InputLatencyCalculator.cs - Importer: ScriptedImporter/UnityEditor.QuickSearchModule:UnityEditor.Search:ASIAI0B' with importer (ScriptedImporter : UnityEditor.QuickSearchModule:UnityEditor.Search:ASIAI0B)
Imported 'GUID: 58dca4037ed747dba3154af0d815053a' -> (Import Result ID: '00925651110ba02e90eed95802fd94e1') in 0.001 seconds [static and dynamic dependencies]. Details - ImportResultOutputID=350111673f736ee0768cc89e38058b6c DependenciesID=ce55eec3c6c28e2708905475c808cd2a StaticDependenciesID=3b9ae4748b13ff7793929ed311ca0711 
Number of updated asset objects reloaded before import = 0
Number of asset objects unloaded after import = 0
========================================================================
Received Import Request.
  Time of request: 2026-08-27T08:30:32.383909Z
  Time since last request: 0.000166459 seconds.
  importAddress: GUID: 0efecba65ae4341a385cd5d39a2af765 - Path: Packages/com.unity.inputsystem/InputSystem/Editor/Icons/d_ChevronUp@3x.png - Importer: ScriptedImporter/UnityEditor.QuickSearchModule:UnityEditor.Search:ASIAI0B
Importing 'GUID: 0efecba65ae4341a385cd5d39a2af765 - Path: Packages/com.unity.inputsystem/InputSystem/Editor/Icons/d_ChevronUp@3x.png - Importer: ScriptedImporter/UnityEditor.QuickSearchModule:UnityEditor.Search:ASIAI0B' with importer (ScriptedImporter : UnityEditor.QuickSearchModule:UnityEditor.Search:ASIAI0B)
Imported 'GUID: 0efecba65ae4341a385cd5d39a2af765' -> (Import Result ID: 'a174f0962b5f993fb23652c6925bce95') in 0.002 seconds [static and dynamic dependencies]. Details - ImportResultOutputID=9dccdcfa676ecc289627fd9a29fff53f DependenciesID=b23f73de6068a13cbf42f5d38b75ebec StaticDependenciesID=c4e2d432be422b2c82321717e42bea38 
Number of updated asset objects reloaded before import = 0
Number of asset objects unloaded after import = 1
========================================================================
Received Import Request.
  Time of request: 2026-08-27T08:30:32.386134Z
  Time since last request: 0.000300667 seconds.
  importAddress: GUID: 61fdc882d66f0f34d90450c001c0078e - Path: Packages/com.unity.inputsystem/InputSystem/Actions/Composites/AxisComposite.cs - Importer: ScriptedImporter/UnityEditor.QuickSearchModule:UnityEditor.Search:ASIAI0B
Importing 'GUID: 61fdc882d66f0f34d90450c001c0078e - Path: Packages/com.unity.inputsystem/InputSystem/Actions/Composites/AxisComposite.cs - Importer: ScriptedImporter/UnityEditor.QuickSearchModule:UnityEditor.Search:ASIAI0B' with importer (ScriptedImporter : UnityEditor.QuickSearchModule:UnityEditor.Search:ASIAI0B)
Imported 'GUID: 61fdc882d66f0f34d90450c001c0078e' -> (Import Result ID: 'c169ceedcd63c8df10b3dfe6e4b52f16') in 0.001 seconds [static and dynamic dependencies]. Details - ImportResultOutputID=2f762fef91779f3b21b55c3a4cfecb18 DependenciesID=eae7fe52a8493037be8c96d419f59a1f StaticDependenciesID=eaa1da9ec6777bf4625d397e08935d52 
Number of updated asset objects reloaded before import = 0
Number of asset objects unloaded after import = 0
========================================================================
Received Import Request.
  Time of request: 2026-08-27T08:30:32.387232Z
  Time since last request: 0.00020325 seconds.
  importAddress: GUID: dc04f38471c3a459fb4d31124ee9127d - Path: Packages/com.unity.inputsystem/Tests/TestFixture/Unity.InputSystem.TestFramework.asmdef - Importer: ScriptedImporter/UnityEditor.QuickSearchModule:UnityEditor.Search:ASIAI0B
Importing 'GUID: dc04f38471c3a459fb4d31124ee9127d - Path: Packages/com.unity.inputsystem/Tests/TestFixture/Unity.InputSystem.TestFramework.asmdef - Importer: ScriptedImporter/UnityEditor.QuickSearchModule:UnityEditor.Search:ASIAI0B' with importer (ScriptedImporter : UnityEditor.QuickSearchModule:UnityEditor.Search:ASIAI0B)
Imported 'GUID: dc04f38471c3a459fb4d31124ee9127d' -> (Import Result ID: '64448ccc0386ddf82cf34db7a46526ab') in 0.001 seconds [static and dynamic dependencies]. Details - ImportResultOutputID=0031c647d6cac2d565a55c8a1af27aff DependenciesID=55f0e60ca644b7a2fd4d8e166a3a59ba StaticDependenciesID=fdc2d5f1ec43b2accf130a461ac7c444 
Number of updated asset objects reloaded before import = 0
Number of asset objects unloaded after import = 1
========================================================================
Received Import Request.
  Time of request: 2026-08-27T08:30:32.407502Z
  Time since last request: 0.019430792 seconds.
  importAddress: GUID: 7fad89501bb5c408e956934bf2eb8ae3 - Path: Packages/com.unity.inputsystem/InputSystem/Editor/Icons/d_ChevronUp.png - Importer: ScriptedImporter/UnityEditor.QuickSearchModule:UnityEditor.Search:ASIAI0B
Importing 'GUID: 7fad89501bb5c408e956934bf2eb8ae3 - Path: Packages/com.unity.inputsystem/InputSystem/Editor/Icons/d_ChevronUp.png - Importer: ScriptedImporter/UnityEditor.QuickSearchModule:UnityEditor.Search:ASIAI0B' with importer (ScriptedImporter : UnityEditor.QuickSearchModule:UnityEditor.Search:ASIAI0B)
Imported 'GUID: 7fad89501bb5c408e956934bf2eb8ae3' -> (Import Result ID: '7224fee69102f42d857c947ff406178a') in 0.003 seconds [static and dynamic dependencies]. Details - ImportResultOutputID=56d6f92ba5186823dafc62294c39cac5 DependenciesID=b5a6ebae1c05a69eaad2fabb560e61bd StaticDependenciesID=f7576fde25b3c4ca9ccfe218cd1a300f 
Number of updated asset objects reloaded before import = 0
Number of asset objects unloaded after import = 1
========================================================================
Received Import Request.
  Time of request: 2026-08-27T08:30:32.410482Z
  Time since last request: 0.000160042 seconds.
  importAddress: GUID: b98fcf53d54c1fe4abdd9327cf57a371 - Path: Packages/com.unity.inputsystem/InputSystem/Editor/UITKAssetEditor/Views/Selectors.cs - Importer: ScriptedImporter/UnityEditor.QuickSearchModule:UnityEditor.Search:ASIAI0B
Importing 'GUID: b98fcf53d54c1fe4abdd9327cf57a371 - Path: Packages/com.unity.inputsystem/InputSystem/Editor/UITKAssetEditor/Views/Selectors.cs - Importer: ScriptedImporter/UnityEditor.QuickSearchModule:UnityEditor.Search:ASIAI0B' with importer (ScriptedImporter : UnityEditor.QuickSearchModule:UnityEditor.Search:ASIAI0B)
Imported 'GUID: b98fcf53d54c1fe4abdd9327cf57a371' -> (Import Result ID: 'e29771b6fcfe2f78a4b75a7962ab2e92') in 0.001 seconds [static and dynamic dependencies]. Details - ImportResultOutputID=9cc5ac87d70ee440bbaa8bcb32a8c056 DependenciesID=9118fcbbc10053f350f2048f0931bf07 StaticDependenciesID=ae7c43fb40f9dd88fe0672f58ae3721d 
Number of updated asset objects reloaded before import = 0
Number of asset objects unloaded after import = 0
========================================================================
Received Import Request.
  Time of request: 2026-08-27T08:30:32.411567Z
  Time since last request: 0.000357166 seconds.
  importAddress: GUID: 41edf25d451a744e6ad1172a677603bd - Path: Packages/com.unity.inputsystem/InputSystem/Editor/Icons/d_Dpad@4x.png - Importer: ScriptedImporter/UnityEditor.QuickSearchModule:UnityEditor.Search:ASIAI0B
Importing 'GUID: 41edf25d451a744e6ad1172a677603bd - Path: Packages/com.unity.inputsystem/InputSystem/Editor/Icons/d_Dpad@4x.png - Importer: ScriptedImporter/UnityEditor.QuickSearchModule:UnityEditor.Search:ASIAI0B' with importer (ScriptedImporter : UnityEditor.QuickSearchModule:UnityEditor.Search:ASIAI0B)
Imported 'GUID: 41edf25d451a744e6ad1172a677603bd' -> (Import Result ID: '56b168810cf627b345c842c4e1c96326') in 0.002 seconds [static and dynamic dependencies]. Details - ImportResultOutputID=123d4228f311dce361f67df4c272b629 DependenciesID=35f7c5e1d8daa9498f4d45a7ef12e1e8 StaticDependenciesID=ba8a326b108abcd442c919f28306163c 
Number of updated asset objects reloaded before import = 0
Number of asset objects unloaded after import = 1
========================================================================
Received Import Request.
  Time of request: 2026-08-27T08:30:32.414181Z
  Time since last request: 0.000167792 seconds.
  importAddress: GUID: a6f2f33363708814e8530579e2d8cf2d - Path: Packages/com.unity.inputsystem/InputSystem/Editor/UITKAssetEditor/ReactiveProperty.cs - Importer: ScriptedImporter/UnityEditor.QuickSearchModule:UnityEditor.Search:ASIAI0B
Importing 'GUID: a6f2f33363708814e8530579e2d8cf2d - Path: Packages/com.unity.inputsystem/InputSystem/Editor/UITKAssetEditor/ReactiveProperty.cs - Importer: ScriptedImporter/UnityEditor.QuickSearchModule:UnityEditor.Search:ASIAI0B' with importer (ScriptedImporter : UnityEditor.QuickSearchModule:UnityEditor.Search:ASIAI0B)
Imported 'GUID: a6f2f33363708814e8530579e2d8cf2d' -> (Import Result ID: '67ffafff542e232c23e880158e1eaf02') in 0.001 seconds [static and dynamic dependencies]. Details - ImportResultOutputID=b52bece482fc4d71fff98742c6281e06 DependenciesID=3177ddd08c163fabd9625e65f658b005 StaticDependenciesID=7fed8159ae58c6aed76dd90987f06157 
Number of updated asset objects reloaded before import = 0
Number of asset objects unloaded after import = 0
========================================================================
Received Import Request.
  Time of request: 2026-08-27T08:30:32.41505Z
  Time since last request: 0.00018225 seconds.
  importAddress: GUID: 60f36b88774fb4ed685661de123d7449 - Path: Packages/com.unity.inputsystem/InputSystem/Editor/Internal/TreeViewHelpers.cs - Importer: ScriptedImporter/UnityEditor.QuickSearchModule:UnityEditor.Search:ASIAI0B
Importing 'GUID: 60f36b88774fb4ed685661de123d7449 - Path: Packages/com.unity.inputsystem/InputSystem/Editor/Internal/TreeViewHelpers.cs - Importer: ScriptedImporter/UnityEditor.QuickSearchModule:UnityEditor.Search:ASIAI0B' with importer (ScriptedImporter : UnityEditor.QuickSearchModule:UnityEditor.Search:ASIAI0B)
Imported 'GUID: 60f36b88774fb4ed685661de123d7449' -> (Import Result ID: '84ce7c5c4516ff5863f4c61d8b609339') in 0.001 seconds [static and dynamic dependencies]. Details - ImportResultOutputID=a3ca25459bad33b35e1256d49c87aeb1 DependenciesID=aa633038d4e31d6fb098b5eb1dd75bb2 StaticDependenciesID=505bbe91eefb4f6002517e1105bdd590 
Number of updated asset objects reloaded before import = 0
Number of asset objects unloaded after import = 0
========================================================================
Received Import Request.
  Time of request: 2026-08-27T08:30:32.416199Z
  Time since last request: 0.000147708 seconds.
  importAddress: GUID: 92b3f5ed3a3e41daaf0bed64ebc854d9 - Path: Packages/com.unity.inputsystem/InputSystem/Utilities/Observables/Observer.cs - Importer: ScriptedImporter/UnityEditor.QuickSearchModule:UnityEditor.Search:ASIAI0B
Importing 'GUID: 92b3f5ed3a3e41daaf0bed64ebc854d9 - Path: Packages/com.unity.inputsystem/InputSystem/Utilities/Observables/Observer.cs - Importer: ScriptedImporter/UnityEditor.QuickSearchModule:UnityEditor.Search:ASIAI0B' with importer (ScriptedImporter : UnityEditor.QuickSearchModule:UnityEditor.Search:ASIAI0B)
Imported 'GUID: 92b3f5ed3a3e41daaf0bed64ebc854d9' -> (Import Result ID: 'd9155672acb753ac307a4996f03c9fda') in 0.001 seconds [static and dynamic dependencies]. Details - ImportResultOutputID=8a6b744acebaf680e4d718194251ff7f DependenciesID=8cc1a26e5173692aedb8dbfb0c13dd2d StaticDependenciesID=452b00c29d8f6f177c04d972eb2ec4c7 
Number of updated asset objects reloaded before import = 0
Number of asset objects unloaded after import = 0
========================================================================
Received Import Request.
  Time of request: 2026-08-27T08:30:32.41707Z
  Time since last request: 0.000137708 seconds.
  importAddress: GUID: 8b5bc678fe5c44624a0f00e148fc2670 - Path: Packages/com.unity.inputsystem/InputSystem/Devices/ITextInputReceiver.cs - Importer: ScriptedImporter/UnityEditor.QuickSearchModule:UnityEditor.Search:ASIAI0B
Importing 'GUID: 8b5bc678fe5c44624a0f00e148fc2670 - Path: Packages/com.unity.inputsystem/InputSystem/Devices/ITextInputReceiver.cs - Importer: ScriptedImporter/UnityEditor.QuickSearchModule:UnityEditor.Search:ASIAI0B' with importer (ScriptedImporter : UnityEditor.QuickSearchModule:UnityEditor.Search:ASIAI0B)
Imported 'GUID: 8b5bc678fe5c44624a0f00e148fc2670' -> (Import Result ID: 'e8f5cd651c3e69651cf055177dddf85d') in 0.001 seconds [static and dynamic dependencies]. Details - ImportResultOutputID=b87828df5d79bc2efa63cebb2c28309f DependenciesID=e2b98394a623f3c3204509379d408ba7 StaticDependenciesID=ff2f17787acbf9a7a8f3552dc27c7c5a 
Number of updated asset objects reloaded before import = 0
Number of asset objects unloaded after import = 0
========================================================================
Received Import Request.
  Time of request: 2026-08-27T08:30:32.417912Z
  Time since last request: 0.000171959 seconds.
  importAddress: GUID: 6c784a1510a154625903484b84c8ddaf - Path: Packages/com.unity.inputsystem/InputSystem/Devices/Commands/QueryUserIdCommand.cs - Importer: ScriptedImporter/UnityEditor.QuickSearchModule:UnityEditor.Search:ASIAI0B
Importing 'GUID: 6c784a1510a154625903484b84c8ddaf - Path: Packages/com.unity.inputsystem/InputSystem/Devices/Commands/QueryUserIdCommand.cs - Importer: ScriptedImporter/UnityEditor.QuickSearchModule:UnityEditor.Search:ASIAI0B' with importer (ScriptedImporter : UnityEditor.QuickSearchModule:UnityEditor.Search:ASIAI0B)
Imported 'GUID: 6c784a1510a154625903484b84c8ddaf' -> (Import Result ID: 'fb093aceb71d1b4bb42b3e76dc9c3ae0') in 0.001 seconds [static and dynamic dependencies]. Details - ImportResultOutputID=a9883a39845d6629f09b806a4c87da3c DependenciesID=f39b6772537c207f17a9ec4cca11dc86 StaticDependenciesID=91cdd93b50d4b7afb9b46858bf468935 
Number of updated asset objects reloaded before import = 0
Number of asset objects unloaded after import = 0
========================================================================
Received Import Request.
  Time of request: 2026-08-27T08:30:32.419056Z
  Time since last request: 0.000339709 seconds.
  importAddress: GUID: 5c6284fecb53e48ee832bc14c64be6fb - Path: Packages/com.unity.inputsystem/InputSystem/Devices/Commands/QueryPairedUserAccountCommand.cs - Importer: ScriptedImporter/UnityEditor.QuickSearchModule:UnityEditor.Search:ASIAI0B
Importing 'GUID: 5c6284fecb53e48ee832bc14c64be6fb - Path: Packages/com.unity.inputsystem/InputSystem/Devices/Commands/QueryPairedUserAccountCommand.cs - Importer: ScriptedImporter/UnityEditor.QuickSearchModule:UnityEditor.Search:ASIAI0B' with importer (ScriptedImporter : UnityEditor.QuickSearchModule:UnityEditor.Search:ASIAI0B)
Imported 'GUID: 5c6284fecb53e48ee832bc14c64be6fb' -> (Import Result ID: 'b35e3b8c870713f9590ee2d97bb892d5') in 0.001 seconds [static and dynamic dependencies]. Details - ImportResultOutputID=220cadcc093b8338d2e0b97e061a2894 DependenciesID=2d1c81275dc4d098bd80e7bdc515ee01 StaticDependenciesID=bf9be4395d00b854ca9a17daa07b8770 
Number of updated asset objects reloaded before import = 0
Number of asset objects unloaded after import = 0
========================================================================
Received Import Request.
  Time of request: 2026-08-27T08:30:32.420172Z
  Time since last request: 0.000265 seconds.
  importAddress: GUID: 862c5ca31844d4a6d9aa804af982ce65 - Path: Packages/com.unity.inputsystem/InputSystem/Editor/Icons/Add Binding@4x.png - Importer: ScriptedImporter/UnityEditor.QuickSearchModule:UnityEditor.Search:ASIAI0B
Importing 'GUID: 862c5ca31844d4a6d9aa804af982ce65 - Path: Packages/com.unity.inputsystem/InputSystem/Editor/Icons/Add Binding@4x.png - Importer: ScriptedImporter/UnityEditor.QuickSearchModule:UnityEditor.Search:ASIAI0B' with importer (ScriptedImporter : UnityEditor.QuickSearchModule:UnityEditor.Search:ASIAI0B)
Imported 'GUID: 862c5ca31844d4a6d9aa804af982ce65' -> (Import Result ID: 'f453200c51ea406f09c0213b598564ba') in 0.002 seconds [static and dynamic dependencies]. Details - ImportResultOutputID=65fa0baa1fcaf6fb86d4c8f081554017 DependenciesID=1edf5095990a208d97593cad28641542 StaticDependenciesID=c41e93848f94dd0e63eaf0a9eb42ab5c 
Number of updated asset objects reloaded before import = 0
Number of asset objects unloaded after import = 1
========================================================================
Received Import Request.
  Time of request: 2026-08-27T08:30:32.422438Z
  Time since last request: 0.000192292 seconds.
  importAddress: GUID: ea70775d141141a3bca036e60a89e8fa - Path: Packages/com.unity.inputsystem/InputSystem/Utilities/Observables/WhereObservable.cs - Importer: ScriptedImporter/UnityEditor.QuickSearchModule:UnityEditor.Search:ASIAI0B
Importing 'GUID: ea70775d141141a3bca036e60a89e8fa - Path: Packages/com.unity.inputsystem/InputSystem/Utilities/Observables/WhereObservable.cs - Importer: ScriptedImporter/UnityEditor.QuickSearchModule:UnityEditor.Search:ASIAI0B' with importer (ScriptedImporter : UnityEditor.QuickSearchModule:UnityEditor.Search:ASIAI0B)
Imported 'GUID: ea70775d141141a3bca036e60a89e8fa' -> (Import Result ID: 'e757846a6ef74f41730432f4c0ecc9fc') in 0.001 seconds [static and dynamic dependencies]. Details - ImportResultOutputID=2eccde756549372315ed7efe7dcff58e DependenciesID=555f0025107f82596e9f1d803b2bcd35 StaticDependenciesID=728aa726817fb4a0337111b1bdcd8853 
Number of updated asset objects reloaded before import = 0
Number of asset objects unloaded after import = 0
========================================================================
Received Import Request.
  Time of request: 2026-08-27T08:30:32.423291Z
  Time since last request: 0.000184333 seconds.
  importAddress: GUID: 1c751eb104ad5407992e614361d5f81e - Path: Packages/com.unity.inputsystem/InputSystem/Editor/Icons/Orientation@4x.png - Importer: ScriptedImporter/UnityEditor.QuickSearchModule:UnityEditor.Search:ASIAI0B
Importing 'GUID: 1c751eb104ad5407992e614361d5f81e - Path: Packages/com.unity.inputsystem/InputSystem/Editor/Icons/Orientation@4x.png - Importer: ScriptedImporter/UnityEditor.QuickSearchModule:UnityEditor.Search:ASIAI0B' with importer (ScriptedImporter : UnityEditor.QuickSearchModule:UnityEditor.Search:ASIAI0B)
Imported 'GUID: 1c751eb104ad5407992e614361d5f81e' -> (Import Result ID: 'ab8fc81a382e82e53d09ff79d42dd924') in 0.003 seconds [static and dynamic dependencies]. Details - ImportResultOutputID=32205482a191059c698ba82353dec898 DependenciesID=32de74d61b6790df6476bc82f7309b3b StaticDependenciesID=e1388226adf710b1354a40e8628694fe 
Number of updated asset objects reloaded before import = 0
Number of asset objects unloaded after import = 1
========================================================================
Received Import Request.
  Time of request: 2026-08-27T08:30:32.426133Z
  Time since last request: 0.000223958 seconds.
  importAddress: GUID: c28849deb3e3b45c98965e7efd26f7be - Path: Packages/com.unity.inputsystem/InputSystem/Editor/Icons/Joystick.png - Importer: ScriptedImporter/UnityEditor.QuickSearchModule:UnityEditor.Search:ASIAI0B
Importing 'GUID: c28849deb3e3b45c98965e7efd26f7be - Path: Packages/com.unity.inputsystem/InputSystem/Editor/Icons/Joystick.png - Importer: ScriptedImporter/UnityEditor.QuickSearchModule:UnityEditor.Search:ASIAI0B' with importer (ScriptedImporter : UnityEditor.QuickSearchModule:UnityEditor.Search:ASIAI0B)
Imported 'GUID: c28849deb3e3b45c98965e7efd26f7be' -> (Import Result ID: '08e33596b716f7b76fd3a96724056d28') in 0.002 seconds [static and dynamic dependencies]. Details - ImportResultOutputID=0b098ce8f1479ade43596a78a48cd6b0 DependenciesID=3f6c412ac3580a48799450222caaa8d8 StaticDependenciesID=07cf0b05cbe3ac9cc3384ea24b007d51 
Number of updated asset objects reloaded before import = 0
Number of asset objects unloaded after import = 1
========================================================================
Received Import Request.
  Time of request: 2026-08-27T08:30:32.428465Z
  Time since last request: 0.000313458 seconds.
  importAddress: GUID: 2c5f144140b7e48d48eb67d2decae17b - Path: Packages/com.unity.inputsystem/InputSystem/InputExtensions.cs - Importer: ScriptedImporter/UnityEditor.QuickSearchModule:UnityEditor.Search:ASIAI0B
Importing 'GUID: 2c5f144140b7e48d48eb67d2decae17b - Path: Packages/com.unity.inputsystem/InputSystem/InputExtensions.cs - Importer: ScriptedImporter/UnityEditor.QuickSearchModule:UnityEditor.Search:ASIAI0B' with importer (ScriptedImporter : UnityEditor.QuickSearchModule:UnityEditor.Search:ASIAI0B)
Imported 'GUID: 2c5f144140b7e48d48eb67d2decae17b' -> (Import Result ID: '87008f685cc0b3c448ad4df631ccab20') in 0.001 seconds [static and dynamic dependencies]. Details - ImportResultOutputID=eca713b0b0df5c183c0c9c385ce3176a DependenciesID=4fe299bbdb796545240a6957e380825e StaticDependenciesID=acb842e5e3e1e1e8ed4994d921967ccb 
Number of updated asset objects reloaded before import = 0
Number of asset objects unloaded after import = 0
========================================================================
Received Import Request.
  Time of request: 2026-08-27T08:30:32.429516Z
  Time since last request: 0.000306917 seconds.
  importAddress: GUID: 2064cdc23a1f4ec2a5b9b345e46960ed - Path: Packages/com.unity.inputsystem/InputSystem/Devices/Sensor.cs - Importer: ScriptedImporter/UnityEditor.QuickSearchModule:UnityEditor.Search:ASIAI0B
Importing 'GUID: 2064cdc23a1f4ec2a5b9b345e46960ed - Path: Packages/com.unity.inputsystem/InputSystem/Devices/Sensor.cs - Importer: ScriptedImporter/UnityEditor.QuickSearchModule:UnityEditor.Search:ASIAI0B' with importer (ScriptedImporter : UnityEditor.QuickSearchModule:UnityEditor.Search:ASIAI0B)
Imported 'GUID: 2064cdc23a1f4ec2a5b9b345e46960ed' -> (Import Result ID: '58f296a402c84251891dad2bd5b12e4f') in 0.001 seconds [static and dynamic dependencies]. Details - ImportResultOutputID=bb6fe7e122b81908d89261c1fae798c7 DependenciesID=47b53b399b3acbb0b42ae65fbafe4abc StaticDependenciesID=1ce1e38d7b231766afbea25a616eded7 
Number of updated asset objects reloaded before import = 0
Number of asset objects unloaded after import = 0
========================================================================
Received Import Request.
  Time of request: 2026-08-27T08:30:32.430445Z
  Time since last request: 0.000246583 seconds.
  importAddress: GUID: 3b78dc1763429489c9a1c70faf4f9a0e - Path: Packages/com.unity.inputsystem/InputSystem/Editor/Icons/d_Interactive Binding@2x.png - Importer: ScriptedImporter/UnityEditor.QuickSearchModule:UnityEditor.Search:ASIAI0B
Importing 'GUID: 3b78dc1763429489c9a1c70faf4f9a0e - Path: Packages/com.unity.inputsystem/InputSystem/Editor/Icons/d_Interactive Binding@2x.png - Importer: ScriptedImporter/UnityEditor.QuickSearchModule:UnityEditor.Search:ASIAI0B' with importer (ScriptedImporter : UnityEditor.QuickSearchModule:UnityEditor.Search:ASIAI0B)
Imported 'GUID: 3b78dc1763429489c9a1c70faf4f9a0e' -> (Import Result ID: '80ed050137584dd5a69959b7a69a643a') in 0.002 seconds [static and dynamic dependencies]. Details - ImportResultOutputID=5fba94f4528e8dcd2f0cba9d9773c444 DependenciesID=439b9b45b064c3c8a32cd3692c8cb75a StaticDependenciesID=ddd3cb5b0dc0039f025dbd391095ad9a 
Number of updated asset objects reloaded before import = 0
Number of asset objects unloaded after import = 1
========================================================================
Received Import Request.
  Time of request: 2026-08-27T08:30:32.432738Z
  Time since last request: 0.000181167 seconds.
  importAddress: GUID: 8806f46699a44c39a6a66c5d07772871 - Path: Packages/com.unity.inputsystem/InputSystem/Plugins/HID/HID.cs - Importer: ScriptedImporter/UnityEditor.QuickSearchModule:UnityEditor.Search:ASIAI0B
Importing 'GUID: 8806f46699a44c39a6a66c5d07772871 - Path: Packages/com.unity.inputsystem/InputSystem/Plugins/HID/HID.cs - Importer: ScriptedImporter/UnityEditor.QuickSearchModule:UnityEditor.Search:ASIAI0B' with importer (ScriptedImporter : UnityEditor.QuickSearchModule:UnityEditor.Search:ASIAI0B)
Imported 'GUID: 8806f46699a44c39a6a66c5d07772871' -> (Import Result ID: 'b09fbe9872dbef41e1c78b7e7e1d0f56') in 0.001 seconds [static and dynamic dependencies]. Details - ImportResultOutputID=022d2be6708753c34cba89475f797738 DependenciesID=dc298f1367eb9d10de45f6315d30ea54 StaticDependenciesID=179c8379976119e1952ac3f4ec7c11f1 
Number of updated asset objects reloaded before import = 0
Number of asset objects unloaded after import = 0
========================================================================
Received Import Request.
  Time of request: 2026-08-27T08:30:32.433626Z
  Time since last request: 0.00018125 seconds.
  importAddress: GUID: bed935caee9524e6780614c2055bfd35 - Path: Packages/com.unity.inputsystem/InputSystem/Editor/Icons/d_Gamepad@2x.png - Importer: ScriptedImporter/UnityEditor.QuickSearchModule:UnityEditor.Search:ASIAI0B
Importing 'GUID: bed935caee9524e6780614c2055bfd35 - Path: Packages/com.unity.inputsystem/InputSystem/Editor/Icons/d_Gamepad@2x.png - Importer: ScriptedImporter/UnityEditor.QuickSearchModule:UnityEditor.Search:ASIAI0B' with importer (ScriptedImporter : UnityEditor.QuickSearchModule:UnityEditor.Search:ASIAI0B)
Imported 'GUID: bed935caee9524e6780614c2055bfd35' -> (Import Result ID: 'a668f6c15632e1116095f7de916f0427') in 0.002 seconds [static and dynamic dependencies]. Details - ImportResultOutputID=8e257c84b135c6dd2986db6ff665bdfa DependenciesID=fc0d33a696add9a079ec7222be6a64c8 StaticDependenciesID=52898bfc34bdaffc3cd8af8ed5bd5e00 
Number of updated asset objects reloaded before import = 0
Number of asset objects unloaded after import = 1
========================================================================
Received Import Request.
  Time of request: 2026-08-27T08:30:32.43643Z
  Time since last request: 0.000290958 seconds.
  importAddress: GUID: 6a390ac9b9af0fb49b702bae14eaed84 - Path: Packages/com.unity.inputsystem/InputSystem/Devices/Precompiled/FastMouse.cs - Importer: ScriptedImporter/UnityEditor.QuickSearchModule:UnityEditor.Search:ASIAI0B
Importing 'GUID: 6a390ac9b9af0fb49b702bae14eaed84 - Path: Packages/com.unity.inputsystem/InputSystem/Devices/Precompiled/FastMouse.cs - Importer: ScriptedImporter/UnityEditor.QuickSearchModule:UnityEditor.Search:ASIAI0B' with importer (ScriptedImporter : UnityEditor.QuickSearchModule:UnityEditor.Search:ASIAI0B)
Imported 'GUID: 6a390ac9b9af0fb49b702bae14eaed84' -> (Import Result ID: '0d678d8655798025b5093259994d4dde') in 0.001 seconds [static and dynamic dependencies]. Details - ImportResultOutputID=cb3d79fcfffffac93e6a8d51bdda6e91 DependenciesID=b3244ab23dca4ad4f4d8df10df112e8a StaticDependenciesID=b9716a0ad46b86e2afd5b57101d6fc10 
Number of updated asset objects reloaded before import = 0
Number of asset objects unloaded after import = 0
========================================================================
Received Import Request.
  Time of request: 2026-08-27T08:30:32.437431Z
  Time since last request: 0.000140916 seconds.
  importAddress: GUID: c0f60c66cb10e104c96c77e03a950843 - Path: Packages/com.unity.inputsystem/InputSystem/Plugins/iOS/InputSettingsiOSProvider.cs - Importer: ScriptedImporter/UnityEditor.QuickSearchModule:UnityEditor.Search:ASIAI0B
Importing 'GUID: c0f60c66cb10e104c96c77e03a950843 - Path: Packages/com.unity.inputsystem/InputSystem/Plugins/iOS/InputSettingsiOSProvider.cs - Importer: ScriptedImporter/UnityEditor.QuickSearchModule:UnityEditor.Search:ASIAI0B' with importer (ScriptedImporter : UnityEditor.QuickSearchModule:UnityEditor.Search:ASIAI0B)
Imported 'GUID: c0f60c66cb10e104c96c77e03a950843' -> (Import Result ID: '47f412ba56485f7fe81424225e1f5622') in 0.001 seconds [static and dynamic dependencies]. Details - ImportResultOutputID=f5d7f6506059f0856daa9c1ba8bab78e DependenciesID=bf607d58b021f861d92f3d18b8b232ce StaticDependenciesID=a17ac76109389a82cab046f3d73d6b0c 
Number of updated asset objects reloaded before import = 0
Number of asset objects unloaded after import = 0
========================================================================
Received Import Request.
  Time of request: 2026-08-27T08:30:32.438267Z
  Time since last request: 0.0001285 seconds.
  importAddress: GUID: 1cbae3eee4bd4f6f9b9ad85aab8174e4 - Path: Packages/com.unity.inputsystem/InputSystem/Editor/ProjectWideActions/ProjectWideActionsBuildProvider.cs - Importer: ScriptedImporter/UnityEditor.QuickSearchModule:UnityEditor.Search:ASIAI0B
Importing 'GUID: 1cbae3eee4bd4f6f9b9ad85aab8174e4 - Path: Packages/com.unity.inputsystem/InputSystem/Editor/ProjectWideActions/ProjectWideActionsBuildProvider.cs - Importer: ScriptedImporter/UnityEditor.QuickSearchModule:UnityEditor.Search:ASIAI0B' with importer (ScriptedImporter : UnityEditor.QuickSearchModule:UnityEditor.Search:ASIAI0B)
Imported 'GUID: 1cbae3eee4bd4f6f9b9ad85aab8174e4' -> (Import Result ID: '5c5ac62cba5b7883ff44b71b2de784d3') in 0.001 seconds [static and dynamic dependencies]. Details - ImportResultOutputID=d8cd98f01c34e1918fb5812af6b19e43 DependenciesID=364c58f86ee0a01a8d79a465aa8f86ee StaticDependenciesID=5e4b7d43770f2da227a954fb3cfa42e0 
Number of updated asset objects reloaded before import = 0
Number of asset objects unloaded after import = 0
========================================================================
Received Import Request.
  Time of request: 2026-08-27T08:30:32.439121Z
  Time since last request: 0.000156292 seconds.
  importAddress: GUID: 0c8442e8094ce974598eacc0302ddabb - Path: Packages/com.unity.inputsystem/InputSystem/Plugins/Android/AndroidSupport.cs - Importer: ScriptedImporter/UnityEditor.QuickSearchModule:UnityEditor.Search:ASIAI0B
Importing 'GUID: 0c8442e8094ce974598eacc0302ddabb - Path: Packages/com.unity.inputsystem/InputSystem/Plugins/Android/AndroidSupport.cs - Importer: ScriptedImporter/UnityEditor.QuickSearchModule:UnityEditor.Search:ASIAI0B' with importer (ScriptedImporter : UnityEditor.QuickSearchModule:UnityEditor.Search:ASIAI0B)
Imported 'GUID: 0c8442e8094ce974598eacc0302ddabb' -> (Import Result ID: 'd9e2cfd48451c95736561d399ee1932c') in 0.001 seconds [static and dynamic dependencies]. Details - ImportResultOutputID=e2a91069191834560dcb54c7d34112a9 DependenciesID=9bf8fb58b8633ab048edf3f1be144f15 StaticDependenciesID=fce9ac2c20d1b590b04cf5c42c5a7062 
Number of updated asset objects reloaded before import = 0
Number of asset objects unloaded after import = 0
========================================================================
Received Import Request.
  Time of request: 2026-08-27T08:30:32.440004Z
  Time since last request: 0.000218292 seconds.
  importAddress: GUID: d472007a1b9243feb0043606b73288cd - Path: Packages/com.unity.inputsystem/InputSystem/Devices/Mouse.cs - Importer: ScriptedImporter/UnityEditor.QuickSearchModule:UnityEditor.Search:ASIAI0B
Importing 'GUID: d472007a1b9243feb0043606b73288cd - Path: Packages/com.unity.inputsystem/InputSystem/Devices/Mouse.cs - Importer: ScriptedImporter/UnityEditor.QuickSearchModule:UnityEditor.Search:ASIAI0B' with importer (ScriptedImporter : UnityEditor.QuickSearchModule:UnityEditor.Search:ASIAI0B)
Imported 'GUID: d472007a1b9243feb0043606b73288cd' -> (Import Result ID: '4e2d7818329e5ff072c249d4c1f38a26') in 0.001 seconds [static and dynamic dependencies]. Details - ImportResultOutputID=feb1daf45cbb7e8f25625c53435598fa DependenciesID=320a3f3c9e8d3cb3c593b121486c2dd9 StaticDependenciesID=8bc25bacfb5fbf3c873ffbcbfc48f955 
Number of updated asset objects reloaded before import = 0
Number of asset objects unloaded after import = 0
========================================================================
Received Import Request.
  Time of request: 2026-08-27T08:30:32.440888Z
  Time since last request: 0.000237625 seconds.
  importAddress: GUID: 0de917098a5b848b1a371e570928ce10 - Path: Packages/com.unity.inputsystem/InputSystem/Editor/Icons/d_ChevronDown@4x.png - Importer: ScriptedImporter/UnityEditor.QuickSearchModule:UnityEditor.Search:ASIAI0B
Importing 'GUID: 0de917098a5b848b1a371e570928ce10 - Path: Packages/com.unity.inputsystem/InputSystem/Editor/Icons/d_ChevronDown@4x.png - Importer: ScriptedImporter/UnityEditor.QuickSearchModule:UnityEditor.Search:ASIAI0B' with importer (ScriptedImporter : UnityEditor.QuickSearchModule:UnityEditor.Search:ASIAI0B)
Imported 'GUID: 0de917098a5b848b1a371e570928ce10' -> (Import Result ID: 'f2f10b2bf081aedd7e2b9a4b2b0c8588') in 0.002 seconds [static and dynamic dependencies]. Details - ImportResultOutputID=99bfa1b60bae74a9e296a5f1fd6feb03 DependenciesID=89e3085254699bd10c5d814e60666a21 StaticDependenciesID=b3904d264953f41a527a2f28e04e51d3 
Number of updated asset objects reloaded before import = 0
Number of asset objects unloaded after import = 1
========================================================================
Received Import Request.
  Time of request: 2026-08-27T08:30:32.443477Z
  Time since last request: 0.000362 seconds.
  importAddress: GUID: 0049e966b9953774fa3d07808a5555a9 - Path: Packages/com.unity.inputsystem/InputSystem/Plugins/XR/Haptics/GetCurrentHapticStateCommand.cs - Importer: ScriptedImporter/UnityEditor.QuickSearchModule:UnityEditor.Search:ASIAI0B
Importing 'GUID: 0049e966b9953774fa3d07808a5555a9 - Path: Packages/com.unity.inputsystem/InputSystem/Plugins/XR/Haptics/GetCurrentHapticStateCommand.cs - Importer: ScriptedImporter/UnityEditor.QuickSearchModule:UnityEditor.Search:ASIAI0B' with importer (ScriptedImporter : UnityEditor.QuickSearchModule:UnityEditor.Search:ASIAI0B)
Imported 'GUID: 0049e966b9953774fa3d07808a5555a9' -> (Import Result ID: 'de1d3038b81748f0fa78c948bd630fd5') in 0.001 seconds [static and dynamic dependencies]. Details - ImportResultOutputID=370b3f6c26ee9bcd717310c82ab993dd DependenciesID=639f388861adb1e139e7e0ecbaff828f StaticDependenciesID=5d439d5cc0a96c71243067bfed6d5a32 
Number of updated asset objects reloaded before import = 0
Number of asset objects unloaded after import = 0
========================================================================
Received Import Request.
  Time of request: 2026-08-27T08:30:32.444637Z
  Time since last request: 0.000276208 seconds.
  importAddress: GUID: 08dab706fb9641539767891cee0c7d3c - Path: Packages/com.unity.inputsystem/InputSystem/Devices/ICustomDeviceReset.cs - Importer: ScriptedImporter/UnityEditor.QuickSearchModule:UnityEditor.Search:ASIAI0B
Importing 'GUID: 08dab706fb9641539767891cee0c7d3c - Path: Packages/com.unity.inputsystem/InputSystem/Devices/ICustomDeviceReset.cs - Importer: ScriptedImporter/UnityEditor.QuickSearchModule:UnityEditor.Search:ASIAI0B' with importer (ScriptedImporter : UnityEditor.QuickSearchModule:UnityEditor.Search:ASIAI0B)
Imported 'GUID: 08dab706fb9641539767891cee0c7d3c' -> (Import Result ID: '74f5b264c0dd159ee3aa703b937887b1') in 0.001 seconds [static and dynamic dependencies]. Details - ImportResultOutputID=800c7f56e30182fd34ab47ac96eeba53 DependenciesID=ba6487387c4d843e8ab474668b5b411b StaticDependenciesID=88b2823a8fe1c7b714d32b5ed9b931fe 
Number of updated asset objects reloaded before import = 0
Number of asset objects unloaded after import = 0
========================================================================
Received Import Request.
  Time of request: 2026-08-27T08:30:32.445636Z
  Time since last request: 0.000158917 seconds.
  importAddress: GUID: 62f8dda50382d487597224e197cbd34f - Path: Packages/com.unity.inputsystem/InputSystem/Editor/Icons/Orientation@2x.png - Importer: ScriptedImporter/UnityEditor.QuickSearchModule:UnityEditor.Search:ASIAI0B
Importing 'GUID: 62f8dda50382d487597224e197cbd34f - Path: Packages/com.unity.inputsystem/InputSystem/Editor/Icons/Orientation@2x.png - Importer: ScriptedImporter/UnityEditor.QuickSearchModule:UnityEditor.Search:ASIAI0B' with importer (ScriptedImporter : UnityEditor.QuickSearchModule:UnityEditor.Search:ASIAI0B)
Imported 'GUID: 62f8dda50382d487597224e197cbd34f' -> (Import Result ID: '5d3a07a5deacb2d55af632fb1e68da12') in 0.002 seconds [static and dynamic dependencies]. Details - ImportResultOutputID=b4d6cb9700cd1234da71d547bf128b02 DependenciesID=ccc1faad2f43d8c4fd4a0d72a9ac97a7 StaticDependenciesID=5d9ed19b4a36a05e704ac4392ff60bd4 
Number of updated asset objects reloaded before import = 0
Number of asset objects unloaded after import = 1
========================================================================
Received Import Request.
  Time of request: 2026-08-27T08:30:32.447871Z
  Time since last request: 0.000290917 seconds.
  importAddress: GUID: 9e882b58df0964f5b90ff99cb481ee79 - Path: Packages/com.unity.inputsystem/InputSystem/Editor/Icons/d_Gamepad@3x.png - Importer: ScriptedImporter/UnityEditor.QuickSearchModule:UnityEditor.Search:ASIAI0B
Importing 'GUID: 9e882b58df0964f5b90ff99cb481ee79 - Path: Packages/com.unity.inputsystem/InputSystem/Editor/Icons/d_Gamepad@3x.png - Importer: ScriptedImporter/UnityEditor.QuickSearchModule:UnityEditor.Search:ASIAI0B' with importer (ScriptedImporter : UnityEditor.QuickSearchModule:UnityEditor.Search:ASIAI0B)
Imported 'GUID: 9e882b58df0964f5b90ff99cb481ee79' -> (Import Result ID: '5ba643f46a632be0c2dfc51ffe3d23e3') in 0.003 seconds [static and dynamic dependencies]. Details - ImportResultOutputID=22550ab5c29614080b22fb9e638bf446 DependenciesID=31459e26d074809842d5c076aca42674 StaticDependenciesID=2b2536180152a52ec7379d253e08437e 
Number of updated asset objects reloaded before import = 0
Number of asset objects unloaded after import = 1
========================================================================
Received Import Request.
  Time of request: 2026-08-27T08:30:32.45088Z
  Time since last request: 0.000180125 seconds.
  importAddress: GUID: 65c861c7ef9bee2479c728694e87ea45 - Path: Packages/com.unity.inputsystem/InputSystem/Plugins/InputForUI/AssemblyInfo.cs - Importer: ScriptedImporter/UnityEditor.QuickSearchModule:UnityEditor.Search:ASIAI0B
Importing 'GUID: 65c861c7ef9bee2479c728694e87ea45 - Path: Packages/com.unity.inputsystem/InputSystem/Plugins/InputForUI/AssemblyInfo.cs - Importer: ScriptedImporter/UnityEditor.QuickSearchModule:UnityEditor.Search:ASIAI0B' with importer (ScriptedImporter : UnityEditor.QuickSearchModule:UnityEditor.Search:ASIAI0B)
Imported 'GUID: 65c861c7ef9bee2479c728694e87ea45' -> (Import Result ID: 'c4590e0e8e2bc78137cd1fa1c6dc6ac3') in 0.001 seconds [static and dynamic dependencies]. Details - ImportResultOutputID=6e5cd9e7b3a8bc1e3f72ee13328a6632 DependenciesID=982842e7a38d085b47f260b2733f5047 StaticDependenciesID=8575646ebdc6e6959640f66ee031eddc 
Number of updated asset objects reloaded before import = 0
Number of asset objects unloaded after import = 0
========================================================================
Received Import Request.
  Time of request: 2026-08-27T08:30:32.451903Z
  Time since last request: 0.000207875 seconds.
  importAddress: GUID: 9e6c9e992a2ee4327bce1d6a8189cedb - Path: Packages/com.unity.inputsystem/InputSystem/Editor/Icons/Interactive Binding@4x.png - Importer: ScriptedImporter/UnityEditor.QuickSearchModule:UnityEditor.Search:ASIAI0B
Importing 'GUID: 9e6c9e992a2ee4327bce1d6a8189cedb - Path: Packages/com.unity.inputsystem/InputSystem/Editor/Icons/Interactive Binding@4x.png - Importer: ScriptedImporter/UnityEditor.QuickSearchModule:UnityEditor.Search:ASIAI0B' with importer (ScriptedImporter : UnityEditor.QuickSearchModule:UnityEditor.Search:ASIAI0B)
Imported 'GUID: 9e6c9e992a2ee4327bce1d6a8189cedb' -> (Import Result ID: '711c4c9f16c9a438e8c1341d0ebc2053') in 0.002 seconds [static and dynamic dependencies]. Details - ImportResultOutputID=67249deb153cae3ca6ec6ae7b1d15aca DependenciesID=a37440d729ec41bbdd2878b96ef686eb StaticDependenciesID=0a3625b3fd89c530b3a6ef1b00ff2f02 
Number of updated asset objects reloaded before import = 0
Number of asset objects unloaded after import = 1
========================================================================
Received Import Request.
  Time of request: 2026-08-27T08:30:32.464756Z
  Time since last request: 0.010683708 seconds.
  importAddress: GUID: c3f24f77c633a444893b75d39ae4fa3c - Path: Packages/com.unity.inputsystem/InputSystem/Editor/Debugger/InputDebuggerWindow.cs - Importer: ScriptedImporter/UnityEditor.QuickSearchModule:UnityEditor.Search:ASIAI0B
Importing 'GUID: c3f24f77c633a444893b75d39ae4fa3c - Path: Packages/com.unity.inputsystem/InputSystem/Editor/Debugger/InputDebuggerWindow.cs - Importer: ScriptedImporter/UnityEditor.QuickSearchModule:UnityEditor.Search:ASIAI0B' with importer (ScriptedImporter : UnityEditor.QuickSearchModule:UnityEditor.Search:ASIAI0B)
Imported 'GUID: c3f24f77c633a444893b75d39ae4fa3c' -> (Import Result ID: 'ddafcaf4a8a015fb1da00be8d12d12fc') in 0.001 seconds [static and dynamic dependencies]. Details - ImportResultOutputID=e83746116b49edd7f74aa5d0e5821507 DependenciesID=69808009c506bce86296acf43e8b88fa StaticDependenciesID=e146a0652c5e357029223a4fcc7c14e7 
Number of updated asset objects reloaded before import = 0
Number of asset objects unloaded after import = 0
========================================================================
Received Import Request.
  Time of request: 2026-08-27T08:30:32.466254Z
  Time since last request: 0.000302375 seconds.
  importAddress: GUID: a3e712d7ab2114ca4960246b0d5e6215 - Path: Packages/com.unity.inputsystem/InputSystem/Plugins/Steam - Importer: ScriptedImporter/UnityEditor.QuickSearchModule:UnityEditor.Search:ASIAI0B
Importing 'GUID: a3e712d7ab2114ca4960246b0d5e6215 - Path: Packages/com.unity.inputsystem/InputSystem/Plugins/Steam - Importer: ScriptedImporter/UnityEditor.QuickSearchModule:UnityEditor.Search:ASIAI0B' with importer (ScriptedImporter : UnityEditor.QuickSearchModule:UnityEditor.Search:ASIAI0B)
Imported 'GUID: a3e712d7ab2114ca4960246b0d5e6215' -> (Import Result ID: '02258149e1c1964decbd493c96fadb1d') in 0.001 seconds [static and dynamic dependencies]. Details - ImportResultOutputID=643dcf02e94becf3983965846660e843 DependenciesID=672e003d992434e24809ad2eee651446 StaticDependenciesID=27ce84e6fea0a2a71fa6fd247692a125 
Number of updated asset objects reloaded before import = 0
Number of asset objects unloaded after import = 1
========================================================================
Received Import Request.
  Time of request: 2026-08-27T08:30:32.467148Z
  Time since last request: 0.000156459 seconds.
  importAddress: GUID: 6fde91b0a4ee45cd86be18a8d829dc87 - Path: Packages/com.unity.inputsystem/InputSystem/Controls/Processors - Importer: ScriptedImporter/UnityEditor.QuickSearchModule:UnityEditor.Search:ASIAI0B
Importing 'GUID: 6fde91b0a4ee45cd86be18a8d829dc87 - Path: Packages/com.unity.inputsystem/InputSystem/Controls/Processors - Importer: ScriptedImporter/UnityEditor.QuickSearchModule:UnityEditor.Search:ASIAI0B' with importer (ScriptedImporter : UnityEditor.QuickSearchModule:UnityEditor.Search:ASIAI0B)
Imported 'GUID: 6fde91b0a4ee45cd86be18a8d829dc87' -> (Import Result ID: '641bea719089634a974bdc795535ea63') in 0.001 seconds [static and dynamic dependencies]. Details - ImportResultOutputID=7dda8376a617de6a8059ea002d516443 DependenciesID=bb71c849ebaa85eeab3311a7de6768f7 StaticDependenciesID=d84109340d816a9e4d2522fea07572cb 
Number of updated asset objects reloaded before import = 0
Number of asset objects unloaded after import = 1
========================================================================
Received Import Request.
  Time of request: 2026-08-27T08:30:32.468082Z
  Time since last request: 0.000251291 seconds.
  importAddress: GUID: 2069418e852748dbaa154cf71b8f033a - Path: Packages/com.unity.inputsystem/InputSystem/Actions - Importer: ScriptedImporter/UnityEditor.QuickSearchModule:UnityEditor.Search:ASIAI0B
Importing 'GUID: 2069418e852748dbaa154cf71b8f033a - Path: Packages/com.unity.inputsystem/InputSystem/Actions - Importer: ScriptedImporter/UnityEditor.QuickSearchModule:UnityEditor.Search:ASIAI0B' with importer (ScriptedImporter : UnityEditor.QuickSearchModule:UnityEditor.Search:ASIAI0B)
Imported 'GUID: 2069418e852748dbaa154cf71b8f033a' -> (Import Result ID: 'c0f4323f79b649e7d01f5f316dc84879') in 0.001 seconds [static and dynamic dependencies]. Details - ImportResultOutputID=9a6a3b327f05576b6fbb8b8c2f9d4adb DependenciesID=41ea43fa12c88c80e51cbb7f2244b5a4 StaticDependenciesID=da2292736987f4d2fc748b34c5de8838 
Number of updated asset objects reloaded before import = 0
Number of asset objects unloaded after import = 1
========================================================================
Received Import Request.
  Time of request: 2026-08-27T08:30:32.469423Z
  Time since last request: 0.0003135 seconds.
  importAddress: GUID: ceaa885da02f84da195f87de12535da6 - Path: Packages/com.unity.inputsystem/InputSystem/Editor/Icons/d_Touch@2x.png - Importer: ScriptedImporter/UnityEditor.QuickSearchModule:UnityEditor.Search:ASIAI0B
Importing 'GUID: ceaa885da02f84da195f87de12535da6 - Path: Packages/com.unity.inputsystem/InputSystem/Editor/Icons/d_Touch@2x.png - Importer: ScriptedImporter/UnityEditor.QuickSearchModule:UnityEditor.Search:ASIAI0B' with importer (ScriptedImporter : UnityEditor.QuickSearchModule:UnityEditor.Search:ASIAI0B)
Imported 'GUID: ceaa885da02f84da195f87de12535da6' -> (Import Result ID: 'ab60fc52fa91018ec916006d17558654') in 0.003 seconds [static and dynamic dependencies]. Details - ImportResultOutputID=c50d4e1aea7bad2ed860103d2283aaea DependenciesID=d769635eb53e8f3598085c0de837ff5e StaticDependenciesID=918da1029ef1c6f802ff4f6d6595d421 
Number of updated asset objects reloaded before import = 0
Number of asset objects unloaded after import = 1
========================================================================
Received Import Request.
  Time of request: 2026-08-27T08:30:32.472719Z
  Time since last request: 0.000340625 seconds.
  importAddress: GUID: 8b82aecdbfbdd1b49b90eb0d509b4166 - Path: Packages/com.unity.inputsystem/InputSystem/Editor/UITKAssetEditor/Views/InputActionMapsTreeViewItem.cs - Importer: ScriptedImporter/UnityEditor.QuickSearchModule:UnityEditor.Search:ASIAI0B
Importing 'GUID: 8b82aecdbfbdd1b49b90eb0d509b4166 - Path: Packages/com.unity.inputsystem/InputSystem/Editor/UITKAssetEditor/Views/InputActionMapsTreeViewItem.cs - Importer: ScriptedImporter/UnityEditor.QuickSearchModule:UnityEditor.Search:ASIAI0B' with importer (ScriptedImporter : UnityEditor.QuickSearchModule:UnityEditor.Search:ASIAI0B)
Imported 'GUID: 8b82aecdbfbdd1b49b90eb0d509b4166' -> (Import Result ID: 'ed8b41d55623bf1a1e70b986cd700f64') in 0.001 seconds [static and dynamic dependencies]. Details - ImportResultOutputID=9a5d069469b5b965d55ae4bb4d288ff2 DependenciesID=a41fdeb5b5031fe95ac98850dbda1683 StaticDependenciesID=7d95039b93206eed99b328d462263493 
Number of updated asset objects reloaded before import = 0
Number of asset objects unloaded after import = 0
========================================================================
Received Import Request.
  Time of request: 2026-08-27T08:30:32.473825Z
  Time since last request: 0.000234083 seconds.
  importAddress: GUID: 07003ea62d4443a09691237b23f17ac6 - Path: Packages/com.unity.inputsystem/InputSystem/Utilities/ReadOnlyArray.cs - Importer: ScriptedImporter/UnityEditor.QuickSearchModule:UnityEditor.Search:ASIAI0B
Importing 'GUID: 07003ea62d4443a09691237b23f17ac6 - Path: Packages/com.unity.inputsystem/InputSystem/Utilities/ReadOnlyArray.cs - Importer: ScriptedImporter/UnityEditor.QuickSearchModule:UnityEditor.Search:ASIAI0B' with importer (ScriptedImporter : UnityEditor.QuickSearchModule:UnityEditor.Search:ASIAI0B)
Imported 'GUID: 07003ea62d4443a09691237b23f17ac6' -> (Import Result ID: 'a3f9acb8959aa49f40709b89a31e026c') in 0.001 seconds [static and dynamic dependencies]. Details - ImportResultOutputID=7ecbd4019725c1f19a54287fc3bc27b2 DependenciesID=ecfda3f0a4920d1ede8b02dc74e42da7 StaticDependenciesID=56bf35713360dfb89dfbf7434a131b53 
Number of updated asset objects reloaded before import = 0
Number of asset objects unloaded after import = 0
========================================================================
Received Import Request.
  Time of request: 2026-08-27T08:30:32.474606Z
  Time since last request: 0.000136833 seconds.
  importAddress: GUID: 12826de7f47b478428a9941b5fb5adcf - Path: Packages/com.unity.inputsystem/InputSystem/Actions/InputInteractionContext.cs - Importer: ScriptedImporter/UnityEditor.QuickSearchModule:UnityEditor.Search:ASIAI0B
Importing 'GUID: 12826de7f47b478428a9941b5fb5adcf - Path: Packages/com.unity.inputsystem/InputSystem/Actions/InputInteractionContext.cs - Importer: ScriptedImporter/UnityEditor.QuickSearchModule:UnityEditor.Search:ASIAI0B' with importer (ScriptedImporter : UnityEditor.QuickSearchModule:UnityEditor.Search:ASIAI0B)
Imported 'GUID: 12826de7f47b478428a9941b5fb5adcf' -> (Import Result ID: 'e056031cd26756d4b9ab1badfafe0b7e') in 0.001 seconds [static and dynamic dependencies]. Details - ImportResultOutputID=73d785596f0af6158bebb45053b70fa4 DependenciesID=ff803380d951535de88380e6b7886aff StaticDependenciesID=917bac690054b0e0a27f31b6ead6a61e 
Number of updated asset objects reloaded before import = 0
Number of asset objects unloaded after import = 0
========================================================================
Received Import Request.
  Time of request: 2026-08-27T08:30:32.475467Z
  Time since last request: 0.000159583 seconds.
  importAddress: GUID: 0ffbcc8a975d04f12967a085a10aeb7b - Path: Packages/com.unity.inputsystem/InputSystem/Utilities/NameAndParameters.cs - Importer: ScriptedImporter/UnityEditor.QuickSearchModule:UnityEditor.Search:ASIAI0B
Importing 'GUID: 0ffbcc8a975d04f12967a085a10aeb7b - Path: Packages/com.unity.inputsystem/InputSystem/Utilities/NameAndParameters.cs - Importer: ScriptedImporter/UnityEditor.QuickSearchModule:UnityEditor.Search:ASIAI0B' with importer (ScriptedImporter : UnityEditor.QuickSearchModule:UnityEditor.Search:ASIAI0B)
Imported 'GUID: 0ffbcc8a975d04f12967a085a10aeb7b' -> (Import Result ID: 'ba30e47b1ab5ade82b45c12fd2203afd') in 0.001 seconds [static and dynamic dependencies]. Details - ImportResultOutputID=7dfaf4dcf9b94ac63f9e951a0aff024e DependenciesID=7a301916c031dd820bbe008d647cccfa StaticDependenciesID=ac8e02076aa1112e825eee888aa2212f 
Number of updated asset objects reloaded before import = 0
Number of asset objects unloaded after import = 0
========================================================================
Received Import Request.
  Time of request: 2026-08-27T08:30:32.476464Z
  Time since last request: 0.000327292 seconds.
  importAddress: GUID: 30bd04fe045c46918b5fe7bc6efc4ce2 - Path: Packages/com.unity.inputsystem/InputSystem/Editor/PropertyDrawers/InputActionReferencePropertyDrawer.cs - Importer: ScriptedImporter/UnityEditor.QuickSearchModule:UnityEditor.Search:ASIAI0B
Importing 'GUID: 30bd04fe045c46918b5fe7bc6efc4ce2 - Path: Packages/com.unity.inputsystem/InputSystem/Editor/PropertyDrawers/InputActionReferencePropertyDrawer.cs - Importer: ScriptedImporter/UnityEditor.QuickSearchModule:UnityEditor.Search:ASIAI0B' with importer (ScriptedImporter : UnityEditor.QuickSearchModule:UnityEditor.Search:ASIAI0B)
Imported 'GUID: 30bd04fe045c46918b5fe7bc6efc4ce2' -> (Import Result ID: '1ed7f2052888fadc782f973c21a44989') in 0.001 seconds [static and dynamic dependencies]. Details - ImportResultOutputID=611af046386108b99e1a36c139167058 DependenciesID=4dfe42d11ddbb66b521b14de1c3fa0b8 StaticDependenciesID=52aaed1f299d3f448d7ce86cae0e5e45 
Number of updated asset objects reloaded before import = 0
Number of asset objects unloaded after import = 0
========================================================================
Received Import Request.
  Time of request: 2026-08-27T08:30:32.477825Z
  Time since last request: 0.000268375 seconds.
  importAddress: GUID: 3f04ed13d477436fa6a48ff5d0d46d8c - Path: Packages/com.unity.inputsystem/InputSystem/Utilities/Substring.cs - Importer: ScriptedImporter/UnityEditor.QuickSearchModule:UnityEditor.Search:ASIAI0B
Importing 'GUID: 3f04ed13d477436fa6a48ff5d0d46d8c - Path: Packages/com.unity.inputsystem/InputSystem/Utilities/Substring.cs - Importer: ScriptedImporter/UnityEditor.QuickSearchModule:UnityEditor.Search:ASIAI0B' with importer (ScriptedImporter : UnityEditor.QuickSearchModule:UnityEditor.Search:ASIAI0B)
Imported 'GUID: 3f04ed13d477436fa6a48ff5d0d46d8c' -> (Import Result ID: '31c8ae3a5cf2f6761779fe1c021e39cf') in 0.001 seconds [static and dynamic dependencies]. Details - ImportResultOutputID=42d2348af8f36c5aadb3527643b40091 DependenciesID=a24d18d76ed252325806bfce7067bc87 StaticDependenciesID=519a574425e587260ca9d4a032f98b86 
Number of updated asset objects reloaded before import = 0
Number of asset objects unloaded after import = 0
========================================================================
Received Import Request.
  Time of request: 2026-08-27T08:30:32.478739Z
  Time since last request: 0.000269 seconds.
  importAddress: GUID: 461c380dccba54a569c07d9810dd3b32 - Path: Packages/com.unity.inputsystem/InputSystem/Editor/Debugger - Importer: ScriptedImporter/UnityEditor.QuickSearchModule:UnityEditor.Search:ASIAI0B
Importing 'GUID: 461c380dccba54a569c07d9810dd3b32 - Path: Packages/com.unity.inputsystem/InputSystem/Editor/Debugger - Importer: ScriptedImporter/UnityEditor.QuickSearchModule:UnityEditor.Search:ASIAI0B' with importer (ScriptedImporter : UnityEditor.QuickSearchModule:UnityEditor.Search:ASIAI0B)
Imported 'GUID: 461c380dccba54a569c07d9810dd3b32' -> (Import Result ID: '7ec3550fd95f611e64ac6107f1f884b6') in 0.001 seconds [static and dynamic dependencies]. Details - ImportResultOutputID=5d20f67cff4de9f9f22f71ab20c60b1d DependenciesID=7cc1855f4baae5a19577da8d19d1f141 StaticDependenciesID=e54323379967004aca7342150d008db8 
Number of updated asset objects reloaded before import = 0
Number of asset objects unloaded after import = 1
========================================================================
Received Import Request.
  Time of request: 2026-08-27T08:30:32.479417Z
  Time since last request: 0.000126333 seconds.
  importAddress: GUID: cec9e0ea8cd94017b8667cd540d61948 - Path: Packages/com.unity.inputsystem/InputSystem/Editor/BuildPipeline/LinkFileGenerator.cs - Importer: ScriptedImporter/UnityEditor.QuickSearchModule:UnityEditor.Search:ASIAI0B
Importing 'GUID: cec9e0ea8cd94017b8667cd540d61948 - Path: Packages/com.unity.inputsystem/InputSystem/Editor/BuildPipeline/LinkFileGenerator.cs - Importer: ScriptedImporter/UnityEditor.QuickSearchModule:UnityEditor.Search:ASIAI0B' with importer (ScriptedImporter : UnityEditor.QuickSearchModule:UnityEditor.Search:ASIAI0B)
Imported 'GUID: cec9e0ea8cd94017b8667cd540d61948' -> (Import Result ID: 'fabab8301ea02d59b17b69e806bf3b61') in 0.001 seconds [static and dynamic dependencies]. Details - ImportResultOutputID=86d0a7b0e9dbb0abb20aeb38e2c0ca70 DependenciesID=a12db436512185d01861cd31b463b310 StaticDependenciesID=51ae9a522b62040f0998f5224173912f 
Number of updated asset objects reloaded before import = 0
Number of asset objects unloaded after import = 0
========================================================================
Received Import Request.
  Time of request: 2026-08-27T08:30:32.480204Z
  Time since last request: 0.000153417 seconds.
  importAddress: GUID: f0e14ea80f96b445f97b1c83650d5733 - Path: Packages/com.unity.inputsystem/package.json - Importer: ScriptedImporter/UnityEditor.QuickSearchModule:UnityEditor.Search:ASIAI0B
Importing 'GUID: f0e14ea80f96b445f97b1c83650d5733 - Path: Packages/com.unity.inputsystem/package.json - Importer: ScriptedImporter/UnityEditor.QuickSearchModule:UnityEditor.Search:ASIAI0B' with importer (ScriptedImporter : UnityEditor.QuickSearchModule:UnityEditor.Search:ASIAI0B)
Imported 'GUID: f0e14ea80f96b445f97b1c83650d5733' -> (Import Result ID: '639c4acdf6f3a2e2172d8dc57ff7f5fd') in 0.001 seconds [static and dynamic dependencies]. Details - ImportResultOutputID=b0613ce133fe060d01e785440df4f397 DependenciesID=3a9b004e30936954bef616e403704b5e StaticDependenciesID=a3a9c559f615bb41b635599741156b14 
Number of updated asset objects reloaded before import = 0
Number of asset objects unloaded after import = 1
========================================================================
Received Import Request.
  Time of request: 2026-08-27T08:30:32.481235Z
  Time since last request: 0.00023675 seconds.
  importAddress: GUID: 15164829aab964eedaee6bac785c2c05 - Path: Packages/com.unity.inputsystem/InputSystem/Actions/Composites/ButtonWithOneModifier.cs - Importer: ScriptedImporter/UnityEditor.QuickSearchModule:UnityEditor.Search:ASIAI0B
Importing 'GUID: 15164829aab964eedaee6bac785c2c05 - Path: Packages/com.unity.inputsystem/InputSystem/Actions/Composites/ButtonWithOneModifier.cs - Importer: ScriptedImporter/UnityEditor.QuickSearchModule:UnityEditor.Search:ASIAI0B' with importer (ScriptedImporter : UnityEditor.QuickSearchModule:UnityEditor.Search:ASIAI0B)
Imported 'GUID: 15164829aab964eedaee6bac785c2c05' -> (Import Result ID: '76e0189bbaa8214630b09936c4cd4249') in 0.001 seconds [static and dynamic dependencies]. Details - ImportResultOutputID=f748deb4654ed3c99bfa91354a256c4d DependenciesID=8093b9b20c963d332498ffc873d4178c StaticDependenciesID=525d8a99d743d379e0b827d8c307af39 
Number of updated asset objects reloaded before import = 0
Number of asset objects unloaded after import = 0
========================================================================
Received Import Request.
  Time of request: 2026-08-27T08:30:32.481994Z
  Time since last request: 0.000128292 seconds.
  importAddress: GUID: 2ab54adba6d259742a9022c514b04149 - Path: Packages/com.unity.inputsystem/InputSystem/Plugins/Linux/SDLDeviceBuilder.cs - Importer: ScriptedImporter/UnityEditor.QuickSearchModule:UnityEditor.Search:ASIAI0B
Importing 'GUID: 2ab54adba6d259742a9022c514b04149 - Path: Packages/com.unity.inputsystem/InputSystem/Plugins/Linux/SDLDeviceBuilder.cs - Importer: ScriptedImporter/UnityEditor.QuickSearchModule:UnityEditor.Search:ASIAI0B' with importer (ScriptedImporter : UnityEditor.QuickSearchModule:UnityEditor.Search:ASIAI0B)
Imported 'GUID: 2ab54adba6d259742a9022c514b04149' -> (Import Result ID: 'd1e3c1fc9fd459350f4a4ef7165715c9') in 0.001 seconds [static and dynamic dependencies]. Details - ImportResultOutputID=80e54ae5314141afa584957b75660864 DependenciesID=47ca16b4c21ca2c8c4ebfd32751c214f StaticDependenciesID=6a43f5c5282c0684e6c08d430b9ede12 
Number of updated asset objects reloaded before import = 0
Number of asset objects unloaded after import = 0
========================================================================
Received Import Request.
  Time of request: 2026-08-27T08:30:32.482714Z
  Time since last request: 0.000126333 seconds.
  importAddress: GUID: a1bc613b5fab4dd4997810700b46dbf7 - Path: Packages/com.unity.inputsystem/Tests/TestFixture/AssetDatabaseUtils.cs - Importer: ScriptedImporter/UnityEditor.QuickSearchModule:UnityEditor.Search:ASIAI0B
Importing 'GUID: a1bc613b5fab4dd4997810700b46dbf7 - Path: Packages/com.unity.inputsystem/Tests/TestFixture/AssetDatabaseUtils.cs - Importer: ScriptedImporter/UnityEditor.QuickSearchModule:UnityEditor.Search:ASIAI0B' with importer (ScriptedImporter : UnityEditor.QuickSearchModule:UnityEditor.Search:ASIAI0B)
Imported 'GUID: a1bc613b5fab4dd4997810700b46dbf7' -> (Import Result ID: 'c5f56d04af9bc2388ea73941800c2908') in 0.001 seconds [static and dynamic dependencies]. Details - ImportResultOutputID=0dae8c942add22161e26fc538ef58ec9 DependenciesID=c9da2d28b52f4d1a36b0226ab611654d StaticDependenciesID=b891d09136fae40a9b28c4488f9696ad 
Number of updated asset objects reloaded before import = 0
Number of asset objects unloaded after import = 0
========================================================================
Received Import Request.
  Time of request: 2026-08-27T08:30:32.4834Z
  Time since last request: 0.000111791 seconds.
  importAddress: GUID: 42a7c5e6c9bc849a3a9163e719422c50 - Path: Packages/com.unity.inputsystem/InputSystem/Editor/Internal/AdvancedDropdown/AdvancedDropdownItem.cs - Importer: ScriptedImporter/UnityEditor.QuickSearchModule:UnityEditor.Search:ASIAI0B
Importing 'GUID: 42a7c5e6c9bc849a3a9163e719422c50 - Path: Packages/com.unity.inputsystem/InputSystem/Editor/Internal/AdvancedDropdown/AdvancedDropdownItem.cs - Importer: ScriptedImporter/UnityEditor.QuickSearchModule:UnityEditor.Search:ASIAI0B' with importer (ScriptedImporter : UnityEditor.QuickSearchModule:UnityEditor.Search:ASIAI0B)
Imported 'GUID: 42a7c5e6c9bc849a3a9163e719422c50' -> (Import Result ID: '2bedde9e40b923eda751bc95c99bac40') in 0.001 seconds [static and dynamic dependencies]. Details - ImportResultOutputID=7b55e7e5f297891e5911f7387bbfd896 DependenciesID=edd58e86559479bfff78e0e3362e80f2 StaticDependenciesID=51b0fc04523bc4db3211870166b50185 
Number of updated asset objects reloaded before import = 0
Number of asset objects unloaded after import = 0
========================================================================
Received Import Request.
  Time of request: 2026-08-27T08:30:32.484367Z
  Time since last request: 0.000328833 seconds.
  importAddress: GUID: b02e3f0c0798a4f1789a89a7697660be - Path: Packages/com.unity.inputsystem/InputSystem/Editor/AssetEditor/PackageResources/pro/propertiesBackground.png - Importer: ScriptedImporter/UnityEditor.QuickSearchModule:UnityEditor.Search:ASIAI0B
Importing 'GUID: b02e3f0c0798a4f1789a89a7697660be - Path: Packages/com.unity.inputsystem/InputSystem/Editor/AssetEditor/PackageResources/pro/propertiesBackground.png - Importer: ScriptedImporter/UnityEditor.QuickSearchModule:UnityEditor.Search:ASIAI0B' with importer (ScriptedImporter : UnityEditor.QuickSearchModule:UnityEditor.Search:ASIAI0B)
Imported 'GUID: b02e3f0c0798a4f1789a89a7697660be' -> (Import Result ID: '95d8db9a98e4691fa87ba69727497b6a') in 0.002 seconds [static and dynamic dependencies]. Details - ImportResultOutputID=237c326b4a331987221516e25a18b0c5 DependenciesID=279f0512dd27a0e4150fad025ba2da6a StaticDependenciesID=60cacd0f3172b40b74cd6e1967f9baa3 
Number of updated asset objects reloaded before import = 0
Number of asset objects unloaded after import = 1
========================================================================
Received Import Request.
  Time of request: 2026-08-27T08:30:32.487069Z
  Time since last request: 0.000159208 seconds.
  importAddress: GUID: a9586270a56c4658a83ff649811e0cb3 - Path: Packages/com.unity.inputsystem/InputSystem/Utilities/Observables/Observable.cs - Importer: ScriptedImporter/UnityEditor.QuickSearchModule:UnityEditor.Search:ASIAI0B
Importing 'GUID: a9586270a56c4658a83ff649811e0cb3 - Path: Packages/com.unity.inputsystem/InputSystem/Utilities/Observables/Observable.cs - Importer: ScriptedImporter/UnityEditor.QuickSearchModule:UnityEditor.Search:ASIAI0B' with importer (ScriptedImporter : UnityEditor.QuickSearchModule:UnityEditor.Search:ASIAI0B)
Imported 'GUID: a9586270a56c4658a83ff649811e0cb3' -> (Import Result ID: '5fbaa05eef23a9cd89c82d57964411b7') in 0.001 seconds [static and dynamic dependencies]. Details - ImportResultOutputID=1bd06b0f34ac60358a1ab92057626325 DependenciesID=03567ac808ea289e175c15b189b59c33 StaticDependenciesID=5b810968642a0e565ee3e17c2aa29022 
Number of updated asset objects reloaded before import = 0
Number of asset objects unloaded after import = 0
========================================================================
Received Import Request.
  Time of request: 2026-08-27T08:30:32.488054Z
  Time since last request: 0.000292167 seconds.
  importAddress: GUID: 6bd8ebd167bb9d34cabf0b443f2d1aaa - Path: Packages/com.unity.inputsystem/InputSystem/Actions/Interactions/HoldInteraction.cs - Importer: ScriptedImporter/UnityEditor.QuickSearchModule:UnityEditor.Search:ASIAI0B
Importing 'GUID: 6bd8ebd167bb9d34cabf0b443f2d1aaa - Path: Packages/com.unity.inputsystem/InputSystem/Actions/Interactions/HoldInteraction.cs - Importer: ScriptedImporter/UnityEditor.QuickSearchModule:UnityEditor.Search:ASIAI0B' with importer (ScriptedImporter : UnityEditor.QuickSearchModule:UnityEditor.Search:ASIAI0B)
Imported 'GUID: 6bd8ebd167bb9d34cabf0b443f2d1aaa' -> (Import Result ID: 'a3c444f66a2087a5cd1c558d08a4e0b6') in 0.001 seconds [static and dynamic dependencies]. Details - ImportResultOutputID=22c03f39175ece50a0349f999cfd4b99 DependenciesID=c0dfb4d62e80bc17339fa1f5acb23f8a StaticDependenciesID=a6026d8f83ff2849c3b84c57ff030d93 
Number of updated asset objects reloaded before import = 0
Number of asset objects unloaded after import = 0
========================================================================
Received Import Request.
  Time of request: 2026-08-27T08:30:32.489125Z
  Time since last request: 0.000280875 seconds.
  importAddress: GUID: 153c0ac2dec541bc824175008b97615d - Path: Packages/com.unity.inputsystem/InputSystem/Devices/Remote/RemoteInputPlayerConnection.cs - Importer: ScriptedImporter/UnityEditor.QuickSearchModule:UnityEditor.Search:ASIAI0B
Importing 'GUID: 153c0ac2dec541bc824175008b97615d - Path: Packages/com.unity.inputsystem/InputSystem/Devices/Remote/RemoteInputPlayerConnection.cs - Importer: ScriptedImporter/UnityEditor.QuickSearchModule:UnityEditor.Search:ASIAI0B' with importer (ScriptedImporter : UnityEditor.QuickSearchModule:UnityEditor.Search:ASIAI0B)
Imported 'GUID: 153c0ac2dec541bc824175008b97615d' -> (Import Result ID: 'e57d5dfae85cc821fc93cc5808267043') in 0.001 seconds [static and dynamic dependencies]. Details - ImportResultOutputID=8f34fe05986fbc31ff905e8730e452f6 DependenciesID=92e3444942ffad69bebc8bf14a2d1064 StaticDependenciesID=b9d8754a993b5af8f3d32eb3689de259 
Number of updated asset objects reloaded before import = 0
Number of asset objects unloaded after import = 0
========================================================================
Received Import Request.
  Time of request: 2026-08-27T08:30:32.490216Z
  Time since last request: 0.000140917 seconds.
  importAddress: GUID: 6e9283a12f5b74afbba696cbb82f5e7f - Path: Packages/com.unity.inputsystem/InputSystem/Editor/Icons/Touch@4x.png - Importer: ScriptedImporter/UnityEditor.QuickSearchModule:UnityEditor.Search:ASIAI0B
Importing 'GUID: 6e9283a12f5b74afbba696cbb82f5e7f - Path: Packages/com.unity.inputsystem/InputSystem/Editor/Icons/Touch@4x.png - Importer: ScriptedImporter/UnityEditor.QuickSearchModule:UnityEditor.Search:ASIAI0B' with importer (ScriptedImporter : UnityEditor.QuickSearchModule:UnityEditor.Search:ASIAI0B)
Imported 'GUID: 6e9283a12f5b74afbba696cbb82f5e7f' -> (Import Result ID: 'ee26a5441db453e49f3b8a6b9506b6eb') in 0.004 seconds [static and dynamic dependencies]. Details - ImportResultOutputID=66ebb31df8de1f7479fa7a41a5bde910 DependenciesID=6216100115363f8791c55b47ae630165 StaticDependenciesID=e2694af3782f10ae90bc58773bace409 
Number of updated asset objects reloaded before import = 0
Number of asset objects unloaded after import = 1
========================================================================
Received Import Request.
  Time of request: 2026-08-27T08:30:32.49424Z
  Time since last request: 0.000257459 seconds.
  importAddress: GUID: 8d659406a304446c599b9ec454663c46 - Path: Packages/com.unity.inputsystem/InputSystem/Editor/Debugger/InputActionDebuggerWindow.cs - Importer: ScriptedImporter/UnityEditor.QuickSearchModule:UnityEditor.Search:ASIAI0B
Importing 'GUID: 8d659406a304446c599b9ec454663c46 - Path: Packages/com.unity.inputsystem/InputSystem/Editor/Debugger/InputActionDebuggerWindow.cs - Importer: ScriptedImporter/UnityEditor.QuickSearchModule:UnityEditor.Search:ASIAI0B' with importer (ScriptedImporter : UnityEditor.QuickSearchModule:UnityEditor.Search:ASIAI0B)
Imported 'GUID: 8d659406a304446c599b9ec454663c46' -> (Import Result ID: '38aeb63a106d17604f571d7a0393a424') in 0.001 seconds [static and dynamic dependencies]. Details - ImportResultOutputID=d045ddf42d03992034cc5f67159b07e6 DependenciesID=29c476b643b4ac4e7fb5c047cbdbdd05 StaticDependenciesID=75c3abd0acae3ddf2c9101c3f6dcfa6e 
Number of updated asset objects reloaded before import = 0
Number of asset objects unloaded after import = 0
========================================================================
Received Import Request.
  Time of request: 2026-08-27T08:30:32.495168Z
  Time since last request: 0.000128125 seconds.
  importAddress: GUID: 5cdea6ae28e4a4b6ca0bb7506f88764c - Path: Packages/com.unity.inputsystem/InputSystem/Editor/Internal/AdvancedDropdown - Importer: ScriptedImporter/UnityEditor.QuickSearchModule:UnityEditor.Search:ASIAI0B
Importing 'GUID: 5cdea6ae28e4a4b6ca0bb7506f88764c - Path: Packages/com.unity.inputsystem/InputSystem/Editor/Internal/AdvancedDropdown - Importer: ScriptedImporter/UnityEditor.QuickSearchModule:UnityEditor.Search:ASIAI0B' with importer (ScriptedImporter : UnityEditor.QuickSearchModule:UnityEditor.Search:ASIAI0B)
Imported 'GUID: 5cdea6ae28e4a4b6ca0bb7506f88764c' -> (Import Result ID: 'db93108909b25ede7d5caf9cac0622e3') in 0.001 seconds [static and dynamic dependencies]. Details - ImportResultOutputID=fa90ef1ab9113842176b38a9b7bbf401 DependenciesID=7824d1d63d2f188e910a7acdbea9ade7 StaticDependenciesID=1d83bfbbc283d8a278af0b930f600417 
Number of updated asset objects reloaded before import = 0
Number of asset objects unloaded after import = 1
========================================================================
Received Import Request.
  Time of request: 2026-08-27T08:30:32.495906Z
  Time since last request: 0.000126041 seconds.
  importAddress: GUID: f61b0e35037644f37b6ac81513577c50 - Path: Packages/com.unity.inputsystem/InputSystem/Editor/Internal/AdvancedDropdown/AdvancedDropdownState.cs - Importer: ScriptedImporter/UnityEditor.QuickSearchModule:UnityEditor.Search:ASIAI0B
Importing 'GUID: f61b0e35037644f37b6ac81513577c50 - Path: Packages/com.unity.inputsystem/InputSystem/Editor/Internal/AdvancedDropdown/AdvancedDropdownState.cs - Importer: ScriptedImporter/UnityEditor.QuickSearchModule:UnityEditor.Search:ASIAI0B' with importer (ScriptedImporter : UnityEditor.QuickSearchModule:UnityEditor.Search:ASIAI0B)
Imported 'GUID: f61b0e35037644f37b6ac81513577c50' -> (Import Result ID: 'c893c3e6b124fa361553691f5031b3f6') in 0.001 seconds [static and dynamic dependencies]. Details - ImportResultOutputID=91b7d3245c9e17aca5f93e372ddd625c DependenciesID=bcd9bf36391f5ec6fc41d96431d0a32c StaticDependenciesID=3d26b6c460a37c467aa4abbe692da870 
Number of updated asset objects reloaded before import = 0
Number of asset objects unloaded after import = 0
========================================================================
Received Import Request.
  Time of request: 2026-08-27T08:30:32.496766Z
  Time since last request: 0.000183333 seconds.
  importAddress: GUID: 07a49c9088e54f1387f3bb8cbbe73e01 - Path: Packages/com.unity.inputsystem/InputSystem/Events/InputEventListener.cs - Importer: ScriptedImporter/UnityEditor.QuickSearchModule:UnityEditor.Search:ASIAI0B
Importing 'GUID: 07a49c9088e54f1387f3bb8cbbe73e01 - Path: Packages/com.unity.inputsystem/InputSystem/Events/InputEventListener.cs - Importer: ScriptedImporter/UnityEditor.QuickSearchModule:UnityEditor.Search:ASIAI0B' with importer (ScriptedImporter : UnityEditor.QuickSearchModule:UnityEditor.Search:ASIAI0B)
Imported 'GUID: 07a49c9088e54f1387f3bb8cbbe73e01' -> (Import Result ID: '53105ce5da81942bb8f585daf2ba46d2') in 0.001 seconds [static and dynamic dependencies]. Details - ImportResultOutputID=131a825107f3eeb5561a7b6e77d5f6e8 DependenciesID=0844e5aaf8944225b6d55ea0583ead2b StaticDependenciesID=b2dafd44fc9cdc64202365f9c672f566 
Number of updated asset objects reloaded before import = 0
Number of asset objects unloaded after import = 0
========================================================================
Received Import Request.
  Time of request: 2026-08-27T08:30:32.497704Z
  Time since last request: 0.000280417 seconds.
  importAddress: GUID: 6db042035460c4167a6ab8d1ac3c2681 - Path: Packages/com.unity.inputsystem/InputSystem/Editor/Icons/d_Touch@4x.png - Importer: ScriptedImporter/UnityEditor.QuickSearchModule:UnityEditor.Search:ASIAI0B
Importing 'GUID: 6db042035460c4167a6ab8d1ac3c2681 - Path: Packages/com.unity.inputsystem/InputSystem/Editor/Icons/d_Touch@4x.png - Importer: ScriptedImporter/UnityEditor.QuickSearchModule:UnityEditor.Search:ASIAI0B' with importer (ScriptedImporter : UnityEditor.QuickSearchModule:UnityEditor.Search:ASIAI0B)
Imported 'GUID: 6db042035460c4167a6ab8d1ac3c2681' -> (Import Result ID: '94bd042dbcc5f6273520d895364125ac') in 0.002 seconds [static and dynamic dependencies]. Details - ImportResultOutputID=62fa5213770f62186af71d7a5c1215fa DependenciesID=7f8405c006f7336b03bdb3d28db2c900 StaticDependenciesID=e88b0974c6d408714d94edc9ed591cfd 
Number of updated asset objects reloaded before import = 0
Number of asset objects unloaded after import = 1
========================================================================
Received Import Request.
  Time of request: 2026-08-27T08:30:32.499851Z
  Time since last request: 0.000163708 seconds.
  importAddress: GUID: e2c8138bd42a9a041bb4b1398ae819d8 - Path: Packages/com.unity.inputsystem/Tests/TestFixture/WinUserInput.cs - Importer: ScriptedImporter/UnityEditor.QuickSearchModule:UnityEditor.Search:ASIAI0B
Importing 'GUID: e2c8138bd42a9a041bb4b1398ae819d8 - Path: Packages/com.unity.inputsystem/Tests/TestFixture/WinUserInput.cs - Importer: ScriptedImporter/UnityEditor.QuickSearchModule:UnityEditor.Search:ASIAI0B' with importer (ScriptedImporter : UnityEditor.QuickSearchModule:UnityEditor.Search:ASIAI0B)
Imported 'GUID: e2c8138bd42a9a041bb4b1398ae819d8' -> (Import Result ID: '8b2208636a84d816f7a06c1c6eee8c9d') in 0.001 seconds [static and dynamic dependencies]. Details - ImportResultOutputID=c0256097272ef699a4b08d9a1e6a420b DependenciesID=02ade19bb22d8b0c80ce4fc2772d36da StaticDependenciesID=f6861442d69a0fa6fa61d7662d4f725d 
Number of updated asset objects reloaded before import = 0
Number of asset objects unloaded after import = 0
========================================================================
Received Import Request.
  Time of request: 2026-08-27T08:30:32.500844Z
  Time since last request: 0.000267958 seconds.
  importAddress: GUID: 5a2515c58b39ea24c8154ebc84f7c157 - Path: Packages/com.unity.inputsystem/InputSystem/Controls/InputControlLayout.cs - Importer: ScriptedImporter/UnityEditor.QuickSearchModule:UnityEditor.Search:ASIAI0B
Importing 'GUID: 5a2515c58b39ea24c8154ebc84f7c157 - Path: Packages/com.unity.inputsystem/InputSystem/Controls/InputControlLayout.cs - Importer: ScriptedImporter/UnityEditor.QuickSearchModule:UnityEditor.Search:ASIAI0B' with importer (ScriptedImporter : UnityEditor.QuickSearchModule:UnityEditor.Search:ASIAI0B)
Imported 'GUID: 5a2515c58b39ea24c8154ebc84f7c157' -> (Import Result ID: 'bbe7d9c2e16fae0e926c8d58f8f24f64') in 0.001 seconds [static and dynamic dependencies]. Details - ImportResultOutputID=7a9a06b1aa4332602046da404d2c93d7 DependenciesID=5c32cdcd79686b315021e96374c59179 StaticDependenciesID=7fd5e1a88801a856faf30effaa6d35a4 
Number of updated asset objects reloaded before import = 0
Number of asset objects unloaded after import = 0
========================================================================
Received Import Request.
  Time of request: 2026-08-27T08:30:32.501697Z
  Time since last request: 0.000179875 seconds.
  importAddress: GUID: 84ba8e63f115487ca072084bbebf0e55 - Path: Packages/com.unity.inputsystem/InputSystem/Devices/Commands - Importer: ScriptedImporter/UnityEditor.QuickSearchModule:UnityEditor.Search:ASIAI0B
Importing 'GUID: 84ba8e63f115487ca072084bbebf0e55 - Path: Packages/com.unity.inputsystem/InputSystem/Devices/Commands - Importer: ScriptedImporter/UnityEditor.QuickSearchModule:UnityEditor.Search:ASIAI0B' with importer (ScriptedImporter : UnityEditor.QuickSearchModule:UnityEditor.Search:ASIAI0B)
Imported 'GUID: 84ba8e63f115487ca072084bbebf0e55' -> (Import Result ID: '7e1e8ba609fb0e23e5f6656c2170a4d6') in 0.001 seconds [static and dynamic dependencies]. Details - ImportResultOutputID=d4346bb25d3672f9b0bf8b7233bcacb3 DependenciesID=0970dac27f1cacf6ccfad3f5666e0629 StaticDependenciesID=0849f2bd093d32ff24adabee852cca92 
Number of updated asset objects reloaded before import = 0
Number of asset objects unloaded after import = 1
========================================================================
Received Import Request.
  Time of request: 2026-08-27T08:30:32.502478Z
  Time since last request: 0.000161959 seconds.
  importAddress: GUID: 888687b767334731951f3f18ffef0b75 - Path: Packages/com.unity.inputsystem/InputSystem/Utilities/ArrayHelpers.cs - Importer: ScriptedImporter/UnityEditor.QuickSearchModule:UnityEditor.Search:ASIAI0B
Importing 'GUID: 888687b767334731951f3f18ffef0b75 - Path: Packages/com.unity.inputsystem/InputSystem/Utilities/ArrayHelpers.cs - Importer: ScriptedImporter/UnityEditor.QuickSearchModule:UnityEditor.Search:ASIAI0B' with importer (ScriptedImporter : UnityEditor.QuickSearchModule:UnityEditor.Search:ASIAI0B)
Imported 'GUID: 888687b767334731951f3f18ffef0b75' -> (Import Result ID: '362a5d33420f30de328463e094eb8626') in 0.001 seconds [static and dynamic dependencies]. Details - ImportResultOutputID=13c2e9a2bbb05820daba132409d42247 DependenciesID=2567561bd09a390862ae9bfb7bf6cf71 StaticDependenciesID=1884c48b55ee21acc1083361b51a7a52 
Number of updated asset objects reloaded before import = 0
Number of asset objects unloaded after import = 0
========================================================================
Received Import Request.
  Time of request: 2026-08-27T08:30:32.503373Z
  Time since last request: 0.000221041 seconds.
  importAddress: GUID: d92ba71f7bef7074eb5d8753a9d09521 - Path: Packages/com.unity.inputsystem/InputSystem/Editor/UITKAssetEditor/SerializedInputActionMap.cs - Importer: ScriptedImporter/UnityEditor.QuickSearchModule:UnityEditor.Search:ASIAI0B
Importing 'GUID: d92ba71f7bef7074eb5d8753a9d09521 - Path: Packages/com.unity.inputsystem/InputSystem/Editor/UITKAssetEditor/SerializedInputActionMap.cs - Importer: ScriptedImporter/UnityEditor.QuickSearchModule:UnityEditor.Search:ASIAI0B' with importer (ScriptedImporter : UnityEditor.QuickSearchModule:UnityEditor.Search:ASIAI0B)
Imported 'GUID: d92ba71f7bef7074eb5d8753a9d09521' -> (Import Result ID: 'e3bae31473cee9f7b224a2b553fa032e') in 0.001 seconds [static and dynamic dependencies]. Details - ImportResultOutputID=830e14024a8ac8fe95b2caf7c315ccba DependenciesID=c9db82d50e72fb7d53df661a010d6074 StaticDependenciesID=a4c64685bc27200bc4a3d1e89a596866 
Number of updated asset objects reloaded before import = 0
Number of asset objects unloaded after import = 0
========================================================================
Received Import Request.
  Time of request: 2026-08-27T08:30:32.504898Z
  Time since last request: 0.000241583 seconds.
  importAddress: GUID: 2ade21199e79d394ab34f4e6887f1c09 - Path: Packages/com.unity.inputsystem/InputSystem/Plugins/XR/Haptics/GetHapticCapabilitiesCommand.cs - Importer: ScriptedImporter/UnityEditor.QuickSearchModule:UnityEditor.Search:ASIAI0B
Importing 'GUID: 2ade21199e79d394ab34f4e6887f1c09 - Path: Packages/com.unity.inputsystem/InputSystem/Plugins/XR/Haptics/GetHapticCapabilitiesCommand.cs - Importer: ScriptedImporter/UnityEditor.QuickSearchModule:UnityEditor.Search:ASIAI0B' with importer (ScriptedImporter : UnityEditor.QuickSearchModule:UnityEditor.Search:ASIAI0B)
Imported 'GUID: 2ade21199e79d394ab34f4e6887f1c09' -> (Import Result ID: 'bcadbe4e0308baeb1a4b5f4ad45a5868') in 0.001 seconds [static and dynamic dependencies]. Details - ImportResultOutputID=1c7f36b00604ceeb0c2c65d3c39166b0 DependenciesID=e51442bcbf66380b749855e3ec9265d0 StaticDependenciesID=b76e86cf767335381b91f749a8287e46 
Number of updated asset objects reloaded before import = 0
Number of asset objects unloaded after import = 0
========================================================================
Received Import Request.
  Time of request: 2026-08-27T08:30:32.506435Z
  Time since last request: 0.000217375 seconds.
  importAddress: GUID: 2196c18f03faf4184b1aeb2c61d5571d - Path: Packages/com.unity.inputsystem/InputSystem/Editor/Icons/Interactive Binding.png - Importer: ScriptedImporter/UnityEditor.QuickSearchModule:UnityEditor.Search:ASIAI0B
Importing 'GUID: 2196c18f03faf4184b1aeb2c61d5571d - Path: Packages/com.unity.inputsystem/InputSystem/Editor/Icons/Interactive Binding.png - Importer: ScriptedImporter/UnityEditor.QuickSearchModule:UnityEditor.Search:ASIAI0B' with importer (ScriptedImporter : UnityEditor.QuickSearchModule:UnityEditor.Search:ASIAI0B)
Imported 'GUID: 2196c18f03faf4184b1aeb2c61d5571d' -> (Import Result ID: '9473dee25e293f1c59e91c10835a0783') in 0.002 seconds [static and dynamic dependencies]. Details - ImportResultOutputID=0380e5c954fa57747360ae1649643fc3 DependenciesID=48e236782c57213d0c6944748a4c176b StaticDependenciesID=fefbc82e2d65acf1c1c3587d3e5cbc0b 
Number of updated asset objects reloaded before import = 0
Number of asset objects unloaded after import = 1
========================================================================
Received Import Request.
  Time of request: 2026-08-27T08:30:32.525299Z
  Time since last request: 0.016874333 seconds.
  importAddress: GUID: 0226840818c8be84a9d8774a2529fe86 - Path: Packages/com.unity.inputsystem/InputSystem/Editor/UITKAssetEditor/Views/ActionMapsView.cs - Importer: ScriptedImporter/UnityEditor.QuickSearchModule:UnityEditor.Search:ASIAI0B
Importing 'GUID: 0226840818c8be84a9d8774a2529fe86 - Path: Packages/com.unity.inputsystem/InputSystem/Editor/UITKAssetEditor/Views/ActionMapsView.cs - Importer: ScriptedImporter/UnityEditor.QuickSearchModule:UnityEditor.Search:ASIAI0B' with importer (ScriptedImporter : UnityEditor.QuickSearchModule:UnityEditor.Search:ASIAI0B)
Imported 'GUID: 0226840818c8be84a9d8774a2529fe86' -> (Import Result ID: '9c7ed992c9ef866543552f6786116727') in 0.002 seconds [static and dynamic dependencies]. Details - ImportResultOutputID=80a00093838f9d7d1b183240e0c0b254 DependenciesID=900e6e55285a2b61b4e43208768aa0f9 StaticDependenciesID=7c25b7afdc1982d632a395153039925c 
Number of updated asset objects reloaded before import = 0
Number of asset objects unloaded after import = 0
========================================================================
Received Import Request.
  Time of request: 2026-08-27T08:30:32.527051Z
  Time since last request: 0.000116666 seconds.
  importAddress: GUID: bb5fa99d6e9434c9ebf101c956021ee1 - Path: Packages/com.unity.inputsystem/InputSystem/Editor/Icons/Add Binding@2x.png - Importer: ScriptedImporter/UnityEditor.QuickSearchModule:UnityEditor.Search:ASIAI0B
Importing 'GUID: bb5fa99d6e9434c9ebf101c956021ee1 - Path: Packages/com.unity.inputsystem/InputSystem/Editor/Icons/Add Binding@2x.png - Importer: ScriptedImporter/UnityEditor.QuickSearchModule:UnityEditor.Search:ASIAI0B' with importer (ScriptedImporter : UnityEditor.QuickSearchModule:UnityEditor.Search:ASIAI0B)
Imported 'GUID: bb5fa99d6e9434c9ebf101c956021ee1' -> (Import Result ID: '8e08b0173ce63164ef29f42e4aeb1999') in 0.002 seconds [static and dynamic dependencies]. Details - ImportResultOutputID=369bc8be22b4ccb42b6670e1c82ecb04 DependenciesID=c49d87821c59f4a0aa606e0a10b92100 StaticDependenciesID=8e554f78b63ed92e9d337f4fe95621db 
Number of updated asset objects reloaded before import = 0
Number of asset objects unloaded after import = 1
========================================================================
Received Import Request.
  Time of request: 2026-08-27T08:30:32.529289Z
  Time since last request: 0.000212416 seconds.
  importAddress: GUID: 6efadb7e1c29b4055adbd232610a4179 - Path: Packages/com.unity.inputsystem/InputSystem/Actions/InputBindingComposite.cs - Importer: ScriptedImporter/UnityEditor.QuickSearchModule:UnityEditor.Search:ASIAI0B
Importing 'GUID: 6efadb7e1c29b4055adbd232610a4179 - Path: Packages/com.unity.inputsystem/InputSystem/Actions/InputBindingComposite.cs - Importer: ScriptedImporter/UnityEditor.QuickSearchModule:UnityEditor.Search:ASIAI0B' with importer (ScriptedImporter : UnityEditor.QuickSearchModule:UnityEditor.Search:ASIAI0B)
Imported 'GUID: 6efadb7e1c29b4055adbd232610a4179' -> (Import Result ID: 'b3aa2745da90db476dc1f63b15a7a1d8') in 0.001 seconds [static and dynamic dependencies]. Details - ImportResultOutputID=e859eab4c399d2736775177679fc0f6c DependenciesID=e0e20ed4fdd86306da1e1b1bef908906 StaticDependenciesID=6868cecc028ff57f1552f23323b5e475 
Number of updated asset objects reloaded before import = 0
Number of asset objects unloaded after import = 0
========================================================================
Received Import Request.
  Time of request: 2026-08-27T08:30:32.530462Z
  Time since last request: 0.00031075 seconds.
  importAddress: GUID: cfe12f5319f74d9e8b0875e965ac280b - Path: Packages/com.unity.inputsystem/InputSystem/Actions/InputAction.cs - Importer: ScriptedImporter/UnityEditor.QuickSearchModule:UnityEditor.Search:ASIAI0B
Importing 'GUID: cfe12f5319f74d9e8b0875e965ac280b - Path: Packages/com.unity.inputsystem/InputSystem/Actions/InputAction.cs - Importer: ScriptedImporter/UnityEditor.QuickSearchModule:UnityEditor.Search:ASIAI0B' with importer (ScriptedImporter : UnityEditor.QuickSearchModule:UnityEditor.Search:ASIAI0B)
Imported 'GUID: cfe12f5319f74d9e8b0875e965ac280b' -> (Import Result ID: 'ba3b9e8ad4b5861e728a514625adbec4') in 0.001 seconds [static and dynamic dependencies]. Details - ImportResultOutputID=3d0af79cbca099741fd73a3c20c7afd4 DependenciesID=b3d235235aa0e6239214cfc9a1222573 StaticDependenciesID=f592551208ab0f621fd9975c4ca60f61 
Number of updated asset objects reloaded before import = 0
Number of asset objects unloaded after import = 0
========================================================================
Received Import Request.
  Time of request: 2026-08-27T08:30:32.531431Z
  Time since last request: 0.000152542 seconds.
  importAddress: GUID: 3fa44185ed614414ebab354dfe5a06b6 - Path: Packages/com.unity.inputsystem/InputSystem/Editor/UITKAssetEditor/PackageResources/InputActionMapsTreeViewItem.uxml - Importer: ScriptedImporter/UnityEditor.QuickSearchModule:UnityEditor.Search:ASIAI0B
Importing 'GUID: 3fa44185ed614414ebab354dfe5a06b6 - Path: Packages/com.unity.inputsystem/InputSystem/Editor/UITKAssetEditor/PackageResources/InputActionMapsTreeViewItem.uxml - Importer: ScriptedImporter/UnityEditor.QuickSearchModule:UnityEditor.Search:ASIAI0B' with importer (ScriptedImporter : UnityEditor.QuickSearchModule:UnityEditor.Search:ASIAI0B)
Imported 'GUID: 3fa44185ed614414ebab354dfe5a06b6' -> (Import Result ID: '3853cf49719013a8c1d5a9b5aa541b10') in 0.002 seconds [static and dynamic dependencies]. Details - ImportResultOutputID=6558bb7c08ddb1133ce0078a6bd80be1 DependenciesID=b2906d0a83e6824a9680e114c61a76ab StaticDependenciesID=6b7c5914c5d6d1c2b87eba5b9529d28b 
Number of updated asset objects reloaded before import = 0
Number of asset objects unloaded after import = 3
========================================================================
Received Import Request.
  Time of request: 2026-08-27T08:30:32.534277Z
  Time since last request: 0.000296667 seconds.
  importAddress: GUID: 0e49b0a8b53e45445979b3fa9604a35c - Path: Packages/com.unity.inputsystem/InputSystem/Plugins/OnScreen - Importer: ScriptedImporter/UnityEditor.QuickSearchModule:UnityEditor.Search:ASIAI0B
Importing 'GUID: 0e49b0a8b53e45445979b3fa9604a35c - Path: Packages/com.unity.inputsystem/InputSystem/Plugins/OnScreen - Importer: ScriptedImporter/UnityEditor.QuickSearchModule:UnityEditor.Search:ASIAI0B' with importer (ScriptedImporter : UnityEditor.QuickSearchModule:UnityEditor.Search:ASIAI0B)
Imported 'GUID: 0e49b0a8b53e45445979b3fa9604a35c' -> (Import Result ID: '36ff719882c93b4dba9976d1938fa8be') in 0.001 seconds [static and dynamic dependencies]. Details - ImportResultOutputID=aa7efaad39a6c0e959f2c0daf6f26267 DependenciesID=66a1e599a97a23e14ed311d4348ac812 StaticDependenciesID=f6e0837aa9e88486589ad463b4c38e5c 
Number of updated asset objects reloaded before import = 0
Number of asset objects unloaded after import = 1
========================================================================
Received Import Request.
  Time of request: 2026-08-27T08:30:32.535263Z
  Time since last request: 0.000187917 seconds.
  importAddress: GUID: 830105192d35a17469c56711468d1e8f - Path: Packages/com.unity.inputsystem/InputSystem/Plugins/Android/AndroidSensors.cs - Importer: ScriptedImporter/UnityEditor.QuickSearchModule:UnityEditor.Search:ASIAI0B
Importing 'GUID: 830105192d35a17469c56711468d1e8f - Path: Packages/com.unity.inputsystem/InputSystem/Plugins/Android/AndroidSensors.cs - Importer: ScriptedImporter/UnityEditor.QuickSearchModule:UnityEditor.Search:ASIAI0B' with importer (ScriptedImporter : UnityEditor.QuickSearchModule:UnityEditor.Search:ASIAI0B)
Imported 'GUID: 830105192d35a17469c56711468d1e8f' -> (Import Result ID: 'bb553273910bcbd3d5be561463b95465') in 0.001 seconds [static and dynamic dependencies]. Details - ImportResultOutputID=57c21d2ba07fd1de09eaea887a7d9bdd DependenciesID=4d36244f6e316d9f2d8424d6ed9292c8 StaticDependenciesID=840fd351d9e0882f8ad1bbf123b075e7 
Number of updated asset objects reloaded before import = 0
Number of asset objects unloaded after import = 0
========================================================================
Received Import Request.
  Time of request: 2026-08-27T08:30:32.536505Z
  Time since last request: 0.00042875 seconds.
  importAddress: GUID: c0f26b555bfc14351a9f8ec342fd6ae8 - Path: Packages/com.unity.inputsystem/DocCodeSamples.Tests - Importer: ScriptedImporter/UnityEditor.QuickSearchModule:UnityEditor.Search:ASIAI0B
Importing 'GUID: c0f26b555bfc14351a9f8ec342fd6ae8 - Path: Packages/com.unity.inputsystem/DocCodeSamples.Tests - Importer: ScriptedImporter/UnityEditor.QuickSearchModule:UnityEditor.Search:ASIAI0B' with importer (ScriptedImporter : UnityEditor.QuickSearchModule:UnityEditor.Search:ASIAI0B)
Imported 'GUID: c0f26b555bfc14351a9f8ec342fd6ae8' -> (Import Result ID: 'bdf029505068712890ccd3b579749e3a') in 0.001 seconds [static and dynamic dependencies]. Details - ImportResultOutputID=426626a5cb907c9c061ce1cf7a6ea127 DependenciesID=f97606c1a2b266e3bba409baac5ace25 StaticDependenciesID=a46e419dc04d97d40b2d108e536c32a7 
Number of updated asset objects reloaded before import = 0
Number of asset objects unloaded after import = 1
========================================================================
Received Import Request.
  Time of request: 2026-08-27T08:30:32.537798Z
  Time since last request: 0.000236625 seconds.
  importAddress: GUID: 7182f63b24b00b44bbc83a3491c911e8 - Path: Packages/com.unity.inputsystem/InputSystem/Editor/EditorInputControlLayoutCache.cs - Importer: ScriptedImporter/UnityEditor.QuickSearchModule:UnityEditor.Search:ASIAI0B
Importing 'GUID: 7182f63b24b00b44bbc83a3491c911e8 - Path: Packages/com.unity.inputsystem/InputSystem/Editor/EditorInputControlLayoutCache.cs - Importer: ScriptedImporter/UnityEditor.QuickSearchModule:UnityEditor.Search:ASIAI0B' with importer (ScriptedImporter : UnityEditor.QuickSearchModule:UnityEditor.Search:ASIAI0B)
Imported 'GUID: 7182f63b24b00b44bbc83a3491c911e8' -> (Import Result ID: 'bb9a5dd3b15070681b7e563cb13ce43b') in 0.001 seconds [static and dynamic dependencies]. Details - ImportResultOutputID=d700977a4ca7bfa2095c71c89ae150fb DependenciesID=7762f434366e6c53bb573aca9c61b690 StaticDependenciesID=1a70a71005ebd808684b48e75545aaae 
Number of updated asset objects reloaded before import = 0
Number of asset objects unloaded after import = 0
========================================================================
Received Import Request.
  Time of request: 2026-08-27T08:30:32.538871Z
  Time since last request: 0.000276792 seconds.
  importAddress: GUID: c5b4f9c3390c14106a5006fd5d3d3cbe - Path: Packages/com.unity.inputsystem/InputSystem/Editor/AssetEditor/InputActionAssetManager.cs - Importer: ScriptedImporter/UnityEditor.QuickSearchModule:UnityEditor.Search:ASIAI0B
Importing 'GUID: c5b4f9c3390c14106a5006fd5d3d3cbe - Path: Packages/com.unity.inputsystem/InputSystem/Editor/AssetEditor/InputActionAssetManager.cs - Importer: ScriptedImporter/UnityEditor.QuickSearchModule:UnityEditor.Search:ASIAI0B' with importer (ScriptedImporter : UnityEditor.QuickSearchModule:UnityEditor.Search:ASIAI0B)
Imported 'GUID: c5b4f9c3390c14106a5006fd5d3d3cbe' -> (Import Result ID: '15ce8e59095a4ecdc7b50c92a3fb65b1') in 0.001 seconds [static and dynamic dependencies]. Details - ImportResultOutputID=bd0ac10e5cf0ca0fc169e3aebdd869b2 DependenciesID=ee0d81be1cfdba281f94196903073633 StaticDependenciesID=9781a84a3cf2bb963d0324d82c79dd11 
Number of updated asset objects reloaded before import = 0
Number of asset objects unloaded after import = 0
========================================================================
Received Import Request.
  Time of request: 2026-08-27T08:30:32.539843Z
  Time since last request: 0.000161 seconds.
  importAddress: GUID: df88ce51eaa14f2f8975023f7f45d2d9 - Path: Packages/com.unity.inputsystem/InputSystem/Plugins/DualShock/DualShockGamepad.cs - Importer: ScriptedImporter/UnityEditor.QuickSearchModule:UnityEditor.Search:ASIAI0B
Importing 'GUID: df88ce51eaa14f2f8975023f7f45d2d9 - Path: Packages/com.unity.inputsystem/InputSystem/Plugins/DualShock/DualShockGamepad.cs - Importer: ScriptedImporter/UnityEditor.QuickSearchModule:UnityEditor.Search:ASIAI0B' with importer (ScriptedImporter : UnityEditor.QuickSearchModule:UnityEditor.Search:ASIAI0B)
Imported 'GUID: df88ce51eaa14f2f8975023f7f45d2d9' -> (Import Result ID: '05a751ebaba5e22674451dfc96403c64') in 0.001 seconds [static and dynamic dependencies]. Details - ImportResultOutputID=f8f2bd73d2d0762105088576566801fe DependenciesID=39bb7d0637543775cd78f6d92fde11fc StaticDependenciesID=2b36788970e1235d8c3f502b43a509e4 
Number of updated asset objects reloaded before import = 0
Number of asset objects unloaded after import = 0
========================================================================
Received Import Request.
  Time of request: 2026-08-27T08:30:32.540679Z
  Time since last request: 0.000169333 seconds.
  importAddress: GUID: 726294051bc6c426e886d72ea4702f21 - Path: Packages/com.unity.inputsystem/InputSystem/Editor/PropertyDrawers - Importer: ScriptedImporter/UnityEditor.QuickSearchModule:UnityEditor.Search:ASIAI0B
Importing 'GUID: 726294051bc6c426e886d72ea4702f21 - Path: Packages/com.unity.inputsystem/InputSystem/Editor/PropertyDrawers - Importer: ScriptedImporter/UnityEditor.QuickSearchModule:UnityEditor.Search:ASIAI0B' with importer (ScriptedImporter : UnityEditor.QuickSearchModule:UnityEditor.Search:ASIAI0B)
Imported 'GUID: 726294051bc6c426e886d72ea4702f21' -> (Import Result ID: '88e334b624fe23ac6460363e191d5de1') in 0.001 seconds [static and dynamic dependencies]. Details - ImportResultOutputID=3348f341dfb23a03a54c7644f3ab6dfc DependenciesID=30ec7bd364f477ecee6a2bfc698743a2 StaticDependenciesID=f3e928e7705562714363dc0ef6c6c992 
Number of updated asset objects reloaded before import = 0
Number of asset objects unloaded after import = 1
========================================================================
Received Import Request.
  Time of request: 2026-08-27T08:30:32.541787Z
  Time since last request: 0.000340541 seconds.
  importAddress: GUID: c5640f63fd494e11936f2f231d83eb4b - Path: Packages/com.unity.inputsystem/InputSystem/Plugins/iOS/iOSStepCounter.cs - Importer: ScriptedImporter/UnityEditor.QuickSearchModule:UnityEditor.Search:ASIAI0B
Importing 'GUID: c5640f63fd494e11936f2f231d83eb4b - Path: Packages/com.unity.inputsystem/InputSystem/Plugins/iOS/iOSStepCounter.cs - Importer: ScriptedImporter/UnityEditor.QuickSearchModule:UnityEditor.Search:ASIAI0B' with importer (ScriptedImporter : UnityEditor.QuickSearchModule:UnityEditor.Search:ASIAI0B)
Imported 'GUID: c5640f63fd494e11936f2f231d83eb4b' -> (Import Result ID: '89420df0cec50a1ebf4874c7299ed912') in 0.001 seconds [static and dynamic dependencies]. Details - ImportResultOutputID=e32a31be9e5f50a15bee45d707a679d4 DependenciesID=e3ad3835bab927247ef8921e8d773ef4 StaticDependenciesID=4e36cbe7d161e73fa90ff31494086b1e 
Number of updated asset objects reloaded before import = 0
Number of asset objects unloaded after import = 0
========================================================================
Received Import Request.
  Time of request: 2026-08-27T08:30:32.542831Z
  Time since last request: 0.000293875 seconds.
  importAddress: GUID: 78dcfd26eada049b0840e276bd029712 - Path: Packages/com.unity.inputsystem/InputSystem/Plugins/PlayerInput/PlayerInputEditor.cs - Importer: ScriptedImporter/UnityEditor.QuickSearchModule:UnityEditor.Search:ASIAI0B
Importing 'GUID: 78dcfd26eada049b0840e276bd029712 - Path: Packages/com.unity.inputsystem/InputSystem/Plugins/PlayerInput/PlayerInputEditor.cs - Importer: ScriptedImporter/UnityEditor.QuickSearchModule:UnityEditor.Search:ASIAI0B' with importer (ScriptedImporter : UnityEditor.QuickSearchModule:UnityEditor.Search:ASIAI0B)
Imported 'GUID: 78dcfd26eada049b0840e276bd029712' -> (Import Result ID: '1e64b3c380ab3eb93672b341f84c8d52') in 0.001 seconds [static and dynamic dependencies]. Details - ImportResultOutputID=ed0943523d9e0db6f6a827bcfc3a6655 DependenciesID=0510bedb3faac010405e14ce9244148a StaticDependenciesID=61db154a0dd7567eeaabf2ab85296189 
Number of updated asset objects reloaded before import = 0
Number of asset objects unloaded after import = 0
========================================================================
Received Import Request.
  Time of request: 2026-08-27T08:30:32.543782Z
  Time since last request: 0.000149666 seconds.
  importAddress: GUID: a89bfcdeffde84e7ebf930d44b695435 - Path: Packages/com.unity.inputsystem/InputSystem/Editor/Icons/d_ChevronUp@2x.png - Importer: ScriptedImporter/UnityEditor.QuickSearchModule:UnityEditor.Search:ASIAI0B
Importing 'GUID: a89bfcdeffde84e7ebf930d44b695435 - Path: Packages/com.unity.inputsystem/InputSystem/Editor/Icons/d_ChevronUp@2x.png - Importer: ScriptedImporter/UnityEditor.QuickSearchModule:UnityEditor.Search:ASIAI0B' with importer (ScriptedImporter : UnityEditor.QuickSearchModule:UnityEditor.Search:ASIAI0B)
Imported 'GUID: a89bfcdeffde84e7ebf930d44b695435' -> (Import Result ID: '8240aecdcda1b71bd774dd5091c35e43') in 0.003 seconds [static and dynamic dependencies]. Details - ImportResultOutputID=2a76c0db721667e775270beb4096bb3a DependenciesID=937c92b8a941aee91d99971fecbe1e3b StaticDependenciesID=7de9cae28c889438115fef9d1a0164ec 
Number of updated asset objects reloaded before import = 0
Number of asset objects unloaded after import = 1
========================================================================
Received Import Request.
  Time of request: 2026-08-27T08:30:32.546659Z
  Time since last request: 0.000173834 seconds.
  importAddress: GUID: a4deca3e01bf64bfc9136f4cb3b41c9f - Path: Packages/com.unity.inputsystem/InputSystem/Editor/Icons/Stick@3x.png - Importer: ScriptedImporter/UnityEditor.QuickSearchModule:UnityEditor.Search:ASIAI0B
Importing 'GUID: a4deca3e01bf64bfc9136f4cb3b41c9f - Path: Packages/com.unity.inputsystem/InputSystem/Editor/Icons/Stick@3x.png - Importer: ScriptedImporter/UnityEditor.QuickSearchModule:UnityEditor.Search:ASIAI0B' with importer (ScriptedImporter : UnityEditor.QuickSearchModule:UnityEditor.Search:ASIAI0B)
Imported 'GUID: a4deca3e01bf64bfc9136f4cb3b41c9f' -> (Import Result ID: '902ebaad74c2eb13e0f1008a965aa1f1') in 0.002 seconds [static and dynamic dependencies]. Details - ImportResultOutputID=18e937a76dd70184bfbd1ba27b4e134a DependenciesID=f350475230d00c7254f591d709e1c37a StaticDependenciesID=65ad8a3f6eb66ef6a635d3c79083c24d 
Number of updated asset objects reloaded before import = 0
Number of asset objects unloaded after import = 1
========================================================================
Received Import Request.
  Time of request: 2026-08-27T08:30:32.549094Z
  Time since last request: 0.0002475 seconds.
  importAddress: GUID: 31038076760c2c744a116e944e0e18d7 - Path: Packages/com.unity.inputsystem/InputSystem/Plugins/XR/Controls/PoseControl.cs - Importer: ScriptedImporter/UnityEditor.QuickSearchModule:UnityEditor.Search:ASIAI0B
Importing 'GUID: 31038076760c2c744a116e944e0e18d7 - Path: Packages/com.unity.inputsystem/InputSystem/Plugins/XR/Controls/PoseControl.cs - Importer: ScriptedImporter/UnityEditor.QuickSearchModule:UnityEditor.Search:ASIAI0B' with importer (ScriptedImporter : UnityEditor.QuickSearchModule:UnityEditor.Search:ASIAI0B)
Imported 'GUID: 31038076760c2c744a116e944e0e18d7' -> (Import Result ID: 'a2288eab8252503da1c6d014f43cb5f1') in 0.001 seconds [static and dynamic dependencies]. Details - ImportResultOutputID=3260668b20bb4eac8cb3080553c1d114 DependenciesID=92ec3b3548e343e0a67f4489987d8900 StaticDependenciesID=bcbd40a56cd2d9772c5d752145480a61 
Number of updated asset objects reloaded before import = 0
Number of asset objects unloaded after import = 0
========================================================================
Received Import Request.
  Time of request: 2026-08-27T08:30:32.550079Z
  Time since last request: 0.000219375 seconds.
  importAddress: GUID: 09dcc9c0126b6b34ab2a877b8f2277f5 - Path: Packages/com.unity.inputsystem/InputSystem/Plugins/InputForUI/InputSystemForUI.asmdef - Importer: ScriptedImporter/UnityEditor.QuickSearchModule:UnityEditor.Search:ASIAI0B
Importing 'GUID: 09dcc9c0126b6b34ab2a877b8f2277f5 - Path: Packages/com.unity.inputsystem/InputSystem/Plugins/InputForUI/InputSystemForUI.asmdef - Importer: ScriptedImporter/UnityEditor.QuickSearchModule:UnityEditor.Search:ASIAI0B' with importer (ScriptedImporter : UnityEditor.QuickSearchModule:UnityEditor.Search:ASIAI0B)
Imported 'GUID: 09dcc9c0126b6b34ab2a877b8f2277f5' -> (Import Result ID: 'ac50e8eb6d4771896980decf419509ce') in 0.001 seconds [static and dynamic dependencies]. Details - ImportResultOutputID=a923d3a410f92e5dd46ec4f6d39c7d3f DependenciesID=6c86e87de8489e94eaf461256da74c47 StaticDependenciesID=e7d731f832dbd20e26bee034f458a32e 
Number of updated asset objects reloaded before import = 0
Number of asset objects unloaded after import = 1
========================================================================
Received Import Request.
  Time of request: 2026-08-27T08:30:32.551084Z
  Time since last request: 0.000136917 seconds.
  importAddress: GUID: 06ad495fb07444736b59782982d96250 - Path: Packages/com.unity.inputsystem/InputSystem/Editor/Icons/d_ChevronDown.png - Importer: ScriptedImporter/UnityEditor.QuickSearchModule:UnityEditor.Search:ASIAI0B
Importing 'GUID: 06ad495fb07444736b59782982d96250 - Path: Packages/com.unity.inputsystem/InputSystem/Editor/Icons/d_ChevronDown.png - Importer: ScriptedImporter/UnityEditor.QuickSearchModule:UnityEditor.Search:ASIAI0B' with importer (ScriptedImporter : UnityEditor.QuickSearchModule:UnityEditor.Search:ASIAI0B)
Imported 'GUID: 06ad495fb07444736b59782982d96250' -> (Import Result ID: '9d23e8c80e5140481270fa473cbdef9b') in 0.002 seconds [static and dynamic dependencies]. Details - ImportResultOutputID=93a217b2a299b2041617fce6e3508f15 DependenciesID=05f5420fa4a5b3f2c703066d5286eb7c StaticDependenciesID=06e4a2340b737b1b10c1f516e6ae9c6f 
Number of updated asset objects reloaded before import = 0
Number of asset objects unloaded after import = 1
========================================================================
Received Import Request.
  Time of request: 2026-08-27T08:30:32.553368Z
  Time since last request: 0.000279917 seconds.
  importAddress: GUID: ab2c7c4773181604f9b207518e96ca1b - Path: Packages/com.unity.inputsystem/InputSystem/State/IInputStateChangeMonitor.cs - Importer: ScriptedImporter/UnityEditor.QuickSearchModule:UnityEditor.Search:ASIAI0B
Importing 'GUID: ab2c7c4773181604f9b207518e96ca1b - Path: Packages/com.unity.inputsystem/InputSystem/State/IInputStateChangeMonitor.cs - Importer: ScriptedImporter/UnityEditor.QuickSearchModule:UnityEditor.Search:ASIAI0B' with importer (ScriptedImporter : UnityEditor.QuickSearchModule:UnityEditor.Search:ASIAI0B)
Imported 'GUID: ab2c7c4773181604f9b207518e96ca1b' -> (Import Result ID: '32b45b84ff339174f4dd29629f04b408') in 0.001 seconds [static and dynamic dependencies]. Details - ImportResultOutputID=6fe72c5bf4c6624ed3fb971b3232cbe2 DependenciesID=9a8b51d1963faceeeeebaa0e0299dcd0 StaticDependenciesID=89c2f19cd6996fdbf216b9f351b509b4 
Number of updated asset objects reloaded before import = 0
Number of asset objects unloaded after import = 0
========================================================================
Received Import Request.
  Time of request: 2026-08-27T08:30:32.55435Z
  Time since last request: 0.000218583 seconds.
  importAddress: GUID: a43c2c10c85c448b584c8f2840f86915 - Path: Packages/com.unity.inputsystem/InputSystem/Editor/Icons/Position@3x.png - Importer: ScriptedImporter/UnityEditor.QuickSearchModule:UnityEditor.Search:ASIAI0B
Importing 'GUID: a43c2c10c85c448b584c8f2840f86915 - Path: Packages/com.unity.inputsystem/InputSystem/Editor/Icons/Position@3x.png - Importer: ScriptedImporter/UnityEditor.QuickSearchModule:UnityEditor.Search:ASIAI0B' with importer (ScriptedImporter : UnityEditor.QuickSearchModule:UnityEditor.Search:ASIAI0B)
Imported 'GUID: a43c2c10c85c448b584c8f2840f86915' -> (Import Result ID: 'ce473fabe2ed610b2928b766d518c9cf') in 0.002 seconds [static and dynamic dependencies]. Details - ImportResultOutputID=390342383be798d96bd1ba5f98f5b107 DependenciesID=c6f8c1d5efd42a9730cf157aad761cdd StaticDependenciesID=3370467ca6b5722a6952a6b7777cef76 
Number of updated asset objects reloaded before import = 0
Number of asset objects unloaded after import = 1
========================================================================
Received Import Request.
  Time of request: 2026-08-27T08:30:32.556619Z
  Time since last request: 0.000243792 seconds.
  importAddress: GUID: a3882f27ee264cbfaa87fbdceacfcea1 - Path: Packages/com.unity.inputsystem/InputSystem/Editor/Internal/InputEventTreeView.cs - Importer: ScriptedImporter/UnityEditor.QuickSearchModule:UnityEditor.Search:ASIAI0B
Importing 'GUID: a3882f27ee264cbfaa87fbdceacfcea1 - Path: Packages/com.unity.inputsystem/InputSystem/Editor/Internal/InputEventTreeView.cs - Importer: ScriptedImporter/UnityEditor.QuickSearchModule:UnityEditor.Search:ASIAI0B' with importer (ScriptedImporter : UnityEditor.QuickSearchModule:UnityEditor.Search:ASIAI0B)
Imported 'GUID: a3882f27ee264cbfaa87fbdceacfcea1' -> (Import Result ID: '2186b61f48e6d1aeb0e09ceb4954fdaf') in 0.001 seconds [static and dynamic dependencies]. Details - ImportResultOutputID=ec2f7d2f4b9868f9f3e1e19cb71ade90 DependenciesID=81daffd0408aab56b136b35313f5d5c3 StaticDependenciesID=38251731c6a089a28b30b2bf292a25de 
Number of updated asset objects reloaded before import = 0
Number of asset objects unloaded after import = 0
========================================================================
Received Import Request.
  Time of request: 2026-08-27T08:30:32.557657Z
  Time since last request: 0.0002175 seconds.
  importAddress: GUID: a99745fe0133ddf4b9a4d6c58af7795a - Path: Packages/com.unity.inputsystem/InputSystem/Plugins/Switch/SwitchSupportHID.cs - Importer: ScriptedImporter/UnityEditor.QuickSearchModule:UnityEditor.Search:ASIAI0B
Importing 'GUID: a99745fe0133ddf4b9a4d6c58af7795a - Path: Packages/com.unity.inputsystem/InputSystem/Plugins/Switch/SwitchSupportHID.cs - Importer: ScriptedImporter/UnityEditor.QuickSearchModule:UnityEditor.Search:ASIAI0B' with importer (ScriptedImporter : UnityEditor.QuickSearchModule:UnityEditor.Search:ASIAI0B)
Imported 'GUID: a99745fe0133ddf4b9a4d6c58af7795a' -> (Import Result ID: 'd2fa2e8ba3c13836a2cf42cb0da3b072') in 0.001 seconds [static and dynamic dependencies]. Details - ImportResultOutputID=36892a5543e05bfe427d7c50d690bb5d DependenciesID=edce73509539dce25a90a0d1a04d88e8 StaticDependenciesID=b492cf2390c4cdbcb2b4dcbdfc729e82 
Number of updated asset objects reloaded before import = 0
Number of asset objects unloaded after import = 0
========================================================================
Received Import Request.
  Time of request: 2026-08-27T08:30:32.559322Z
  Time since last request: 0.000201875 seconds.
  importAddress: GUID: 09dbcfc6e83454e45ace8503dacc86ad - Path: Packages/com.unity.inputsystem/InputSystem/Editor/UITKAssetEditor/Views/VisualElementExtensions.cs - Importer: ScriptedImporter/UnityEditor.QuickSearchModule:UnityEditor.Search:ASIAI0B
Importing 'GUID: 09dbcfc6e83454e45ace8503dacc86ad - Path: Packages/com.unity.inputsystem/InputSystem/Editor/UITKAssetEditor/Views/VisualElementExtensions.cs - Importer: ScriptedImporter/UnityEditor.QuickSearchModule:UnityEditor.Search:ASIAI0B' with importer (ScriptedImporter : UnityEditor.QuickSearchModule:UnityEditor.Search:ASIAI0B)
Imported 'GUID: 09dbcfc6e83454e45ace8503dacc86ad' -> (Import Result ID: 'cc2d25887ec4db5cbc29f05f42521ae9') in 0.001 seconds [static and dynamic dependencies]. Details - ImportResultOutputID=812bb911e870c89dee77f2b3a9347d3b DependenciesID=5708d0ce2177f02c9c79c6525b4ae24b StaticDependenciesID=c5070e05afddae81afdfc11991b2584a 
Number of updated asset objects reloaded before import = 0
Number of asset objects unloaded after import = 0
========================================================================
Received Import Request.
  Time of request: 2026-08-27T08:30:32.560184Z
  Time since last request: 0.000129375 seconds.
  importAddress: GUID: 854faad156b245d4b50a15e233e9ad55 - Path: Packages/com.unity.inputsystem/InputSystem/Controls/StickControl.cs - Importer: ScriptedImporter/UnityEditor.QuickSearchModule:UnityEditor.Search:ASIAI0B
Importing 'GUID: 854faad156b245d4b50a15e233e9ad55 - Path: Packages/com.unity.inputsystem/InputSystem/Controls/StickControl.cs - Importer: ScriptedImporter/UnityEditor.QuickSearchModule:UnityEditor.Search:ASIAI0B' with importer (ScriptedImporter : UnityEditor.QuickSearchModule:UnityEditor.Search:ASIAI0B)
Imported 'GUID: 854faad156b245d4b50a15e233e9ad55' -> (Import Result ID: 'a09cfebe6a84952a7a114749242c301e') in 0.001 seconds [static and dynamic dependencies]. Details - ImportResultOutputID=f7f757f97174571b934e0e899cdd6eb7 DependenciesID=f9323f94bbd0b0d089233b25643b8fb2 StaticDependenciesID=96bb27263243bf8b4f19f31630591196 
Number of updated asset objects reloaded before import = 0
Number of asset objects unloaded after import = 0
========================================================================
Received Import Request.
  Time of request: 2026-08-27T08:30:32.561168Z
  Time since last request: 0.000297709 seconds.
  importAddress: GUID: cf0897af2cae4ebbaf8b79eaae98fb08 - Path: Packages/com.unity.inputsystem/InputSystem/Plugins/UnityRemote - Importer: ScriptedImporter/UnityEditor.QuickSearchModule:UnityEditor.Search:ASIAI0B
Importing 'GUID: cf0897af2cae4ebbaf8b79eaae98fb08 - Path: Packages/com.unity.inputsystem/InputSystem/Plugins/UnityRemote - Importer: ScriptedImporter/UnityEditor.QuickSearchModule:UnityEditor.Search:ASIAI0B' with importer (ScriptedImporter : UnityEditor.QuickSearchModule:UnityEditor.Search:ASIAI0B)
Imported 'GUID: cf0897af2cae4ebbaf8b79eaae98fb08' -> (Import Result ID: 'a1e10ba8e386d11d7de11bbbb8425211') in 0.001 seconds [static and dynamic dependencies]. Details - ImportResultOutputID=798d2491848f9d364fd17edaf3d879b9 DependenciesID=81e00aa60be6d895cc14932a24926e64 StaticDependenciesID=2e9697ea2c3c066ffce4a840272f2b34 
Number of updated asset objects reloaded before import = 0
Number of asset objects unloaded after import = 1
========================================================================
Received Import Request.
  Time of request: 2026-08-27T08:30:32.56206Z
  Time since last request: 0.000150084 seconds.
  importAddress: GUID: afe3cda3e244f60419474164d6ba3b0b - Path: Packages/com.unity.inputsystem/InputSystem/Plugins/UI/TrackedDeviceRaycaster.cs - Importer: ScriptedImporter/UnityEditor.QuickSearchModule:UnityEditor.Search:ASIAI0B
Importing 'GUID: afe3cda3e244f60419474164d6ba3b0b - Path: Packages/com.unity.inputsystem/InputSystem/Plugins/UI/TrackedDeviceRaycaster.cs - Importer: ScriptedImporter/UnityEditor.QuickSearchModule:UnityEditor.Search:ASIAI0B' with importer (ScriptedImporter : UnityEditor.QuickSearchModule:UnityEditor.Search:ASIAI0B)
Imported 'GUID: afe3cda3e244f60419474164d6ba3b0b' -> (Import Result ID: '80895a90f050dc6ece057242fed88f1d') in 0.001 seconds [static and dynamic dependencies]. Details - ImportResultOutputID=c88641b98314bbf3c770a2f13f047379 DependenciesID=676a9a8f8996b6d2f18a9b0ec3d12025 StaticDependenciesID=0deea61c7fbf30a27a081f0d4e95265b 
Number of updated asset objects reloaded before import = 0
Number of asset objects unloaded after import = 0
========================================================================
Received Import Request.
  Time of request: 2026-08-27T08:30:32.563049Z
  Time since last request: 0.000249 seconds.
  importAddress: GUID: 4ae0b2f68c2464272b1b10105262b09b - Path: Packages/com.unity.inputsystem/InputSystem/Editor/Icons/Gamepad@3x.png - Importer: ScriptedImporter/UnityEditor.QuickSearchModule:UnityEditor.Search:ASIAI0B
Importing 'GUID: 4ae0b2f68c2464272b1b10105262b09b - Path: Packages/com.unity.inputsystem/InputSystem/Editor/Icons/Gamepad@3x.png - Importer: ScriptedImporter/UnityEditor.QuickSearchModule:UnityEditor.Search:ASIAI0B' with importer (ScriptedImporter : UnityEditor.QuickSearchModule:UnityEditor.Search:ASIAI0B)
Imported 'GUID: 4ae0b2f68c2464272b1b10105262b09b' -> (Import Result ID: '5767692af511b18256a9e44a6d3b94f6') in 0.002 seconds [static and dynamic dependencies]. Details - ImportResultOutputID=783a3c4a17afefd389499cf11819cf52 DependenciesID=0c80e5e56a76b4deee50d37f73f03158 StaticDependenciesID=e7eb4463903ffd3b25447d64386b188e 
Number of updated asset objects reloaded before import = 0
Number of asset objects unloaded after import = 1
========================================================================
Received Import Request.
  Time of request: 2026-08-27T08:30:32.565309Z
  Time since last request: 0.000227417 seconds.
  importAddress: GUID: 7ffe30fd9a2d64031a59c21418fb2067 - Path: Packages/com.unity.inputsystem/InputSystem/Plugins/Steam/SteamControllerType.cs - Importer: ScriptedImporter/UnityEditor.QuickSearchModule:UnityEditor.Search:ASIAI0B
Importing 'GUID: 7ffe30fd9a2d64031a59c21418fb2067 - Path: Packages/com.unity.inputsystem/InputSystem/Plugins/Steam/SteamControllerType.cs - Importer: ScriptedImporter/UnityEditor.QuickSearchModule:UnityEditor.Search:ASIAI0B' with importer (ScriptedImporter : UnityEditor.QuickSearchModule:UnityEditor.Search:ASIAI0B)
Imported 'GUID: 7ffe30fd9a2d64031a59c21418fb2067' -> (Import Result ID: '3343f869975851933f44abcfda75c6f3') in 0.001 seconds [static and dynamic dependencies]. Details - ImportResultOutputID=5f5efda675db826a06c909a19dab118d DependenciesID=7bab88f31e94c1f0a020bbd9b6743c6f StaticDependenciesID=174efc196f3cf04ef81730bceb621079 
Number of updated asset objects reloaded before import = 0
Number of asset objects unloaded after import = 0
========================================================================
Received Import Request.
  Time of request: 2026-08-27T08:30:32.566424Z
  Time since last request: 0.000406209 seconds.
  importAddress: GUID: 0962795d1cafc460b9027de55b1c0a80 - Path: Packages/com.unity.inputsystem/InputSystem/Editor/Icons/d_Button@2x.png - Importer: ScriptedImporter/UnityEditor.QuickSearchModule:UnityEditor.Search:ASIAI0B
Importing 'GUID: 0962795d1cafc460b9027de55b1c0a80 - Path: Packages/com.unity.inputsystem/InputSystem/Editor/Icons/d_Button@2x.png - Importer: ScriptedImporter/UnityEditor.QuickSearchModule:UnityEditor.Search:ASIAI0B' with importer (ScriptedImporter : UnityEditor.QuickSearchModule:UnityEditor.Search:ASIAI0B)
Imported 'GUID: 0962795d1cafc460b9027de55b1c0a80' -> (Import Result ID: 'a8b4ea67489d9d6933a5be1fae3710a6') in 0.002 seconds [static and dynamic dependencies]. Details - ImportResultOutputID=59b98917c2ea1fb85d9ee138b0c0a276 DependenciesID=659c8dfc0e734b6967683bde3e214033 StaticDependenciesID=26f1ff3bd4cb54dd955bd97f0207a946 
Number of updated asset objects reloaded before import = 0
Number of asset objects unloaded after import = 1
========================================================================
Received Import Request.
  Time of request: 2026-08-27T08:30:32.568662Z
  Time since last request: 0.000229 seconds.
  importAddress: GUID: 6247927155f224aa5a61c15611fcd34a - Path: Packages/com.unity.inputsystem/InputSystem/Plugins/PlayerInput/PlayerInputManagerEditor.cs - Importer: ScriptedImporter/UnityEditor.QuickSearchModule:UnityEditor.Search:ASIAI0B
Importing 'GUID: 6247927155f224aa5a61c15611fcd34a - Path: Packages/com.unity.inputsystem/InputSystem/Plugins/PlayerInput/PlayerInputManagerEditor.cs - Importer: ScriptedImporter/UnityEditor.QuickSearchModule:UnityEditor.Search:ASIAI0B' with importer (ScriptedImporter : UnityEditor.QuickSearchModule:UnityEditor.Search:ASIAI0B)
Imported 'GUID: 6247927155f224aa5a61c15611fcd34a' -> (Import Result ID: '1f72e2a6649ca5d7a8f7ff811e040bc8') in 0.001 seconds [static and dynamic dependencies]. Details - ImportResultOutputID=80080dde37979d11d9228a964b7d6974 DependenciesID=231158509f0515a4910e4a4cbc942b44 StaticDependenciesID=d3ad56387fa76581796eba7763fdeeb8 
Number of updated asset objects reloaded before import = 0
Number of asset objects unloaded after import = 0
========================================================================
Received Import Request.
  Time of request: 2026-08-27T08:30:32.634246Z
  Time since last request: 0.064505416 seconds.
  importAddress: GUID: d09b647cbe6a34b61a86d63fe01504b3 - Path: Assets/Editor - Importer: ScriptedImporter/UnityEditor.QuickSearchModule:UnityEditor.Search:ASIAI0B
Importing 'GUID: d09b647cbe6a34b61a86d63fe01504b3 - Path: Assets/Editor - Importer: ScriptedImporter/UnityEditor.QuickSearchModule:UnityEditor.Search:ASIAI0B' with importer (ScriptedImporter : UnityEditor.QuickSearchModule:UnityEditor.Search:ASIAI0B)
Imported 'GUID: d09b647cbe6a34b61a86d63fe01504b3' -> (Import Result ID: '17b2edfbcc01c3421a19358e8fcb6faf') in 0.001 seconds [static and dynamic dependencies]. Details - ImportResultOutputID=e69c638a1a70f060b324e8a494981682 DependenciesID=f3f1f7a5fe511316752557e3f722bdfd StaticDependenciesID=50d0b5da1e84636ffeb31654e75f6bb0 
Number of updated asset objects reloaded before import = 0
Number of asset objects unloaded after import = 1
========================================================================
Received Import Request.
  Time of request: 2026-08-27T08:30:32.635491Z
  Time since last request: 0.00028225 seconds.
  importAddress: GUID: 76206f6891c65428e84a4d016819f8ab - Path: Assets/Scenes/Nivel2_Ruinas.unity - Importer: ScriptedImporter/UnityEditor.QuickSearchModule:UnityEditor.Search:ASIAI0B
Importing 'GUID: 76206f6891c65428e84a4d016819f8ab - Path: Assets/Scenes/Nivel2_Ruinas.unity - Importer: ScriptedImporter/UnityEditor.QuickSearchModule:UnityEditor.Search:ASIAI0B' with importer (ScriptedImporter : UnityEditor.QuickSearchModule:UnityEditor.Search:ASIAI0B)
Imported 'GUID: 76206f6891c65428e84a4d016819f8ab' -> (Import Result ID: 'af84d0fc3bf94d98b3b4014050d889a2') in 0.001 seconds [static and dynamic dependencies]. Details - ImportResultOutputID=90facbcf92d8586db756c107d3e5429b DependenciesID=9cf8864770d5effb8866fd49c63557c1 StaticDependenciesID=ff6bd1ec14bbf6ab238a41151f603313 
Number of updated asset objects reloaded before import = 0
Number of asset objects unloaded after import = 1
========================================================================
Received Import Request.
  Time of request: 2026-08-27T08:30:32.637145Z
  Time since last request: 0.000198542 seconds.
  importAddress: GUID: 3d2dbd5e535742a18f979fdaa69e3627 - Path: Packages/com.unity.inputsystem/InputSystem/Plugins/XInput/IXboxOneRumble.cs - Importer: ScriptedImporter/UnityEditor.QuickSearchModule:UnityEditor.Search:ASIAI0B
Importing 'GUID: 3d2dbd5e535742a18f979fdaa69e3627 - Path: Packages/com.unity.inputsystem/InputSystem/Plugins/XInput/IXboxOneRumble.cs - Importer: ScriptedImporter/UnityEditor.QuickSearchModule:UnityEditor.Search:ASIAI0B' with importer (ScriptedImporter : UnityEditor.QuickSearchModule:UnityEditor.Search:ASIAI0B)
Imported 'GUID: 3d2dbd5e535742a18f979fdaa69e3627' -> (Import Result ID: 'de9f5d8b31c9ae0874a9e4b09311877c') in 0.001 seconds [static and dynamic dependencies]. Details - ImportResultOutputID=4293378591f7e4d69ab8c573f13e5450 DependenciesID=8d08339da448c182e1da604d69c2358b StaticDependenciesID=ff45f420b33634225d57784f7e97edd4 
Number of updated asset objects reloaded before import = 0
Number of asset objects unloaded after import = 0
========================================================================
Received Import Request.
  Time of request: 2026-08-27T08:30:32.638196Z
  Time since last request: 0.0002445 seconds.
  importAddress: GUID: 129669c532f9840c7b21e65ac60372ff - Path: Assets/Scenes/Nivel1_Bosque.unity - Importer: ScriptedImporter/UnityEditor.QuickSearchModule:UnityEditor.Search:ASIAI0B
Importing 'GUID: 129669c532f9840c7b21e65ac60372ff - Path: Assets/Scenes/Nivel1_Bosque.unity - Importer: ScriptedImporter/UnityEditor.QuickSearchModule:UnityEditor.Search:ASIAI0B' with importer (ScriptedImporter : UnityEditor.QuickSearchModule:UnityEditor.Search:ASIAI0B)
Imported 'GUID: 129669c532f9840c7b21e65ac60372ff' -> (Import Result ID: '62c62718f3fdb3d576863e836eeac0e1') in 0.001 seconds [static and dynamic dependencies]. Details - ImportResultOutputID=38f59c544311a23df3b231f124edfb5c DependenciesID=21d8d80f7049b36dfa5b37c07ee4f462 StaticDependenciesID=5f614d3ead08b2ecfbd7bf0c9e2ae247 
Number of updated asset objects reloaded before import = 0
Number of asset objects unloaded after import = 1
========================================================================
Received Import Request.
  Time of request: 2026-08-27T08:30:32.639644Z
  Time since last request: 0.000188458 seconds.
  importAddress: GUID: 110e42b335c6744e482ada733cbda674 - Path: Packages/com.unity.inputsystem/InputSystem/Controls/Processors/AxisDeadzoneProcessor.cs - Importer: ScriptedImporter/UnityEditor.QuickSearchModule:UnityEditor.Search:ASIAI0B
Importing 'GUID: 110e42b335c6744e482ada733cbda674 - Path: Packages/com.unity.inputsystem/InputSystem/Controls/Processors/AxisDeadzoneProcessor.cs - Importer: ScriptedImporter/UnityEditor.QuickSearchModule:UnityEditor.Search:ASIAI0B' with importer (ScriptedImporter : UnityEditor.QuickSearchModule:UnityEditor.Search:ASIAI0B)
Imported 'GUID: 110e42b335c6744e482ada733cbda674' -> (Import Result ID: 'f95bfb137ede2f2a7ef1c46d4eb92b02') in 0.001 seconds [static and dynamic dependencies]. Details - ImportResultOutputID=6914c016572d0e2e763746feaa0edd82 DependenciesID=2239f75d799dd594a520856a9121eae9 StaticDependenciesID=8551a200f8bf9e678ac52c831ad51075 
Number of updated asset objects reloaded before import = 0
Number of asset objects unloaded after import = 0
========================================================================
Received Import Request.
  Time of request: 2026-08-27T08:30:32.640666Z
  Time since last request: 0.000173042 seconds.
  importAddress: GUID: c4d706f0363fb48d99d70236ea243e49 - Path: Assets/Sprites/Crystal.png - Importer: ScriptedImporter/UnityEditor.QuickSearchModule:UnityEditor.Search:ASIAI0B
Importing 'GUID: c4d706f0363fb48d99d70236ea243e49 - Path: Assets/Sprites/Crystal.png - Importer: ScriptedImporter/UnityEditor.QuickSearchModule:UnityEditor.Search:ASIAI0B' with importer (ScriptedImporter : UnityEditor.QuickSearchModule:UnityEditor.Search:ASIAI0B)
Imported 'GUID: c4d706f0363fb48d99d70236ea243e49' -> (Import Result ID: 'bbb20bc5222c4f1667632317c5097ee4') in 0.003 seconds [static and dynamic dependencies]. Details - ImportResultOutputID=f6bbcf32fe560f5abf136bc7f35c8459 DependenciesID=0da9f4ff9e772d0e0cff671f65a6bfb6 StaticDependenciesID=267c1beeb86fffe361716e2726c0367b 
Number of updated asset objects reloaded before import = 0
Number of asset objects unloaded after import = 1
========================================================================
Received Import Request.
  Time of request: 2026-08-27T08:30:32.643899Z
  Time since last request: 0.000203708 seconds.
  importAddress: GUID: 9af5cfc54cf34eb1ac27c9c90a9a7440 - Path: Packages/com.unity.inputsystem/InputSystem/Events/DeviceRemoveEvent.cs - Importer: ScriptedImporter/UnityEditor.QuickSearchModule:UnityEditor.Search:ASIAI0B
Importing 'GUID: 9af5cfc54cf34eb1ac27c9c90a9a7440 - Path: Packages/com.unity.inputsystem/InputSystem/Events/DeviceRemoveEvent.cs - Importer: ScriptedImporter/UnityEditor.QuickSearchModule:UnityEditor.Search:ASIAI0B' with importer (ScriptedImporter : UnityEditor.QuickSearchModule:UnityEditor.Search:ASIAI0B)
Imported 'GUID: 9af5cfc54cf34eb1ac27c9c90a9a7440' -> (Import Result ID: '73be4ef6d256a05eb238b6885a7ac27f') in 0.001 seconds [static and dynamic dependencies]. Details - ImportResultOutputID=fd0e7bbc72a4d3806c75e62b7e33cf6e DependenciesID=7e3da49cb4f81e572215ceea7f849e4a StaticDependenciesID=b299bdf614652e40fa405e4448c543a1 
Number of updated asset objects reloaded before import = 0
Number of asset objects unloaded after import = 0
========================================================================
Received Import Request.
  Time of request: 2026-08-27T08:30:32.644893Z
  Time since last request: 0.00013225 seconds.
  importAddress: GUID: 4e9c0b68df9234a0bad68ad7e0391330 - Path: Packages/com.unity.inputsystem/InputSystem/Actions/Composites/Vector2Composite.cs - Importer: ScriptedImporter/UnityEditor.QuickSearchModule:UnityEditor.Search:ASIAI0B
Importing 'GUID: 4e9c0b68df9234a0bad68ad7e0391330 - Path: Packages/com.unity.inputsystem/InputSystem/Actions/Composites/Vector2Composite.cs - Importer: ScriptedImporter/UnityEditor.QuickSearchModule:UnityEditor.Search:ASIAI0B' with importer (ScriptedImporter : UnityEditor.QuickSearchModule:UnityEditor.Search:ASIAI0B)
Imported 'GUID: 4e9c0b68df9234a0bad68ad7e0391330' -> (Import Result ID: '4d95e6cbc74f6f836d63ace0a76be52f') in 0.001 seconds [static and dynamic dependencies]. Details - ImportResultOutputID=e1b0bf8bd357eccab6d143e4343e6130 DependenciesID=652f160566cade27cbe8b9d56d83b77d StaticDependenciesID=7026854c0823b9310e2994bdd1c9d185 
Number of updated asset objects reloaded before import = 0
Number of asset objects unloaded after import = 0
========================================================================
Received Import Request.
  Time of request: 2026-08-27T08:30:32.645812Z
  Time since last request: 0.000177333 seconds.
  importAddress: GUID: 0e0c005ff24ec4cfb951eefa16239b9b - Path: Packages/com.unity.inputsystem/InputSystem/Utilities/NamedValue.cs - Importer: ScriptedImporter/UnityEditor.QuickSearchModule:UnityEditor.Search:ASIAI0B
Importing 'GUID: 0e0c005ff24ec4cfb951eefa16239b9b - Path: Packages/com.unity.inputsystem/InputSystem/Utilities/NamedValue.cs - Importer: ScriptedImporter/UnityEditor.QuickSearchModule:UnityEditor.Search:ASIAI0B' with importer (ScriptedImporter : UnityEditor.QuickSearchModule:UnityEditor.Search:ASIAI0B)
Imported 'GUID: 0e0c005ff24ec4cfb951eefa16239b9b' -> (Import Result ID: '94abd5e6855337692357cd96b5e3d207') in 0.001 seconds [static and dynamic dependencies]. Details - ImportResultOutputID=8130663db36c3059ec5b3b35c114d1f0 DependenciesID=c6721be154bb5cafb67820f326fa876e StaticDependenciesID=11dd4ad52074a302b2d1fdc5e5b67deb 
Number of updated asset objects reloaded before import = 0
Number of asset objects unloaded after import = 0
========================================================================
Received Import Request.
  Time of request: 2026-08-27T08:30:32.646934Z
  Time since last request: 0.000267375 seconds.
  importAddress: GUID: df9f1a9604d91428aa7ff33f595e57ae - Path: Assets/Editor/UmbraLevelBuilder.cs - Importer: ScriptedImporter/UnityEditor.QuickSearchModule:UnityEditor.Search:ASIAI0B
Importing 'GUID: df9f1a9604d91428aa7ff33f595e57ae - Path: Assets/Editor/UmbraLevelBuilder.cs - Importer: ScriptedImporter/UnityEditor.QuickSearchModule:UnityEditor.Search:ASIAI0B' with importer (ScriptedImporter : UnityEditor.QuickSearchModule:UnityEditor.Search:ASIAI0B)
Imported 'GUID: df9f1a9604d91428aa7ff33f595e57ae' -> (Import Result ID: '3031177540e4e16509970ae78f0213f5') in 0.001 seconds [static and dynamic dependencies]. Details - ImportResultOutputID=dfe5e3f4086710c853758ecc1d951f85 DependenciesID=4d72c3cccdd5f35efb1dba16bba3b6cf StaticDependenciesID=02e0792b29bcc104270368dfb94b7eb5 
Number of updated asset objects reloaded before import = 0
Number of asset objects unloaded after import = 0
========================================================================
Received Import Request.
  Time of request: 2026-08-27T08:30:32.648146Z
  Time since last request: 0.0003445 seconds.
  importAddress: GUID: 01614664b831546d2ae94a42149d80ac - Path: Packages/com.unity.inputsystem/InputSystem/Plugins/UI/InputSystemUIInputModule.cs - Importer: ScriptedImporter/UnityEditor.QuickSearchModule:UnityEditor.Search:ASIAI0B
Importing 'GUID: 01614664b831546d2ae94a42149d80ac - Path: Packages/com.unity.inputsystem/InputSystem/Plugins/UI/InputSystemUIInputModule.cs - Importer: ScriptedImporter/UnityEditor.QuickSearchModule:UnityEditor.Search:ASIAI0B' with importer (ScriptedImporter : UnityEditor.QuickSearchModule:UnityEditor.Search:ASIAI0B)
Imported 'GUID: 01614664b831546d2ae94a42149d80ac' -> (Import Result ID: '087a61f68340ef0f1c996559b107a8d3') in 0.001 seconds [static and dynamic dependencies]. Details - ImportResultOutputID=78b8e3766c78a90d7aa4fb7a22570de4 DependenciesID=1f5cbbc679b53c510bfcd209f6a6d30f StaticDependenciesID=0274356043fc88fdd532dc89fc05aaef 
Number of updated asset objects reloaded before import = 0
Number of asset objects unloaded after import = 1
========================================================================
Received Import Request.
  Time of request: 2026-08-27T08:30:32.649332Z
  Time since last request: 0.00017175 seconds.
  importAddress: GUID: 47449b4dc481d4fce97c1a262b710f01 - Path: Assets/Scenes/Nivel4_Cavernas.unity - Importer: ScriptedImporter/UnityEditor.QuickSearchModule:UnityEditor.Search:ASIAI0B
Importing 'GUID: 47449b4dc481d4fce97c1a262b710f01 - Path: Assets/Scenes/Nivel4_Cavernas.unity - Importer: ScriptedImporter/UnityEditor.QuickSearchModule:UnityEditor.Search:ASIAI0B' with importer (ScriptedImporter : UnityEditor.QuickSearchModule:UnityEditor.Search:ASIAI0B)
Imported 'GUID: 47449b4dc481d4fce97c1a262b710f01' -> (Import Result ID: '46092c1e224cfb14ade5cd8a84437958') in 0.001 seconds [static and dynamic dependencies]. Details - ImportResultOutputID=39ebbfc4184c75bafbfed91fadf36cb4 DependenciesID=2b67354a58dc76e8b9c41abee000d3cb StaticDependenciesID=f9a4c6997ca3c15cf9073752116ca5c2 
Number of updated asset objects reloaded before import = 0
Number of asset objects unloaded after import = 1
========================================================================
Received Import Request.
  Time of request: 2026-08-27T08:30:32.650751Z
  Time since last request: 0.000235083 seconds.
  importAddress: GUID: 7f7d79a325939429ea8b37e018fa903d - Path: Assets/Sprites/Fog.png - Importer: ScriptedImporter/UnityEditor.QuickSearchModule:UnityEditor.Search:ASIAI0B
Importing 'GUID: 7f7d79a325939429ea8b37e018fa903d - Path: Assets/Sprites/Fog.png - Importer: ScriptedImporter/UnityEditor.QuickSearchModule:UnityEditor.Search:ASIAI0B' with importer (ScriptedImporter : UnityEditor.QuickSearchModule:UnityEditor.Search:ASIAI0B)
Imported 'GUID: 7f7d79a325939429ea8b37e018fa903d' -> (Import Result ID: '8fdfd383d6a34a8548ec6689e0ae3114') in 0.002 seconds [static and dynamic dependencies]. Details - ImportResultOutputID=5d0fe6c777c0fd699c650217d7bca815 DependenciesID=dafc75b6f62358fe5b76fd7bdfb6672b StaticDependenciesID=12c38c42c5be9d4941f53d04906229c4 
Number of updated asset objects reloaded before import = 0
Number of asset objects unloaded after import = 1
========================================================================
Received Import Request.
  Time of request: 2026-08-27T08:30:32.653141Z
  Time since last request: 0.000188042 seconds.
  importAddress: GUID: 16d9da7caddbf4772911a8341cbdc370 - Path: Assets/Sprites/Player.png - Importer: ScriptedImporter/UnityEditor.QuickSearchModule:UnityEditor.Search:ASIAI0B
Importing 'GUID: 16d9da7caddbf4772911a8341cbdc370 - Path: Assets/Sprites/Player.png - Importer: ScriptedImporter/UnityEditor.QuickSearchModule:UnityEditor.Search:ASIAI0B' with importer (ScriptedImporter : UnityEditor.QuickSearchModule:UnityEditor.Search:ASIAI0B)
Imported 'GUID: 16d9da7caddbf4772911a8341cbdc370' -> (Import Result ID: '8deec8589a78376dfa99c40bedbe5272') in 0.002 seconds [static and dynamic dependencies]. Details - ImportResultOutputID=ff9f75b2f8ceb3ed6f049a1e6f340a9e DependenciesID=c9aa3a2f8768672276d3a568528bb2ea StaticDependenciesID=59d4433e8f8a213b6d825ef46aba9bf4 
Number of updated asset objects reloaded before import = 0
Number of asset objects unloaded after import = 1
========================================================================
Received Import Request.
  Time of request: 2026-08-27T08:30:32.655462Z
  Time since last request: 0.000214709 seconds.
  importAddress: GUID: 7be622e2320c433e83fcfd2dbb7bd468 - Path: Packages/com.unity.inputsystem/InputSystem - Importer: ScriptedImporter/UnityEditor.QuickSearchModule:UnityEditor.Search:ASIAI0B
Importing 'GUID: 7be622e2320c433e83fcfd2dbb7bd468 - Path: Packages/com.unity.inputsystem/InputSystem - Importer: ScriptedImporter/UnityEditor.QuickSearchModule:UnityEditor.Search:ASIAI0B' with importer (ScriptedImporter : UnityEditor.QuickSearchModule:UnityEditor.Search:ASIAI0B)
Imported 'GUID: 7be622e2320c433e83fcfd2dbb7bd468' -> (Import Result ID: '5ad2b993f0514a2797f1723c992d9608') in 0.001 seconds [static and dynamic dependencies]. Details - ImportResultOutputID=492100adc022d0c829f2a6ec61bb8040 DependenciesID=7f0692adc926850cde2fd706004bd88f StaticDependenciesID=d51e9f1650b5fcde68fd3f6ca7878185 
Number of updated asset objects reloaded before import = 0
Number of asset objects unloaded after import = 1
========================================================================
Received Prepare
AcceleratorClientConnectionCallback - disconnected - :0
Unloading 0 Unused Serialized files (Serialized files now loaded: 0)
Unloading 215 unused Assets / (7.2 KB). Loaded Objects now: 1468.
Memory consumption went from 95.7 MB to 95.7 MB.
Total: 3.693000 ms (FindLiveObjects: 0.036959 ms CreateObjectMapping: 0.038459 ms MarkObjects: 3.566291 ms  DeleteObjects: 0.050875 ms)

Prepare: number of updated asset objects reloaded= 0
Editor requested this worker to shutdown with reason: Scaling down because of idle timeout
AcceleratorClientConnectionCallback - disconnected - :0
AssetImportWorker is now disconnected from the server
Process exiting
