Unity Editor version:    6000.5.2f1 (eb73d3b415a1)
Branch:                  6000.5/staging
Build type:              Release
Batch mode:              YES
macOS version:           Version 26.6.2 (Build 25G83)
Darwin version:          25.6.0
Architecture:            arm64
Running under Rosetta:   NO
Available memory:        65536 MB
Date:                    2026-08-27T05:27:40Z
[Licensing::Module] Trying to connect to existing licensing client channel...
[Licensing::IpcConnector] Successfully connected to: "LicenseClient-andrew" at "2026-08-27T05:27:40.946356Z"

COMMAND LINE ARGUMENTS:
/Applications/Unity/Hub/Editor/6000.5.2f1/Unity.app/Contents/MacOS/Unity
-adb2
-batchMode
-noUpm
-name
AssetImportWorkerHW0
-projectPath
/Users/andrew/ProyectosPersonales/Umbra/My project
-logFile
Logs/AssetImportWorkerHW0.log
-srvPort
53520
-parentPid
50702
-analyticsCloudUserId
anonymous
-analyticsLocalProjectId
ebef308b1ca9040b5ab5911f4506d894
-noDiagnosticSwitchPersistentStore
-job-worker-count
8
-background-job-worker-count
8
-asset-garbage-collectors
1
-force-metal
-name AssetImport
Successfully changed project path to: /Users/andrew/ProyectosPersonales/Umbra/My project
/Users/andrew/ProyectosPersonales/Umbra/My project
[UnityMemory] Configuration Parameters - Can be set up in boot.config
    "memorysetup-temp-allocator-size-gi-baking-worker=262144"
    "memorysetup-temp-allocator-size-gi-baking-worker=262144"
    "memorysetup-temp-allocator-size-gi-baking-worker=262144"
    "memorysetup-temp-allocator-size-gi-baking-worker=262144"
    "memorysetup-temp-allocator-size-gi-baking-worker=262144"
    "memorysetup-temp-allocator-size-nav-mesh-worker=65536"
    "memorysetup-temp-allocator-size-audio-worker=65536"
    "memorysetup-temp-allocator-size-cloud-worker=32768"
    "memorysetup-allocator-temp-initial-block-size-main=262144"
    "memorysetup-allocator-temp-initial-block-size-worker=262144"
    "memorysetup-temp-allocator-size-preload-manager=33554432"
    "memorysetup-temp-allocator-size-gfx=262144"
    "memorysetup-temp-allocator-size-background-worker=32768"
    "memorysetup-temp-allocator-size-job-worker=262144"
    "memorysetup-bucket-allocator-granularity=16"
    "memorysetup-bucket-allocator-bucket-count=8"
    "memorysetup-bucket-allocator-block-size=33554432"
    "memorysetup-bucket-allocator-block-count=8"
    "memorysetup-main-allocator-block-size=16777216"
    "memorysetup-thread-allocator-block-size=16777216"
    "memorysetup-main-allocator-mimalloc-enabled=0"
    "memorysetup-gfx-main-allocator-block-size=16777216"
    "memorysetup-gfx-thread-allocator-block-size=16777216"
    "memorysetup-cache-allocator-block-size=4194304"
    "memorysetup-typetree-allocator-block-size=2097152"
    "memorysetup-profiler-bucket-allocator-granularity=16"
    "memorysetup-profiler-bucket-allocator-bucket-count=8"
    "memorysetup-profiler-bucket-allocator-block-size=33554432"
    "memorysetup-profiler-bucket-allocator-block-count=8"
    "memorysetup-profiler-allocator-block-size=16777216"
    "memorysetup-profiler-editor-allocator-block-size=1048576"
    "memorysetup-temp-allocator-size-main=16777216"
    "memorysetup-job-temp-allocator-block-size=2097152"
    "memorysetup-job-temp-allocator-block-size-background=1048576"
    "memorysetup-job-temp-allocator-reduction-small-platforms=262144"
Player connection [8492917120]  Target information:

Player connection [8492917120]  * "[IP] 192.168.18.27 [Port] 0 [Flags] 2 [Guid] 4145095331 [EditorId] 4145095331 [Version] 1048832 [Id] OSXEditor(0,Andrews-MacBook-Pro.local) [Debug] 1 [PackageName] OSXEditor [ProjectName] Editor" 

Player connection [8492917120] Host joined multi-casting on [225.0.0.222:54997]...
Player connection [8492917120] Host joined alternative multi-casting on [225.0.0.222:34997]...
JobSystem: Creating JobQueue using job-worker-count value 8
Input System module state changed to: Initialized.
[Physics::Module] Initialized fallback backend.
[Physics::Module] Id: 0xdecafbad
Library Redirect Path: Library/
[Physics::Module] Selected backend.
[Physics::Module] Name: PhysX
[Physics::Module] Id: 0xf2b8ea05
[Physics::Module] SDK Version: 4.1.2
[Physics::Module] Integration Version: 1.0.0
[Physics::Module] Threading Mode: Multi-Threaded
Initialize engine version: 6000.5.2f1 (eb73d3b415a1)
[Subsystems] Discovering subsystems at path /Applications/Unity/Hub/Editor/6000.5.2f1/Unity.app/Contents/Resources/UnitySubsystems
[Subsystems] Discovering subsystems at path /Users/andrew/ProyectosPersonales/Umbra/My project/Assets
Forcing GfxDevice: Metal
GfxDevice: creating device client; kGfxThreadingModeNonThreaded
 preferred device: Apple M5 Pro (high power)
Metal devices available: 1
0: Apple M5 Pro (high power)
Using device Apple M5 Pro (high power)
Initializing Metal device caps: Apple M5 Pro
Mac GPU Family: 2
Apple GPU Family: 9
MSL Version: 3.0
Has Float MSAA: 1
Has Float Filtering: 1
ReadWrite Texture Tier: 2
[Licensing::Client] Error: HandshakeResponse reported an error:
	ResponseCode: 505
	ResponseStatus: Unsupported protocol version '1.18.1'.
[Licensing::Module] Error: Failed to handshake to channel: "LicenseClient-andrew"
[Licensing::IpcConnector] LicenseClient-andrew channel disconnected successfully.
[Licensing::IpcConnector] Successfully connected to: "LicenseClient-andrew-6000.5.2" at "2026-08-27T05:27:41.137284Z"
Initialize mono
Mono path[0] = '/Applications/Unity/Hub/Editor/6000.5.2f1/Unity.app/Contents/Resources/Scripting/Managed'
Mono path[1] = '/Applications/Unity/Hub/Editor/6000.5.2f1/Unity.app/Contents/Resources/Scripting/BCLExtensions/runtime/netstandard2.1'
Mono path[2] = '/Applications/Unity/Hub/Editor/6000.5.2f1/Unity.app/Contents/Resources/Scripting/MonoBleedingEdge/lib/mono/unityjit-macos'
Mono config path = '/Applications/Unity/Hub/Editor/6000.5.2f1/Unity.app/Contents/Resources/Scripting/MonoBleedingEdge/etc'
Using monoOptions --debugger-agent=transport=dt_socket,embedding=1,server=y,suspend=n,address=127.0.0.1:56840
CodeReloadManager initialized
Begin MonoManager ReloadAssembly
Registering precompiled unity dll's ...
Register platform support module: /Applications/Unity/Hub/Editor/6000.5.2f1/PlaybackEngines/WebGLSupport/UnityEditor.WebGL.Extensions.dll
Register platform support module: /Applications/Unity/Hub/Editor/6000.5.2f1/PlaybackEngines/MacStandaloneSupport/UnityEditor.OSXStandalone.Extensions.dll
Registered in 0.000315 seconds.
[Licensing::Client] Handshaking with LicensingClient:
  Version:                 1.18.1+9fbee8e
  Session Id:              a4377ab8a5794b06b07b61839856f60b
  Correlation Id:          3436f16ebf3de4e9001345c05bd946db
  External correlation Id: 2335031188094958473
  Machine Id:              66r/rhb9bTTSFebFiCDkGiNyYkw=
[Licensing::Module] Successfully connected to LicensingClient on channel: "LicenseClient-andrew-6000.5.2" (connect: 0.00s, validation: 0.00s, handshake: 0.20s)
[Licensing::IpcConnector] Successfully connected to: "LicenseClient-andrew-6000.5.2-notifications" at "2026-08-27T05:27:41.33561Z"
[Licensing::Module] Licensing Background thread has ended after 0.39s
Native extension for OSXStandalone target not found
Native extension for WebGL target not found
Package Manager log level set to [2]
[Package Manager] Failed to launch server process. Reason: Unity was launched with the -noUpm command-line argument
[Package Manager] Unable to send message (not connected to server process).
[Package Manager] Cannot connect to Unity Package Manager local server
ScheduleIndexationOnStartup MainProcess:False IndexOnStartup:True
Mono: successfully reloaded assembly
- Finished resetting the current domain, in  0.161 seconds
Domain Reload Profiling: 363ms
	BeginReloadAssembly (38ms)
	RebuildNativeTypeToScriptingClass (8ms)
	initialDomainReloadingComplete (24ms)
	LoadAllAssembliesAndSetupDomain (130ms)
		LoadAssemblies (37ms)
		AnalyzeDomain (98ms)
			TypeCache.Refresh (98ms)
				TypeCache.ScanAssembly (91ms)
	FinalizeReload (162ms)
		SetupLoadedEditorAssemblies (0ms)
			BeforeProcessingInitializeOnLoad (39ms)
			ProcessInitializeOnLoadAttributes (42ms)
			ProcessInitializeOnLoadMethodAttributes (47ms)
Initializing Unity extensions:
[Licensing::Client] Successfully resolved entitlement details
[Licensing::Module] License group:
  Id: 4674181853197-u20227680mnb4xu41-UnityProStuXXXX
  Product: Unity Student
  Type: Assigned
  Expiration: 2027-04-01T02:31:37Z
[CoreBusinessMetrics] Unexpected thread when updating session info.
========================================================================
Worker process is ready to serve import requests
Import Worker Mode flag is 0x00
Begin MonoManager ReloadAssembly
Native extension for OSXStandalone target not found
Native extension for WebGL target not found
[Package Manager] Failed to launch server process. Reason: Unity was launched with the -noUpm command-line argument
[Package Manager] Unable to send message (not connected to server process).
[Package Manager] Cannot connect to Unity Package Manager local server
ScheduleIndexationOnStartup MainProcess:False IndexOnStartup:True
Mono: successfully reloaded assembly
- Finished resetting the current domain, in  0.163 seconds
Domain Reload Profiling: 301ms
	BeginReloadAssembly (62ms)
		CreateAndSetChildDomain (12ms)
	RebuildCommonClasses (4ms)
	RebuildNativeTypeToScriptingClass (8ms)
	initialDomainReloadingComplete (13ms)
	LoadAllAssembliesAndSetupDomain (51ms)
		LoadAssemblies (27ms)
		AnalyzeDomain (11ms)
			TypeCache.Refresh (7ms)
				TypeCache.ScanAssembly (4ms)
			BuildScriptInfoCaches (3ms)
	FinalizeReload (164ms)
		SetupLoadedEditorAssemblies (0ms)
			BeforeProcessingInitializeOnLoad (39ms)
			ProcessInitializeOnLoadAttributes (30ms)
			ProcessInitializeOnLoadMethodAttributes (32ms)
AcceleratorClientConnectionCallback - disconnected - :0
Launching external process: /Applications/Unity/Hub/Editor/6000.5.2f1/Unity.app/Contents/Helpers/UnityShaderCompiler
Launched and connected shader compiler UnityShaderCompiler after 0.02 seconds
Unloading 0 Unused Serialized files (Serialized files now loaded: 0)
Curl error 3: URL rejected: Error
Unloading 438 unused Assets / (48.2 KB). Loaded Objects now: 1045.
Memory consumption went from 81.9 MB to 81.9 MB.
Total: 2.645375 ms (FindLiveObjects: 0.026875 ms CreateObjectMapping: 0.031250 ms MarkObjects: 2.502166 ms  DeleteObjects: 0.084625 ms)

========================================================================
Received Prepare
AcceleratorClientConnectionCallback - disconnected - :0
Unloading 0 Unused Serialized files (Serialized files now loaded: 0)
Unloading 0 unused Assets / (0 B). Loaded Objects now: 1045.
Memory consumption went from 81.4 MB to 81.4 MB.
Total: 2.916417 ms (FindLiveObjects: 0.024500 ms CreateObjectMapping: 0.016208 ms MarkObjects: 2.872458 ms  DeleteObjects: 0.002708 ms)

Prepare: number of updated asset objects reloaded= 0
========================================================================
Received Prepare
AcceleratorClientConnectionCallback - disconnected - :0
Begin MonoManager ReloadAssembly
[Licensing::Client] Successfully resolved entitlement details
Thread 0x17259b000 may have been prematurely finalized
Native extension for OSXStandalone target not found
Native extension for WebGL target not found
[Package Manager] Failed to launch server process. Reason: Unity was launched with the -noUpm command-line argument
[Package Manager] Unable to send message (not connected to server process).
[Package Manager] Cannot connect to Unity Package Manager local server
ScheduleIndexationOnStartup MainProcess:False IndexOnStartup:True
Mono: successfully reloaded assembly
- Finished resetting the current domain, in  0.182 seconds
Domain Reload Profiling: 329ms
	BeginReloadAssembly (65ms)
		CreateAndSetChildDomain (8ms)
	RebuildCommonClasses (4ms)
	RebuildNativeTypeToScriptingClass (8ms)
	initialDomainReloadingComplete (12ms)
	LoadAllAssembliesAndSetupDomain (57ms)
		LoadAssemblies (28ms)
		AnalyzeDomain (16ms)
			TypeCache.Refresh (10ms)
				TypeCache.ScanAssembly (7ms)
			BuildScriptInfoCaches (4ms)
	FinalizeReload (182ms)
		SetupLoadedEditorAssemblies (0ms)
			BeforeProcessingInitializeOnLoad (39ms)
			ProcessInitializeOnLoadAttributes (47ms)
			ProcessInitializeOnLoadMethodAttributes (34ms)
Unloading 0 Unused Serialized files (Serialized files now loaded: 0)
Unloading 851 unused Assets / (96.2 KB). Loaded Objects now: 1461.
Memory consumption went from 91.2 MB to 91.1 MB.
Total: 2.781583 ms (FindLiveObjects: 0.037625 ms CreateObjectMapping: 0.061625 ms MarkObjects: 2.594500 ms  DeleteObjects: 0.087167 ms)

Prepare: number of updated asset objects reloaded= 0
========================================================================
Received Prepare
AcceleratorClientConnectionCallback - disconnected - :0
Unloading 0 Unused Serialized files (Serialized files now loaded: 0)
Unloading 851 unused Assets / (104.7 KB). Loaded Objects now: 1462.
Memory consumption went from 84.5 MB to 84.4 MB.
Total: 4.685667 ms (FindLiveObjects: 0.128000 ms CreateObjectMapping: 0.066791 ms MarkObjects: 4.391167 ms  DeleteObjects: 0.099334 ms)

Prepare: number of updated asset objects reloaded= 0
========================================================================
Received Prepare
AcceleratorClientConnectionCallback - disconnected - :0
Unloading 0 Unused Serialized files (Serialized files now loaded: 0)
Unloading 851 unused Assets / (33.4 KB). Loaded Objects now: 1462.
Memory consumption went from 84.3 MB to 84.3 MB.
Total: 3.164375 ms (FindLiveObjects: 0.048416 ms CreateObjectMapping: 0.067583 ms MarkObjects: 2.944792 ms  DeleteObjects: 0.103000 ms)

Prepare: number of updated asset objects reloaded= 0
========================================================================
Received Prepare
AcceleratorClientConnectionCallback - disconnected - :0
Unloading 0 Unused Serialized files (Serialized files now loaded: 0)
Unloading 851 unused Assets / (92.4 KB). Loaded Objects now: 1462.
Memory consumption went from 84.2 MB to 84.1 MB.
Total: 3.209500 ms (FindLiveObjects: 0.043292 ms CreateObjectMapping: 0.069292 ms MarkObjects: 2.979833 ms  DeleteObjects: 0.116708 ms)

Prepare: number of updated asset objects reloaded= 0
========================================================================
Received Prepare
AcceleratorClientConnectionCallback - disconnected - :0
Begin MonoManager ReloadAssembly
[Licensing::Client] Successfully resolved entitlement details
Thread 0x16ffdb000 may have been prematurely finalized
Native extension for OSXStandalone target not found
Native extension for WebGL target not found
[Package Manager] Failed to launch server process. Reason: Unity was launched with the -noUpm command-line argument
[Package Manager] Unable to send message (not connected to server process).
[Package Manager] Cannot connect to Unity Package Manager local server
ScheduleIndexationOnStartup MainProcess:False IndexOnStartup:True
Mono: successfully reloaded assembly
- Finished resetting the current domain, in  0.154 seconds
Domain Reload Profiling: 297ms
	BeginReloadAssembly (69ms)
		DisableScriptedObjects (3ms)
		CreateAndSetChildDomain (9ms)
	RebuildCommonClasses (3ms)
	RebuildNativeTypeToScriptingClass (9ms)
	initialDomainReloadingComplete (12ms)
	LoadAllAssembliesAndSetupDomain (48ms)
		LoadAssemblies (30ms)
		AnalyzeDomain (11ms)
			TypeCache.Refresh (3ms)
			BuildScriptInfoCaches (7ms)
	FinalizeReload (155ms)
		SetupLoadedEditorAssemblies (0ms)
			BeforeProcessingInitializeOnLoad (33ms)
			ProcessInitializeOnLoadAttributes (41ms)
			ProcessInitializeOnLoadMethodAttributes (27ms)
Unloading 0 Unused Serialized files (Serialized files now loaded: 0)
Unloading 852 unused Assets / (130.6 KB). Loaded Objects now: 1462.
Memory consumption went from 91.3 MB to 91.2 MB.
Total: 2.581375 ms (FindLiveObjects: 0.034083 ms CreateObjectMapping: 0.059083 ms MarkObjects: 2.400042 ms  DeleteObjects: 0.087958 ms)

Prepare: number of updated asset objects reloaded= 0
========================================================================
Received Import Request.
  Time of request: 2026-08-27T07:09:10.888937Z
  Time since last request: 350330.92511254100828 seconds.
  importAddress: GUID: 9470562ff84594911835283af87dfade - Path: Assets/Scripts - Importer: PreviewImporter
Importing 'GUID: 9470562ff84594911835283af87dfade - Path: Assets/Scripts - Importer: PreviewImporter' with importer (PreviewImporter)
Imported 'GUID: 9470562ff84594911835283af87dfade' -> (Import Result ID: '6de574907f3702e3910bb892a9f37208') in 0.002 seconds [static and dynamic dependencies]. Details - ImportResultOutputID=a39832ef9081c9d1327503674107c627 DependenciesID=c9306a6a6ab7152f6e523577c17bb210 StaticDependenciesID=3c23cf7d4cf8f14ca7ef35704f36ceca 
Number of updated asset objects reloaded before import = 0
Number of asset objects unloaded after import = 0
========================================================================
Received Import Request.
  Time of request: 2026-08-27T07:09:13.443483Z
  Time since last request: 2.552293542 seconds.
  importAddress: GUID: 70f56ff96fe2647bd97b5a6c07dc194c - Path: Assets/Sprites/Box.png - Importer: PreviewImporter
Importing 'GUID: 70f56ff96fe2647bd97b5a6c07dc194c - Path: Assets/Sprites/Box.png - Importer: PreviewImporter' with importer (PreviewImporter)
Imported 'GUID: 70f56ff96fe2647bd97b5a6c07dc194c' -> (Import Result ID: '1cd1df7ddf160dccd5ff5251985e9ec9') in 0.095 seconds [static and dynamic dependencies]. Details - ImportResultOutputID=8b19dd43d0b1274a5fe3180473dc5456 DependenciesID=96e8a9a8e8e225748f738fd986429ce4 StaticDependenciesID=b52b6fdbfa3683d03a35fd2957cbafdf 
Number of updated asset objects reloaded before import = 0
Number of asset objects unloaded after import = 2
========================================================================
Received Import Request.
  Time of request: 2026-08-27T07:09:13.538483Z
  Time since last request: 0.000304333 seconds.
  importAddress: GUID: 7f7d79a325939429ea8b37e018fa903d - Path: Assets/Sprites/Fog.png - Importer: PreviewImporter
Importing 'GUID: 7f7d79a325939429ea8b37e018fa903d - Path: Assets/Sprites/Fog.png - Importer: PreviewImporter' with importer (PreviewImporter)
Imported 'GUID: 7f7d79a325939429ea8b37e018fa903d' -> (Import Result ID: '9bf8e51ab558198fd28bdacef95dce27') in 0.002 seconds [static and dynamic dependencies]. Details - ImportResultOutputID=6deb5bd6b04db5948824db4cb12f3036 DependenciesID=a3b87d88a7467d350c6884fc7d142521 StaticDependenciesID=82741dfdf95f990b3871bf73a672d913 
Number of updated asset objects reloaded before import = 0
Number of asset objects unloaded after import = 2
========================================================================
Received Import Request.
  Time of request: 2026-08-27T07:09:13.541225Z
  Time since last request: 0.000444584 seconds.
  importAddress: GUID: 16d9da7caddbf4772911a8341cbdc370 - Path: Assets/Sprites/Player.png - Importer: PreviewImporter
Importing 'GUID: 16d9da7caddbf4772911a8341cbdc370 - Path: Assets/Sprites/Player.png - Importer: PreviewImporter' with importer (PreviewImporter)
Imported 'GUID: 16d9da7caddbf4772911a8341cbdc370' -> (Import Result ID: 'c4393a80097c9bf51d2ca8b042c99efc') in 0.002 seconds [static and dynamic dependencies]. Details - ImportResultOutputID=9450be81b43897f3e14bf7279abe88b6 DependenciesID=3a728c04b7caa6cabe560575ff69353a StaticDependenciesID=19876d656582fcc9195d5a10b3079a10 
Number of updated asset objects reloaded before import = 0
Number of asset objects unloaded after import = 2
========================================================================
Received Prepare
AcceleratorClientConnectionCallback - disconnected - :0
Begin MonoManager ReloadAssembly
[Licensing::Client] Successfully resolved entitlement details
Thread 0x16ffdb000 may have been prematurely finalized
Native extension for OSXStandalone target not found
Native extension for WebGL target not found
[Package Manager] Failed to launch server process. Reason: Unity was launched with the -noUpm command-line argument
[Package Manager] Unable to send message (not connected to server process).
[Package Manager] Cannot connect to Unity Package Manager local server
ScheduleIndexationOnStartup MainProcess:False IndexOnStartup:True
Mono: successfully reloaded assembly
- Finished resetting the current domain, in  0.162 seconds
Domain Reload Profiling: 292ms
	BeginReloadAssembly (66ms)
		CreateAndSetChildDomain (9ms)
	RebuildCommonClasses (4ms)
	RebuildNativeTypeToScriptingClass (7ms)
	initialDomainReloadingComplete (12ms)
	LoadAllAssembliesAndSetupDomain (40ms)
		LoadAssemblies (28ms)
		AnalyzeDomain (3ms)
			TypeCache.Refresh (2ms)
	FinalizeReload (163ms)
		SetupLoadedEditorAssemblies (0ms)
			BeforeProcessingInitializeOnLoad (35ms)
			ProcessInitializeOnLoadAttributes (42ms)
			ProcessInitializeOnLoadMethodAttributes (29ms)
Unloading 0 Unused Serialized files (Serialized files now loaded: 0)
Unloading 852 unused Assets / (100.1 KB). Loaded Objects now: 1468.
Memory consumption went from 93.2 MB to 93.1 MB.
Total: 2.798250 ms (FindLiveObjects: 0.038583 ms CreateObjectMapping: 0.064750 ms MarkObjects: 2.587000 ms  DeleteObjects: 0.107750 ms)

Prepare: number of updated asset objects reloaded= 0
========================================================================
Received Prepare
AcceleratorClientConnectionCallback - disconnected - :0
Unloading 0 Unused Serialized files (Serialized files now loaded: 0)
Unloading 0 unused Assets / (0 B). Loaded Objects now: 1468.
Memory consumption went from 86.3 MB to 86.3 MB.
Total: 3.117042 ms (FindLiveObjects: 0.029708 ms CreateObjectMapping: 0.030500 ms MarkObjects: 3.054000 ms  DeleteObjects: 0.002375 ms)

Prepare: number of updated asset objects reloaded= 0
========================================================================
Received Prepare
AcceleratorClientConnectionCallback - disconnected - :0
Unloading 0 Unused Serialized files (Serialized files now loaded: 0)
Unloading 0 unused Assets / (0 B). Loaded Objects now: 1468.
Memory consumption went from 86.1 MB to 86.1 MB.
Total: 3.009000 ms (FindLiveObjects: 0.035542 ms CreateObjectMapping: 0.031584 ms MarkObjects: 2.939291 ms  DeleteObjects: 0.002333 ms)

Prepare: number of updated asset objects reloaded= 0
========================================================================
Received Prepare
AcceleratorClientConnectionCallback - disconnected - :0
Unloading 0 Unused Serialized files (Serialized files now loaded: 0)
Unloading 0 unused Assets / (0 B). Loaded Objects now: 1468.
Memory consumption went from 85.9 MB to 85.9 MB.
Total: 2.826292 ms (FindLiveObjects: 0.030916 ms CreateObjectMapping: 0.029417 ms MarkObjects: 2.763250 ms  DeleteObjects: 0.002542 ms)

Prepare: number of updated asset objects reloaded= 0
========================================================================
Received Prepare
AcceleratorClientConnectionCallback - disconnected - :0
Unloading 0 Unused Serialized files (Serialized files now loaded: 0)
Unloading 0 unused Assets / (0 B). Loaded Objects now: 1468.
Memory consumption went from 85.8 MB to 85.8 MB.
Total: 2.963458 ms (FindLiveObjects: 0.035000 ms CreateObjectMapping: 0.034917 ms MarkObjects: 2.890000 ms  DeleteObjects: 0.003084 ms)

Prepare: number of updated asset objects reloaded= 0
========================================================================
Received Prepare
AcceleratorClientConnectionCallback - disconnected - :0
Unloading 0 Unused Serialized files (Serialized files now loaded: 0)
Unloading 0 unused Assets / (0 B). Loaded Objects now: 1468.
Memory consumption went from 85.6 MB to 85.6 MB.
Total: 2.887375 ms (FindLiveObjects: 0.031625 ms CreateObjectMapping: 0.032417 ms MarkObjects: 2.820667 ms  DeleteObjects: 0.002167 ms)

Prepare: number of updated asset objects reloaded= 0
========================================================================
Received Prepare
AcceleratorClientConnectionCallback - disconnected - :0
Unloading 0 Unused Serialized files (Serialized files now loaded: 0)
Unloading 0 unused Assets / (0 B). Loaded Objects now: 1468.
Memory consumption went from 85.5 MB to 85.5 MB.
Total: 2.875459 ms (FindLiveObjects: 0.031750 ms CreateObjectMapping: 0.031458 ms MarkObjects: 2.809542 ms  DeleteObjects: 0.002334 ms)

Prepare: number of updated asset objects reloaded= 0
========================================================================
Received Prepare
AcceleratorClientConnectionCallback - disconnected - :0
Begin MonoManager ReloadAssembly
[Licensing::Client] Successfully resolved entitlement details
Thread 0x16f577000 may have been prematurely finalized
Native extension for OSXStandalone target not found
Native extension for WebGL target not found
[Package Manager] Failed to launch server process. Reason: Unity was launched with the -noUpm command-line argument
[Package Manager] Unable to send message (not connected to server process).
[Package Manager] Cannot connect to Unity Package Manager local server
ScheduleIndexationOnStartup MainProcess:False IndexOnStartup:True
Mono: successfully reloaded assembly
- Finished resetting the current domain, in  0.176 seconds
Domain Reload Profiling: 317ms
	BeginReloadAssembly (68ms)
		CreateAndSetChildDomain (10ms)
	RebuildCommonClasses (4ms)
	RebuildNativeTypeToScriptingClass (8ms)
	initialDomainReloadingComplete (15ms)
	LoadAllAssembliesAndSetupDomain (45ms)
		LoadAssemblies (29ms)
		AnalyzeDomain (4ms)
			TypeCache.Refresh (2ms)
	FinalizeReload (177ms)
		SetupLoadedEditorAssemblies (0ms)
			BeforeProcessingInitializeOnLoad (36ms)
			ProcessInitializeOnLoadAttributes (45ms)
			ProcessInitializeOnLoadMethodAttributes (32ms)
Unloading 0 Unused Serialized files (Serialized files now loaded: 0)
Unloading 852 unused Assets / (96.1 KB). Loaded Objects now: 1468.
Memory consumption went from 92.8 MB to 92.7 MB.
Total: 2.895041 ms (FindLiveObjects: 0.040709 ms CreateObjectMapping: 0.065958 ms MarkObjects: 2.694917 ms  DeleteObjects: 0.093041 ms)

Prepare: number of updated asset objects reloaded= 0
========================================================================
Received Prepare
AcceleratorClientConnectionCallback - disconnected - :0
Begin MonoManager ReloadAssembly
[Licensing::Client] Successfully resolved entitlement details
Thread 0x16f577000 may have been prematurely finalized
Native extension for OSXStandalone target not found
Native extension for WebGL target not found
[Package Manager] Failed to launch server process. Reason: Unity was launched with the -noUpm command-line argument
[Package Manager] Unable to send message (not connected to server process).
[Package Manager] Cannot connect to Unity Package Manager local server
ScheduleIndexationOnStartup MainProcess:False IndexOnStartup:True
Mono: successfully reloaded assembly
- Finished resetting the current domain, in  0.177 seconds
Domain Reload Profiling: 314ms
	BeginReloadAssembly (69ms)
		CreateAndSetChildDomain (10ms)
	RebuildCommonClasses (4ms)
	RebuildNativeTypeToScriptingClass (8ms)
	initialDomainReloadingComplete (13ms)
	LoadAllAssembliesAndSetupDomain (42ms)
		LoadAssemblies (29ms)
		AnalyzeDomain (4ms)
			TypeCache.Refresh (2ms)
	FinalizeReload (178ms)
		SetupLoadedEditorAssemblies (0ms)
			BeforeProcessingInitializeOnLoad (36ms)
			ProcessInitializeOnLoadAttributes (45ms)
			ProcessInitializeOnLoadMethodAttributes (33ms)
Unloading 0 Unused Serialized files (Serialized files now loaded: 0)
Unloading 852 unused Assets / (135.0 KB). Loaded Objects now: 1468.
Memory consumption went from 93.3 MB to 93.2 MB.
Total: 2.722167 ms (FindLiveObjects: 0.035792 ms CreateObjectMapping: 0.068708 ms MarkObjects: 2.523250 ms  DeleteObjects: 0.094375 ms)

Prepare: number of updated asset objects reloaded= 0
========================================================================
Received Prepare
AcceleratorClientConnectionCallback - disconnected - :0
Begin MonoManager ReloadAssembly
Thread 0x16f577000 may have been prematurely finalized
Native extension for OSXStandalone target not found
Native extension for WebGL target not found
[Package Manager] Failed to launch server process. Reason: Unity was launched with the -noUpm command-line argument
[Package Manager] Unable to send message (not connected to server process).
[Package Manager] Cannot connect to Unity Package Manager local server
ScheduleIndexationOnStartup MainProcess:False IndexOnStartup:True
Mono: successfully reloaded assembly
- Finished resetting the current domain, in  0.185 seconds
Domain Reload Profiling: 324ms
	BeginReloadAssembly (68ms)
		CreateAndSetChildDomain (10ms)
	RebuildCommonClasses (4ms)
	RebuildNativeTypeToScriptingClass (8ms)
	initialDomainReloadingComplete (14ms)
	LoadAllAssembliesAndSetupDomain (44ms)
		LoadAssemblies (29ms)
		AnalyzeDomain (4ms)
			TypeCache.Refresh (2ms)
	FinalizeReload (186ms)
		SetupLoadedEditorAssemblies (0ms)
			BeforeProcessingInitializeOnLoad (39ms)
			ProcessInitializeOnLoadAttributes (48ms)
			ProcessInitializeOnLoadMethodAttributes (34ms)
Unloading 0 Unused Serialized files (Serialized files now loaded: 0)
Unloading 852 unused Assets / (100.0 KB). Loaded Objects now: 1468.
Memory consumption went from 93.7 MB to 93.6 MB.
Total: 2.963916 ms (FindLiveObjects: 0.040041 ms CreateObjectMapping: 0.064500 ms MarkObjects: 2.773625 ms  DeleteObjects: 0.085500 ms)

Prepare: number of updated asset objects reloaded= 0
========================================================================
Received Prepare
AcceleratorClientConnectionCallback - disconnected - :0
Begin MonoManager ReloadAssembly
Thread 0x16f577000 may have been prematurely finalized
Native extension for OSXStandalone target not found
Native extension for WebGL target not found
[Package Manager] Failed to launch server process. Reason: Unity was launched with the -noUpm command-line argument
[Package Manager] Unable to send message (not connected to server process).
[Package Manager] Cannot connect to Unity Package Manager local server
ScheduleIndexationOnStartup MainProcess:False IndexOnStartup:True
Mono: successfully reloaded assembly
- Finished resetting the current domain, in  0.184 seconds
Domain Reload Profiling: 326ms
	BeginReloadAssembly (70ms)
		CreateAndSetChildDomain (11ms)
	RebuildCommonClasses (4ms)
	RebuildNativeTypeToScriptingClass (7ms)
	initialDomainReloadingComplete (15ms)
	LoadAllAssembliesAndSetupDomain (44ms)
		LoadAssemblies (30ms)
		AnalyzeDomain (4ms)
			TypeCache.Refresh (2ms)
	FinalizeReload (185ms)
		SetupLoadedEditorAssemblies (0ms)
			BeforeProcessingInitializeOnLoad (38ms)
			ProcessInitializeOnLoadAttributes (51ms)
			ProcessInitializeOnLoadMethodAttributes (33ms)
Unloading 0 Unused Serialized files (Serialized files now loaded: 0)
Unloading 852 unused Assets / (115.6 KB). Loaded Objects now: 1468.
Memory consumption went from 94.1 MB to 94.0 MB.
Total: 3.080000 ms (FindLiveObjects: 0.046000 ms CreateObjectMapping: 0.068875 ms MarkObjects: 2.860792 ms  DeleteObjects: 0.103875 ms)

Prepare: number of updated asset objects reloaded= 0
========================================================================
Received Prepare
AcceleratorClientConnectionCallback - disconnected - :0
Begin MonoManager ReloadAssembly
[Licensing::Client] Successfully resolved entitlement details
Thread 0x16f577000 may have been prematurely finalized
Native extension for OSXStandalone target not found
Native extension for WebGL target not found
[Package Manager] Failed to launch server process. Reason: Unity was launched with the -noUpm command-line argument
[Package Manager] Unable to send message (not connected to server process).
[Package Manager] Cannot connect to Unity Package Manager local server
ScheduleIndexationOnStartup MainProcess:False IndexOnStartup:True
Mono: successfully reloaded assembly
- Finished resetting the current domain, in  0.175 seconds
Domain Reload Profiling: 314ms
	BeginReloadAssembly (72ms)
		CreateAndSetChildDomain (12ms)
	RebuildCommonClasses (4ms)
	RebuildNativeTypeToScriptingClass (7ms)
	initialDomainReloadingComplete (12ms)
	LoadAllAssembliesAndSetupDomain (42ms)
		LoadAssemblies (31ms)
		AnalyzeDomain (4ms)
			TypeCache.Refresh (2ms)
	FinalizeReload (176ms)
		SetupLoadedEditorAssemblies (0ms)
			BeforeProcessingInitializeOnLoad (37ms)
			ProcessInitializeOnLoadAttributes (45ms)
			ProcessInitializeOnLoadMethodAttributes (32ms)
Unloading 0 Unused Serialized files (Serialized files now loaded: 0)
Unloading 852 unused Assets / (89.9 KB). Loaded Objects now: 1468.
Memory consumption went from 94.5 MB to 94.4 MB.
Total: 3.039334 ms (FindLiveObjects: 0.042000 ms CreateObjectMapping: 0.065792 ms MarkObjects: 2.832250 ms  DeleteObjects: 0.099125 ms)

Prepare: number of updated asset objects reloaded= 0
========================================================================
Received Prepare
AcceleratorClientConnectionCallback - disconnected - :0
Unloading 0 Unused Serialized files (Serialized files now loaded: 0)
Unloading 0 unused Assets / (0 B). Loaded Objects now: 1468.
Memory consumption went from 87.4 MB to 87.4 MB.
Total: 2.817375 ms (FindLiveObjects: 0.027750 ms CreateObjectMapping: 0.031334 ms MarkObjects: 2.756000 ms  DeleteObjects: 0.001875 ms)

Prepare: number of updated asset objects reloaded= 0
========================================================================
Received Prepare
AcceleratorClientConnectionCallback - disconnected - :0
Unloading 0 Unused Serialized files (Serialized files now loaded: 0)
Unloading 0 unused Assets / (0 B). Loaded Objects now: 1468.
Memory consumption went from 87.2 MB to 87.2 MB.
Total: 2.828083 ms (FindLiveObjects: 0.033041 ms CreateObjectMapping: 0.033792 ms MarkObjects: 2.748708 ms  DeleteObjects: 0.011625 ms)

Prepare: number of updated asset objects reloaded= 0
========================================================================
Received Prepare
AcceleratorClientConnectionCallback - disconnected - :0
Unloading 0 Unused Serialized files (Serialized files now loaded: 0)
Unloading 0 unused Assets / (0 B). Loaded Objects now: 1468.
Memory consumption went from 87.1 MB to 87.1 MB.
Total: 2.870584 ms (FindLiveObjects: 0.027834 ms CreateObjectMapping: 0.029416 ms MarkObjects: 2.810542 ms  DeleteObjects: 0.002500 ms)

Prepare: number of updated asset objects reloaded= 0
========================================================================
Received Prepare
AcceleratorClientConnectionCallback - disconnected - :0
Unloading 0 Unused Serialized files (Serialized files now loaded: 0)
Unloading 0 unused Assets / (0 B). Loaded Objects now: 1468.
Memory consumption went from 86.9 MB to 86.9 MB.
Total: 2.868416 ms (FindLiveObjects: 0.034583 ms CreateObjectMapping: 0.030417 ms MarkObjects: 2.801458 ms  DeleteObjects: 0.001708 ms)

Prepare: number of updated asset objects reloaded= 0
========================================================================
Received Prepare
AcceleratorClientConnectionCallback - disconnected - :0
Unloading 0 Unused Serialized files (Serialized files now loaded: 0)
Unloading 0 unused Assets / (0 B). Loaded Objects now: 1468.
Memory consumption went from 86.8 MB to 86.8 MB.
Total: 2.815417 ms (FindLiveObjects: 0.031917 ms CreateObjectMapping: 0.029417 ms MarkObjects: 2.752208 ms  DeleteObjects: 0.001750 ms)

Prepare: number of updated asset objects reloaded= 0
========================================================================
Received Prepare
AcceleratorClientConnectionCallback - disconnected - :0
Unloading 0 Unused Serialized files (Serialized files now loaded: 0)
Unloading 0 unused Assets / (0 B). Loaded Objects now: 1468.
Memory consumption went from 86.6 MB to 86.6 MB.
Total: 2.864041 ms (FindLiveObjects: 0.032125 ms CreateObjectMapping: 0.031208 ms MarkObjects: 2.798584 ms  DeleteObjects: 0.002041 ms)

Prepare: number of updated asset objects reloaded= 0
========================================================================
Received Prepare
AcceleratorClientConnectionCallback - disconnected - :0
Unloading 0 Unused Serialized files (Serialized files now loaded: 0)
Unloading 0 unused Assets / (0 B). Loaded Objects now: 1468.
Memory consumption went from 86.5 MB to 86.5 MB.
Total: 2.901875 ms (FindLiveObjects: 0.030875 ms CreateObjectMapping: 0.031959 ms MarkObjects: 2.836458 ms  DeleteObjects: 0.002375 ms)

Prepare: number of updated asset objects reloaded= 0
========================================================================
Received Prepare
AcceleratorClientConnectionCallback - disconnected - :0
Unloading 0 Unused Serialized files (Serialized files now loaded: 0)
Unloading 0 unused Assets / (0 B). Loaded Objects now: 1468.
Memory consumption went from 86.3 MB to 86.3 MB.
Total: 2.842250 ms (FindLiveObjects: 0.030084 ms CreateObjectMapping: 0.032458 ms MarkObjects: 2.776792 ms  DeleteObjects: 0.002542 ms)

Prepare: number of updated asset objects reloaded= 0
========================================================================
Received Prepare
AcceleratorClientConnectionCallback - disconnected - :0
Unloading 0 Unused Serialized files (Serialized files now loaded: 0)
Unloading 0 unused Assets / (0 B). Loaded Objects now: 1468.
Memory consumption went from 86.2 MB to 86.2 MB.
Total: 2.850083 ms (FindLiveObjects: 0.028167 ms CreateObjectMapping: 0.029708 ms MarkObjects: 2.790083 ms  DeleteObjects: 0.001875 ms)

Prepare: number of updated asset objects reloaded= 0
========================================================================
Received Prepare
AcceleratorClientConnectionCallback - disconnected - :0
Unloading 0 Unused Serialized files (Serialized files now loaded: 0)
Unloading 0 unused Assets / (0 B). Loaded Objects now: 1468.
Memory consumption went from 86.0 MB to 86.0 MB.
Total: 2.868000 ms (FindLiveObjects: 0.028958 ms CreateObjectMapping: 0.030000 ms MarkObjects: 2.807084 ms  DeleteObjects: 0.001625 ms)

Prepare: number of updated asset objects reloaded= 0
========================================================================
Received Import Request.
  Time of request: 2026-08-27T07:28:45.956755Z
  Time since last request: 1172.38643083400007 seconds.
  importAddress: GUID: 129669c532f9840c7b21e65ac60372ff - Path: Assets/Scenes/Nivel1_Bosque.unity - Importer: PreviewImporter
Importing 'GUID: 129669c532f9840c7b21e65ac60372ff - Path: Assets/Scenes/Nivel1_Bosque.unity - Importer: PreviewImporter' with importer (PreviewImporter)
Imported 'GUID: 129669c532f9840c7b21e65ac60372ff' -> (Import Result ID: '0a4f5fe299ee19e49149bedbce4f23b8') in 0.000 seconds [static and dynamic dependencies]. Details - ImportResultOutputID=607aef40bb45fe4780a968f6e7ef30b8 DependenciesID=26b064683d3bfee21a1caeae6012f4a9 StaticDependenciesID=cbaeae5f9afbf05ed1c23f8ceb9fa079 
Number of updated asset objects reloaded before import = 0
Number of asset objects unloaded after import = 0
========================================================================
Received Prepare
AcceleratorClientConnectionCallback - disconnected - :0
Begin MonoManager ReloadAssembly
[Licensing::Client] Successfully resolved entitlement details
Thread 0x16f577000 may have been prematurely finalized
Native extension for OSXStandalone target not found
Native extension for WebGL target not found
[Package Manager] Failed to launch server process. Reason: Unity was launched with the -noUpm command-line argument
[Package Manager] Unable to send message (not connected to server process).
[Package Manager] Cannot connect to Unity Package Manager local server
ScheduleIndexationOnStartup MainProcess:False IndexOnStartup:True
Mono: successfully reloaded assembly
- Finished resetting the current domain, in  0.166 seconds
Domain Reload Profiling: 298ms
	BeginReloadAssembly (66ms)
		CreateAndSetChildDomain (9ms)
	RebuildCommonClasses (4ms)
	RebuildNativeTypeToScriptingClass (8ms)
	initialDomainReloadingComplete (13ms)
	LoadAllAssembliesAndSetupDomain (42ms)
		LoadAssemblies (27ms)
		AnalyzeDomain (4ms)
			TypeCache.Refresh (2ms)
	FinalizeReload (167ms)
		SetupLoadedEditorAssemblies (0ms)
			BeforeProcessingInitializeOnLoad (35ms)
			ProcessInitializeOnLoadAttributes (42ms)
			ProcessInitializeOnLoadMethodAttributes (29ms)
Unloading 0 Unused Serialized files (Serialized files now loaded: 0)
Unloading 852 unused Assets / (99.3 KB). Loaded Objects now: 1468.
Memory consumption went from 93.4 MB to 93.3 MB.
Total: 2.802792 ms (FindLiveObjects: 0.039667 ms CreateObjectMapping: 0.059833 ms MarkObjects: 2.626542 ms  DeleteObjects: 0.076542 ms)

Prepare: number of updated asset objects reloaded= 0
========================================================================
Received Prepare
AcceleratorClientConnectionCallback - disconnected - :0
Begin MonoManager ReloadAssembly
[Licensing::Client] Successfully resolved entitlement details
Thread 0x16f577000 may have been prematurely finalized
Native extension for OSXStandalone target not found
Native extension for WebGL target not found
[Package Manager] Failed to launch server process. Reason: Unity was launched with the -noUpm command-line argument
[Package Manager] Unable to send message (not connected to server process).
[Package Manager] Cannot connect to Unity Package Manager local server
ScheduleIndexationOnStartup MainProcess:False IndexOnStartup:True
Mono: successfully reloaded assembly
- Finished resetting the current domain, in  0.166 seconds
Domain Reload Profiling: 301ms
	BeginReloadAssembly (67ms)
		CreateAndSetChildDomain (9ms)
	RebuildCommonClasses (4ms)
	RebuildNativeTypeToScriptingClass (7ms)
	initialDomainReloadingComplete (13ms)
	LoadAllAssembliesAndSetupDomain (42ms)
		LoadAssemblies (29ms)
		AnalyzeDomain (4ms)
			TypeCache.Refresh (2ms)
	FinalizeReload (167ms)
		SetupLoadedEditorAssemblies (0ms)
			BeforeProcessingInitializeOnLoad (35ms)
			ProcessInitializeOnLoadAttributes (42ms)
			ProcessInitializeOnLoadMethodAttributes (30ms)
Unloading 0 Unused Serialized files (Serialized files now loaded: 0)
Unloading 852 unused Assets / (105.8 KB). Loaded Objects now: 1468.
Memory consumption went from 93.8 MB to 93.7 MB.
Total: 2.803333 ms (FindLiveObjects: 0.035084 ms CreateObjectMapping: 0.060959 ms MarkObjects: 2.610875 ms  DeleteObjects: 0.096125 ms)

Prepare: number of updated asset objects reloaded= 0
========================================================================
Received Import Request.
  Time of request: 2026-08-27T08:30:31.895646Z
  Time since last request: 3705.88606404199982 seconds.
  importAddress: GUID: aa1e768bf3ad4ae8898571a206251472 - Path: Packages/com.unity.inputsystem/InputSystem/Controls - Importer: ScriptedImporter/UnityEditor.QuickSearchModule:UnityEditor.Search:ASIAI0B
Importing 'GUID: aa1e768bf3ad4ae8898571a206251472 - Path: Packages/com.unity.inputsystem/InputSystem/Controls - Importer: ScriptedImporter/UnityEditor.QuickSearchModule:UnityEditor.Search:ASIAI0B' with importer (ScriptedImporter : UnityEditor.QuickSearchModule:UnityEditor.Search:ASIAI0B)
Imported 'GUID: aa1e768bf3ad4ae8898571a206251472' -> (Import Result ID: '054d74b20b968ecc429bd169bf419c1d') in 0.019 seconds [static and dynamic dependencies]. Details - ImportResultOutputID=93ed71c2f5f07c89a9ac2492278cbd84 DependenciesID=eff5d9f098fbfe442c8a31ea68517f78 StaticDependenciesID=12aa080b529c52c20f6c410832a0c1ed 
Number of updated asset objects reloaded before import = 0
Number of asset objects unloaded after import = 1
========================================================================
Received Import Request.
  Time of request: 2026-08-27T08:30:31.917104Z
  Time since last request: 0.001246541 seconds.
  importAddress: GUID: d1166ae938ecb42adaf8c4530372fb2b - Path: Packages/com.unity.inputsystem/InputSystem/Events/ActionEvent.cs - Importer: ScriptedImporter/UnityEditor.QuickSearchModule:UnityEditor.Search:ASIAI0B
Importing 'GUID: d1166ae938ecb42adaf8c4530372fb2b - Path: Packages/com.unity.inputsystem/InputSystem/Events/ActionEvent.cs - Importer: ScriptedImporter/UnityEditor.QuickSearchModule:UnityEditor.Search:ASIAI0B' with importer (ScriptedImporter : UnityEditor.QuickSearchModule:UnityEditor.Search:ASIAI0B)
Imported 'GUID: d1166ae938ecb42adaf8c4530372fb2b' -> (Import Result ID: 'dbb1ff4c889b49d285f903b82358360c') in 0.031 seconds [static and dynamic dependencies]. Details - ImportResultOutputID=55fcc0aabf131bee569d03d64384fd69 DependenciesID=a5ddd768274d8a32da8eba79e65b2f9f StaticDependenciesID=0c118253c6b34e35d072a0002aab484c 
Number of updated asset objects reloaded before import = 0
Number of asset objects unloaded after import = 0
========================================================================
Received Import Request.
  Time of request: 2026-08-27T08:30:31.948703Z
  Time since last request: 0.000344 seconds.
  importAddress: GUID: 7009ea2cce278c14d852537c8f40c8a0 - Path: Packages/com.unity.inputsystem/InputSystem/Controls/IntegerControl.cs - Importer: ScriptedImporter/UnityEditor.QuickSearchModule:UnityEditor.Search:ASIAI0B
Importing 'GUID: 7009ea2cce278c14d852537c8f40c8a0 - Path: Packages/com.unity.inputsystem/InputSystem/Controls/IntegerControl.cs - Importer: ScriptedImporter/UnityEditor.QuickSearchModule:UnityEditor.Search:ASIAI0B' with importer (ScriptedImporter : UnityEditor.QuickSearchModule:UnityEditor.Search:ASIAI0B)
Imported 'GUID: 7009ea2cce278c14d852537c8f40c8a0' -> (Import Result ID: 'dd5d46d0c69f3d170be0064850ea2382') in 0.001 seconds [static and dynamic dependencies]. Details - ImportResultOutputID=095801fe9affc09d0f35df31511fe134 DependenciesID=b101596f1c5a5bfd680011cd4d3de18a StaticDependenciesID=b70989bd009f6f583ab16805901b7e39 
Number of updated asset objects reloaded before import = 0
Number of asset objects unloaded after import = 0
========================================================================
Received Import Request.
  Time of request: 2026-08-27T08:30:31.949856Z
  Time since last request: 0.000137667 seconds.
  importAddress: GUID: 6873ac51fc9d6dc4dbb6d9dc77a5eb49 - Path: Packages/com.unity.inputsystem/InputSystem/Devices/Commands/SetIMECursorPositionCommand.cs - Importer: ScriptedImporter/UnityEditor.QuickSearchModule:UnityEditor.Search:ASIAI0B
Importing 'GUID: 6873ac51fc9d6dc4dbb6d9dc77a5eb49 - Path: Packages/com.unity.inputsystem/InputSystem/Devices/Commands/SetIMECursorPositionCommand.cs - Importer: ScriptedImporter/UnityEditor.QuickSearchModule:UnityEditor.Search:ASIAI0B' with importer (ScriptedImporter : UnityEditor.QuickSearchModule:UnityEditor.Search:ASIAI0B)
Imported 'GUID: 6873ac51fc9d6dc4dbb6d9dc77a5eb49' -> (Import Result ID: 'f9312ccea497ae3d1bb0211cc786f4fa') in 0.001 seconds [static and dynamic dependencies]. Details - ImportResultOutputID=ff71f0f640a3512d406da8e17ec30b77 DependenciesID=8b7770da1dd5a408ae265aa9845a373a StaticDependenciesID=c4a0d6dc0fd5a0e0d1100652fac88b94 
Number of updated asset objects reloaded before import = 0
Number of asset objects unloaded after import = 0
========================================================================
Received Import Request.
  Time of request: 2026-08-27T08:30:31.950997Z
  Time since last request: 0.000141542 seconds.
  importAddress: GUID: c7225419e3d446c5982afd5ba9cce319 - Path: Packages/com.unity.inputsystem/InputSystem/Plugins/DualShock/DualShockGamepadHID.cs - Importer: ScriptedImporter/UnityEditor.QuickSearchModule:UnityEditor.Search:ASIAI0B
Importing 'GUID: c7225419e3d446c5982afd5ba9cce319 - Path: Packages/com.unity.inputsystem/InputSystem/Plugins/DualShock/DualShockGamepadHID.cs - Importer: ScriptedImporter/UnityEditor.QuickSearchModule:UnityEditor.Search:ASIAI0B' with importer (ScriptedImporter : UnityEditor.QuickSearchModule:UnityEditor.Search:ASIAI0B)
Imported 'GUID: c7225419e3d446c5982afd5ba9cce319' -> (Import Result ID: '6699b9de81349b33be6eb4253acc5ad2') in 0.001 seconds [static and dynamic dependencies]. Details - ImportResultOutputID=bfdb3dfa3d441f6791e12a03bceeec1f DependenciesID=1540aeedaefbc38f4e0dc6a3b82b4f19 StaticDependenciesID=b60e23e302994a19d6a8faa389305671 
Number of updated asset objects reloaded before import = 0
Number of asset objects unloaded after import = 0
========================================================================
Received Import Request.
  Time of request: 2026-08-27T08:30:31.952399Z
  Time since last request: 0.000467041 seconds.
  importAddress: GUID: 0aec7c7bf99354f66bc2a1d18bd0b4d2 - Path: Packages/com.unity.inputsystem/InputSystem/Editor/Icons/d_Pen@4x.png - Importer: ScriptedImporter/UnityEditor.QuickSearchModule:UnityEditor.Search:ASIAI0B
Importing 'GUID: 0aec7c7bf99354f66bc2a1d18bd0b4d2 - Path: Packages/com.unity.inputsystem/InputSystem/Editor/Icons/d_Pen@4x.png - Importer: ScriptedImporter/UnityEditor.QuickSearchModule:UnityEditor.Search:ASIAI0B' with importer (ScriptedImporter : UnityEditor.QuickSearchModule:UnityEditor.Search:ASIAI0B)
Imported 'GUID: 0aec7c7bf99354f66bc2a1d18bd0b4d2' -> (Import Result ID: '9d06cfe799dd951a697bd295e3c250d2') in 0.019 seconds [static and dynamic dependencies]. Details - ImportResultOutputID=465496a09f83ab8468c94dc70c0592bf DependenciesID=ba2ca548c7ed20c5dd090dd01c286886 StaticDependenciesID=d3346185aed6101dc8638139c9a28356 
Number of updated asset objects reloaded before import = 0
Number of asset objects unloaded after import = 1
========================================================================
Received Import Request.
  Time of request: 2026-08-27T08:30:31.971945Z
  Time since last request: 0.000443916 seconds.
  importAddress: GUID: 1c37f00575bd6494ea726be5afee89b9 - Path: Packages/com.unity.inputsystem/InputSystem/Editor/Icons/Button@2x.png - Importer: ScriptedImporter/UnityEditor.QuickSearchModule:UnityEditor.Search:ASIAI0B
Importing 'GUID: 1c37f00575bd6494ea726be5afee89b9 - Path: Packages/com.unity.inputsystem/InputSystem/Editor/Icons/Button@2x.png - Importer: ScriptedImporter/UnityEditor.QuickSearchModule:UnityEditor.Search:ASIAI0B' with importer (ScriptedImporter : UnityEditor.QuickSearchModule:UnityEditor.Search:ASIAI0B)
Imported 'GUID: 1c37f00575bd6494ea726be5afee89b9' -> (Import Result ID: '4e5726539d65f9ab09bb7e1200787b0d') in 0.003 seconds [static and dynamic dependencies]. Details - ImportResultOutputID=1772266d8776d95b62bf1d59a2d047cb DependenciesID=1794f0411a9f08c37f56fc68276d78c2 StaticDependenciesID=74cdc42afd75fb56e695a05409d016bc 
Number of updated asset objects reloaded before import = 0
Number of asset objects unloaded after import = 1
========================================================================
Received Import Request.
  Time of request: 2026-08-27T08:30:31.975043Z
  Time since last request: 0.000411583 seconds.
  importAddress: GUID: b01eed8192c9f442b820a7af87ac73f8 - Path: Packages/com.unity.inputsystem/InputSystem/Editor/ControlPicker - Importer: ScriptedImporter/UnityEditor.QuickSearchModule:UnityEditor.Search:ASIAI0B
Importing 'GUID: b01eed8192c9f442b820a7af87ac73f8 - Path: Packages/com.unity.inputsystem/InputSystem/Editor/ControlPicker - Importer: ScriptedImporter/UnityEditor.QuickSearchModule:UnityEditor.Search:ASIAI0B' with importer (ScriptedImporter : UnityEditor.QuickSearchModule:UnityEditor.Search:ASIAI0B)
Imported 'GUID: b01eed8192c9f442b820a7af87ac73f8' -> (Import Result ID: '2d4454757261b20416cdfc848127c0d7') in 0.001 seconds [static and dynamic dependencies]. Details - ImportResultOutputID=6222c06ba1f10d33424810ba1bff0f23 DependenciesID=c395ddea2c851e53a4156be91fb05812 StaticDependenciesID=a21c3bfd21e0922b0185977e83317ca3 
Number of updated asset objects reloaded before import = 0
Number of asset objects unloaded after import = 1
========================================================================
Received Import Request.
  Time of request: 2026-08-27T08:30:31.975925Z
  Time since last request: 0.000178833 seconds.
  importAddress: GUID: 84e410cdded84dd3971c9dbe94605503 - Path: Packages/com.unity.inputsystem/InputSystem/Controls/Processors/InvertProcessor.cs - Importer: ScriptedImporter/UnityEditor.QuickSearchModule:UnityEditor.Search:ASIAI0B
Importing 'GUID: 84e410cdded84dd3971c9dbe94605503 - Path: Packages/com.unity.inputsystem/InputSystem/Controls/Processors/InvertProcessor.cs - Importer: ScriptedImporter/UnityEditor.QuickSearchModule:UnityEditor.Search:ASIAI0B' with importer (ScriptedImporter : UnityEditor.QuickSearchModule:UnityEditor.Search:ASIAI0B)
Imported 'GUID: 84e410cdded84dd3971c9dbe94605503' -> (Import Result ID: 'bbcb1b99f7c634d846330e28c1b0b248') in 0.001 seconds [static and dynamic dependencies]. Details - ImportResultOutputID=3225f13de73b124b14c28b1e1485beed DependenciesID=636435952beb3c68a60d9f139def214f StaticDependenciesID=8ee0eff91ac257425b4b17e9c95bde05 
Number of updated asset objects reloaded before import = 0
Number of asset objects unloaded after import = 0
========================================================================
Received Import Request.
  Time of request: 2026-08-27T08:30:31.977236Z
  Time since last request: 0.000390458 seconds.
  importAddress: GUID: 82073a8bfd6b8488a89b8796d500d12d - Path: Packages/com.unity.inputsystem/InputSystem/Editor/Icons/Touch@2x.png - Importer: ScriptedImporter/UnityEditor.QuickSearchModule:UnityEditor.Search:ASIAI0B
Importing 'GUID: 82073a8bfd6b8488a89b8796d500d12d - Path: Packages/com.unity.inputsystem/InputSystem/Editor/Icons/Touch@2x.png - Importer: ScriptedImporter/UnityEditor.QuickSearchModule:UnityEditor.Search:ASIAI0B' with importer (ScriptedImporter : UnityEditor.QuickSearchModule:UnityEditor.Search:ASIAI0B)
Imported 'GUID: 82073a8bfd6b8488a89b8796d500d12d' -> (Import Result ID: '1b4dcfddaf293cbc7534d108d67b840c') in 0.003 seconds [static and dynamic dependencies]. Details - ImportResultOutputID=4570288614b57d9aefeb9ad010a36403 DependenciesID=5977f38c3bab5efa4842ac1a3ce38369 StaticDependenciesID=1082ea4b21fac6a4718718fd2150ecfa 
Number of updated asset objects reloaded before import = 0
Number of asset objects unloaded after import = 1
========================================================================
Received Import Request.
  Time of request: 2026-08-27T08:30:31.98042Z
  Time since last request: 0.000225291 seconds.
  importAddress: GUID: ec85de66fa5b64dd984fdcc82f8f92b3 - Path: Packages/com.unity.inputsystem/InputSystem/Editor/Icons/InputControl.png - Importer: ScriptedImporter/UnityEditor.QuickSearchModule:UnityEditor.Search:ASIAI0B
Importing 'GUID: ec85de66fa5b64dd984fdcc82f8f92b3 - Path: Packages/com.unity.inputsystem/InputSystem/Editor/Icons/InputControl.png - Importer: ScriptedImporter/UnityEditor.QuickSearchModule:UnityEditor.Search:ASIAI0B' with importer (ScriptedImporter : UnityEditor.QuickSearchModule:UnityEditor.Search:ASIAI0B)
Imported 'GUID: ec85de66fa5b64dd984fdcc82f8f92b3' -> (Import Result ID: '3531fd2e46ba4fdcdfe908085358f53d') in 0.002 seconds [static and dynamic dependencies]. Details - ImportResultOutputID=3d01d6ce90d8ed380c98a43dbe4f7a52 DependenciesID=6a842a3bfb86907d67d978382bf66d92 StaticDependenciesID=01d4b697342c969b07530cbecd8dfcfb 
Number of updated asset objects reloaded before import = 0
Number of asset objects unloaded after import = 1
========================================================================
Received Import Request.
  Time of request: 2026-08-27T08:30:31.982877Z
  Time since last request: 0.000180125 seconds.
  importAddress: GUID: 96d7b220d8769944f9aca48b3218daaa - Path: Packages/com.unity.inputsystem/Tests/IntegrationTests/IntegrationTests.cs - Importer: ScriptedImporter/UnityEditor.QuickSearchModule:UnityEditor.Search:ASIAI0B
Importing 'GUID: 96d7b220d8769944f9aca48b3218daaa - Path: Packages/com.unity.inputsystem/Tests/IntegrationTests/IntegrationTests.cs - Importer: ScriptedImporter/UnityEditor.QuickSearchModule:UnityEditor.Search:ASIAI0B' with importer (ScriptedImporter : UnityEditor.QuickSearchModule:UnityEditor.Search:ASIAI0B)
Imported 'GUID: 96d7b220d8769944f9aca48b3218daaa' -> (Import Result ID: '97b43b8af6c79a446493c357f365aefe') in 0.001 seconds [static and dynamic dependencies]. Details - ImportResultOutputID=ecad799960f4c613b3c4bcc3ad990ca6 DependenciesID=b98237aa1acf55ed1c4c2d8fe8d1021c StaticDependenciesID=3caef471cd60ea2d1fabb7a57f8e3e2b 
Number of updated asset objects reloaded before import = 0
Number of asset objects unloaded after import = 0
========================================================================
Received Import Request.
  Time of request: 2026-08-27T08:30:31.98392Z
  Time since last request: 0.000245042 seconds.
  importAddress: GUID: 2167295510884d5eb4722df2ba677996 - Path: Packages/com.unity.inputsystem/InputSystem/Editor/Analytics/OnScreenStickEditorAnalytic.cs - Importer: ScriptedImporter/UnityEditor.QuickSearchModule:UnityEditor.Search:ASIAI0B
Importing 'GUID: 2167295510884d5eb4722df2ba677996 - Path: Packages/com.unity.inputsystem/InputSystem/Editor/Analytics/OnScreenStickEditorAnalytic.cs - Importer: ScriptedImporter/UnityEditor.QuickSearchModule:UnityEditor.Search:ASIAI0B' with importer (ScriptedImporter : UnityEditor.QuickSearchModule:UnityEditor.Search:ASIAI0B)
Imported 'GUID: 2167295510884d5eb4722df2ba677996' -> (Import Result ID: '3cf107996afdede4c24d90c27249c29e') in 0.001 seconds [static and dynamic dependencies]. Details - ImportResultOutputID=790d8d1c9980bbaf7f23e04b2e5b9f6f DependenciesID=edf510c26802a741d121f58c0cb99a96 StaticDependenciesID=40144a0cdf708f85bdc9c7d4bb70a873 
Number of updated asset objects reloaded before import = 0
Number of asset objects unloaded after import = 0
========================================================================
Received Import Request.
  Time of request: 2026-08-27T08:30:31.985105Z
  Time since last request: 0.000195 seconds.
  importAddress: GUID: 56bc028967c346c2bd33842d7b252123 - Path: Packages/com.unity.inputsystem/InputSystem/Editor/Analytics/PlayerInputEditorAnalytic.cs - Importer: ScriptedImporter/UnityEditor.QuickSearchModule:UnityEditor.Search:ASIAI0B
Importing 'GUID: 56bc028967c346c2bd33842d7b252123 - Path: Packages/com.unity.inputsystem/InputSystem/Editor/Analytics/PlayerInputEditorAnalytic.cs - Importer: ScriptedImporter/UnityEditor.QuickSearchModule:UnityEditor.Search:ASIAI0B' with importer (ScriptedImporter : UnityEditor.QuickSearchModule:UnityEditor.Search:ASIAI0B)
Imported 'GUID: 56bc028967c346c2bd33842d7b252123' -> (Import Result ID: '69ac019298c82941755ccbae073bfed9') in 0.001 seconds [static and dynamic dependencies]. Details - ImportResultOutputID=f2c7c879eaa79b62ee8ee87ad04984b5 DependenciesID=5c2f182e104d8bc3dddb3cacb2c27cb0 StaticDependenciesID=d7e60260918eec61074a3679daff7e37 
Number of updated asset objects reloaded before import = 0
Number of asset objects unloaded after import = 0
========================================================================
Received Import Request.
  Time of request: 2026-08-27T08:30:31.986035Z
  Time since last request: 0.000159834 seconds.
  importAddress: GUID: bb42fb9342e9d4e68b6cf39a2e071d9b - Path: Packages/com.unity.inputsystem/InputSystem/Editor/Icons/d_Pen.png - Importer: ScriptedImporter/UnityEditor.QuickSearchModule:UnityEditor.Search:ASIAI0B
Importing 'GUID: bb42fb9342e9d4e68b6cf39a2e071d9b - Path: Packages/com.unity.inputsystem/InputSystem/Editor/Icons/d_Pen.png - Importer: ScriptedImporter/UnityEditor.QuickSearchModule:UnityEditor.Search:ASIAI0B' with importer (ScriptedImporter : UnityEditor.QuickSearchModule:UnityEditor.Search:ASIAI0B)
Imported 'GUID: bb42fb9342e9d4e68b6cf39a2e071d9b' -> (Import Result ID: '6ccb6fbedba04f8090e53462a7c231fa') in 0.002 seconds [static and dynamic dependencies]. Details - ImportResultOutputID=416844ccc054ef437e88f8fdc76d62c8 DependenciesID=00605f4258ed2f50fcc498a1b3fad742 StaticDependenciesID=cee51839583cebb9609eb46e32e90f4f 
Number of updated asset objects reloaded before import = 0
Number of asset objects unloaded after import = 1
========================================================================
Received Import Request.
  Time of request: 2026-08-27T08:30:31.988239Z
  Time since last request: 0.000131333 seconds.
  importAddress: GUID: 98590516d066443e58df0deff4a95b21 - Path: Packages/com.unity.inputsystem/InputSystem/Controls/Processors/ScaleProcessor.cs - Importer: ScriptedImporter/UnityEditor.QuickSearchModule:UnityEditor.Search:ASIAI0B
Importing 'GUID: 98590516d066443e58df0deff4a95b21 - Path: Packages/com.unity.inputsystem/InputSystem/Controls/Processors/ScaleProcessor.cs - Importer: ScriptedImporter/UnityEditor.QuickSearchModule:UnityEditor.Search:ASIAI0B' with importer (ScriptedImporter : UnityEditor.QuickSearchModule:UnityEditor.Search:ASIAI0B)
Imported 'GUID: 98590516d066443e58df0deff4a95b21' -> (Import Result ID: '7787575b79dc7ad03ef39e3a6558419e') in 0.001 seconds [static and dynamic dependencies]. Details - ImportResultOutputID=549e4d9ceed02931cd63a9a387ad0507 DependenciesID=e1f233c0a6c638e5b9a22970deb9cf43 StaticDependenciesID=1600309e5902ac5171739c2e8a008c0a 
Number of updated asset objects reloaded before import = 0
Number of asset objects unloaded after import = 0
========================================================================
Received Import Request.
  Time of request: 2026-08-27T08:30:31.989327Z
  Time since last request: 0.000215625 seconds.
  importAddress: GUID: c0996bc290ff74bf4834f4a8b7dc8c3e - Path: Packages/com.unity.inputsystem/InputSystem/Editor/AssetEditor/PackageResources/pro/foldoutBackground.png - Importer: ScriptedImporter/UnityEditor.QuickSearchModule:UnityEditor.Search:ASIAI0B
Importing 'GUID: c0996bc290ff74bf4834f4a8b7dc8c3e - Path: Packages/com.unity.inputsystem/InputSystem/Editor/AssetEditor/PackageResources/pro/foldoutBackground.png - Importer: ScriptedImporter/UnityEditor.QuickSearchModule:UnityEditor.Search:ASIAI0B' with importer (ScriptedImporter : UnityEditor.QuickSearchModule:UnityEditor.Search:ASIAI0B)
Imported 'GUID: c0996bc290ff74bf4834f4a8b7dc8c3e' -> (Import Result ID: '661ac575ded3f861d4f9fb63e2aace3b') in 0.003 seconds [static and dynamic dependencies]. Details - ImportResultOutputID=58e18c40660593e21d03e00da33e2472 DependenciesID=a6fab6b17133de5d9da61e34d0c691b6 StaticDependenciesID=d0657a6f5abda747a866f6aa7c8b1e46 
Number of updated asset objects reloaded before import = 0
Number of asset objects unloaded after import = 1
========================================================================
Received Import Request.
  Time of request: 2026-08-27T08:30:31.992166Z
  Time since last request: 0.000209417 seconds.
  importAddress: GUID: ee6ce8b9ba0db4146b0b12d5985933bf - Path: Packages/com.unity.inputsystem/InputSystem/Editor - Importer: ScriptedImporter/UnityEditor.QuickSearchModule:UnityEditor.Search:ASIAI0B
Importing 'GUID: ee6ce8b9ba0db4146b0b12d5985933bf - Path: Packages/com.unity.inputsystem/InputSystem/Editor - Importer: ScriptedImporter/UnityEditor.QuickSearchModule:UnityEditor.Search:ASIAI0B' with importer (ScriptedImporter : UnityEditor.QuickSearchModule:UnityEditor.Search:ASIAI0B)
Imported 'GUID: ee6ce8b9ba0db4146b0b12d5985933bf' -> (Import Result ID: '293c7286f811cee404a3a2ac6eafef19') in 0.001 seconds [static and dynamic dependencies]. Details - ImportResultOutputID=196a501c4df510e4870342f543841ebc DependenciesID=8b05d28dc919f4f3985caf5aa7218cd9 StaticDependenciesID=35501578d8893a27a8f61dee4868de37 
Number of updated asset objects reloaded before import = 0
Number of asset objects unloaded after import = 1
========================================================================
Received Import Request.
  Time of request: 2026-08-27T08:30:31.993623Z
  Time since last request: 0.000198 seconds.
  importAddress: GUID: 62899f850307741f2a39c98a8b639597 - Path: Packages/com.unity.inputsystem/InputSystem/Plugins/PlayerInput/PlayerInput.cs - Importer: ScriptedImporter/UnityEditor.QuickSearchModule:UnityEditor.Search:ASIAI0B
Importing 'GUID: 62899f850307741f2a39c98a8b639597 - Path: Packages/com.unity.inputsystem/InputSystem/Plugins/PlayerInput/PlayerInput.cs - Importer: ScriptedImporter/UnityEditor.QuickSearchModule:UnityEditor.Search:ASIAI0B' with importer (ScriptedImporter : UnityEditor.QuickSearchModule:UnityEditor.Search:ASIAI0B)
Imported 'GUID: 62899f850307741f2a39c98a8b639597' -> (Import Result ID: '06a14b85d6c21be4cbde24c70bed8ff5') in 0.002 seconds [static and dynamic dependencies]. Details - ImportResultOutputID=a6dc218b9b7d209eaff1851ea2b967d2 DependenciesID=21ff5002a946f5699403a04ed71a2afa StaticDependenciesID=c1796b3101ae91260f007cbea56be9c7 
Number of updated asset objects reloaded before import = 0
Number of asset objects unloaded after import = 1
========================================================================
Received Import Request.
  Time of request: 2026-08-27T08:30:31.995732Z
  Time since last request: 0.000152375 seconds.
  importAddress: GUID: 74405005f3013c2498103a79211ba93b - Path: Packages/com.unity.inputsystem/InputSystem/Plugins/OnScreen/OnScreenSupport.cs - Importer: ScriptedImporter/UnityEditor.QuickSearchModule:UnityEditor.Search:ASIAI0B
Importing 'GUID: 74405005f3013c2498103a79211ba93b - Path: Packages/com.unity.inputsystem/InputSystem/Plugins/OnScreen/OnScreenSupport.cs - Importer: ScriptedImporter/UnityEditor.QuickSearchModule:UnityEditor.Search:ASIAI0B' with importer (ScriptedImporter : UnityEditor.QuickSearchModule:UnityEditor.Search:ASIAI0B)
Imported 'GUID: 74405005f3013c2498103a79211ba93b' -> (Import Result ID: 'e64a297d047c68ed91102b5b589615bf') in 0.001 seconds [static and dynamic dependencies]. Details - ImportResultOutputID=d67791c8e3e6aa5b13687c2d752a2a36 DependenciesID=a2ccc8af30015f43b00e46636b53957a StaticDependenciesID=2092920bfbd8de8b962da5fbdce1dd7f 
Number of updated asset objects reloaded before import = 0
Number of asset objects unloaded after import = 0
========================================================================
Received Import Request.
  Time of request: 2026-08-27T08:30:31.996862Z
  Time since last request: 0.000151875 seconds.
  importAddress: GUID: 7522ce067dfd4acf8e9e136fc7a0ab64 - Path: Packages/com.unity.inputsystem/InputSystem/Devices/IEventMerger.cs - Importer: ScriptedImporter/UnityEditor.QuickSearchModule:UnityEditor.Search:ASIAI0B
Importing 'GUID: 7522ce067dfd4acf8e9e136fc7a0ab64 - Path: Packages/com.unity.inputsystem/InputSystem/Devices/IEventMerger.cs - Importer: ScriptedImporter/UnityEditor.QuickSearchModule:UnityEditor.Search:ASIAI0B' with importer (ScriptedImporter : UnityEditor.QuickSearchModule:UnityEditor.Search:ASIAI0B)
Imported 'GUID: 7522ce067dfd4acf8e9e136fc7a0ab64' -> (Import Result ID: '114117ddaa79b454fe6ea06177c0676e') in 0.001 seconds [static and dynamic dependencies]. Details - ImportResultOutputID=547a31114e315d417f9fadb28514dd25 DependenciesID=d59d8b8b0dac2eed62ba0c1f4de9d8e4 StaticDependenciesID=4ca247724ef38d28e5234c45a5a90dae 
Number of updated asset objects reloaded before import = 0
Number of asset objects unloaded after import = 0
========================================================================
Received Import Request.
  Time of request: 2026-08-27T08:30:31.998218Z
  Time since last request: 0.000429834 seconds.
  importAddress: GUID: 15fa4fb6e47739e43b36a70fce024b6f - Path: Packages/com.unity.inputsystem/InputSystem/Plugins/Android/AndroidAxis.cs - Importer: ScriptedImporter/UnityEditor.QuickSearchModule:UnityEditor.Search:ASIAI0B
Importing 'GUID: 15fa4fb6e47739e43b36a70fce024b6f - Path: Packages/com.unity.inputsystem/InputSystem/Plugins/Android/AndroidAxis.cs - Importer: ScriptedImporter/UnityEditor.QuickSearchModule:UnityEditor.Search:ASIAI0B' with importer (ScriptedImporter : UnityEditor.QuickSearchModule:UnityEditor.Search:ASIAI0B)
Imported 'GUID: 15fa4fb6e47739e43b36a70fce024b6f' -> (Import Result ID: '2e71ef68e43584752083230756a263ac') in 0.001 seconds [static and dynamic dependencies]. Details - ImportResultOutputID=7ba93155ea69c469b95730b624be8626 DependenciesID=d01344ae0d64b316cf983f8f2246b762 StaticDependenciesID=8ac7dcc27f8a8780f695c1c564b2fa7a 
Number of updated asset objects reloaded before import = 0
Number of asset objects unloaded after import = 0
========================================================================
Received Import Request.
  Time of request: 2026-08-27T08:30:31.999031Z
  Time since last request: 0.000125292 seconds.
  importAddress: GUID: bcb3dcdfe51084a038a04105cfbc70aa - Path: Packages/com.unity.inputsystem/InputSystem/Plugins - Importer: ScriptedImporter/UnityEditor.QuickSearchModule:UnityEditor.Search:ASIAI0B
Importing 'GUID: bcb3dcdfe51084a038a04105cfbc70aa - Path: Packages/com.unity.inputsystem/InputSystem/Plugins - Importer: ScriptedImporter/UnityEditor.QuickSearchModule:UnityEditor.Search:ASIAI0B' with importer (ScriptedImporter : UnityEditor.QuickSearchModule:UnityEditor.Search:ASIAI0B)
Imported 'GUID: bcb3dcdfe51084a038a04105cfbc70aa' -> (Import Result ID: '0018a1acfbf88f121c3cfd791e33cb80') in 0.001 seconds [static and dynamic dependencies]. Details - ImportResultOutputID=dbe28163737be3be08d21a75dbf531d3 DependenciesID=51cb0a0c0c92bf7b41e39bcbb5c69244 StaticDependenciesID=dee8089709752f1559bc17d666a1c06d 
Number of updated asset objects reloaded before import = 0
Number of asset objects unloaded after import = 1
========================================================================
Received Import Request.
  Time of request: 2026-08-27T08:30:31.999772Z
  Time since last request: 0.000126417 seconds.
  importAddress: GUID: f4e6ca70dd9734da1a812be882c6364e - Path: Packages/com.unity.inputsystem/InputSystem/Editor/Icons/d_Interactive Binding@4x.png - Importer: ScriptedImporter/UnityEditor.QuickSearchModule:UnityEditor.Search:ASIAI0B
Importing 'GUID: f4e6ca70dd9734da1a812be882c6364e - Path: Packages/com.unity.inputsystem/InputSystem/Editor/Icons/d_Interactive Binding@4x.png - Importer: ScriptedImporter/UnityEditor.QuickSearchModule:UnityEditor.Search:ASIAI0B' with importer (ScriptedImporter : UnityEditor.QuickSearchModule:UnityEditor.Search:ASIAI0B)
Imported 'GUID: f4e6ca70dd9734da1a812be882c6364e' -> (Import Result ID: '3d56e3164e7462b5ff8cbf4efee63e6a') in 0.002 seconds [static and dynamic dependencies]. Details - ImportResultOutputID=d1636fae4161fc4e49c26e69e7f2a77d DependenciesID=cbe505005b44e551d3c338a04db35736 StaticDependenciesID=ea1bcfbd4f136de1f89dae27c1083aa2 
Number of updated asset objects reloaded before import = 0
Number of asset objects unloaded after import = 1
========================================================================
Received Import Request.
  Time of request: 2026-08-27T08:30:32.002014Z
  Time since last request: 0.000241 seconds.
  importAddress: GUID: 8879a5884abf42c4c99aba5009bc081f - Path: Packages/com.unity.inputsystem/InputSystem/Editor/UITKAssetEditor/Views/PropertiesView.cs - Importer: ScriptedImporter/UnityEditor.QuickSearchModule:UnityEditor.Search:ASIAI0B
Importing 'GUID: 8879a5884abf42c4c99aba5009bc081f - Path: Packages/com.unity.inputsystem/InputSystem/Editor/UITKAssetEditor/Views/PropertiesView.cs - Importer: ScriptedImporter/UnityEditor.QuickSearchModule:UnityEditor.Search:ASIAI0B' with importer (ScriptedImporter : UnityEditor.QuickSearchModule:UnityEditor.Search:ASIAI0B)
Imported 'GUID: 8879a5884abf42c4c99aba5009bc081f' -> (Import Result ID: '5857242d4b4f0637c9fc312b9fe5d547') in 0.001 seconds [static and dynamic dependencies]. Details - ImportResultOutputID=3ac76e4ef63378b11abf5254fddc59f9 DependenciesID=a5c8087fe7f801ec4a45eeea219ff31d StaticDependenciesID=b9216bc29a392d4c2675abccc73b2e6e 
Number of updated asset objects reloaded before import = 0
Number of asset objects unloaded after import = 0
========================================================================
Received Import Request.
  Time of request: 2026-08-27T08:30:32.002997Z
  Time since last request: 0.000167834 seconds.
  importAddress: GUID: ef73fbf6f536c4184845d789870911a3 - Path: Packages/com.unity.inputsystem/InputSystem/Plugins/XInput/XboxGamepadMacOS.cs - Importer: ScriptedImporter/UnityEditor.QuickSearchModule:UnityEditor.Search:ASIAI0B
Importing 'GUID: ef73fbf6f536c4184845d789870911a3 - Path: Packages/com.unity.inputsystem/InputSystem/Plugins/XInput/XboxGamepadMacOS.cs - Importer: ScriptedImporter/UnityEditor.QuickSearchModule:UnityEditor.Search:ASIAI0B' with importer (ScriptedImporter : UnityEditor.QuickSearchModule:UnityEditor.Search:ASIAI0B)
Imported 'GUID: ef73fbf6f536c4184845d789870911a3' -> (Import Result ID: 'e8f58b46bf70c7a597f57be9beba7868') in 0.001 seconds [static and dynamic dependencies]. Details - ImportResultOutputID=6c572ba1043f98e4be1c3f01cb38dd99 DependenciesID=321a3223103d8d39061b9f7ed7d15e5b StaticDependenciesID=d117e4de4b8f6c567fce13c0a340c79b 
Number of updated asset objects reloaded before import = 0
Number of asset objects unloaded after import = 0
========================================================================
Received Import Request.
  Time of request: 2026-08-27T08:30:32.004002Z
  Time since last request: 0.000180625 seconds.
  importAddress: GUID: aa4c2360f910d46f497f75b4b6677358 - Path: Packages/com.unity.inputsystem/InputSystem/Editor/AssetEditor/PackageResources/personal/propertiesBackground.png - Importer: ScriptedImporter/UnityEditor.QuickSearchModule:UnityEditor.Search:ASIAI0B
Importing 'GUID: aa4c2360f910d46f497f75b4b6677358 - Path: Packages/com.unity.inputsystem/InputSystem/Editor/AssetEditor/PackageResources/personal/propertiesBackground.png - Importer: ScriptedImporter/UnityEditor.QuickSearchModule:UnityEditor.Search:ASIAI0B' with importer (ScriptedImporter : UnityEditor.QuickSearchModule:UnityEditor.Search:ASIAI0B)
Imported 'GUID: aa4c2360f910d46f497f75b4b6677358' -> (Import Result ID: '911df5ddceb05993376d2c29f2ed8653') in 0.003 seconds [static and dynamic dependencies]. Details - ImportResultOutputID=95494f1f7dae5221cc28687e1cac52b0 DependenciesID=decd7ed08247948b532ddd749e3ccbc7 StaticDependenciesID=18aaab428cc857501e88d1f3b6cb2d45 
Number of updated asset objects reloaded before import = 0
Number of asset objects unloaded after import = 1
========================================================================
Received Import Request.
  Time of request: 2026-08-27T08:30:32.007281Z
  Time since last request: 0.000167 seconds.
  importAddress: GUID: cc69a9a42102dea4dafad4147e3ed98e - Path: Packages/com.unity.inputsystem/InputSystem/Plugins/PlayerInput/DefaultInputActions.cs - Importer: ScriptedImporter/UnityEditor.QuickSearchModule:UnityEditor.Search:ASIAI0B
Importing 'GUID: cc69a9a42102dea4dafad4147e3ed98e - Path: Packages/com.unity.inputsystem/InputSystem/Plugins/PlayerInput/DefaultInputActions.cs - Importer: ScriptedImporter/UnityEditor.QuickSearchModule:UnityEditor.Search:ASIAI0B' with importer (ScriptedImporter : UnityEditor.QuickSearchModule:UnityEditor.Search:ASIAI0B)
Imported 'GUID: cc69a9a42102dea4dafad4147e3ed98e' -> (Import Result ID: '733b28f98f6e8caa2cbc3a0cfe6b6e76') in 0.001 seconds [static and dynamic dependencies]. Details - ImportResultOutputID=271a32e095f06f2a8c17e159ea9ece08 DependenciesID=2fd81e5c189939ed1fe5d3bf6318982d StaticDependenciesID=0442d8dcc6e7e3110eeea49d7b5b54eb 
Number of updated asset objects reloaded before import = 0
Number of asset objects unloaded after import = 0
========================================================================
Received Import Request.
  Time of request: 2026-08-27T08:30:32.008273Z
  Time since last request: 0.000181375 seconds.
  importAddress: GUID: 62c846073cb844a2b926e4bbd3189647 - Path: Packages/com.unity.inputsystem/InputSystem/Editor/Icons/d_Axis@3x.png - Importer: ScriptedImporter/UnityEditor.QuickSearchModule:UnityEditor.Search:ASIAI0B
Importing 'GUID: 62c846073cb844a2b926e4bbd3189647 - Path: Packages/com.unity.inputsystem/InputSystem/Editor/Icons/d_Axis@3x.png - Importer: ScriptedImporter/UnityEditor.QuickSearchModule:UnityEditor.Search:ASIAI0B' with importer (ScriptedImporter : UnityEditor.QuickSearchModule:UnityEditor.Search:ASIAI0B)
Imported 'GUID: 62c846073cb844a2b926e4bbd3189647' -> (Import Result ID: '7325e931bdd39ed434e248015e31d5d5') in 0.002 seconds [static and dynamic dependencies]. Details - ImportResultOutputID=30f5bdb3f276cd0f5a90ce1b2a652eea DependenciesID=dde9528cb3c6e690eb341a8be7cccb86 StaticDependenciesID=8e928a458975a30795d4cfc978f03251 
Number of updated asset objects reloaded before import = 0
Number of asset objects unloaded after import = 1
========================================================================
Received Import Request.
  Time of request: 2026-08-27T08:30:32.010829Z
  Time since last request: 0.000253834 seconds.
  importAddress: GUID: d7073cfe15a1a48bfb7ff59225052484 - Path: Packages/com.unity.inputsystem/InputSystem/Editor/Icons/Dpad@4x.png - Importer: ScriptedImporter/UnityEditor.QuickSearchModule:UnityEditor.Search:ASIAI0B
Importing 'GUID: d7073cfe15a1a48bfb7ff59225052484 - Path: Packages/com.unity.inputsystem/InputSystem/Editor/Icons/Dpad@4x.png - Importer: ScriptedImporter/UnityEditor.QuickSearchModule:UnityEditor.Search:ASIAI0B' with importer (ScriptedImporter : UnityEditor.QuickSearchModule:UnityEditor.Search:ASIAI0B)
Imported 'GUID: d7073cfe15a1a48bfb7ff59225052484' -> (Import Result ID: 'cb29d09cff7bfb5bc8cdbf158ebee90e') in 0.002 seconds [static and dynamic dependencies]. Details - ImportResultOutputID=f9f78d0c4d783a93170e463867ebaa04 DependenciesID=07ba90458cce87d36a4f7011ec2e699c StaticDependenciesID=35ac8788a0be568ae187550d32663791 
Number of updated asset objects reloaded before import = 0
Number of asset objects unloaded after import = 1
========================================================================
Received Import Request.
  Time of request: 2026-08-27T08:30:32.013202Z
  Time since last request: 0.00021125 seconds.
  importAddress: GUID: 7fc0926499f7a4500b152d45397c44a4 - Path: Packages/com.unity.inputsystem/InputSystem/Editor/Icons/Keyboard@4x.png - Importer: ScriptedImporter/UnityEditor.QuickSearchModule:UnityEditor.Search:ASIAI0B
Importing 'GUID: 7fc0926499f7a4500b152d45397c44a4 - Path: Packages/com.unity.inputsystem/InputSystem/Editor/Icons/Keyboard@4x.png - Importer: ScriptedImporter/UnityEditor.QuickSearchModule:UnityEditor.Search:ASIAI0B' with importer (ScriptedImporter : UnityEditor.QuickSearchModule:UnityEditor.Search:ASIAI0B)
Imported 'GUID: 7fc0926499f7a4500b152d45397c44a4' -> (Import Result ID: '25a38c9aabb05037459b08b4ee5c37e6') in 0.003 seconds [static and dynamic dependencies]. Details - ImportResultOutputID=20ced16c8342e40b0fa5b62fa7a7c4dd DependenciesID=724a4d02e3a889015c55ad5d8e38be94 StaticDependenciesID=465102f15979cc3d8722a4ce6929256b 
Number of updated asset objects reloaded before import = 0
Number of asset objects unloaded after import = 1
========================================================================
Received Import Request.
  Time of request: 2026-08-27T08:30:32.017908Z
  Time since last request: 0.002131416 seconds.
  importAddress: GUID: eb28fd64eacfa495c97193108f1cdf03 - Path: Packages/com.unity.inputsystem/InputSystem/Editor/Icons/d_Interactive Binding.png - Importer: ScriptedImporter/UnityEditor.QuickSearchModule:UnityEditor.Search:ASIAI0B
Importing 'GUID: eb28fd64eacfa495c97193108f1cdf03 - Path: Packages/com.unity.inputsystem/InputSystem/Editor/Icons/d_Interactive Binding.png - Importer: ScriptedImporter/UnityEditor.QuickSearchModule:UnityEditor.Search:ASIAI0B' with importer (ScriptedImporter : UnityEditor.QuickSearchModule:UnityEditor.Search:ASIAI0B)
Imported 'GUID: eb28fd64eacfa495c97193108f1cdf03' -> (Import Result ID: '4cd8ea70165d827bf6e58c83b29d08c7') in 0.002 seconds [static and dynamic dependencies]. Details - ImportResultOutputID=68fb9f6cf71576a2fd59d789079b1b1c DependenciesID=9a4b9d2f30a21ffac81da5fd83903a6e StaticDependenciesID=70d44eb1fadb5f99fc874db35b955178 
Number of updated asset objects reloaded before import = 0
Number of asset objects unloaded after import = 1
========================================================================
Received Import Request.
  Time of request: 2026-08-27T08:30:32.020251Z
  Time since last request: 0.000135917 seconds.
  importAddress: GUID: ede17f8b7e9dfcf42b560545a8102eeb - Path: Packages/com.unity.inputsystem/InputSystem/Plugins/Android/AndroidKeyCode.cs - Importer: ScriptedImporter/UnityEditor.QuickSearchModule:UnityEditor.Search:ASIAI0B
Importing 'GUID: ede17f8b7e9dfcf42b560545a8102eeb - Path: Packages/com.unity.inputsystem/InputSystem/Plugins/Android/AndroidKeyCode.cs - Importer: ScriptedImporter/UnityEditor.QuickSearchModule:UnityEditor.Search:ASIAI0B' with importer (ScriptedImporter : UnityEditor.QuickSearchModule:UnityEditor.Search:ASIAI0B)
Imported 'GUID: ede17f8b7e9dfcf42b560545a8102eeb' -> (Import Result ID: '4a395aa1f69eeb170356a71ca1ce9519') in 0.001 seconds [static and dynamic dependencies]. Details - ImportResultOutputID=4f1e6816fe84f9bea181246379766678 DependenciesID=6b7d911f25caa00c1f3a45dccb3b3745 StaticDependenciesID=287ad32240ecd7dd6328672fab1d8079 
Number of updated asset objects reloaded before import = 0
Number of asset objects unloaded after import = 0
========================================================================
Received Import Request.
  Time of request: 2026-08-27T08:30:32.021184Z
  Time since last request: 0.000173833 seconds.
  importAddress: GUID: 6982a6ffcdbf47a6aa68fd4418622395 - Path: Packages/com.unity.inputsystem/InputSystem/Devices/Haptics/IDualMotorRumble.cs - Importer: ScriptedImporter/UnityEditor.QuickSearchModule:UnityEditor.Search:ASIAI0B
Importing 'GUID: 6982a6ffcdbf47a6aa68fd4418622395 - Path: Packages/com.unity.inputsystem/InputSystem/Devices/Haptics/IDualMotorRumble.cs - Importer: ScriptedImporter/UnityEditor.QuickSearchModule:UnityEditor.Search:ASIAI0B' with importer (ScriptedImporter : UnityEditor.QuickSearchModule:UnityEditor.Search:ASIAI0B)
Imported 'GUID: 6982a6ffcdbf47a6aa68fd4418622395' -> (Import Result ID: '61d454b5cd63438e07ef2084f4c43817') in 0.001 seconds [static and dynamic dependencies]. Details - ImportResultOutputID=757d16115b39b4e3b7ac7bb568e31d23 DependenciesID=bc416a9e870b597c1965badae39f5276 StaticDependenciesID=3a3558cd07ba4a1113b05b73eedf5b3e 
Number of updated asset objects reloaded before import = 0
Number of asset objects unloaded after import = 0
========================================================================
Received Import Request.
  Time of request: 2026-08-27T08:30:32.022245Z
  Time since last request: 0.000282542 seconds.
  importAddress: GUID: 94995588a5664878be30498a8ace6ba2 - Path: Packages/com.unity.inputsystem/InputSystem/Controls/Processors/NormalizeProcessor.cs - Importer: ScriptedImporter/UnityEditor.QuickSearchModule:UnityEditor.Search:ASIAI0B
Importing 'GUID: 94995588a5664878be30498a8ace6ba2 - Path: Packages/com.unity.inputsystem/InputSystem/Controls/Processors/NormalizeProcessor.cs - Importer: ScriptedImporter/UnityEditor.QuickSearchModule:UnityEditor.Search:ASIAI0B' with importer (ScriptedImporter : UnityEditor.QuickSearchModule:UnityEditor.Search:ASIAI0B)
Imported 'GUID: 94995588a5664878be30498a8ace6ba2' -> (Import Result ID: '7a835f72976cf5f211e2a2e33a5a60f1') in 0.001 seconds [static and dynamic dependencies]. Details - ImportResultOutputID=6632bb909c738168f34c8080a88068be DependenciesID=a820b10bf48bf0a07287db1546cf6a3a StaticDependenciesID=5196aa8a83c0a88d71f9b87de6c7ed40 
Number of updated asset objects reloaded before import = 0
Number of asset objects unloaded after import = 0
========================================================================
Received Import Request.
  Time of request: 2026-08-27T08:30:32.023273Z
  Time since last request: 0.000235292 seconds.
  importAddress: GUID: 1cccd07fcea7f491793d4e7a5adc17a2 - Path: Packages/com.unity.inputsystem/InputSystem/Plugins/PlayerInput - Importer: ScriptedImporter/UnityEditor.QuickSearchModule:UnityEditor.Search:ASIAI0B
Importing 'GUID: 1cccd07fcea7f491793d4e7a5adc17a2 - Path: Packages/com.unity.inputsystem/InputSystem/Plugins/PlayerInput - Importer: ScriptedImporter/UnityEditor.QuickSearchModule:UnityEditor.Search:ASIAI0B' with importer (ScriptedImporter : UnityEditor.QuickSearchModule:UnityEditor.Search:ASIAI0B)
Imported 'GUID: 1cccd07fcea7f491793d4e7a5adc17a2' -> (Import Result ID: 'ef1fe0f355221349b72aa9706cf374ae') in 0.001 seconds [static and dynamic dependencies]. Details - ImportResultOutputID=bab9c00e745b2623213a83cde05050fa DependenciesID=00750cafbe3c0e8344c30a6cb5ab8494 StaticDependenciesID=704fd5d234d31203bf43a9a26125eee1 
Number of updated asset objects reloaded before import = 0
Number of asset objects unloaded after import = 1
========================================================================
Received Import Request.
  Time of request: 2026-08-27T08:30:32.024201Z
  Time since last request: 0.000235041 seconds.
  importAddress: GUID: 7717bf968da90024b9c047ba1a3394ec - Path: Packages/com.unity.inputsystem/InputSystem/Editor/ControlPicker/Layouts/DefaultInputControlPickerLayout.cs - Importer: ScriptedImporter/UnityEditor.QuickSearchModule:UnityEditor.Search:ASIAI0B
Importing 'GUID: 7717bf968da90024b9c047ba1a3394ec - Path: Packages/com.unity.inputsystem/InputSystem/Editor/ControlPicker/Layouts/DefaultInputControlPickerLayout.cs - Importer: ScriptedImporter/UnityEditor.QuickSearchModule:UnityEditor.Search:ASIAI0B' with importer (ScriptedImporter : UnityEditor.QuickSearchModule:UnityEditor.Search:ASIAI0B)
Imported 'GUID: 7717bf968da90024b9c047ba1a3394ec' -> (Import Result ID: 'a6c3b6435b726657f7f14279299adb5d') in 0.001 seconds [static and dynamic dependencies]. Details - ImportResultOutputID=0c52fab391b349c08fcacdb6de860a68 DependenciesID=e166192a702c047918cb76f3ad6af18b StaticDependenciesID=c657cc7d89b07087fa087f5b3d990066 
Number of updated asset objects reloaded before import = 0
Number of asset objects unloaded after import = 0
========================================================================
Received Import Request.
  Time of request: 2026-08-27T08:30:32.025084Z
  Time since last request: 0.000165042 seconds.
  importAddress: GUID: d0006d51a864248adba0238883f8c71e - Path: Packages/com.unity.inputsystem/InputSystem/Editor/Icons/Axis@2x.png - Importer: ScriptedImporter/UnityEditor.QuickSearchModule:UnityEditor.Search:ASIAI0B
Importing 'GUID: d0006d51a864248adba0238883f8c71e - Path: Packages/com.unity.inputsystem/InputSystem/Editor/Icons/Axis@2x.png - Importer: ScriptedImporter/UnityEditor.QuickSearchModule:UnityEditor.Search:ASIAI0B' with importer (ScriptedImporter : UnityEditor.QuickSearchModule:UnityEditor.Search:ASIAI0B)
Imported 'GUID: d0006d51a864248adba0238883f8c71e' -> (Import Result ID: 'f5037aac2d584c57332db14865fa2632') in 0.002 seconds [static and dynamic dependencies]. Details - ImportResultOutputID=a413936c66a12f58499d1c401ca0e23a DependenciesID=3007da08378157af4fb40fc14cfa7964 StaticDependenciesID=aa7d4e9296256ed84a7bbcb006b0cb0d 
Number of updated asset objects reloaded before import = 0
Number of asset objects unloaded after import = 1
========================================================================
Received Import Request.
  Time of request: 2026-08-27T08:30:32.027546Z
  Time since last request: 0.000152291 seconds.
  importAddress: GUID: 5cd4530e3c9047dea0f1cc17dccbf6ec - Path: Packages/com.unity.inputsystem/Tests/TestFixture/ScopedDisposable.cs - Importer: ScriptedImporter/UnityEditor.QuickSearchModule:UnityEditor.Search:ASIAI0B
Importing 'GUID: 5cd4530e3c9047dea0f1cc17dccbf6ec - Path: Packages/com.unity.inputsystem/Tests/TestFixture/ScopedDisposable.cs - Importer: ScriptedImporter/UnityEditor.QuickSearchModule:UnityEditor.Search:ASIAI0B' with importer (ScriptedImporter : UnityEditor.QuickSearchModule:UnityEditor.Search:ASIAI0B)
Imported 'GUID: 5cd4530e3c9047dea0f1cc17dccbf6ec' -> (Import Result ID: '15da9aa09efbcf4019a82dd86c8e2107') in 0.001 seconds [static and dynamic dependencies]. Details - ImportResultOutputID=c45039a314622b377e6a969efb6cebf1 DependenciesID=f55847226d9bd7c33f7a0114bcbc4bfe StaticDependenciesID=553471951c27c3ea737245e048a0cf13 
Number of updated asset objects reloaded before import = 0
Number of asset objects unloaded after import = 0
========================================================================
Received Import Request.
  Time of request: 2026-08-27T08:30:32.028426Z
  Time since last request: 0.000134375 seconds.
  importAddress: GUID: 41b01d3964f844d8b43923c18b3a9a6f - Path: Packages/com.unity.inputsystem/DocCodeSamples.Tests/DocCodeSamples.asmdef - Importer: ScriptedImporter/UnityEditor.QuickSearchModule:UnityEditor.Search:ASIAI0B
Importing 'GUID: 41b01d3964f844d8b43923c18b3a9a6f - Path: Packages/com.unity.inputsystem/DocCodeSamples.Tests/DocCodeSamples.asmdef - Importer: ScriptedImporter/UnityEditor.QuickSearchModule:UnityEditor.Search:ASIAI0B' with importer (ScriptedImporter : UnityEditor.QuickSearchModule:UnityEditor.Search:ASIAI0B)
Imported 'GUID: 41b01d3964f844d8b43923c18b3a9a6f' -> (Import Result ID: '26d396f29350aa0a852c8de4934cf861') in 0.001 seconds [static and dynamic dependencies]. Details - ImportResultOutputID=bba9469d125cb2677a4dc9efe2c3bb16 DependenciesID=929a911217f8e5f5a2ba8e87a8917d86 StaticDependenciesID=92b786447ec1cfa802a6e16f9f391561 
Number of updated asset objects reloaded before import = 0
Number of asset objects unloaded after import = 1
========================================================================
Received Import Request.
  Time of request: 2026-08-27T08:30:32.029931Z
  Time since last request: 0.000181542 seconds.
  importAddress: GUID: 44353112a58c73347adde914844b7642 - Path: Packages/com.unity.inputsystem/InputSystem/Plugins/XR/Devices/GoogleVR.cs - Importer: ScriptedImporter/UnityEditor.QuickSearchModule:UnityEditor.Search:ASIAI0B
Importing 'GUID: 44353112a58c73347adde914844b7642 - Path: Packages/com.unity.inputsystem/InputSystem/Plugins/XR/Devices/GoogleVR.cs - Importer: ScriptedImporter/UnityEditor.QuickSearchModule:UnityEditor.Search:ASIAI0B' with importer (ScriptedImporter : UnityEditor.QuickSearchModule:UnityEditor.Search:ASIAI0B)
Imported 'GUID: 44353112a58c73347adde914844b7642' -> (Import Result ID: 'b01cb8ea80d4c26ade959e19700c71c7') in 0.001 seconds [static and dynamic dependencies]. Details - ImportResultOutputID=fb7f6e084588148987c527082da7a700 DependenciesID=94b056a9975e9ff1bd025ab3d75036e3 StaticDependenciesID=0c3341e2bac3288f7a93b0fc8a6fa88f 
Number of updated asset objects reloaded before import = 0
Number of asset objects unloaded after import = 0
========================================================================
Received Import Request.
  Time of request: 2026-08-27T08:30:32.030934Z
  Time since last request: 0.000223292 seconds.
  importAddress: GUID: 8a2cdc9fdde66bb49afa0763a7557ff9 - Path: Packages/com.unity.inputsystem/InputSystem/Plugins/XR/Devices/OpenVR.cs - Importer: ScriptedImporter/UnityEditor.QuickSearchModule:UnityEditor.Search:ASIAI0B
Importing 'GUID: 8a2cdc9fdde66bb49afa0763a7557ff9 - Path: Packages/com.unity.inputsystem/InputSystem/Plugins/XR/Devices/OpenVR.cs - Importer: ScriptedImporter/UnityEditor.QuickSearchModule:UnityEditor.Search:ASIAI0B' with importer (ScriptedImporter : UnityEditor.QuickSearchModule:UnityEditor.Search:ASIAI0B)
Imported 'GUID: 8a2cdc9fdde66bb49afa0763a7557ff9' -> (Import Result ID: '6394d8e877df2fbf42f1d3b11c0fdc2f') in 0.001 seconds [static and dynamic dependencies]. Details - ImportResultOutputID=0b9557bbc5a0597ab4f3d5b59aa083b6 DependenciesID=d985962544b1073df239df34b5de7ae4 StaticDependenciesID=9bcb9f5026aa2ffd9e0539cbacc1b7c3 
Number of updated asset objects reloaded before import = 0
Number of asset objects unloaded after import = 0
========================================================================
Received Import Request.
  Time of request: 2026-08-27T08:30:32.032289Z
  Time since last request: 0.000154667 seconds.
  importAddress: GUID: 08c99f7c2a7fa410d8567323e32ad5f5 - Path: Packages/com.unity.inputsystem/InputSystem/Editor/Icons/InputControl@4x.png - Importer: ScriptedImporter/UnityEditor.QuickSearchModule:UnityEditor.Search:ASIAI0B
Importing 'GUID: 08c99f7c2a7fa410d8567323e32ad5f5 - Path: Packages/com.unity.inputsystem/InputSystem/Editor/Icons/InputControl@4x.png - Importer: ScriptedImporter/UnityEditor.QuickSearchModule:UnityEditor.Search:ASIAI0B' with importer (ScriptedImporter : UnityEditor.QuickSearchModule:UnityEditor.Search:ASIAI0B)
Imported 'GUID: 08c99f7c2a7fa410d8567323e32ad5f5' -> (Import Result ID: '7f1eb088d335529c7d229d9ea99d2569') in 0.002 seconds [static and dynamic dependencies]. Details - ImportResultOutputID=f1afbd0e5f205c40d84c0d0778cdba13 DependenciesID=7cbb46ac13eee9775fcd1ab63ed105cc StaticDependenciesID=c9b4300d95212911b9563ffc1107dcb4 
Number of updated asset objects reloaded before import = 0
Number of asset objects unloaded after import = 1
========================================================================
Received Import Request.
  Time of request: 2026-08-27T08:30:32.034627Z
  Time since last request: 0.000271416 seconds.
  importAddress: GUID: be272fdf97df4e8daf1393dabdfa4cb8 - Path: Packages/com.unity.inputsystem/InputSystem/Actions/Composites/TwoModifiersComposite.cs - Importer: ScriptedImporter/UnityEditor.QuickSearchModule:UnityEditor.Search:ASIAI0B
Importing 'GUID: be272fdf97df4e8daf1393dabdfa4cb8 - Path: Packages/com.unity.inputsystem/InputSystem/Actions/Composites/TwoModifiersComposite.cs - Importer: ScriptedImporter/UnityEditor.QuickSearchModule:UnityEditor.Search:ASIAI0B' with importer (ScriptedImporter : UnityEditor.QuickSearchModule:UnityEditor.Search:ASIAI0B)
Imported 'GUID: be272fdf97df4e8daf1393dabdfa4cb8' -> (Import Result ID: '175644dd13ac216d76aaa1601c24a8f6') in 0.001 seconds [static and dynamic dependencies]. Details - ImportResultOutputID=c144c8c8fc0d75cd3f9fcc53f9b4c972 DependenciesID=ca522473211378fb5126727c2c7b0b37 StaticDependenciesID=186011a7b095a40ff1bd43ff35561939 
Number of updated asset objects reloaded before import = 0
Number of asset objects unloaded after import = 0
========================================================================
Received Import Request.
  Time of request: 2026-08-27T08:30:32.035774Z
  Time since last request: 0.000316791 seconds.
  importAddress: GUID: f2e097e509554eb3ac5f90f972220e3d - Path: Packages/com.unity.inputsystem/InputSystem/Editor/InputLayoutCodeGenerator.cs - Importer: ScriptedImporter/UnityEditor.QuickSearchModule:UnityEditor.Search:ASIAI0B
Importing 'GUID: f2e097e509554eb3ac5f90f972220e3d - Path: Packages/com.unity.inputsystem/InputSystem/Editor/InputLayoutCodeGenerator.cs - Importer: ScriptedImporter/UnityEditor.QuickSearchModule:UnityEditor.Search:ASIAI0B' with importer (ScriptedImporter : UnityEditor.QuickSearchModule:UnityEditor.Search:ASIAI0B)
Imported 'GUID: f2e097e509554eb3ac5f90f972220e3d' -> (Import Result ID: '094387a19b112bae0ca94a97f2b7eec7') in 0.001 seconds [static and dynamic dependencies]. Details - ImportResultOutputID=37cb51f2086e3f53029dd43d9eea05bb DependenciesID=80e0a141e993c4bef5fdbe079bd23cf3 StaticDependenciesID=7f00da9b699de1c2681ad299b34a02ad 
Number of updated asset objects reloaded before import = 0
Number of asset objects unloaded after import = 0
========================================================================
Received Import Request.
  Time of request: 2026-08-27T08:30:32.036742Z
  Time since last request: 0.000167084 seconds.
  importAddress: GUID: 8a190d472354bb845973412ac9c5c477 - Path: Packages/com.unity.inputsystem/InputSystem/Editor/ProjectWideActions/ProjectWideActionsTemplate.json - Importer: ScriptedImporter/UnityEditor.QuickSearchModule:UnityEditor.Search:ASIAI0B
Importing 'GUID: 8a190d472354bb845973412ac9c5c477 - Path: Packages/com.unity.inputsystem/InputSystem/Editor/ProjectWideActions/ProjectWideActionsTemplate.json - Importer: ScriptedImporter/UnityEditor.QuickSearchModule:UnityEditor.Search:ASIAI0B' with importer (ScriptedImporter : UnityEditor.QuickSearchModule:UnityEditor.Search:ASIAI0B)
Imported 'GUID: 8a190d472354bb845973412ac9c5c477' -> (Import Result ID: '927601956d6fddf910265c3b7ded7399') in 0.001 seconds [static and dynamic dependencies]. Details - ImportResultOutputID=049aece677ad370113f835626aa49440 DependenciesID=8549d5d378f982015014b989f3d1aefd StaticDependenciesID=2efe053ffce12bd68c48fc85f9ed6b14 
Number of updated asset objects reloaded before import = 0
Number of asset objects unloaded after import = 1
========================================================================
Received Import Request.
  Time of request: 2026-08-27T08:30:32.038046Z
  Time since last request: 0.000289167 seconds.
  importAddress: GUID: 7bef150b341c4d0dbab3db81ccf2ea81 - Path: Packages/com.unity.inputsystem/InputSystem/Plugins/Steam/SteamSupport.cs - Importer: ScriptedImporter/UnityEditor.QuickSearchModule:UnityEditor.Search:ASIAI0B
Importing 'GUID: 7bef150b341c4d0dbab3db81ccf2ea81 - Path: Packages/com.unity.inputsystem/InputSystem/Plugins/Steam/SteamSupport.cs - Importer: ScriptedImporter/UnityEditor.QuickSearchModule:UnityEditor.Search:ASIAI0B' with importer (ScriptedImporter : UnityEditor.QuickSearchModule:UnityEditor.Search:ASIAI0B)
Imported 'GUID: 7bef150b341c4d0dbab3db81ccf2ea81' -> (Import Result ID: 'e9b6616c8440339a29c578107f475f93') in 0.001 seconds [static and dynamic dependencies]. Details - ImportResultOutputID=363b014eef114b8a49fb46acee04f914 DependenciesID=df1525657ed56147f821c10751b6b166 StaticDependenciesID=df2119bd6871b81ddc4071132e9a4f6c 
Number of updated asset objects reloaded before import = 0
Number of asset objects unloaded after import = 0
========================================================================
Received Import Request.
  Time of request: 2026-08-27T08:30:32.039094Z
  Time since last request: 0.00028125 seconds.
  importAddress: GUID: d9fe79419851eee4e8c90f7d0f934859 - Path: Packages/com.unity.inputsystem/ValidationExceptions.json - Importer: ScriptedImporter/UnityEditor.QuickSearchModule:UnityEditor.Search:ASIAI0B
Importing 'GUID: d9fe79419851eee4e8c90f7d0f934859 - Path: Packages/com.unity.inputsystem/ValidationExceptions.json - Importer: ScriptedImporter/UnityEditor.QuickSearchModule:UnityEditor.Search:ASIAI0B' with importer (ScriptedImporter : UnityEditor.QuickSearchModule:UnityEditor.Search:ASIAI0B)
Imported 'GUID: d9fe79419851eee4e8c90f7d0f934859' -> (Import Result ID: 'f8d99be701fc869788148f97d45fe251') in 0.001 seconds [static and dynamic dependencies]. Details - ImportResultOutputID=c7a2b93bc0935c1bfc5d4cdf9a2fec84 DependenciesID=97a66e2741338832c05a8953a8010824 StaticDependenciesID=652f8c4d8bc779061662c1d590d13779 
Number of updated asset objects reloaded before import = 0
Number of asset objects unloaded after import = 1
========================================================================
Received Import Request.
  Time of request: 2026-08-27T08:30:32.040196Z
  Time since last request: 0.000247708 seconds.
  importAddress: GUID: 399cd90f4e31041e692a7d3a8b1aa4d0 - Path: Packages/com.unity.inputsystem/InputSystem/Editor/Icons/d_InputControl.png - Importer: ScriptedImporter/UnityEditor.QuickSearchModule:UnityEditor.Search:ASIAI0B
Importing 'GUID: 399cd90f4e31041e692a7d3a8b1aa4d0 - Path: Packages/com.unity.inputsystem/InputSystem/Editor/Icons/d_InputControl.png - Importer: ScriptedImporter/UnityEditor.QuickSearchModule:UnityEditor.Search:ASIAI0B' with importer (ScriptedImporter : UnityEditor.QuickSearchModule:UnityEditor.Search:ASIAI0B)
Imported 'GUID: 399cd90f4e31041e692a7d3a8b1aa4d0' -> (Import Result ID: '74072edb37e60a9676f920a2f721d557') in 0.002 seconds [static and dynamic dependencies]. Details - ImportResultOutputID=cd2f7507d955d45f06b01b01bb750de2 DependenciesID=ba20abca6d58e309927e062e62ecfc42 StaticDependenciesID=da35a836a5d7185efb49cc713f6f65ee 
Number of updated asset objects reloaded before import = 0
Number of asset objects unloaded after import = 1
========================================================================
Received Import Request.
  Time of request: 2026-08-27T08:30:32.043011Z
  Time since last request: 0.000366958 seconds.
  importAddress: GUID: 2bd61b5c763f7444e9a5aa3c7623f60b - Path: Packages/com.unity.inputsystem/InputSystem/Editor/UITKAssetEditor/Views/CompositeBindingPropertiesView.cs - Importer: ScriptedImporter/UnityEditor.QuickSearchModule:UnityEditor.Search:ASIAI0B
Importing 'GUID: 2bd61b5c763f7444e9a5aa3c7623f60b - Path: Packages/com.unity.inputsystem/InputSystem/Editor/UITKAssetEditor/Views/CompositeBindingPropertiesView.cs - Importer: ScriptedImporter/UnityEditor.QuickSearchModule:UnityEditor.Search:ASIAI0B' with importer (ScriptedImporter : UnityEditor.QuickSearchModule:UnityEditor.Search:ASIAI0B)
Imported 'GUID: 2bd61b5c763f7444e9a5aa3c7623f60b' -> (Import Result ID: '4d5d6d728bc740dec91714b8dd72c5ca') in 0.001 seconds [static and dynamic dependencies]. Details - ImportResultOutputID=59ef4af6b5b576969be43415d4d9148c DependenciesID=1ba86407f5fd246283dfd59089d43ee8 StaticDependenciesID=7cc8361f925fee699e06059ee3221b38 
Number of updated asset objects reloaded before import = 0
Number of asset objects unloaded after import = 0
========================================================================
Received Import Request.
  Time of request: 2026-08-27T08:30:32.044251Z
  Time since last request: 0.000205791 seconds.
  importAddress: GUID: e349610bc4b1546dd94c6dab37414d2b - Path: Packages/com.unity.inputsystem/Tests/TestFixture - Importer: ScriptedImporter/UnityEditor.QuickSearchModule:UnityEditor.Search:ASIAI0B
Importing 'GUID: e349610bc4b1546dd94c6dab37414d2b - Path: Packages/com.unity.inputsystem/Tests/TestFixture - Importer: ScriptedImporter/UnityEditor.QuickSearchModule:UnityEditor.Search:ASIAI0B' with importer (ScriptedImporter : UnityEditor.QuickSearchModule:UnityEditor.Search:ASIAI0B)
Imported 'GUID: e349610bc4b1546dd94c6dab37414d2b' -> (Import Result ID: '5cfa567a37bf943ad001276674bc50e3') in 0.001 seconds [static and dynamic dependencies]. Details - ImportResultOutputID=77ac98a9be6f873e51f96e415751a8a8 DependenciesID=c2f8edef345ebf660a2bcba9ab3ae5f6 StaticDependenciesID=73735ddcb72f13a3e85cf83dd8b570f4 
Number of updated asset objects reloaded before import = 0
Number of asset objects unloaded after import = 1
========================================================================
Received Import Request.
  Time of request: 2026-08-27T08:30:32.045096Z
  Time since last request: 0.000186875 seconds.
  importAddress: GUID: 339c9c6bc0554ad79681e127d417ef3d - Path: Packages/com.unity.inputsystem/InputSystem/Controls/DeltaControl.cs - Importer: ScriptedImporter/UnityEditor.QuickSearchModule:UnityEditor.Search:ASIAI0B
Importing 'GUID: 339c9c6bc0554ad79681e127d417ef3d - Path: Packages/com.unity.inputsystem/InputSystem/Controls/DeltaControl.cs - Importer: ScriptedImporter/UnityEditor.QuickSearchModule:UnityEditor.Search:ASIAI0B' with importer (ScriptedImporter : UnityEditor.QuickSearchModule:UnityEditor.Search:ASIAI0B)
Imported 'GUID: 339c9c6bc0554ad79681e127d417ef3d' -> (Import Result ID: 'e93dd9c059aa5aa9e0b8d78ea4cbd2ee') in 0.001 seconds [static and dynamic dependencies]. Details - ImportResultOutputID=5676a270a0faacfc03173301c742a43f DependenciesID=7ecab7e2b7199086eabe8f932f8d87ec StaticDependenciesID=9e0f1a127ad7ed901619c2e35ce69559 
Number of updated asset objects reloaded before import = 0
Number of asset objects unloaded after import = 0
========================================================================
Received Import Request.
  Time of request: 2026-08-27T08:30:32.046015Z
  Time since last request: 0.00015875 seconds.
  importAddress: GUID: cae83450c8b18499c8c0239edf8bcc31 - Path: Packages/com.unity.inputsystem/InputSystem/Editor/Icons/d_Orientation@2x.png - Importer: ScriptedImporter/UnityEditor.QuickSearchModule:UnityEditor.Search:ASIAI0B
Importing 'GUID: cae83450c8b18499c8c0239edf8bcc31 - Path: Packages/com.unity.inputsystem/InputSystem/Editor/Icons/d_Orientation@2x.png - Importer: ScriptedImporter/UnityEditor.QuickSearchModule:UnityEditor.Search:ASIAI0B' with importer (ScriptedImporter : UnityEditor.QuickSearchModule:UnityEditor.Search:ASIAI0B)
Imported 'GUID: cae83450c8b18499c8c0239edf8bcc31' -> (Import Result ID: 'd56915cb611339e1938518143fa9fd56') in 0.003 seconds [static and dynamic dependencies]. Details - ImportResultOutputID=0e49a802150f32407c40d3081701d1cf DependenciesID=f84165b01683b35ea772a7d670ddb8f9 StaticDependenciesID=175cc7d583f58d9f4b467b6d97fb0963 
Number of updated asset objects reloaded before import = 0
Number of asset objects unloaded after import = 1
========================================================================
Received Import Request.
  Time of request: 2026-08-27T08:30:32.048969Z
  Time since last request: 0.000235 seconds.
  importAddress: GUID: 958a10dec4f3a4764bb345b0aa03510b - Path: Packages/com.unity.inputsystem/InputSystem/Editor/Icons/Add Binding.png - Importer: ScriptedImporter/UnityEditor.QuickSearchModule:UnityEditor.Search:ASIAI0B
Importing 'GUID: 958a10dec4f3a4764bb345b0aa03510b - Path: Packages/com.unity.inputsystem/InputSystem/Editor/Icons/Add Binding.png - Importer: ScriptedImporter/UnityEditor.QuickSearchModule:UnityEditor.Search:ASIAI0B' with importer (ScriptedImporter : UnityEditor.QuickSearchModule:UnityEditor.Search:ASIAI0B)
Imported 'GUID: 958a10dec4f3a4764bb345b0aa03510b' -> (Import Result ID: 'd1debc6db7c8d6cc05a382589ff91587') in 0.002 seconds [static and dynamic dependencies]. Details - ImportResultOutputID=19459197212c0d9d7b4df4431988f071 DependenciesID=ed98a0b4b090dab547d4777e8659b13b StaticDependenciesID=efdc956e1ca762a0b69b9c33bbcf1d84 
Number of updated asset objects reloaded before import = 0
Number of asset objects unloaded after import = 1
========================================================================
Received Import Request.
  Time of request: 2026-08-27T08:30:32.051482Z
  Time since last request: 0.000293792 seconds.
  importAddress: GUID: 5a5b9538c3aaa4587856e68a93a92a51 - Path: Packages/com.unity.inputsystem/InputSystem/Editor/Icons/Keyboard.png - Importer: ScriptedImporter/UnityEditor.QuickSearchModule:UnityEditor.Search:ASIAI0B
Importing 'GUID: 5a5b9538c3aaa4587856e68a93a92a51 - Path: Packages/com.unity.inputsystem/InputSystem/Editor/Icons/Keyboard.png - Importer: ScriptedImporter/UnityEditor.QuickSearchModule:UnityEditor.Search:ASIAI0B' with importer (ScriptedImporter : UnityEditor.QuickSearchModule:UnityEditor.Search:ASIAI0B)
Imported 'GUID: 5a5b9538c3aaa4587856e68a93a92a51' -> (Import Result ID: 'e7971080f55a979f205fbf81d9316505') in 0.002 seconds [static and dynamic dependencies]. Details - ImportResultOutputID=19d576084b4a425a94989e0245dc4824 DependenciesID=2e22b1a412b293fe42d5ec33f6759755 StaticDependenciesID=62129a3e99d4712542a2696cf1400dc8 
Number of updated asset objects reloaded before import = 0
Number of asset objects unloaded after import = 1
========================================================================
Received Import Request.
  Time of request: 2026-08-27T08:30:32.053951Z
  Time since last request: 0.000297209 seconds.
  importAddress: GUID: 2db76e4ad9537964994bd20263e1c379 - Path: Packages/com.unity.inputsystem/InputSystem/Editor/UITKAssetEditor/Views - Importer: ScriptedImporter/UnityEditor.QuickSearchModule:UnityEditor.Search:ASIAI0B
Importing 'GUID: 2db76e4ad9537964994bd20263e1c379 - Path: Packages/com.unity.inputsystem/InputSystem/Editor/UITKAssetEditor/Views - Importer: ScriptedImporter/UnityEditor.QuickSearchModule:UnityEditor.Search:ASIAI0B' with importer (ScriptedImporter : UnityEditor.QuickSearchModule:UnityEditor.Search:ASIAI0B)
Imported 'GUID: 2db76e4ad9537964994bd20263e1c379' -> (Import Result ID: 'a6332e729b3a1e3642a84e2dfb28281a') in 0.001 seconds [static and dynamic dependencies]. Details - ImportResultOutputID=d9d1fbf0235d3c5b62b832677aad52dd DependenciesID=e99011a9f17f1a8c770b62068206735c StaticDependenciesID=a34b106fbb0c8e13892f45dd0c3767e5 
Number of updated asset objects reloaded before import = 0
Number of asset objects unloaded after import = 1
========================================================================
Received Import Request.
  Time of request: 2026-08-27T08:30:32.055048Z
  Time since last request: 0.000283375 seconds.
  importAddress: GUID: 1a0a9c8a3d9c4893ab5389e009563314 - Path: Packages/com.unity.inputsystem/InputSystem/Actions/Composites/OneModifierComposite.cs - Importer: ScriptedImporter/UnityEditor.QuickSearchModule:UnityEditor.Search:ASIAI0B
Importing 'GUID: 1a0a9c8a3d9c4893ab5389e009563314 - Path: Packages/com.unity.inputsystem/InputSystem/Actions/Composites/OneModifierComposite.cs - Importer: ScriptedImporter/UnityEditor.QuickSearchModule:UnityEditor.Search:ASIAI0B' with importer (ScriptedImporter : UnityEditor.QuickSearchModule:UnityEditor.Search:ASIAI0B)
Imported 'GUID: 1a0a9c8a3d9c4893ab5389e009563314' -> (Import Result ID: '38d73fc45f0e80f84a6936e9463c6439') in 0.001 seconds [static and dynamic dependencies]. Details - ImportResultOutputID=4b815624b55731dff8d8ef9fcb543895 DependenciesID=cbe0d0c036cf96ea7fa913fd69bbde9d StaticDependenciesID=a227e2c7439d36ab3722b6b199b64c3b 
Number of updated asset objects reloaded before import = 0
Number of asset objects unloaded after import = 0
========================================================================
Received Import Request.
  Time of request: 2026-08-27T08:30:32.056099Z
  Time since last request: 0.000231209 seconds.
  importAddress: GUID: f58c918f135bd4b8abe5fdb06bda7f4d - Path: Packages/com.unity.inputsystem/InputSystem/Editor/Icons/Joystick@4x.png - Importer: ScriptedImporter/UnityEditor.QuickSearchModule:UnityEditor.Search:ASIAI0B
Importing 'GUID: f58c918f135bd4b8abe5fdb06bda7f4d - Path: Packages/com.unity.inputsystem/InputSystem/Editor/Icons/Joystick@4x.png - Importer: ScriptedImporter/UnityEditor.QuickSearchModule:UnityEditor.Search:ASIAI0B' with importer (ScriptedImporter : UnityEditor.QuickSearchModule:UnityEditor.Search:ASIAI0B)
Imported 'GUID: f58c918f135bd4b8abe5fdb06bda7f4d' -> (Import Result ID: '8b9af416ba2147e386431eb01c2fce1c') in 0.003 seconds [static and dynamic dependencies]. Details - ImportResultOutputID=46ba243caa88f06764ce970238d12ffb DependenciesID=f1709ba2143b4a9180c785f76541efce StaticDependenciesID=2eecee13291cba53f828f832208acb71 
Number of updated asset objects reloaded before import = 0
Number of asset objects unloaded after import = 1
========================================================================
Received Import Request.
  Time of request: 2026-08-27T08:30:32.059547Z
  Time since last request: 0.000323833 seconds.
  importAddress: GUID: 9cbd73d51dc491b4888055ae65cd9545 - Path: Packages/com.unity.inputsystem/InputSystem/Editor/UITKAssetEditor/PackageResources/NameAndParameterListViewItemTemplate.uxml - Importer: ScriptedImporter/UnityEditor.QuickSearchModule:UnityEditor.Search:ASIAI0B
Importing 'GUID: 9cbd73d51dc491b4888055ae65cd9545 - Path: Packages/com.unity.inputsystem/InputSystem/Editor/UITKAssetEditor/PackageResources/NameAndParameterListViewItemTemplate.uxml - Importer: ScriptedImporter/UnityEditor.QuickSearchModule:UnityEditor.Search:ASIAI0B' with importer (ScriptedImporter : UnityEditor.QuickSearchModule:UnityEditor.Search:ASIAI0B)
Imported 'GUID: 9cbd73d51dc491b4888055ae65cd9545' -> (Import Result ID: '88cd7e7cda1fd7ec116c304c8445d7d2') in 0.033 seconds [static and dynamic dependencies]. Details - ImportResultOutputID=6d602ba168e4916efdeab64012e46a22 DependenciesID=a1e261765e9cdb7029ed0dd249852aec StaticDependenciesID=3ce1fe8082432902bca48f45e04027db 
Number of updated asset objects reloaded before import = 0
Number of asset objects unloaded after import = 3
========================================================================
Received Import Request.
  Time of request: 2026-08-27T08:30:32.0928Z
  Time since last request: 0.000241833 seconds.
  importAddress: GUID: 4ff1587ed21f442578f1ad36c4779a95 - Path: Packages/com.unity.inputsystem/InputSystem/Actions/InputActionTrace.cs - Importer: ScriptedImporter/UnityEditor.QuickSearchModule:UnityEditor.Search:ASIAI0B
Importing 'GUID: 4ff1587ed21f442578f1ad36c4779a95 - Path: Packages/com.unity.inputsystem/InputSystem/Actions/InputActionTrace.cs - Importer: ScriptedImporter/UnityEditor.QuickSearchModule:UnityEditor.Search:ASIAI0B' with importer (ScriptedImporter : UnityEditor.QuickSearchModule:UnityEditor.Search:ASIAI0B)
Imported 'GUID: 4ff1587ed21f442578f1ad36c4779a95' -> (Import Result ID: 'cbb8bad9ee43d98241feaca9e9a8ee56') in 0.001 seconds [static and dynamic dependencies]. Details - ImportResultOutputID=3a38b7577d9c15e70b25e6f9f77a79bf DependenciesID=b94b59d3f66e8773f490a99ff066007a StaticDependenciesID=bddb4920016e85fe730470026961fea4 
Number of updated asset objects reloaded before import = 0
Number of asset objects unloaded after import = 0
========================================================================
Received Import Request.
  Time of request: 2026-08-27T08:30:32.09398Z
  Time since last request: 0.000255583 seconds.
  importAddress: GUID: e5769f689f15dce4a9f92aff27659c54 - Path: Packages/com.unity.inputsystem/InputSystem/Plugins/Android - Importer: ScriptedImporter/UnityEditor.QuickSearchModule:UnityEditor.Search:ASIAI0B
Importing 'GUID: e5769f689f15dce4a9f92aff27659c54 - Path: Packages/com.unity.inputsystem/InputSystem/Plugins/Android - Importer: ScriptedImporter/UnityEditor.QuickSearchModule:UnityEditor.Search:ASIAI0B' with importer (ScriptedImporter : UnityEditor.QuickSearchModule:UnityEditor.Search:ASIAI0B)
Imported 'GUID: e5769f689f15dce4a9f92aff27659c54' -> (Import Result ID: '22720d1eb6b71e26ec8714f75a9aa3d1') in 0.001 seconds [static and dynamic dependencies]. Details - ImportResultOutputID=64fdb90abe2f6da406d99d8e11d86ad5 DependenciesID=53d8b443153ca9c602d25fbee75f3416 StaticDependenciesID=2f2a6bfebca3959d6a65a0f8f07d15d7 
Number of updated asset objects reloaded before import = 0
Number of asset objects unloaded after import = 1
========================================================================
Received Import Request.
  Time of request: 2026-08-27T08:30:32.110839Z
  Time since last request: 0.016098291 seconds.
  importAddress: GUID: 7e988a22b82d97847b9e8e3cf14a1526 - Path: Packages/com.unity.inputsystem/InputSystem/Utilities/SavedState.cs - Importer: ScriptedImporter/UnityEditor.QuickSearchModule:UnityEditor.Search:ASIAI0B
Importing 'GUID: 7e988a22b82d97847b9e8e3cf14a1526 - Path: Packages/com.unity.inputsystem/InputSystem/Utilities/SavedState.cs - Importer: ScriptedImporter/UnityEditor.QuickSearchModule:UnityEditor.Search:ASIAI0B' with importer (ScriptedImporter : UnityEditor.QuickSearchModule:UnityEditor.Search:ASIAI0B)
Imported 'GUID: 7e988a22b82d97847b9e8e3cf14a1526' -> (Import Result ID: 'b8017e97391521b1bce967c8e27354e8') in 0.001 seconds [static and dynamic dependencies]. Details - ImportResultOutputID=5b4f19feda8fe523d1b02c7db9980f40 DependenciesID=9770abcd863a284d3110b5077244dc8a StaticDependenciesID=b2cfc6d0d2cb778ccd9bf25de8434591 
Number of updated asset objects reloaded before import = 0
Number of asset objects unloaded after import = 0
========================================================================
Received Import Request.
  Time of request: 2026-08-27T08:30:32.112393Z
  Time since last request: 0.000284666 seconds.
  importAddress: GUID: 29a78370a46c4b59875764266185b105 - Path: Packages/com.unity.inputsystem/InputSystem/Utilities/Observables/SelectObservable.cs - Importer: ScriptedImporter/UnityEditor.QuickSearchModule:UnityEditor.Search:ASIAI0B
Importing 'GUID: 29a78370a46c4b59875764266185b105 - Path: Packages/com.unity.inputsystem/InputSystem/Utilities/Observables/SelectObservable.cs - Importer: ScriptedImporter/UnityEditor.QuickSearchModule:UnityEditor.Search:ASIAI0B' with importer (ScriptedImporter : UnityEditor.QuickSearchModule:UnityEditor.Search:ASIAI0B)
Imported 'GUID: 29a78370a46c4b59875764266185b105' -> (Import Result ID: 'e0082afab1562af6b0803d2d239d8503') in 0.001 seconds [static and dynamic dependencies]. Details - ImportResultOutputID=79530b0b6408728a7c6605cdd7816d5c DependenciesID=7ec90375df823f75dd06c6ebf519b6ad StaticDependenciesID=8dd6a16af82f30ee0ec6b8a6f757d747 
Number of updated asset objects reloaded before import = 0
Number of asset objects unloaded after import = 0
========================================================================
Received Import Request.
  Time of request: 2026-08-27T08:30:32.113222Z
  Time since last request: 0.000142959 seconds.
  importAddress: GUID: f018dacefe574045a76769f5f355f3b1 - Path: Packages/com.unity.inputsystem/InputSystem/Devices/Commands/WarpMousePositionCommand.cs - Importer: ScriptedImporter/UnityEditor.QuickSearchModule:UnityEditor.Search:ASIAI0B
Importing 'GUID: f018dacefe574045a76769f5f355f3b1 - Path: Packages/com.unity.inputsystem/InputSystem/Devices/Commands/WarpMousePositionCommand.cs - Importer: ScriptedImporter/UnityEditor.QuickSearchModule:UnityEditor.Search:ASIAI0B' with importer (ScriptedImporter : UnityEditor.QuickSearchModule:UnityEditor.Search:ASIAI0B)
Imported 'GUID: f018dacefe574045a76769f5f355f3b1' -> (Import Result ID: '9ec6f2fa9f7ea47de6649dcca6e0b6ae') in 0.001 seconds [static and dynamic dependencies]. Details - ImportResultOutputID=86c973d2f47eb9fba97fbb5bb015f169 DependenciesID=74a71f561895348d0470ceef0038dce4 StaticDependenciesID=01aa7e6ad6dd072c4753b41452ad8333 
Number of updated asset objects reloaded before import = 0
Number of asset objects unloaded after import = 0
========================================================================
Received Import Request.
  Time of request: 2026-08-27T08:30:32.114061Z
  Time since last request: 0.00015475 seconds.
  importAddress: GUID: 4b0617d4946754ab980342582b1f560c - Path: Packages/com.unity.inputsystem/InputSystem/Editor/Internal/AdvancedDropdown/AdvancedDropdown.cs - Importer: ScriptedImporter/UnityEditor.QuickSearchModule:UnityEditor.Search:ASIAI0B
Importing 'GUID: 4b0617d4946754ab980342582b1f560c - Path: Packages/com.unity.inputsystem/InputSystem/Editor/Internal/AdvancedDropdown/AdvancedDropdown.cs - Importer: ScriptedImporter/UnityEditor.QuickSearchModule:UnityEditor.Search:ASIAI0B' with importer (ScriptedImporter : UnityEditor.QuickSearchModule:UnityEditor.Search:ASIAI0B)
Imported 'GUID: 4b0617d4946754ab980342582b1f560c' -> (Import Result ID: 'af5f87c6c2152e0ad406feeda74a29e7') in 0.001 seconds [static and dynamic dependencies]. Details - ImportResultOutputID=c94ffddfe34819d2db5d12652c39c49c DependenciesID=3250d0452452d84208b1a2684adb2550 StaticDependenciesID=c408abf406877da461fed10ae8d1d56e 
Number of updated asset objects reloaded before import = 0
Number of asset objects unloaded after import = 0
========================================================================
Received Import Request.
  Time of request: 2026-08-27T08:30:32.114885Z
  Time since last request: 0.000173667 seconds.
  importAddress: GUID: 6191a40940a3e46899ecf82fa8389d01 - Path: Packages/com.unity.inputsystem/InputSystem/Editor/Icons/Keyboard@3x.png - Importer: ScriptedImporter/UnityEditor.QuickSearchModule:UnityEditor.Search:ASIAI0B
Importing 'GUID: 6191a40940a3e46899ecf82fa8389d01 - Path: Packages/com.unity.inputsystem/InputSystem/Editor/Icons/Keyboard@3x.png - Importer: ScriptedImporter/UnityEditor.QuickSearchModule:UnityEditor.Search:ASIAI0B' with importer (ScriptedImporter : UnityEditor.QuickSearchModule:UnityEditor.Search:ASIAI0B)
Imported 'GUID: 6191a40940a3e46899ecf82fa8389d01' -> (Import Result ID: '638bdbf1a70893b383796161dc3b7ea8') in 0.002 seconds [static and dynamic dependencies]. Details - ImportResultOutputID=ccd5badab43d1ccca477de9631624f10 DependenciesID=3c2a48dc6ccc55d5191967ab2e8261cb StaticDependenciesID=7082c2a184b5f14510fdc0e05db55005 
Number of updated asset objects reloaded before import = 0
Number of asset objects unloaded after import = 1
========================================================================
Received Import Request.
  Time of request: 2026-08-27T08:30:32.117541Z
  Time since last request: 0.00013675 seconds.
  importAddress: GUID: 83070f7befc0b4deeb2cfde76b5a9002 - Path: Packages/com.unity.inputsystem/InputSystem/Editor/ControlPicker/InputControlDropdownItem.cs - Importer: ScriptedImporter/UnityEditor.QuickSearchModule:UnityEditor.Search:ASIAI0B
Importing 'GUID: 83070f7befc0b4deeb2cfde76b5a9002 - Path: Packages/com.unity.inputsystem/InputSystem/Editor/ControlPicker/InputControlDropdownItem.cs - Importer: ScriptedImporter/UnityEditor.QuickSearchModule:UnityEditor.Search:ASIAI0B' with importer (ScriptedImporter : UnityEditor.QuickSearchModule:UnityEditor.Search:ASIAI0B)
Imported 'GUID: 83070f7befc0b4deeb2cfde76b5a9002' -> (Import Result ID: 'ecc366f1f1a576dea327930a18517cc0') in 0.001 seconds [static and dynamic dependencies]. Details - ImportResultOutputID=d55106c438ebdcb3a859ceb84837c06e DependenciesID=c10b88171ff7fc7409dd564e217245a2 StaticDependenciesID=ffff7e7fd01acb541124251249f2c943 
Number of updated asset objects reloaded before import = 0
Number of asset objects unloaded after import = 0
========================================================================
Received Import Request.
  Time of request: 2026-08-27T08:30:32.11857Z
  Time since last request: 0.000195709 seconds.
  importAddress: GUID: af8ecd25eda841f98ce3f6555888e43b - Path: Packages/com.unity.inputsystem/InputSystem/Editor/Analytics/InputEditorAnalytics.cs - Importer: ScriptedImporter/UnityEditor.QuickSearchModule:UnityEditor.Search:ASIAI0B
Importing 'GUID: af8ecd25eda841f98ce3f6555888e43b - Path: Packages/com.unity.inputsystem/InputSystem/Editor/Analytics/InputEditorAnalytics.cs - Importer: ScriptedImporter/UnityEditor.QuickSearchModule:UnityEditor.Search:ASIAI0B' with importer (ScriptedImporter : UnityEditor.QuickSearchModule:UnityEditor.Search:ASIAI0B)
Imported 'GUID: af8ecd25eda841f98ce3f6555888e43b' -> (Import Result ID: 'd0d93125a9b99fc8e743dd18a11db7cd') in 0.001 seconds [static and dynamic dependencies]. Details - ImportResultOutputID=429439305abc88f3dd17f5864b5af67c DependenciesID=ff085307817a6c3f7e6b915dcd25aad9 StaticDependenciesID=1da37d960b11cf31326aec83c9c4247f 
Number of updated asset objects reloaded before import = 0
Number of asset objects unloaded after import = 0
========================================================================
Received Import Request.
  Time of request: 2026-08-27T08:30:32.119741Z
  Time since last request: 0.000196375 seconds.
  importAddress: GUID: a10a64abdfd8f6340a5b6b54bf28812a - Path: Packages/com.unity.inputsystem/InputSystem/Devices/Commands/QueryCanRunInBackground.cs - Importer: ScriptedImporter/UnityEditor.QuickSearchModule:UnityEditor.Search:ASIAI0B
Importing 'GUID: a10a64abdfd8f6340a5b6b54bf28812a - Path: Packages/com.unity.inputsystem/InputSystem/Devices/Commands/QueryCanRunInBackground.cs - Importer: ScriptedImporter/UnityEditor.QuickSearchModule:UnityEditor.Search:ASIAI0B' with importer (ScriptedImporter : UnityEditor.QuickSearchModule:UnityEditor.Search:ASIAI0B)
Imported 'GUID: a10a64abdfd8f6340a5b6b54bf28812a' -> (Import Result ID: '0754c091914fde8e81b0524bc9e44282') in 0.001 seconds [static and dynamic dependencies]. Details - ImportResultOutputID=901b14056f7dda6b26d7e6ad95f85aaf DependenciesID=51c1615441095745f5966218fe59dbe3 StaticDependenciesID=6e5b779e38750f4b7d20bbd24dcf30c5 
Number of updated asset objects reloaded before import = 0
Number of asset objects unloaded after import = 0
========================================================================
Received Import Request.
  Time of request: 2026-08-27T08:30:32.12069Z
  Time since last request: 0.000147542 seconds.
  importAddress: GUID: cf624ae4ff5e44cebdcba54ae1ff380a - Path: Packages/com.unity.inputsystem/InputSystem/Controls/CommonUsages.cs - Importer: ScriptedImporter/UnityEditor.QuickSearchModule:UnityEditor.Search:ASIAI0B
Importing 'GUID: cf624ae4ff5e44cebdcba54ae1ff380a - Path: Packages/com.unity.inputsystem/InputSystem/Controls/CommonUsages.cs - Importer: ScriptedImporter/UnityEditor.QuickSearchModule:UnityEditor.Search:ASIAI0B' with importer (ScriptedImporter : UnityEditor.QuickSearchModule:UnityEditor.Search:ASIAI0B)
Imported 'GUID: cf624ae4ff5e44cebdcba54ae1ff380a' -> (Import Result ID: 'a4ec04d3d54c898e1ab54e9faa6a97ab') in 0.001 seconds [static and dynamic dependencies]. Details - ImportResultOutputID=98ed0dc792aacee5f88f6933e2dad918 DependenciesID=fe98935d7daa5f31908010cd127e8191 StaticDependenciesID=f467544eab4a04c56e4443725cd1ec14 
Number of updated asset objects reloaded before import = 0
Number of asset objects unloaded after import = 0
========================================================================
Received Import Request.
  Time of request: 2026-08-27T08:30:32.121534Z
  Time since last request: 0.0001285 seconds.
  importAddress: GUID: cf29acc15e9bb2246965162123659116 - Path: Packages/com.unity.inputsystem/InputSystem/Utilities/SpriteUtilities.cs - Importer: ScriptedImporter/UnityEditor.QuickSearchModule:UnityEditor.Search:ASIAI0B
Importing 'GUID: cf29acc15e9bb2246965162123659116 - Path: Packages/com.unity.inputsystem/InputSystem/Utilities/SpriteUtilities.cs - Importer: ScriptedImporter/UnityEditor.QuickSearchModule:UnityEditor.Search:ASIAI0B' with importer (ScriptedImporter : UnityEditor.QuickSearchModule:UnityEditor.Search:ASIAI0B)
Imported 'GUID: cf29acc15e9bb2246965162123659116' -> (Import Result ID: 'ad6a1765beb183e8a3acfc0e0deecb63') in 0.001 seconds [static and dynamic dependencies]. Details - ImportResultOutputID=1600288f7603e0e5be4c22f5110b9bdc DependenciesID=ad27b7594c4867a29403494ab199bce6 StaticDependenciesID=0ca161c87ac00f3935e9abfa9bf95b25 
Number of updated asset objects reloaded before import = 0
Number of asset objects unloaded after import = 0
========================================================================
Received Import Request.
  Time of request: 2026-08-27T08:30:32.122272Z
  Time since last request: 0.000150167 seconds.
  importAddress: GUID: f760afcbd6744a0e8c9d0b7039dda306 - Path: Packages/com.unity.inputsystem/InputSystem/Editor/Analytics/InputBuildAnalytic.cs - Importer: ScriptedImporter/UnityEditor.QuickSearchModule:UnityEditor.Search:ASIAI0B
Importing 'GUID: f760afcbd6744a0e8c9d0b7039dda306 - Path: Packages/com.unity.inputsystem/InputSystem/Editor/Analytics/InputBuildAnalytic.cs - Importer: ScriptedImporter/UnityEditor.QuickSearchModule:UnityEditor.Search:ASIAI0B' with importer (ScriptedImporter : UnityEditor.QuickSearchModule:UnityEditor.Search:ASIAI0B)
Imported 'GUID: f760afcbd6744a0e8c9d0b7039dda306' -> (Import Result ID: '75b6b52bd374baf7044d17fe415395d3') in 0.001 seconds [static and dynamic dependencies]. Details - ImportResultOutputID=d77789a2f2838890c0abb17778202972 DependenciesID=66b6bdfd9bf8fd8b4088c27a444c93d3 StaticDependenciesID=de72e21c85aaa154c9d2ab63359c5f25 
Number of updated asset objects reloaded before import = 0
Number of asset objects unloaded after import = 0
========================================================================
Received Import Request.
  Time of request: 2026-08-27T08:30:32.123032Z
  Time since last request: 0.000143834 seconds.
  importAddress: GUID: 255ca660c2e3b424bb54d7be66737f57 - Path: Packages/com.unity.inputsystem/InputSystem/Editor/UITKAssetEditor/EnumerableExtensions.cs - Importer: ScriptedImporter/UnityEditor.QuickSearchModule:UnityEditor.Search:ASIAI0B
Importing 'GUID: 255ca660c2e3b424bb54d7be66737f57 - Path: Packages/com.unity.inputsystem/InputSystem/Editor/UITKAssetEditor/EnumerableExtensions.cs - Importer: ScriptedImporter/UnityEditor.QuickSearchModule:UnityEditor.Search:ASIAI0B' with importer (ScriptedImporter : UnityEditor.QuickSearchModule:UnityEditor.Search:ASIAI0B)
Imported 'GUID: 255ca660c2e3b424bb54d7be66737f57' -> (Import Result ID: '586d23b3c170ed24a15098fa09bea580') in 0.001 seconds [static and dynamic dependencies]. Details - ImportResultOutputID=a6e65ed4334d149a37c7e5be075173ee DependenciesID=903d0b4005c1f12d57a0cd7f2eeefc39 StaticDependenciesID=d259aa4eb0a41825f005744a0538631b 
Number of updated asset objects reloaded before import = 0
Number of asset objects unloaded after import = 0
========================================================================
Received Import Request.
  Time of request: 2026-08-27T08:30:32.123837Z
  Time since last request: 0.000193708 seconds.
  importAddress: GUID: c4f7551c56dfb47a7a105b6579646d2f - Path: Packages/com.unity.inputsystem/InputSystem/Editor/Icons/ChevronUp@4x.png - Importer: ScriptedImporter/UnityEditor.QuickSearchModule:UnityEditor.Search:ASIAI0B
Importing 'GUID: c4f7551c56dfb47a7a105b6579646d2f - Path: Packages/com.unity.inputsystem/InputSystem/Editor/Icons/ChevronUp@4x.png - Importer: ScriptedImporter/UnityEditor.QuickSearchModule:UnityEditor.Search:ASIAI0B' with importer (ScriptedImporter : UnityEditor.QuickSearchModule:UnityEditor.Search:ASIAI0B)
Imported 'GUID: c4f7551c56dfb47a7a105b6579646d2f' -> (Import Result ID: '5ea92fdb4e85b36991aef92549815853') in 0.002 seconds [static and dynamic dependencies]. Details - ImportResultOutputID=44299678f60bb8db5fe8301e19024339 DependenciesID=4096bc951bc4ea7204beb25c7bfa1098 StaticDependenciesID=bca5d00aa6323325d83bf1a58583d419 
Number of updated asset objects reloaded before import = 0
Number of asset objects unloaded after import = 1
========================================================================
Received Import Request.
  Time of request: 2026-08-27T08:30:32.126408Z
  Time since last request: 0.000202958 seconds.
  importAddress: GUID: 5d0b11389336d4b16b96f147c9f912e2 - Path: Packages/com.unity.inputsystem/InputSystem/Editor/Icons/d_Stick@2x.png - Importer: ScriptedImporter/UnityEditor.QuickSearchModule:UnityEditor.Search:ASIAI0B
Importing 'GUID: 5d0b11389336d4b16b96f147c9f912e2 - Path: Packages/com.unity.inputsystem/InputSystem/Editor/Icons/d_Stick@2x.png - Importer: ScriptedImporter/UnityEditor.QuickSearchModule:UnityEditor.Search:ASIAI0B' with importer (ScriptedImporter : UnityEditor.QuickSearchModule:UnityEditor.Search:ASIAI0B)
Imported 'GUID: 5d0b11389336d4b16b96f147c9f912e2' -> (Import Result ID: '91e91d54e2ad5ec7d4dce0a245c9ba62') in 0.002 seconds [static and dynamic dependencies]. Details - ImportResultOutputID=b2e101bdcd6b28a93b4b2f234ced9253 DependenciesID=cddce3c2c2cc42ef4c99feec7d9cccf7 StaticDependenciesID=4b4e66341fc658fe4c6f60c51f4ffbb9 
Number of updated asset objects reloaded before import = 0
Number of asset objects unloaded after import = 1
========================================================================
Received Import Request.
  Time of request: 2026-08-27T08:30:32.128898Z
  Time since last request: 0.000130542 seconds.
  importAddress: GUID: 33f32142c2c2d4662be5f5274db27158 - Path: Packages/com.unity.inputsystem/InputSystem/Editor/AssetEditor/PackageResources/blue.png - Importer: ScriptedImporter/UnityEditor.QuickSearchModule:UnityEditor.Search:ASIAI0B
Importing 'GUID: 33f32142c2c2d4662be5f5274db27158 - Path: Packages/com.unity.inputsystem/InputSystem/Editor/AssetEditor/PackageResources/blue.png - Importer: ScriptedImporter/UnityEditor.QuickSearchModule:UnityEditor.Search:ASIAI0B' with importer (ScriptedImporter : UnityEditor.QuickSearchModule:UnityEditor.Search:ASIAI0B)
Imported 'GUID: 33f32142c2c2d4662be5f5274db27158' -> (Import Result ID: 'c7c68c5f7693a59cc2b1e214820e04f0') in 0.004 seconds [static and dynamic dependencies]. Details - ImportResultOutputID=e7f84c683846f7823fa5d184c3c491fc DependenciesID=d72dfa91dd2fd6f39c3cac657717668e StaticDependenciesID=b00708ceaa050eeb74b975b3f566f2d6 
Number of updated asset objects reloaded before import = 0
Number of asset objects unloaded after import = 1
========================================================================
Received Import Request.
  Time of request: 2026-08-27T08:30:32.132635Z
  Time since last request: 0.000171333 seconds.
  importAddress: GUID: 2158c2dfcbb94a3092caa77d698d5010 - Path: Packages/com.unity.inputsystem/InputSystem/Devices/Commands/InputDeviceCommand.cs - Importer: ScriptedImporter/UnityEditor.QuickSearchModule:UnityEditor.Search:ASIAI0B
Importing 'GUID: 2158c2dfcbb94a3092caa77d698d5010 - Path: Packages/com.unity.inputsystem/InputSystem/Devices/Commands/InputDeviceCommand.cs - Importer: ScriptedImporter/UnityEditor.QuickSearchModule:UnityEditor.Search:ASIAI0B' with importer (ScriptedImporter : UnityEditor.QuickSearchModule:UnityEditor.Search:ASIAI0B)
Imported 'GUID: 2158c2dfcbb94a3092caa77d698d5010' -> (Import Result ID: '360e070531ea68a024a8b2f80bf746bf') in 0.001 seconds [static and dynamic dependencies]. Details - ImportResultOutputID=60b71ac889178ed206a84737fdefb71a DependenciesID=049f071e9ac02d40e0144dbcf10d4788 StaticDependenciesID=2010e54f77a6a7278bd9df866356d0b8 
Number of updated asset objects reloaded before import = 0
Number of asset objects unloaded after import = 0
========================================================================
Received Import Request.
  Time of request: 2026-08-27T08:30:32.133526Z
  Time since last request: 0.000122375 seconds.
  importAddress: GUID: e77ee65b5139048949dc0ac5614efeec - Path: Packages/com.unity.inputsystem/InputSystem/Editor/Icons/d_Touch@3x.png - Importer: ScriptedImporter/UnityEditor.QuickSearchModule:UnityEditor.Search:ASIAI0B
Importing 'GUID: e77ee65b5139048949dc0ac5614efeec - Path: Packages/com.unity.inputsystem/InputSystem/Editor/Icons/d_Touch@3x.png - Importer: ScriptedImporter/UnityEditor.QuickSearchModule:UnityEditor.Search:ASIAI0B' with importer (ScriptedImporter : UnityEditor.QuickSearchModule:UnityEditor.Search:ASIAI0B)
Imported 'GUID: e77ee65b5139048949dc0ac5614efeec' -> (Import Result ID: '0f368eba35aa66274ee6b5eaef27cbf3') in 0.002 seconds [static and dynamic dependencies]. Details - ImportResultOutputID=2230fe0f5facaa7d96bea18db423f26b DependenciesID=5724c6c6d7be0999db4e5a64b05dd981 StaticDependenciesID=6e11ada163b021f5c267db02a04d70d6 
Number of updated asset objects reloaded before import = 0
Number of asset objects unloaded after import = 1
========================================================================
Received Import Request.
  Time of request: 2026-08-27T08:30:32.135614Z
  Time since last request: 0.000178583 seconds.
  importAddress: GUID: f5899dcacd4e3004eaa9107c97e75e09 - Path: Packages/com.unity.inputsystem/InputSystem/Controls/InputControlLayoutChange.cs - Importer: ScriptedImporter/UnityEditor.QuickSearchModule:UnityEditor.Search:ASIAI0B
Importing 'GUID: f5899dcacd4e3004eaa9107c97e75e09 - Path: Packages/com.unity.inputsystem/InputSystem/Controls/InputControlLayoutChange.cs - Importer: ScriptedImporter/UnityEditor.QuickSearchModule:UnityEditor.Search:ASIAI0B' with importer (ScriptedImporter : UnityEditor.QuickSearchModule:UnityEditor.Search:ASIAI0B)
Imported 'GUID: f5899dcacd4e3004eaa9107c97e75e09' -> (Import Result ID: '57301f4ec946b41e6fb0f3f89406c229') in 0.001 seconds [static and dynamic dependencies]. Details - ImportResultOutputID=817ab04d70049dc0d9c95f547a1b5a6a DependenciesID=25214b6994b3dff28740a555ae35e9e3 StaticDependenciesID=ff322149bb2592eb68638447d1825cfe 
Number of updated asset objects reloaded before import = 0
Number of asset objects unloaded after import = 0
========================================================================
Received Import Request.
  Time of request: 2026-08-27T08:30:32.136772Z
  Time since last request: 0.000210458 seconds.
  importAddress: GUID: 15eaf34440a14edf94d5a0a00cbded20 - Path: Packages/com.unity.inputsystem/InputSystem/Utilities/NumberHelpers.cs - Importer: ScriptedImporter/UnityEditor.QuickSearchModule:UnityEditor.Search:ASIAI0B
Importing 'GUID: 15eaf34440a14edf94d5a0a00cbded20 - Path: Packages/com.unity.inputsystem/InputSystem/Utilities/NumberHelpers.cs - Importer: ScriptedImporter/UnityEditor.QuickSearchModule:UnityEditor.Search:ASIAI0B' with importer (ScriptedImporter : UnityEditor.QuickSearchModule:UnityEditor.Search:ASIAI0B)
Imported 'GUID: 15eaf34440a14edf94d5a0a00cbded20' -> (Import Result ID: 'de7e002ec15f2e9535f65b7e34e35df7') in 0.001 seconds [static and dynamic dependencies]. Details - ImportResultOutputID=1ae8748b075f9ae795a8413fb7f95a1b DependenciesID=818188463c5d599b515b51bc9af12ae6 StaticDependenciesID=3778376097910f7e839296a1a55ae1e5 
Number of updated asset objects reloaded before import = 0
Number of asset objects unloaded after import = 0
========================================================================
Received Import Request.
  Time of request: 2026-08-27T08:30:32.137706Z
  Time since last request: 0.00013525 seconds.
  importAddress: GUID: ce5f11cd993284c4f9c54f854bdc8c9c - Path: Packages/com.unity.inputsystem/InputSystem/Editor/AssetEditor/PackageResources/personal/actionTreeBackground.png - Importer: ScriptedImporter/UnityEditor.QuickSearchModule:UnityEditor.Search:ASIAI0B
Importing 'GUID: ce5f11cd993284c4f9c54f854bdc8c9c - Path: Packages/com.unity.inputsystem/InputSystem/Editor/AssetEditor/PackageResources/personal/actionTreeBackground.png - Importer: ScriptedImporter/UnityEditor.QuickSearchModule:UnityEditor.Search:ASIAI0B' with importer (ScriptedImporter : UnityEditor.QuickSearchModule:UnityEditor.Search:ASIAI0B)
Imported 'GUID: ce5f11cd993284c4f9c54f854bdc8c9c' -> (Import Result ID: 'b7f5df79745a539d039238c7006055e4') in 0.002 seconds [static and dynamic dependencies]. Details - ImportResultOutputID=6cbe84a680089189443c5d7d50b4ea38 DependenciesID=66793871a13cb65571808864cc264276 StaticDependenciesID=9866e005ff3bd0f0576ba91851cc3057 
Number of updated asset objects reloaded before import = 0
Number of asset objects unloaded after import = 1
========================================================================
Received Import Request.
  Time of request: 2026-08-27T08:30:32.140007Z
  Time since last request: 0.000184875 seconds.
  importAddress: GUID: 34f9452ba2ee14c0b9c976800caef571 - Path: Packages/com.unity.inputsystem/InputSystem/Editor/Icons/d_Axis.png - Importer: ScriptedImporter/UnityEditor.QuickSearchModule:UnityEditor.Search:ASIAI0B
Importing 'GUID: 34f9452ba2ee14c0b9c976800caef571 - Path: Packages/com.unity.inputsystem/InputSystem/Editor/Icons/d_Axis.png - Importer: ScriptedImporter/UnityEditor.QuickSearchModule:UnityEditor.Search:ASIAI0B' with importer (ScriptedImporter : UnityEditor.QuickSearchModule:UnityEditor.Search:ASIAI0B)
Imported 'GUID: 34f9452ba2ee14c0b9c976800caef571' -> (Import Result ID: '896a8f84da7c268629f352a35fdf5b44') in 0.003 seconds [static and dynamic dependencies]. Details - ImportResultOutputID=6412a01434b35776422a63ed90592558 DependenciesID=e9e61368b989ae0b61f856d8004bdb88 StaticDependenciesID=0e7b7fbce8f62b85fc9411deab4f9d0c 
Number of updated asset objects reloaded before import = 0
Number of asset objects unloaded after import = 1
========================================================================
Received Import Request.
  Time of request: 2026-08-27T08:30:32.14311Z
  Time since last request: 0.000179875 seconds.
  importAddress: GUID: f1e8cf3dc2c11ed47a2666fcf0d3a938 - Path: Packages/com.unity.inputsystem/InputSystem/Plugins/XR/Haptics/BufferedRumble.cs - Importer: ScriptedImporter/UnityEditor.QuickSearchModule:UnityEditor.Search:ASIAI0B
Importing 'GUID: f1e8cf3dc2c11ed47a2666fcf0d3a938 - Path: Packages/com.unity.inputsystem/InputSystem/Plugins/XR/Haptics/BufferedRumble.cs - Importer: ScriptedImporter/UnityEditor.QuickSearchModule:UnityEditor.Search:ASIAI0B' with importer (ScriptedImporter : UnityEditor.QuickSearchModule:UnityEditor.Search:ASIAI0B)
Imported 'GUID: f1e8cf3dc2c11ed47a2666fcf0d3a938' -> (Import Result ID: 'e320d529aa8813acc261c64b64f5e3d0') in 0.001 seconds [static and dynamic dependencies]. Details - ImportResultOutputID=70daba34ea5910bb9e0a1d5035ae130c DependenciesID=afbf58bf50b8b5ba7fd1de2decb3579f StaticDependenciesID=74c601b934e2d2b3f988d798c2652692 
Number of updated asset objects reloaded before import = 0
Number of asset objects unloaded after import = 0
========================================================================
Received Import Request.
  Time of request: 2026-08-27T08:30:32.144218Z
  Time since last request: 0.000191667 seconds.
  importAddress: GUID: d4a83784946017a4182f41a54d468481 - Path: Packages/com.unity.inputsystem/InputSystem/Devices/TrackedDevice.cs - Importer: ScriptedImporter/UnityEditor.QuickSearchModule:UnityEditor.Search:ASIAI0B
Importing 'GUID: d4a83784946017a4182f41a54d468481 - Path: Packages/com.unity.inputsystem/InputSystem/Devices/TrackedDevice.cs - Importer: ScriptedImporter/UnityEditor.QuickSearchModule:UnityEditor.Search:ASIAI0B' with importer (ScriptedImporter : UnityEditor.QuickSearchModule:UnityEditor.Search:ASIAI0B)
Imported 'GUID: d4a83784946017a4182f41a54d468481' -> (Import Result ID: '4d9e4bdae54c1df5ca21f0b44607ff20') in 0.001 seconds [static and dynamic dependencies]. Details - ImportResultOutputID=1e2644b0443e2f614f128970f475b085 DependenciesID=34104a871e92015cd4753dbcb3bb75b6 StaticDependenciesID=4d3894b117871791b86bfda21116434c 
Number of updated asset objects reloaded before import = 0
Number of asset objects unloaded after import = 0
========================================================================
Received Import Request.
  Time of request: 2026-08-27T08:30:32.145105Z
  Time since last request: 0.000142958 seconds.
  importAddress: GUID: 03c3559bb64164f7785cd1250e475250 - Path: Packages/com.unity.inputsystem/InputSystem/Editor/Icons/d_Stick@3x.png - Importer: ScriptedImporter/UnityEditor.QuickSearchModule:UnityEditor.Search:ASIAI0B
Importing 'GUID: 03c3559bb64164f7785cd1250e475250 - Path: Packages/com.unity.inputsystem/InputSystem/Editor/Icons/d_Stick@3x.png - Importer: ScriptedImporter/UnityEditor.QuickSearchModule:UnityEditor.Search:ASIAI0B' with importer (ScriptedImporter : UnityEditor.QuickSearchModule:UnityEditor.Search:ASIAI0B)
Imported 'GUID: 03c3559bb64164f7785cd1250e475250' -> (Import Result ID: '5f8544f9df8d9cd7ebb8fb5ad8c868b8') in 0.002 seconds [static and dynamic dependencies]. Details - ImportResultOutputID=f0f9610b0ae6d7fc3d71a50fef9fcc62 DependenciesID=c34cc0ee5d5280fe134f56a784f157e5 StaticDependenciesID=2d814aa18919e64d6fa3d6923b9da001 
Number of updated asset objects reloaded before import = 0
Number of asset objects unloaded after import = 1
========================================================================
Received Import Request.
  Time of request: 2026-08-27T08:30:32.14733Z
  Time since last request: 0.000192042 seconds.
  importAddress: GUID: 2539bd7bca18c47e5a76ad1471ed6829 - Path: Packages/com.unity.inputsystem/InputSystem/Editor/PropertyDrawers/InputActionDrawer.cs - Importer: ScriptedImporter/UnityEditor.QuickSearchModule:UnityEditor.Search:ASIAI0B
Importing 'GUID: 2539bd7bca18c47e5a76ad1471ed6829 - Path: Packages/com.unity.inputsystem/InputSystem/Editor/PropertyDrawers/InputActionDrawer.cs - Importer: ScriptedImporter/UnityEditor.QuickSearchModule:UnityEditor.Search:ASIAI0B' with importer (ScriptedImporter : UnityEditor.QuickSearchModule:UnityEditor.Search:ASIAI0B)
Imported 'GUID: 2539bd7bca18c47e5a76ad1471ed6829' -> (Import Result ID: '7eb694224dd682532e299715d0407c4d') in 0.001 seconds [static and dynamic dependencies]. Details - ImportResultOutputID=01f42f7aaad81e50016183fc4e1c6759 DependenciesID=7938b624d03c417864d1b20e38c93e76 StaticDependenciesID=63898cde9e203fc690624286440c672a 
Number of updated asset objects reloaded before import = 0
Number of asset objects unloaded after import = 0
========================================================================
Received Import Request.
  Time of request: 2026-08-27T08:30:32.148232Z
  Time since last request: 0.000175083 seconds.
  importAddress: GUID: f07d0a558a2d4f5c885936a3a1219008 - Path: Packages/com.unity.inputsystem/InputSystem/Controls/InputControlAttribute.cs - Importer: ScriptedImporter/UnityEditor.QuickSearchModule:UnityEditor.Search:ASIAI0B
Importing 'GUID: f07d0a558a2d4f5c885936a3a1219008 - Path: Packages/com.unity.inputsystem/InputSystem/Controls/InputControlAttribute.cs - Importer: ScriptedImporter/UnityEditor.QuickSearchModule:UnityEditor.Search:ASIAI0B' with importer (ScriptedImporter : UnityEditor.QuickSearchModule:UnityEditor.Search:ASIAI0B)
Imported 'GUID: f07d0a558a2d4f5c885936a3a1219008' -> (Import Result ID: '622748d3c7c0122ee4fcd6750253025c') in 0.001 seconds [static and dynamic dependencies]. Details - ImportResultOutputID=e67c7f4595f872a8bbb5ed22883956e2 DependenciesID=58a66f562b55e5187d8bc3f5853a0cab StaticDependenciesID=550654f1a818da1f155e52112a135791 
Number of updated asset objects reloaded before import = 0
Number of asset objects unloaded after import = 0
========================================================================
Received Import Request.
  Time of request: 2026-08-27T08:30:32.149132Z
  Time since last request: 0.000238 seconds.
  importAddress: GUID: dfa8add0e3ed349708aeadc8b8c1ad0f - Path: Packages/com.unity.inputsystem/InputSystem/Editor/ControlPicker/InputControlPickerState.cs - Importer: ScriptedImporter/UnityEditor.QuickSearchModule:UnityEditor.Search:ASIAI0B
Importing 'GUID: dfa8add0e3ed349708aeadc8b8c1ad0f - Path: Packages/com.unity.inputsystem/InputSystem/Editor/ControlPicker/InputControlPickerState.cs - Importer: ScriptedImporter/UnityEditor.QuickSearchModule:UnityEditor.Search:ASIAI0B' with importer (ScriptedImporter : UnityEditor.QuickSearchModule:UnityEditor.Search:ASIAI0B)
Imported 'GUID: dfa8add0e3ed349708aeadc8b8c1ad0f' -> (Import Result ID: 'd8b8dfdcff7421fdbe764e63b20208a7') in 0.001 seconds [static and dynamic dependencies]. Details - ImportResultOutputID=d7a2147331d8dfe75bf5a0650f0733b1 DependenciesID=f62a455115df4fcd4817df27a4408f5d StaticDependenciesID=e25c8d4007227acf68dcde08a9c3161b 
Number of updated asset objects reloaded before import = 0
Number of asset objects unloaded after import = 0
========================================================================
Received Import Request.
  Time of request: 2026-08-27T08:30:32.150023Z
  Time since last request: 0.000172167 seconds.
  importAddress: GUID: 7938861606c2845d19cf2e8a683ddba3 - Path: Packages/com.unity.inputsystem/InputSystem/Controls/Processors/InvertVector3Processor.cs - Importer: ScriptedImporter/UnityEditor.QuickSearchModule:UnityEditor.Search:ASIAI0B
Importing 'GUID: 7938861606c2845d19cf2e8a683ddba3 - Path: Packages/com.unity.inputsystem/InputSystem/Controls/Processors/InvertVector3Processor.cs - Importer: ScriptedImporter/UnityEditor.QuickSearchModule:UnityEditor.Search:ASIAI0B' with importer (ScriptedImporter : UnityEditor.QuickSearchModule:UnityEditor.Search:ASIAI0B)
Imported 'GUID: 7938861606c2845d19cf2e8a683ddba3' -> (Import Result ID: '44bcb03771e0848a05dc79f5b3a44e79') in 0.001 seconds [static and dynamic dependencies]. Details - ImportResultOutputID=e53d3c3ec03e4c7958e1da41622203aa DependenciesID=79e0635df4fd8afffd3b838ea4113800 StaticDependenciesID=d9e68512f915617ac3d8850ecc816e49 
Number of updated asset objects reloaded before import = 0
Number of asset objects unloaded after import = 0
========================================================================
Received Import Request.
  Time of request: 2026-08-27T08:30:32.150869Z
  Time since last request: 0.000192917 seconds.
  importAddress: GUID: 11330b6eb30fdb54fa20d0da9f0d60a5 - Path: Packages/com.unity.inputsystem/InputSystem/Editor/UITKAssetEditor/Views/NameAndParametersListView.cs - Importer: ScriptedImporter/UnityEditor.QuickSearchModule:UnityEditor.Search:ASIAI0B
Importing 'GUID: 11330b6eb30fdb54fa20d0da9f0d60a5 - Path: Packages/com.unity.inputsystem/InputSystem/Editor/UITKAssetEditor/Views/NameAndParametersListView.cs - Importer: ScriptedImporter/UnityEditor.QuickSearchModule:UnityEditor.Search:ASIAI0B' with importer (ScriptedImporter : UnityEditor.QuickSearchModule:UnityEditor.Search:ASIAI0B)
Imported 'GUID: 11330b6eb30fdb54fa20d0da9f0d60a5' -> (Import Result ID: 'f9c153965d3827bc0af326d5d121462a') in 0.001 seconds [static and dynamic dependencies]. Details - ImportResultOutputID=a0f1ae9a7f65a5a420af7078df72e0f5 DependenciesID=5f641007c618923c89b9cf2901851497 StaticDependenciesID=c8dc8a7150695ccd0c86d4d26400c5b5 
Number of updated asset objects reloaded before import = 0
Number of asset objects unloaded after import = 0
========================================================================
Received Import Request.
  Time of request: 2026-08-27T08:30:32.151911Z
  Time since last request: 0.000173375 seconds.
  importAddress: GUID: 3894aabfd6ab70245859fa873e1a6552 - Path: Packages/com.unity.inputsystem/InputSystem/Devices/Commands/SetSamplingFrequencyCommand.cs - Importer: ScriptedImporter/UnityEditor.QuickSearchModule:UnityEditor.Search:ASIAI0B
Importing 'GUID: 3894aabfd6ab70245859fa873e1a6552 - Path: Packages/com.unity.inputsystem/InputSystem/Devices/Commands/SetSamplingFrequencyCommand.cs - Importer: ScriptedImporter/UnityEditor.QuickSearchModule:UnityEditor.Search:ASIAI0B' with importer (ScriptedImporter : UnityEditor.QuickSearchModule:UnityEditor.Search:ASIAI0B)
Imported 'GUID: 3894aabfd6ab70245859fa873e1a6552' -> (Import Result ID: '1c5802adfdf3d155f5ff789f0c601991') in 0.001 seconds [static and dynamic dependencies]. Details - ImportResultOutputID=3553b9cda5c88290822b678e45d949da DependenciesID=313c155c4fea9841a478b00d49eb6cc0 StaticDependenciesID=cf5021d179a5c1d807f5aff27526a544 
Number of updated asset objects reloaded before import = 0
Number of asset objects unloaded after import = 0
========================================================================
Received Import Request.
  Time of request: 2026-08-27T08:30:32.152971Z
  Time since last request: 0.000210459 seconds.
  importAddress: GUID: 674bcb49f4019404bb8bfd43a597785a - Path: Packages/com.unity.inputsystem/InputSystem/Plugins/XInput - Importer: ScriptedImporter/UnityEditor.QuickSearchModule:UnityEditor.Search:ASIAI0B
Importing 'GUID: 674bcb49f4019404bb8bfd43a597785a - Path: Packages/com.unity.inputsystem/InputSystem/Plugins/XInput - Importer: ScriptedImporter/UnityEditor.QuickSearchModule:UnityEditor.Search:ASIAI0B' with importer (ScriptedImporter : UnityEditor.QuickSearchModule:UnityEditor.Search:ASIAI0B)
Imported 'GUID: 674bcb49f4019404bb8bfd43a597785a' -> (Import Result ID: '3afe51ae1c3da53270c68eaa69fa57df') in 0.001 seconds [static and dynamic dependencies]. Details - ImportResultOutputID=9f243ef1649907e9e95e4955ff68ab5e DependenciesID=cc1e1a406453b1ec702ebc5165e95b47 StaticDependenciesID=8eaf089568af0c860ad23e75c8aa6402 
Number of updated asset objects reloaded before import = 0
Number of asset objects unloaded after import = 1
========================================================================
Received Import Request.
  Time of request: 2026-08-27T08:30:32.153841Z
  Time since last request: 0.000130458 seconds.
  importAddress: GUID: aa356632480554016ab8f4200032981b - Path: Packages/com.unity.inputsystem/InputSystem/Editor/Icons/Button@4x.png - Importer: ScriptedImporter/UnityEditor.QuickSearchModule:UnityEditor.Search:ASIAI0B
Importing 'GUID: aa356632480554016ab8f4200032981b - Path: Packages/com.unity.inputsystem/InputSystem/Editor/Icons/Button@4x.png - Importer: ScriptedImporter/UnityEditor.QuickSearchModule:UnityEditor.Search:ASIAI0B' with importer (ScriptedImporter : UnityEditor.QuickSearchModule:UnityEditor.Search:ASIAI0B)
Imported 'GUID: aa356632480554016ab8f4200032981b' -> (Import Result ID: '7ca97c17103a24a73b95a14da0485baa') in 0.003 seconds [static and dynamic dependencies]. Details - ImportResultOutputID=f250aca2ac7536015fb62d0411d3e0a9 DependenciesID=520f77f9b15ac001aa5b18d4248e4ae4 StaticDependenciesID=34eeeea841e32e166dff246481ae1ec1 
Number of updated asset objects reloaded before import = 0
Number of asset objects unloaded after import = 1
========================================================================
Received Import Request.
  Time of request: 2026-08-27T08:30:32.171675Z
  Time since last request: 0.015035833 seconds.
  importAddress: GUID: 640e1e705a694e56835bacff3d7f7b4b - Path: Packages/com.unity.inputsystem/InputSystem/Utilities/InternedString.cs - Importer: ScriptedImporter/UnityEditor.QuickSearchModule:UnityEditor.Search:ASIAI0B
Importing 'GUID: 640e1e705a694e56835bacff3d7f7b4b - Path: Packages/com.unity.inputsystem/InputSystem/Utilities/InternedString.cs - Importer: ScriptedImporter/UnityEditor.QuickSearchModule:UnityEditor.Search:ASIAI0B' with importer (ScriptedImporter : UnityEditor.QuickSearchModule:UnityEditor.Search:ASIAI0B)
Imported 'GUID: 640e1e705a694e56835bacff3d7f7b4b' -> (Import Result ID: '275c2d1d9de7673dfa06a2e86e8e2738') in 0.001 seconds [static and dynamic dependencies]. Details - ImportResultOutputID=7858361ebaa675ff121f7b7544e9ef6f DependenciesID=6bdbc87c6c6830dca83d368f31911f4d StaticDependenciesID=b54526f585c06f63869c35f3c36859a3 
Number of updated asset objects reloaded before import = 0
Number of asset objects unloaded after import = 0
========================================================================
Received Import Request.
  Time of request: 2026-08-27T08:30:32.173088Z
  Time since last request: 0.000380125 seconds.
  importAddress: GUID: abbbcd5cf6184b818eaa56c5778a4110 - Path: Packages/com.unity.inputsystem/InputSystem/Devices - Importer: ScriptedImporter/UnityEditor.QuickSearchModule:UnityEditor.Search:ASIAI0B
Importing 'GUID: abbbcd5cf6184b818eaa56c5778a4110 - Path: Packages/com.unity.inputsystem/InputSystem/Devices - Importer: ScriptedImporter/UnityEditor.QuickSearchModule:UnityEditor.Search:ASIAI0B' with importer (ScriptedImporter : UnityEditor.QuickSearchModule:UnityEditor.Search:ASIAI0B)
Imported 'GUID: abbbcd5cf6184b818eaa56c5778a4110' -> (Import Result ID: '29140f903199350ac0f5113f91777cd4') in 0.001 seconds [static and dynamic dependencies]. Details - ImportResultOutputID=62d581ca7c3730a0563267468ad7467d DependenciesID=113df318ce1bae861cec9c365cc4cc85 StaticDependenciesID=63d35f43bbc8a787651f2bec5d9bdaae 
Number of updated asset objects reloaded before import = 0
Number of asset objects unloaded after import = 1
========================================================================
Received Import Request.
  Time of request: 2026-08-27T08:30:32.17432Z
  Time since last request: 0.000195833 seconds.
  importAddress: GUID: 6e6d0cbdd012f434392878fdc293f974 - Path: Packages/com.unity.inputsystem/InputSystem/Devices/Commands/QueryEnabledStateCommand.cs - Importer: ScriptedImporter/UnityEditor.QuickSearchModule:UnityEditor.Search:ASIAI0B
Importing 'GUID: 6e6d0cbdd012f434392878fdc293f974 - Path: Packages/com.unity.inputsystem/InputSystem/Devices/Commands/QueryEnabledStateCommand.cs - Importer: ScriptedImporter/UnityEditor.QuickSearchModule:UnityEditor.Search:ASIAI0B' with importer (ScriptedImporter : UnityEditor.QuickSearchModule:UnityEditor.Search:ASIAI0B)
Imported 'GUID: 6e6d0cbdd012f434392878fdc293f974' -> (Import Result ID: '6a9aaac764577f578abfebc8ac6c4ee0') in 0.001 seconds [static and dynamic dependencies]. Details - ImportResultOutputID=8418e39497f6467295964e48ddd8b66e DependenciesID=ebb7bbcbb7ae2e06277a1f944ca9e4e6 StaticDependenciesID=74496cdb459c8064cb0180e2dd181386 
Number of updated asset objects reloaded before import = 0
Number of asset objects unloaded after import = 0
========================================================================
Received Import Request.
  Time of request: 2026-08-27T08:30:32.175766Z
  Time since last request: 0.000426458 seconds.
  importAddress: GUID: 87ae93efe5d3b4262995b0acdc987d88 - Path: Packages/com.unity.inputsystem/InputSystem/Editor/Icons/Keyboard@2x.png - Importer: ScriptedImporter/UnityEditor.QuickSearchModule:UnityEditor.Search:ASIAI0B
Importing 'GUID: 87ae93efe5d3b4262995b0acdc987d88 - Path: Packages/com.unity.inputsystem/InputSystem/Editor/Icons/Keyboard@2x.png - Importer: ScriptedImporter/UnityEditor.QuickSearchModule:UnityEditor.Search:ASIAI0B' with importer (ScriptedImporter : UnityEditor.QuickSearchModule:UnityEditor.Search:ASIAI0B)
Imported 'GUID: 87ae93efe5d3b4262995b0acdc987d88' -> (Import Result ID: '35ab51a6719efe018cb20b97706b4ea2') in 0.003 seconds [static and dynamic dependencies]. Details - ImportResultOutputID=2ef047cc38ae53e75c3c73dcdb86afa2 DependenciesID=6ca722e206286325925239dc5f903351 StaticDependenciesID=97fe39926eb9a9ee1d95cb484e97453d 
Number of updated asset objects reloaded before import = 0
Number of asset objects unloaded after import = 1
========================================================================
Received Import Request.
  Time of request: 2026-08-27T08:30:32.179339Z
  Time since last request: 0.000282375 seconds.
  importAddress: GUID: d8ce1fd8f845226439f6b4ee991c9f78 - Path: Packages/com.unity.inputsystem/InputSystem/Devices/Commands/QueryDimensionsCommand.cs - Importer: ScriptedImporter/UnityEditor.QuickSearchModule:UnityEditor.Search:ASIAI0B
Importing 'GUID: d8ce1fd8f845226439f6b4ee991c9f78 - Path: Packages/com.unity.inputsystem/InputSystem/Devices/Commands/QueryDimensionsCommand.cs - Importer: ScriptedImporter/UnityEditor.QuickSearchModule:UnityEditor.Search:ASIAI0B' with importer (ScriptedImporter : UnityEditor.QuickSearchModule:UnityEditor.Search:ASIAI0B)
Imported 'GUID: d8ce1fd8f845226439f6b4ee991c9f78' -> (Import Result ID: '468a3cec362377d98a9411c3b67a2466') in 0.001 seconds [static and dynamic dependencies]. Details - ImportResultOutputID=5b5bf82cdb274b3a8f1bab811bcee8fd DependenciesID=1b1e7e6dc7a43f28d026fb465f7809d3 StaticDependenciesID=3c9a44966f4731efa4bfecaeb45656df 
Number of updated asset objects reloaded before import = 0
Number of asset objects unloaded after import = 0
========================================================================
Received Import Request.
  Time of request: 2026-08-27T08:30:32.180689Z
  Time since last request: 0.000249375 seconds.
  importAddress: GUID: e01ab4b854c6d4fa3a8d869b67ecd643 - Path: Packages/com.unity.inputsystem/InputSystem/Editor/Icons/d_Axis@4x.png - Importer: ScriptedImporter/UnityEditor.QuickSearchModule:UnityEditor.Search:ASIAI0B
Importing 'GUID: e01ab4b854c6d4fa3a8d869b67ecd643 - Path: Packages/com.unity.inputsystem/InputSystem/Editor/Icons/d_Axis@4x.png - Importer: ScriptedImporter/UnityEditor.QuickSearchModule:UnityEditor.Search:ASIAI0B' with importer (ScriptedImporter : UnityEditor.QuickSearchModule:UnityEditor.Search:ASIAI0B)
Imported 'GUID: e01ab4b854c6d4fa3a8d869b67ecd643' -> (Import Result ID: 'f11276782ff840a477267ae32db9088c') in 0.002 seconds [static and dynamic dependencies]. Details - ImportResultOutputID=cfe022809ceca76933e7415e0a7809d6 DependenciesID=5e03b03f89f37abffda6cfbe83e54dc5 StaticDependenciesID=6d554ce0694ff99642e8a1b5d2f40537 
Number of updated asset objects reloaded before import = 0
Number of asset objects unloaded after import = 1
========================================================================
Received Import Request.
  Time of request: 2026-08-27T08:30:32.183133Z
  Time since last request: 0.000326 seconds.
  importAddress: GUID: 96500a17645c67442a0ccdca007e6d28 - Path: Packages/com.unity.inputsystem/InputSystem/Plugins/InputForUI - Importer: ScriptedImporter/UnityEditor.QuickSearchModule:UnityEditor.Search:ASIAI0B
Importing 'GUID: 96500a17645c67442a0ccdca007e6d28 - Path: Packages/com.unity.inputsystem/InputSystem/Plugins/InputForUI - Importer: ScriptedImporter/UnityEditor.QuickSearchModule:UnityEditor.Search:ASIAI0B' with importer (ScriptedImporter : UnityEditor.QuickSearchModule:UnityEditor.Search:ASIAI0B)
Imported 'GUID: 96500a17645c67442a0ccdca007e6d28' -> (Import Result ID: '4a47aaa2d7e2604e1000177340f8f427') in 0.001 seconds [static and dynamic dependencies]. Details - ImportResultOutputID=6ee9eae2fc0bbf4752afb754e9233f23 DependenciesID=dc1a7d5918e207366a77f3cd6317f579 StaticDependenciesID=18ba26f98dd8e6a0d8cbd390e4bff9a2 
Number of updated asset objects reloaded before import = 0
Number of asset objects unloaded after import = 1
========================================================================
Received Import Request.
  Time of request: 2026-08-27T08:30:32.184271Z
  Time since last request: 0.000213625 seconds.
  importAddress: GUID: ea8b7319643924985a9ee4ca18b8db59 - Path: Packages/com.unity.inputsystem/InputSystem/Editor/Icons/Pen.png - Importer: ScriptedImporter/UnityEditor.QuickSearchModule:UnityEditor.Search:ASIAI0B
Importing 'GUID: ea8b7319643924985a9ee4ca18b8db59 - Path: Packages/com.unity.inputsystem/InputSystem/Editor/Icons/Pen.png - Importer: ScriptedImporter/UnityEditor.QuickSearchModule:UnityEditor.Search:ASIAI0B' with importer (ScriptedImporter : UnityEditor.QuickSearchModule:UnityEditor.Search:ASIAI0B)
Imported 'GUID: ea8b7319643924985a9ee4ca18b8db59' -> (Import Result ID: 'b4892b42ee23629b7b1a64327c3f0376') in 0.003 seconds [static and dynamic dependencies]. Details - ImportResultOutputID=ff4ec67fcd6c6aa002b38bdf8aa7f19d DependenciesID=aa84f8d3b17ac2e2ab12cdff232a3dac StaticDependenciesID=f68fd6aefea023b2e0e0d32eb9c1e87f 
Number of updated asset objects reloaded before import = 0
Number of asset objects unloaded after import = 1
========================================================================
Received Import Request.
  Time of request: 2026-08-27T08:30:32.187267Z
  Time since last request: 0.000268833 seconds.
  importAddress: GUID: 097288e93d94f44438e9ef4dc93f7346 - Path: Packages/com.unity.inputsystem/InputSystem/Plugins/XR - Importer: ScriptedImporter/UnityEditor.QuickSearchModule:UnityEditor.Search:ASIAI0B
Importing 'GUID: 097288e93d94f44438e9ef4dc93f7346 - Path: Packages/com.unity.inputsystem/InputSystem/Plugins/XR - Importer: ScriptedImporter/UnityEditor.QuickSearchModule:UnityEditor.Search:ASIAI0B' with importer (ScriptedImporter : UnityEditor.QuickSearchModule:UnityEditor.Search:ASIAI0B)
Imported 'GUID: 097288e93d94f44438e9ef4dc93f7346' -> (Import Result ID: 'c25af497370dfc8e747fd80cce6ff3eb') in 0.001 seconds [static and dynamic dependencies]. Details - ImportResultOutputID=948ca67a0c848209f0ca5df1a02dfd05 DependenciesID=f135b36b06dd8493bec68da309b0f988 StaticDependenciesID=7f93bb9abffd3546df0af0a2350da404 
Number of updated asset objects reloaded before import = 0
Number of asset objects unloaded after import = 1
========================================================================
Received Import Request.
  Time of request: 2026-08-27T08:30:32.188437Z
  Time since last request: 0.000244291 seconds.
  importAddress: GUID: 620180a2562c422893989c28645cef24 - Path: Packages/com.unity.inputsystem/InputSystem/Devices/Commands/QueryKeyboardLayoutCommand.cs - Importer: ScriptedImporter/UnityEditor.QuickSearchModule:UnityEditor.Search:ASIAI0B
Importing 'GUID: 620180a2562c422893989c28645cef24 - Path: Packages/com.unity.inputsystem/InputSystem/Devices/Commands/QueryKeyboardLayoutCommand.cs - Importer: ScriptedImporter/UnityEditor.QuickSearchModule:UnityEditor.Search:ASIAI0B' with importer (ScriptedImporter : UnityEditor.QuickSearchModule:UnityEditor.Search:ASIAI0B)
Imported 'GUID: 620180a2562c422893989c28645cef24' -> (Import Result ID: '429a893902431de3567a9daea191f7f5') in 0.001 seconds [static and dynamic dependencies]. Details - ImportResultOutputID=ca0c42c442cd7e199e24c2392793b3e4 DependenciesID=87e0a0df5343dd07d691c65760eacad2 StaticDependenciesID=6ce2eb792d768b148166bedc36679de1 
Number of updated asset objects reloaded before import = 0
Number of asset objects unloaded after import = 0
========================================================================
Received Import Request.
  Time of request: 2026-08-27T08:30:32.189535Z
  Time since last request: 0.000149292 seconds.
  importAddress: GUID: 1918e7bff8ff44878a0003977ca03971 - Path: Packages/com.unity.inputsystem/InputSystem/Editor/Icons/d_Mouse@4x.png - Importer: ScriptedImporter/UnityEditor.QuickSearchModule:UnityEditor.Search:ASIAI0B
Importing 'GUID: 1918e7bff8ff44878a0003977ca03971 - Path: Packages/com.unity.inputsystem/InputSystem/Editor/Icons/d_Mouse@4x.png - Importer: ScriptedImporter/UnityEditor.QuickSearchModule:UnityEditor.Search:ASIAI0B' with importer (ScriptedImporter : UnityEditor.QuickSearchModule:UnityEditor.Search:ASIAI0B)
Imported 'GUID: 1918e7bff8ff44878a0003977ca03971' -> (Import Result ID: '17fbfe1f034e8a75321b527f4702db7e') in 0.002 seconds [static and dynamic dependencies]. Details - ImportResultOutputID=78fe765c526946f84064ee9e346342d6 DependenciesID=5603a13aef7fe2a75d0ec9889ac016f4 StaticDependenciesID=bf1e1c021aaa92353a3918e5c6cce458 
Number of updated asset objects reloaded before import = 0
Number of asset objects unloaded after import = 1
========================================================================
Received Import Request.
  Time of request: 2026-08-27T08:30:32.191904Z
  Time since last request: 0.000199625 seconds.
  importAddress: GUID: b60b9eb0384c345c89435d0982a6e4fd - Path: Packages/com.unity.inputsystem/InputSystem/Editor/Icons/d_Dpad.png - Importer: ScriptedImporter/UnityEditor.QuickSearchModule:UnityEditor.Search:ASIAI0B
Importing 'GUID: b60b9eb0384c345c89435d0982a6e4fd - Path: Packages/com.unity.inputsystem/InputSystem/Editor/Icons/d_Dpad.png - Importer: ScriptedImporter/UnityEditor.QuickSearchModule:UnityEditor.Search:ASIAI0B' with importer (ScriptedImporter : UnityEditor.QuickSearchModule:UnityEditor.Search:ASIAI0B)
Imported 'GUID: b60b9eb0384c345c89435d0982a6e4fd' -> (Import Result ID: 'da28be5cdf06301aacd2c591731e445c') in 0.003 seconds [static and dynamic dependencies]. Details - ImportResultOutputID=b362a3c32eeeba6bdd5596bc9e19dedc DependenciesID=f2b4790446a24e521f4559e42f45335d StaticDependenciesID=f8dd4491f0164e59b0ec6d18f263a6de 
Number of updated asset objects reloaded before import = 0
Number of asset objects unloaded after import = 1
========================================================================
Received Import Request.
  Time of request: 2026-08-27T08:30:32.194701Z
  Time since last request: 0.000202 seconds.
  importAddress: GUID: 857f018a2ed885449804cf82b4fec116 - Path: Packages/com.unity.inputsystem/Tests/IntegrationTests - Importer: ScriptedImporter/UnityEditor.QuickSearchModule:UnityEditor.Search:ASIAI0B
Importing 'GUID: 857f018a2ed885449804cf82b4fec116 - Path: Packages/com.unity.inputsystem/Tests/IntegrationTests - Importer: ScriptedImporter/UnityEditor.QuickSearchModule:UnityEditor.Search:ASIAI0B' with importer (ScriptedImporter : UnityEditor.QuickSearchModule:UnityEditor.Search:ASIAI0B)
Imported 'GUID: 857f018a2ed885449804cf82b4fec116' -> (Import Result ID: '563933fb2360c967dd95a4f875f0aa8a') in 0.001 seconds [static and dynamic dependencies]. Details - ImportResultOutputID=dad688108e9313ae1e02da41fabd2dc4 DependenciesID=9db2f2ed7976b1e4e3cd31238d8b97ba StaticDependenciesID=b4de63eadcceeecb6a922660af26272b 
Number of updated asset objects reloaded before import = 0
Number of asset objects unloaded after import = 1
========================================================================
Received Import Request.
  Time of request: 2026-08-27T08:30:32.195594Z
  Time since last request: 0.000200125 seconds.
  importAddress: GUID: cac8742b1b72b44699fd1663287ca47d - Path: Packages/com.unity.inputsystem/InputSystem/Editor/Icons/Interactive Binding@3x.png - Importer: ScriptedImporter/UnityEditor.QuickSearchModule:UnityEditor.Search:ASIAI0B
Importing 'GUID: cac8742b1b72b44699fd1663287ca47d - Path: Packages/com.unity.inputsystem/InputSystem/Editor/Icons/Interactive Binding@3x.png - Importer: ScriptedImporter/UnityEditor.QuickSearchModule:UnityEditor.Search:ASIAI0B' with importer (ScriptedImporter : UnityEditor.QuickSearchModule:UnityEditor.Search:ASIAI0B)
Imported 'GUID: cac8742b1b72b44699fd1663287ca47d' -> (Import Result ID: 'e02e145c196c8e4f639b7d812dc40cbb') in 0.003 seconds [static and dynamic dependencies]. Details - ImportResultOutputID=bfdd251bcf8850844029bab1f944eac3 DependenciesID=060c691d97f1a488dec0897e1d069c9e StaticDependenciesID=f504b27709ac6d2e743119abd5671c2c 
Number of updated asset objects reloaded before import = 0
Number of asset objects unloaded after import = 1
========================================================================
Received Import Request.
  Time of request: 2026-08-27T08:30:32.198999Z
  Time since last request: 0.000261208 seconds.
  importAddress: GUID: 3afbef7bebf197d43b2352b971a4e15f - Path: Packages/com.unity.inputsystem/InputSystem/Actions/Interactions/SlowTapInteraction.cs - Importer: ScriptedImporter/UnityEditor.QuickSearchModule:UnityEditor.Search:ASIAI0B
Importing 'GUID: 3afbef7bebf197d43b2352b971a4e15f - Path: Packages/com.unity.inputsystem/InputSystem/Actions/Interactions/SlowTapInteraction.cs - Importer: ScriptedImporter/UnityEditor.QuickSearchModule:UnityEditor.Search:ASIAI0B' with importer (ScriptedImporter : UnityEditor.QuickSearchModule:UnityEditor.Search:ASIAI0B)
Imported 'GUID: 3afbef7bebf197d43b2352b971a4e15f' -> (Import Result ID: '441cd7394b24f5900eed45edc8377102') in 0.001 seconds [static and dynamic dependencies]. Details - ImportResultOutputID=eb8c3d611196bf777d2fcebaa2dd946b DependenciesID=25e778d49ac1b5b0eae3e97cfd1e16f2 StaticDependenciesID=6011490d33efc594810535b539a10133 
Number of updated asset objects reloaded before import = 0
Number of asset objects unloaded after import = 0
========================================================================
Received Import Request.
  Time of request: 2026-08-27T08:30:32.20032Z
  Time since last request: 0.000212833 seconds.
  importAddress: GUID: 5d96795fd770f47d69d997b053532730 - Path: Packages/com.unity.inputsystem/InputSystem/Editor/Icons/d_ChevronDown@3x.png - Importer: ScriptedImporter/UnityEditor.QuickSearchModule:UnityEditor.Search:ASIAI0B
Importing 'GUID: 5d96795fd770f47d69d997b053532730 - Path: Packages/com.unity.inputsystem/InputSystem/Editor/Icons/d_ChevronDown@3x.png - Importer: ScriptedImporter/UnityEditor.QuickSearchModule:UnityEditor.Search:ASIAI0B' with importer (ScriptedImporter : UnityEditor.QuickSearchModule:UnityEditor.Search:ASIAI0B)
Imported 'GUID: 5d96795fd770f47d69d997b053532730' -> (Import Result ID: '42dc736cadcb428256483ca29e8b3303') in 0.002 seconds [static and dynamic dependencies]. Details - ImportResultOutputID=1a907cedacff19e569472fceea0cb287 DependenciesID=8f8a84e5a3ac662ac3d777d7b8a58e9b StaticDependenciesID=4dea209760c8d261eed1b53cfd986e9b 
Number of updated asset objects reloaded before import = 0
Number of asset objects unloaded after import = 1
========================================================================
Received Import Request.
  Time of request: 2026-08-27T08:30:32.202908Z
  Time since last request: 0.000255417 seconds.
  importAddress: GUID: a27b7d2db78661c429e29911c09f8f4c - Path: Packages/com.unity.inputsystem/InputSystem/Plugins/Switch - Importer: ScriptedImporter/UnityEditor.QuickSearchModule:UnityEditor.Search:ASIAI0B
Importing 'GUID: a27b7d2db78661c429e29911c09f8f4c - Path: Packages/com.unity.inputsystem/InputSystem/Plugins/Switch - Importer: ScriptedImporter/UnityEditor.QuickSearchModule:UnityEditor.Search:ASIAI0B' with importer (ScriptedImporter : UnityEditor.QuickSearchModule:UnityEditor.Search:ASIAI0B)
Imported 'GUID: a27b7d2db78661c429e29911c09f8f4c' -> (Import Result ID: 'dc2247d988ecef179dc5052047f3862d') in 0.001 seconds [static and dynamic dependencies]. Details - ImportResultOutputID=6ad90757857a6a4a6df75e0bd0c184a9 DependenciesID=164ccaf4d269b47bd0fe11eb32f59a25 StaticDependenciesID=5f063108418dfd371bd306f9f6266c05 
Number of updated asset objects reloaded before import = 0
Number of asset objects unloaded after import = 1
========================================================================
Received Import Request.
  Time of request: 2026-08-27T08:30:32.204096Z
  Time since last request: 0.0002855 seconds.
  importAddress: GUID: aa489f950f62d2948a1d96092e5a708a - Path: Packages/com.unity.inputsystem/InputSystem/Plugins/UI/UISupport.cs - Importer: ScriptedImporter/UnityEditor.QuickSearchModule:UnityEditor.Search:ASIAI0B
Importing 'GUID: aa489f950f62d2948a1d96092e5a708a - Path: Packages/com.unity.inputsystem/InputSystem/Plugins/UI/UISupport.cs - Importer: ScriptedImporter/UnityEditor.QuickSearchModule:UnityEditor.Search:ASIAI0B' with importer (ScriptedImporter : UnityEditor.QuickSearchModule:UnityEditor.Search:ASIAI0B)
Imported 'GUID: aa489f950f62d2948a1d96092e5a708a' -> (Import Result ID: '26d6ee8329722c47c46931ab97de96e5') in 0.001 seconds [static and dynamic dependencies]. Details - ImportResultOutputID=1b1b58ca24f1b308ee01cf0354a00bb7 DependenciesID=5d8584101b653150109701cce93344ff StaticDependenciesID=50aa5ff4678707963e65ffedc320b0e2 
Number of updated asset objects reloaded before import = 0
Number of asset objects unloaded after import = 0
========================================================================
Received Import Request.
  Time of request: 2026-08-27T08:30:32.205193Z
  Time since last request: 0.000312542 seconds.
  importAddress: GUID: a0b78c5ab9d654a9daba91ff774b4931 - Path: Packages/com.unity.inputsystem/InputSystem/Editor/Icons/Mouse@4x.png - Importer: ScriptedImporter/UnityEditor.QuickSearchModule:UnityEditor.Search:ASIAI0B
Importing 'GUID: a0b78c5ab9d654a9daba91ff774b4931 - Path: Packages/com.unity.inputsystem/InputSystem/Editor/Icons/Mouse@4x.png - Importer: ScriptedImporter/UnityEditor.QuickSearchModule:UnityEditor.Search:ASIAI0B' with importer (ScriptedImporter : UnityEditor.QuickSearchModule:UnityEditor.Search:ASIAI0B)
Imported 'GUID: a0b78c5ab9d654a9daba91ff774b4931' -> (Import Result ID: '182c8a0e6c5a6014f1c196a74e2cf48f') in 0.002 seconds [static and dynamic dependencies]. Details - ImportResultOutputID=d7f97995264e88c5ea14b9f5ead4ee21 DependenciesID=fb035ac5cdc09445261cdc902e298bd0 StaticDependenciesID=18ae61d9b0883e50d74a82eff9138b5e 
Number of updated asset objects reloaded before import = 0
Number of asset objects unloaded after import = 1
========================================================================
Received Import Request.
  Time of request: 2026-08-27T08:30:32.207707Z
  Time since last request: 0.000192208 seconds.
  importAddress: GUID: 92ae37f8da4c25141a0c43e136275e46 - Path: Packages/com.unity.inputsystem/InputSystem/Plugins/OnScreen/OnScreenControl.cs - Importer: ScriptedImporter/UnityEditor.QuickSearchModule:UnityEditor.Search:ASIAI0B
Importing 'GUID: 92ae37f8da4c25141a0c43e136275e46 - Path: Packages/com.unity.inputsystem/InputSystem/Plugins/OnScreen/OnScreenControl.cs - Importer: ScriptedImporter/UnityEditor.QuickSearchModule:UnityEditor.Search:ASIAI0B' with importer (ScriptedImporter : UnityEditor.QuickSearchModule:UnityEditor.Search:ASIAI0B)
Imported 'GUID: 92ae37f8da4c25141a0c43e136275e46' -> (Import Result ID: 'e8b23607f86c76a00270605a5168a9ae') in 0.001 seconds [static and dynamic dependencies]. Details - ImportResultOutputID=0d8168a02dd89a922dc760d89aa87a48 DependenciesID=a161bd8e71ed2204d2b79d49706b4378 StaticDependenciesID=727ca3992e320d523624d9dc0c4fbdde 
Number of updated asset objects reloaded before import = 0
Number of asset objects unloaded after import = 0
========================================================================
Received Import Request.
  Time of request: 2026-08-27T08:30:32.209287Z
  Time since last request: 0.000492917 seconds.
  importAddress: GUID: 75469ad4d38634e559750d17036d5f7c - Path: Packages/com.unity.inputsystem/InputSystem/Unity.InputSystem.asmdef - Importer: ScriptedImporter/UnityEditor.QuickSearchModule:UnityEditor.Search:ASIAI0B
Importing 'GUID: 75469ad4d38634e559750d17036d5f7c - Path: Packages/com.unity.inputsystem/InputSystem/Unity.InputSystem.asmdef - Importer: ScriptedImporter/UnityEditor.QuickSearchModule:UnityEditor.Search:ASIAI0B' with importer (ScriptedImporter : UnityEditor.QuickSearchModule:UnityEditor.Search:ASIAI0B)
Imported 'GUID: 75469ad4d38634e559750d17036d5f7c' -> (Import Result ID: 'df8194b2f765f489999a4046dc547a0c') in 0.001 seconds [static and dynamic dependencies]. Details - ImportResultOutputID=cdc786fbed0ae4d8dc44ba78c8de8cc7 DependenciesID=3957e404a43fda291b3f4d2321bc67ee StaticDependenciesID=855523679f1ae800dc606a730920bce8 
Number of updated asset objects reloaded before import = 0
Number of asset objects unloaded after import = 1
========================================================================
Received Import Request.
  Time of request: 2026-08-27T08:30:32.21047Z
  Time since last request: 0.000180333 seconds.
  importAddress: GUID: b9817b64a59aab947a96a4cf6247d018 - Path: Packages/com.unity.inputsystem/InputSystem/Plugins/OSX/OSXGameController.cs - Importer: ScriptedImporter/UnityEditor.QuickSearchModule:UnityEditor.Search:ASIAI0B
Importing 'GUID: b9817b64a59aab947a96a4cf6247d018 - Path: Packages/com.unity.inputsystem/InputSystem/Plugins/OSX/OSXGameController.cs - Importer: ScriptedImporter/UnityEditor.QuickSearchModule:UnityEditor.Search:ASIAI0B' with importer (ScriptedImporter : UnityEditor.QuickSearchModule:UnityEditor.Search:ASIAI0B)
Imported 'GUID: b9817b64a59aab947a96a4cf6247d018' -> (Import Result ID: 'd5057318e696244e6e1773c0c4791783') in 0.001 seconds [static and dynamic dependencies]. Details - ImportResultOutputID=7f01105b67c21ee1fcb7f2aec3d6db9f DependenciesID=4d0c5530864ed5d453bc983582ccf4ef StaticDependenciesID=9bf751703f5623ecd868bc3c8615e96f 
Number of updated asset objects reloaded before import = 0
Number of asset objects unloaded after import = 0
========================================================================
Received Import Request.
  Time of request: 2026-08-27T08:30:32.211531Z
  Time since last request: 0.00026075 seconds.
  importAddress: GUID: 6c1147159d9dc42948601b29dfc9a40c - Path: Packages/com.unity.inputsystem/InputSystem/Editor/Icons/Dpad@3x.png - Importer: ScriptedImporter/UnityEditor.QuickSearchModule:UnityEditor.Search:ASIAI0B
Importing 'GUID: 6c1147159d9dc42948601b29dfc9a40c - Path: Packages/com.unity.inputsystem/InputSystem/Editor/Icons/Dpad@3x.png - Importer: ScriptedImporter/UnityEditor.QuickSearchModule:UnityEditor.Search:ASIAI0B' with importer (ScriptedImporter : UnityEditor.QuickSearchModule:UnityEditor.Search:ASIAI0B)
Imported 'GUID: 6c1147159d9dc42948601b29dfc9a40c' -> (Import Result ID: '046d98ab148d91f98218c9bca317b2e2') in 0.003 seconds [static and dynamic dependencies]. Details - ImportResultOutputID=41f73438650daff874d3c03109e6ffc5 DependenciesID=02ad8ab7b73e3ab57fe8c0bed8346d28 StaticDependenciesID=4ceae95201b7c252fb4ec41ac5416e98 
Number of updated asset objects reloaded before import = 0
Number of asset objects unloaded after import = 1
========================================================================
Received Import Request.
  Time of request: 2026-08-27T08:30:32.21512Z
  Time since last request: 0.00028225 seconds.
  importAddress: GUID: fa26399d579948dd90c6ff298cdb0570 - Path: Packages/com.unity.inputsystem/InputSystem/Plugins/DualShock/DualShockSupport.cs - Importer: ScriptedImporter/UnityEditor.QuickSearchModule:UnityEditor.Search:ASIAI0B
Importing 'GUID: fa26399d579948dd90c6ff298cdb0570 - Path: Packages/com.unity.inputsystem/InputSystem/Plugins/DualShock/DualShockSupport.cs - Importer: ScriptedImporter/UnityEditor.QuickSearchModule:UnityEditor.Search:ASIAI0B' with importer (ScriptedImporter : UnityEditor.QuickSearchModule:UnityEditor.Search:ASIAI0B)
Imported 'GUID: fa26399d579948dd90c6ff298cdb0570' -> (Import Result ID: '9d48fe4057dfe3162bc3ad102b742f2a') in 0.001 seconds [static and dynamic dependencies]. Details - ImportResultOutputID=67a7f01b7e55fa10d024a0be5d03eba9 DependenciesID=de7375ff80f02a5ee675d318d35af479 StaticDependenciesID=fdf96ceda96ebc6a1eddfbd76ea65133 
Number of updated asset objects reloaded before import = 0
Number of asset objects unloaded after import = 0
========================================================================
Received Import Request.
  Time of request: 2026-08-27T08:30:32.216214Z
  Time since last request: 0.0002785 seconds.
  importAddress: GUID: 2a5d0a7febdc741039abf135883517e5 - Path: Packages/com.unity.inputsystem/InputSystem/Editor/Icons/Button.png - Importer: ScriptedImporter/UnityEditor.QuickSearchModule:UnityEditor.Search:ASIAI0B
Importing 'GUID: 2a5d0a7febdc741039abf135883517e5 - Path: Packages/com.unity.inputsystem/InputSystem/Editor/Icons/Button.png - Importer: ScriptedImporter/UnityEditor.QuickSearchModule:UnityEditor.Search:ASIAI0B' with importer (ScriptedImporter : UnityEditor.QuickSearchModule:UnityEditor.Search:ASIAI0B)
Imported 'GUID: 2a5d0a7febdc741039abf135883517e5' -> (Import Result ID: '7028dcc0f6e1222692399f4574494908') in 0.002 seconds [static and dynamic dependencies]. Details - ImportResultOutputID=36979f76e442e651438b066169114e21 DependenciesID=9ce6fb524e3c63dfe1d83317edfec3d5 StaticDependenciesID=3906c8a72bbd26ea8c8d63586d93d221 
Number of updated asset objects reloaded before import = 0
Number of asset objects unloaded after import = 1
========================================================================
Received Import Request.
  Time of request: 2026-08-27T08:30:32.218496Z
  Time since last request: 0.000279125 seconds.
  importAddress: GUID: 250f0b2038f8466aaa09814a4b1c5f46 - Path: Packages/com.unity.inputsystem/InputSystem/Devices/InputDevice.cs - Importer: ScriptedImporter/UnityEditor.QuickSearchModule:UnityEditor.Search:ASIAI0B
Importing 'GUID: 250f0b2038f8466aaa09814a4b1c5f46 - Path: Packages/com.unity.inputsystem/InputSystem/Devices/InputDevice.cs - Importer: ScriptedImporter/UnityEditor.QuickSearchModule:UnityEditor.Search:ASIAI0B' with importer (ScriptedImporter : UnityEditor.QuickSearchModule:UnityEditor.Search:ASIAI0B)
Imported 'GUID: 250f0b2038f8466aaa09814a4b1c5f46' -> (Import Result ID: '6e5fe610bc2363b83c891a71522899ae') in 0.001 seconds [static and dynamic dependencies]. Details - ImportResultOutputID=f0e807a4d803edb7e0322dd0fb885284 DependenciesID=f3ee7945c6eb60e86c70638461d33041 StaticDependenciesID=63c4df07e09487b8d8c3184ed0ba8775 
Number of updated asset objects reloaded before import = 0
Number of asset objects unloaded after import = 0
========================================================================
Received Import Request.
  Time of request: 2026-08-27T08:30:32.220009Z
  Time since last request: 0.000594292 seconds.
  importAddress: GUID: 424b6720ff5999446843ba414e58a907 - Path: Packages/com.unity.inputsystem/InputSystem/Plugins/UI/VirtualMouseInput.cs - Importer: ScriptedImporter/UnityEditor.QuickSearchModule:UnityEditor.Search:ASIAI0B
Importing 'GUID: 424b6720ff5999446843ba414e58a907 - Path: Packages/com.unity.inputsystem/InputSystem/Plugins/UI/VirtualMouseInput.cs - Importer: ScriptedImporter/UnityEditor.QuickSearchModule:UnityEditor.Search:ASIAI0B' with importer (ScriptedImporter : UnityEditor.QuickSearchModule:UnityEditor.Search:ASIAI0B)
Imported 'GUID: 424b6720ff5999446843ba414e58a907' -> (Import Result ID: '48ae2501bfa8ffc5206e9a9b3b11e6a2') in 0.001 seconds [static and dynamic dependencies]. Details - ImportResultOutputID=aded2c9bd3dce9816ba375859b4358c9 DependenciesID=6ea3083a5cc512326d1ea409d05c9fd4 StaticDependenciesID=ac197c69c48db8544a41bf19b47c1aa3 
Number of updated asset objects reloaded before import = 0
Number of asset objects unloaded after import = 0
========================================================================
Received Import Request.
  Time of request: 2026-08-27T08:30:32.221287Z
  Time since last request: 0.000338667 seconds.
  importAddress: GUID: 2e27a82b5cc4e4ef98cbef2d0b324aed - Path: Packages/com.unity.inputsystem/InputSystem/Editor/Icons/Axis@3x.png - Importer: ScriptedImporter/UnityEditor.QuickSearchModule:UnityEditor.Search:ASIAI0B
Importing 'GUID: 2e27a82b5cc4e4ef98cbef2d0b324aed - Path: Packages/com.unity.inputsystem/InputSystem/Editor/Icons/Axis@3x.png - Importer: ScriptedImporter/UnityEditor.QuickSearchModule:UnityEditor.Search:ASIAI0B' with importer (ScriptedImporter : UnityEditor.QuickSearchModule:UnityEditor.Search:ASIAI0B)
Imported 'GUID: 2e27a82b5cc4e4ef98cbef2d0b324aed' -> (Import Result ID: 'e244e4160898da5d755037fe5c038c25') in 0.002 seconds [static and dynamic dependencies]. Details - ImportResultOutputID=6237819ffd61c58e18f4afc0bad50142 DependenciesID=13162555ceeaa8674367e60bc630b27b StaticDependenciesID=abc4e274d2c132d072971ec20b73d38b 
Number of updated asset objects reloaded before import = 0
Number of asset objects unloaded after import = 1
========================================================================
Received Import Request.
  Time of request: 2026-08-27T08:30:32.224096Z
  Time since last request: 0.00028325 seconds.
  importAddress: GUID: 9c425cd71d0042cbbd24386f4e4b9ec1 - Path: Packages/com.unity.inputsystem/InputSystem/Devices/Precompiled/FastMouse.partial.cs - Importer: ScriptedImporter/UnityEditor.QuickSearchModule:UnityEditor.Search:ASIAI0B
Importing 'GUID: 9c425cd71d0042cbbd24386f4e4b9ec1 - Path: Packages/com.unity.inputsystem/InputSystem/Devices/Precompiled/FastMouse.partial.cs - Importer: ScriptedImporter/UnityEditor.QuickSearchModule:UnityEditor.Search:ASIAI0B' with importer (ScriptedImporter : UnityEditor.QuickSearchModule:UnityEditor.Search:ASIAI0B)
Imported 'GUID: 9c425cd71d0042cbbd24386f4e4b9ec1' -> (Import Result ID: 'c8835f59272631be10810b7d21f1feb2') in 0.001 seconds [static and dynamic dependencies]. Details - ImportResultOutputID=cdcb465064c740f5681ec342abbb4e99 DependenciesID=853d3e0bf0e5b0cc43de8293f7e612ea StaticDependenciesID=2dc0fc4a73b483d788d7472e2928a036 
Number of updated asset objects reloaded before import = 0
Number of asset objects unloaded after import = 0
========================================================================
Received Import Request.
  Time of request: 2026-08-27T08:30:32.225345Z
  Time since last request: 0.000250542 seconds.
  importAddress: GUID: 015a929bdae646a99b91b756b998233f - Path: Packages/com.unity.inputsystem/InputSystem/Editor/AssetImporter/InputActionAssetIconLoader.cs - Importer: ScriptedImporter/UnityEditor.QuickSearchModule:UnityEditor.Search:ASIAI0B
Importing 'GUID: 015a929bdae646a99b91b756b998233f - Path: Packages/com.unity.inputsystem/InputSystem/Editor/AssetImporter/InputActionAssetIconLoader.cs - Importer: ScriptedImporter/UnityEditor.QuickSearchModule:UnityEditor.Search:ASIAI0B' with importer (ScriptedImporter : UnityEditor.QuickSearchModule:UnityEditor.Search:ASIAI0B)
Imported 'GUID: 015a929bdae646a99b91b756b998233f' -> (Import Result ID: '92d0ab791185fc516e062f9e481c73db') in 0.001 seconds [static and dynamic dependencies]. Details - ImportResultOutputID=1d37fb6fe54fe583388caa10c2cc69cc DependenciesID=e897a1e89000a3c63b0c19242af10492 StaticDependenciesID=2fa5f06e6c072cc7d997892ac6a079d2 
Number of updated asset objects reloaded before import = 0
Number of asset objects unloaded after import = 0
========================================================================
Received Import Request.
  Time of request: 2026-08-27T08:30:32.228851Z
  Time since last request: 0.002747791 seconds.
  importAddress: GUID: e22caa7f1befe4d4db80921ba3cdabdb - Path: Packages/com.unity.inputsystem/InputSystem/Editor/Internal/SerializedPropertyHelpers.cs - Importer: ScriptedImporter/UnityEditor.QuickSearchModule:UnityEditor.Search:ASIAI0B
Importing 'GUID: e22caa7f1befe4d4db80921ba3cdabdb - Path: Packages/com.unity.inputsystem/InputSystem/Editor/Internal/SerializedPropertyHelpers.cs - Importer: ScriptedImporter/UnityEditor.QuickSearchModule:UnityEditor.Search:ASIAI0B' with importer (ScriptedImporter : UnityEditor.QuickSearchModule:UnityEditor.Search:ASIAI0B)
Imported 'GUID: e22caa7f1befe4d4db80921ba3cdabdb' -> (Import Result ID: 'b210399d77d46d6427273dbb4cd3527c') in 0.001 seconds [static and dynamic dependencies]. Details - ImportResultOutputID=581c2f735bba358bd6efb22c7b772372 DependenciesID=fdde195899f42f10b3a743fe8530b769 StaticDependenciesID=8a0a348110d4e134824bb483c170c5b1 
Number of updated asset objects reloaded before import = 0
Number of asset objects unloaded after import = 0
========================================================================
Received Import Request.
  Time of request: 2026-08-27T08:30:32.230405Z
  Time since last request: 0.000393083 seconds.
  importAddress: GUID: 3bbc200178984676a2dcb977a2fe3bae - Path: Packages/com.unity.inputsystem/DocCodeSamples.Tests/GamepadHapticsExample.cs - Importer: ScriptedImporter/UnityEditor.QuickSearchModule:UnityEditor.Search:ASIAI0B
Importing 'GUID: 3bbc200178984676a2dcb977a2fe3bae - Path: Packages/com.unity.inputsystem/DocCodeSamples.Tests/GamepadHapticsExample.cs - Importer: ScriptedImporter/UnityEditor.QuickSearchModule:UnityEditor.Search:ASIAI0B' with importer (ScriptedImporter : UnityEditor.QuickSearchModule:UnityEditor.Search:ASIAI0B)
Imported 'GUID: 3bbc200178984676a2dcb977a2fe3bae' -> (Import Result ID: '9f95a6be4b70f818be6882c0153dbec9') in 0.001 seconds [static and dynamic dependencies]. Details - ImportResultOutputID=d62a642b7b0239af15daca5d4c9fe235 DependenciesID=06337101e59545fc41e329574f8712a8 StaticDependenciesID=4f80865f5000d74e338e08362fd4518c 
Number of updated asset objects reloaded before import = 0
Number of asset objects unloaded after import = 0
========================================================================
Received Import Request.
  Time of request: 2026-08-27T08:30:32.23153Z
  Time since last request: 0.000206542 seconds.
  importAddress: GUID: f1c1e9b3951e340e48a3d2c037d6f48b - Path: Packages/com.unity.inputsystem/Tests - Importer: ScriptedImporter/UnityEditor.QuickSearchModule:UnityEditor.Search:ASIAI0B
Importing 'GUID: f1c1e9b3951e340e48a3d2c037d6f48b - Path: Packages/com.unity.inputsystem/Tests - Importer: ScriptedImporter/UnityEditor.QuickSearchModule:UnityEditor.Search:ASIAI0B' with importer (ScriptedImporter : UnityEditor.QuickSearchModule:UnityEditor.Search:ASIAI0B)
Imported 'GUID: f1c1e9b3951e340e48a3d2c037d6f48b' -> (Import Result ID: '6bb5a92a6a48d67b7ea66beb9df6dfa6') in 0.001 seconds [static and dynamic dependencies]. Details - ImportResultOutputID=3dc6065372051016194d2995fe923064 DependenciesID=040b120151a913f8aaf6ba9b46315ed8 StaticDependenciesID=16d2d6e35ff516b996d082db5163c174 
Number of updated asset objects reloaded before import = 0
Number of asset objects unloaded after import = 1
========================================================================
Received Import Request.
  Time of request: 2026-08-27T08:30:32.233158Z
  Time since last request: 0.000236916 seconds.
  importAddress: GUID: 18d3e83390dcd6349b3086b9f70391b9 - Path: Packages/com.unity.inputsystem/InputSystem/Editor/UITKAssetEditor/InputActionsEditorSettingsProvider.cs - Importer: ScriptedImporter/UnityEditor.QuickSearchModule:UnityEditor.Search:ASIAI0B
Importing 'GUID: 18d3e83390dcd6349b3086b9f70391b9 - Path: Packages/com.unity.inputsystem/InputSystem/Editor/UITKAssetEditor/InputActionsEditorSettingsProvider.cs - Importer: ScriptedImporter/UnityEditor.QuickSearchModule:UnityEditor.Search:ASIAI0B' with importer (ScriptedImporter : UnityEditor.QuickSearchModule:UnityEditor.Search:ASIAI0B)
Imported 'GUID: 18d3e83390dcd6349b3086b9f70391b9' -> (Import Result ID: 'ec174eb54005b80166cdfcbab2efd5b1') in 0.001 seconds [static and dynamic dependencies]. Details - ImportResultOutputID=575cfa9d04ff6cf655c4d58dc4d382b7 DependenciesID=3f3c3568541adf80e559f4c32268fe77 StaticDependenciesID=2f3511d4b1e2c0fd1a67a53b53463911 
Number of updated asset objects reloaded before import = 0
Number of asset objects unloaded after import = 0
========================================================================
Received Import Request.
  Time of request: 2026-08-27T08:30:32.234149Z
  Time since last request: 0.000192375 seconds.
  importAddress: GUID: 40cf321da8ee4fc428f65b23423528d2 - Path: Packages/com.unity.inputsystem/InputSystem/Devices/Precompiled/FastKeyboard.cs - Importer: ScriptedImporter/UnityEditor.QuickSearchModule:UnityEditor.Search:ASIAI0B
Importing 'GUID: 40cf321da8ee4fc428f65b23423528d2 - Path: Packages/com.unity.inputsystem/InputSystem/Devices/Precompiled/FastKeyboard.cs - Importer: ScriptedImporter/UnityEditor.QuickSearchModule:UnityEditor.Search:ASIAI0B' with importer (ScriptedImporter : UnityEditor.QuickSearchModule:UnityEditor.Search:ASIAI0B)
Imported 'GUID: 40cf321da8ee4fc428f65b23423528d2' -> (Import Result ID: 'ebbb8d62086b7ee839b7a0489f29e80d') in 0.001 seconds [static and dynamic dependencies]. Details - ImportResultOutputID=501d310923db77ed78a9ae19b4d92f97 DependenciesID=77411882d1f4cbe5faef20665f76efdb StaticDependenciesID=1767e7de6499c7a3b2ba7745d0096c20 
Number of updated asset objects reloaded before import = 0
Number of asset objects unloaded after import = 0
========================================================================
Received Import Request.
  Time of request: 2026-08-27T08:30:32.235244Z
  Time since last request: 0.000389375 seconds.
  importAddress: GUID: 943deaaee9c9347e0a455aa208526c42 - Path: Packages/com.unity.inputsystem/InputSystem/Editor/AssetEditor/PackageResources/pro/actionTreeBackgroundWithoutBorder.png - Importer: ScriptedImporter/UnityEditor.QuickSearchModule:UnityEditor.Search:ASIAI0B
Importing 'GUID: 943deaaee9c9347e0a455aa208526c42 - Path: Packages/com.unity.inputsystem/InputSystem/Editor/AssetEditor/PackageResources/pro/actionTreeBackgroundWithoutBorder.png - Importer: ScriptedImporter/UnityEditor.QuickSearchModule:UnityEditor.Search:ASIAI0B' with importer (ScriptedImporter : UnityEditor.QuickSearchModule:UnityEditor.Search:ASIAI0B)
Imported 'GUID: 943deaaee9c9347e0a455aa208526c42' -> (Import Result ID: '2eeda38be4b8ee61b4435eba98e6f99a') in 0.003 seconds [static and dynamic dependencies]. Details - ImportResultOutputID=2158ac0d27135c6b86202386d59458af DependenciesID=d4d447307f44972b68817edf19c0d654 StaticDependenciesID=4fd3e726831a524cacc66450da2da96e 
Number of updated asset objects reloaded before import = 0
Number of asset objects unloaded after import = 1
========================================================================
Received Import Request.
  Time of request: 2026-08-27T08:30:32.238092Z
  Time since last request: 0.000225875 seconds.
  importAddress: GUID: 7ada2e545c685b44a8367bdab267f0dc - Path: Packages/com.unity.inputsystem/InputSystem/Plugins/XR/Devices - Importer: ScriptedImporter/UnityEditor.QuickSearchModule:UnityEditor.Search:ASIAI0B
Importing 'GUID: 7ada2e545c685b44a8367bdab267f0dc - Path: Packages/com.unity.inputsystem/InputSystem/Plugins/XR/Devices - Importer: ScriptedImporter/UnityEditor.QuickSearchModule:UnityEditor.Search:ASIAI0B' with importer (ScriptedImporter : UnityEditor.QuickSearchModule:UnityEditor.Search:ASIAI0B)
Imported 'GUID: 7ada2e545c685b44a8367bdab267f0dc' -> (Import Result ID: 'e1ad7157419f711e12c8b3d37dc001b8') in 0.001 seconds [static and dynamic dependencies]. Details - ImportResultOutputID=a80b0bb9990f7840470117f8d28bd085 DependenciesID=3a9a6a7ffb4b830aafc807473e8980ab StaticDependenciesID=663a2e42cb196c17bff6a7b32391d826 
Number of updated asset objects reloaded before import = 0
Number of asset objects unloaded after import = 1
========================================================================
Received Import Request.
  Time of request: 2026-08-27T08:30:32.239001Z
  Time since last request: 0.000146042 seconds.
  importAddress: GUID: 303ef5b13740f9a4db252c50122d2c62 - Path: Packages/com.unity.inputsystem/InputSystem/Editor/UITKAssetEditor/PackageResources/ControlSchemeEditor.uxml - Importer: ScriptedImporter/UnityEditor.QuickSearchModule:UnityEditor.Search:ASIAI0B
Importing 'GUID: 303ef5b13740f9a4db252c50122d2c62 - Path: Packages/com.unity.inputsystem/InputSystem/Editor/UITKAssetEditor/PackageResources/ControlSchemeEditor.uxml - Importer: ScriptedImporter/UnityEditor.QuickSearchModule:UnityEditor.Search:ASIAI0B' with importer (ScriptedImporter : UnityEditor.QuickSearchModule:UnityEditor.Search:ASIAI0B)
Imported 'GUID: 303ef5b13740f9a4db252c50122d2c62' -> (Import Result ID: 'c2e89bbc9203492f9f1072edf2c0b318') in 0.004 seconds [static and dynamic dependencies]. Details - ImportResultOutputID=c4e13973c66be7c7bdd0cf0dc8841a45 DependenciesID=425844c79ccb5934229ce96481e6be81 StaticDependenciesID=18234e4b1ef5328d45603f4377afec3e 
Number of updated asset objects reloaded before import = 0
Number of asset objects unloaded after import = 2
========================================================================
Received Import Request.
  Time of request: 2026-08-27T08:30:32.243474Z
  Time since last request: 0.000261833 seconds.
  importAddress: GUID: d384a7a7180814f16aa8fa9d86ac3b6c - Path: Packages/com.unity.inputsystem/InputSystem/Editor/UITKAssetEditor/Views/CopyPasteHelper.cs - Importer: ScriptedImporter/UnityEditor.QuickSearchModule:UnityEditor.Search:ASIAI0B
Importing 'GUID: d384a7a7180814f16aa8fa9d86ac3b6c - Path: Packages/com.unity.inputsystem/InputSystem/Editor/UITKAssetEditor/Views/CopyPasteHelper.cs - Importer: ScriptedImporter/UnityEditor.QuickSearchModule:UnityEditor.Search:ASIAI0B' with importer (ScriptedImporter : UnityEditor.QuickSearchModule:UnityEditor.Search:ASIAI0B)
Imported 'GUID: d384a7a7180814f16aa8fa9d86ac3b6c' -> (Import Result ID: '17f3f24ee56e0a7c8fb664c97b908215') in 0.001 seconds [static and dynamic dependencies]. Details - ImportResultOutputID=bca43a15e03a903e2ede5685dd6fb68a DependenciesID=3da9fc3ba8882f9749543672fd4e02cd StaticDependenciesID=310b96a8d1ecbf768fc24d525d1f218a 
Number of updated asset objects reloaded before import = 0
Number of asset objects unloaded after import = 0
========================================================================
Received Import Request.
  Time of request: 2026-08-27T08:30:32.245009Z
  Time since last request: 0.000350083 seconds.
  importAddress: GUID: 026e1117180341c1bf7847a2cc61f75b - Path: Packages/com.unity.inputsystem/DocCodeSamples.Tests/InputSystemUIInputModuleAssignActionsExample.cs - Importer: ScriptedImporter/UnityEditor.QuickSearchModule:UnityEditor.Search:ASIAI0B
Importing 'GUID: 026e1117180341c1bf7847a2cc61f75b - Path: Packages/com.unity.inputsystem/DocCodeSamples.Tests/InputSystemUIInputModuleAssignActionsExample.cs - Importer: ScriptedImporter/UnityEditor.QuickSearchModule:UnityEditor.Search:ASIAI0B' with importer (ScriptedImporter : UnityEditor.QuickSearchModule:UnityEditor.Search:ASIAI0B)
Imported 'GUID: 026e1117180341c1bf7847a2cc61f75b' -> (Import Result ID: '578cf14103702e89fec510091e9d937a') in 0.001 seconds [static and dynamic dependencies]. Details - ImportResultOutputID=07b69d98d500b643012e539e19802e6e DependenciesID=e0a7cf81674452bfcd6d5ddbbe9e82de StaticDependenciesID=80e9f7172d8d4345c1b2a1f8918ba5d0 
Number of updated asset objects reloaded before import = 0
Number of asset objects unloaded after import = 0
========================================================================
Received Import Request.
  Time of request: 2026-08-27T08:30:32.24609Z
  Time since last request: 0.000259084 seconds.
  importAddress: GUID: 550c4f473d16e49cf9f2e5c45be4490d - Path: Packages/com.unity.inputsystem/InputSystem/Editor/PropertyDrawers/InputActionPropertyDrawer.cs - Importer: ScriptedImporter/UnityEditor.QuickSearchModule:UnityEditor.Search:ASIAI0B
Importing 'GUID: 550c4f473d16e49cf9f2e5c45be4490d - Path: Packages/com.unity.inputsystem/InputSystem/Editor/PropertyDrawers/InputActionPropertyDrawer.cs - Importer: ScriptedImporter/UnityEditor.QuickSearchModule:UnityEditor.Search:ASIAI0B' with importer (ScriptedImporter : UnityEditor.QuickSearchModule:UnityEditor.Search:ASIAI0B)
Imported 'GUID: 550c4f473d16e49cf9f2e5c45be4490d' -> (Import Result ID: 'eafdee2b106c916c111ac2eb775e5ace') in 0.001 seconds [static and dynamic dependencies]. Details - ImportResultOutputID=de306d521a1a4045df2b66a4efb45eb1 DependenciesID=0344d610ec770a8744f6f62d9ca62f3d StaticDependenciesID=cab3d5307dae3bef4b3d6d5f5468fb46 
Number of updated asset objects reloaded before import = 0
Number of asset objects unloaded after import = 0
========================================================================
Received Import Request.
  Time of request: 2026-08-27T08:30:32.247116Z
  Time since last request: 0.0001895 seconds.
  importAddress: GUID: 7ae2dc3fc1c44ea59667819ea1d2e0c5 - Path: Packages/com.unity.inputsystem/InputSystem/Plugins/XInput/XInputController.cs - Importer: ScriptedImporter/UnityEditor.QuickSearchModule:UnityEditor.Search:ASIAI0B
Importing 'GUID: 7ae2dc3fc1c44ea59667819ea1d2e0c5 - Path: Packages/com.unity.inputsystem/InputSystem/Plugins/XInput/XInputController.cs - Importer: ScriptedImporter/UnityEditor.QuickSearchModule:UnityEditor.Search:ASIAI0B' with importer (ScriptedImporter : UnityEditor.QuickSearchModule:UnityEditor.Search:ASIAI0B)
Imported 'GUID: 7ae2dc3fc1c44ea59667819ea1d2e0c5' -> (Import Result ID: '1f1a6d3982a4569cc13236cc14f000d2') in 0.001 seconds [static and dynamic dependencies]. Details - ImportResultOutputID=e06a8858cc1775f50ded379f1f661634 DependenciesID=9af9dd696c3c7fbbeef733e29cb72ffd StaticDependenciesID=6355334f015f64a55de32ec1e1445fbe 
Number of updated asset objects reloaded before import = 0
Number of asset objects unloaded after import = 0
========================================================================
Received Import Request.
  Time of request: 2026-08-27T08:30:32.248063Z
  Time since last request: 0.000279375 seconds.
  importAddress: GUID: 3e12c30fe9774947a81ce7eb7054cfb7 - Path: Packages/com.unity.inputsystem/InputSystem/Utilities/Observables/SelectManyObservable.cs - Importer: ScriptedImporter/UnityEditor.QuickSearchModule:UnityEditor.Search:ASIAI0B
Importing 'GUID: 3e12c30fe9774947a81ce7eb7054cfb7 - Path: Packages/com.unity.inputsystem/InputSystem/Utilities/Observables/SelectManyObservable.cs - Importer: ScriptedImporter/UnityEditor.QuickSearchModule:UnityEditor.Search:ASIAI0B' with importer (ScriptedImporter : UnityEditor.QuickSearchModule:UnityEditor.Search:ASIAI0B)
Imported 'GUID: 3e12c30fe9774947a81ce7eb7054cfb7' -> (Import Result ID: 'aea96bc8e8a26f3f83905713634a71f5') in 0.001 seconds [static and dynamic dependencies]. Details - ImportResultOutputID=c8e61f30af4de70ad6c6c3a7731e142b DependenciesID=7ab591018a1da21bd3ffcd4540b8f6a9 StaticDependenciesID=9fa271e9fd8071bd6c75c05c0d2ecd96 
Number of updated asset objects reloaded before import = 0
Number of asset objects unloaded after import = 0
========================================================================
Received Import Request.
  Time of request: 2026-08-27T08:30:32.248995Z
  Time since last request: 0.000190792 seconds.
  importAddress: GUID: e286fc65ad3d4645b213e71b11e963e4 - Path: Packages/com.unity.inputsystem/InputSystem/Devices/Haptics - Importer: ScriptedImporter/UnityEditor.QuickSearchModule:UnityEditor.Search:ASIAI0B
Importing 'GUID: e286fc65ad3d4645b213e71b11e963e4 - Path: Packages/com.unity.inputsystem/InputSystem/Devices/Haptics - Importer: ScriptedImporter/UnityEditor.QuickSearchModule:UnityEditor.Search:ASIAI0B' with importer (ScriptedImporter : UnityEditor.QuickSearchModule:UnityEditor.Search:ASIAI0B)
Imported 'GUID: e286fc65ad3d4645b213e71b11e963e4' -> (Import Result ID: '378ac676659e4beb5c6b7cb30820e0de') in 0.001 seconds [static and dynamic dependencies]. Details - ImportResultOutputID=64a0f7065b51d48fc979e0e0a8ff85c3 DependenciesID=5f0a3344700015fa6e81e88d24d4fad9 StaticDependenciesID=b4c1c5e06679ab5a8e09182a8493d022 
Number of updated asset objects reloaded before import = 0
Number of asset objects unloaded after import = 1
========================================================================
Received Import Request.
  Time of request: 2026-08-27T08:30:32.250164Z
  Time since last request: 0.000302833 seconds.
  importAddress: GUID: ba025c1c816ba7c42a1d28f1cefb9c66 - Path: Packages/com.unity.inputsystem/InputSystem/IInputDiagnostics.cs - Importer: ScriptedImporter/UnityEditor.QuickSearchModule:UnityEditor.Search:ASIAI0B
Importing 'GUID: ba025c1c816ba7c42a1d28f1cefb9c66 - Path: Packages/com.unity.inputsystem/InputSystem/IInputDiagnostics.cs - Importer: ScriptedImporter/UnityEditor.QuickSearchModule:UnityEditor.Search:ASIAI0B' with importer (ScriptedImporter : UnityEditor.QuickSearchModule:UnityEditor.Search:ASIAI0B)
Imported 'GUID: ba025c1c816ba7c42a1d28f1cefb9c66' -> (Import Result ID: 'e6d9d3c63a7c7a37beba11894e6c85e6') in 0.001 seconds [static and dynamic dependencies]. Details - ImportResultOutputID=480e01f74ca8bb6b736b04b5f81cbf66 DependenciesID=ecc24f1860743b35fdb477f0a352a9a6 StaticDependenciesID=6bd06e510d479e97a2ee84badcd401b3 
Number of updated asset objects reloaded before import = 0
Number of asset objects unloaded after import = 0
========================================================================
Received Import Request.
  Time of request: 2026-08-27T08:30:32.251283Z
  Time since last request: 0.00029625 seconds.
  importAddress: GUID: 9d7486ba41233414a9ed80716a544026 - Path: Packages/com.unity.inputsystem/InputSystem/Editor/AssetImporter - Importer: ScriptedImporter/UnityEditor.QuickSearchModule:UnityEditor.Search:ASIAI0B
Importing 'GUID: 9d7486ba41233414a9ed80716a544026 - Path: Packages/com.unity.inputsystem/InputSystem/Editor/AssetImporter - Importer: ScriptedImporter/UnityEditor.QuickSearchModule:UnityEditor.Search:ASIAI0B' with importer (ScriptedImporter : UnityEditor.QuickSearchModule:UnityEditor.Search:ASIAI0B)
Imported 'GUID: 9d7486ba41233414a9ed80716a544026' -> (Import Result ID: '2f2f61d90297ef30a926ca2659c9e7d3') in 0.001 seconds [static and dynamic dependencies]. Details - ImportResultOutputID=7c102daa9f23f121ac4e924dc1c224e8 DependenciesID=f2aa698664448676db155888edbf5516 StaticDependenciesID=19acb114b87e05f6631cb0d53df62c44 
Number of updated asset objects reloaded before import = 0
Number of asset objects unloaded after import = 1
========================================================================
Received Import Request.
  Time of request: 2026-08-27T08:30:32.252554Z
  Time since last request: 0.000417083 seconds.
  importAddress: GUID: 681942113a3d6460a90af134a86edb78 - Path: Packages/com.unity.inputsystem/InputSystem/Controls/Processors/ScaleVector3Processor.cs - Importer: ScriptedImporter/UnityEditor.QuickSearchModule:UnityEditor.Search:ASIAI0B
Importing 'GUID: 681942113a3d6460a90af134a86edb78 - Path: Packages/com.unity.inputsystem/InputSystem/Controls/Processors/ScaleVector3Processor.cs - Importer: ScriptedImporter/UnityEditor.QuickSearchModule:UnityEditor.Search:ASIAI0B' with importer (ScriptedImporter : UnityEditor.QuickSearchModule:UnityEditor.Search:ASIAI0B)
Imported 'GUID: 681942113a3d6460a90af134a86edb78' -> (Import Result ID: 'd560c5406ab62882953d98e20c58fdab') in 0.001 seconds [static and dynamic dependencies]. Details - ImportResultOutputID=27f0401d06a0a70de2be339ed7eff3ce DependenciesID=83f4ad59b2d1181caf7b4a12d302b22b StaticDependenciesID=bb45bb82bf6524a523da6ec70e411766 
Number of updated asset objects reloaded before import = 0
Number of asset objects unloaded after import = 0
========================================================================
Received Import Request.
  Time of request: 2026-08-27T08:30:32.253668Z
  Time since last request: 0.000273291 seconds.
  importAddress: GUID: 2fe2cf22711ac4db3b094a955603f8bd - Path: Packages/com.unity.inputsystem/InputSystem/Editor/Internal/AdvancedDropdown/CallbackDataSource.cs - Importer: ScriptedImporter/UnityEditor.QuickSearchModule:UnityEditor.Search:ASIAI0B
Importing 'GUID: 2fe2cf22711ac4db3b094a955603f8bd - Path: Packages/com.unity.inputsystem/InputSystem/Editor/Internal/AdvancedDropdown/CallbackDataSource.cs - Importer: ScriptedImporter/UnityEditor.QuickSearchModule:UnityEditor.Search:ASIAI0B' with importer (ScriptedImporter : UnityEditor.QuickSearchModule:UnityEditor.Search:ASIAI0B)
Imported 'GUID: 2fe2cf22711ac4db3b094a955603f8bd' -> (Import Result ID: '87956b9b09b373fdf845f58088c64829') in 0.001 seconds [static and dynamic dependencies]. Details - ImportResultOutputID=e0e31864cac51136bcc235d4688ae543 DependenciesID=f3a1321f9c2d554ef6e8e3d02e35901c StaticDependenciesID=f614be5aa5a87f4e901a7726316d6362 
Number of updated asset objects reloaded before import = 0
Number of asset objects unloaded after import = 0
========================================================================
Received Import Request.
  Time of request: 2026-08-27T08:30:32.254891Z
  Time since last request: 0.000217375 seconds.
  importAddress: GUID: 86b230bdbb8ce487882861a17e6d2bde - Path: Packages/com.unity.inputsystem/InputSystem/Plugins/PlayerInput/PlayerJoinBehavior.cs - Importer: ScriptedImporter/UnityEditor.QuickSearchModule:UnityEditor.Search:ASIAI0B
Importing 'GUID: 86b230bdbb8ce487882861a17e6d2bde - Path: Packages/com.unity.inputsystem/InputSystem/Plugins/PlayerInput/PlayerJoinBehavior.cs - Importer: ScriptedImporter/UnityEditor.QuickSearchModule:UnityEditor.Search:ASIAI0B' with importer (ScriptedImporter : UnityEditor.QuickSearchModule:UnityEditor.Search:ASIAI0B)
Imported 'GUID: 86b230bdbb8ce487882861a17e6d2bde' -> (Import Result ID: '3b7f92231bdf7e3d1462efa2f186338e') in 0.001 seconds [static and dynamic dependencies]. Details - ImportResultOutputID=85edac306bbaa20cbed644db39371599 DependenciesID=778aecdb388ca171f582cb12ec4fbe46 StaticDependenciesID=afdf58cb571b345760d475ffd364506f 
Number of updated asset objects reloaded before import = 0
Number of asset objects unloaded after import = 0
========================================================================
Received Import Request.
  Time of request: 2026-08-27T08:30:32.255784Z
  Time since last request: 0.000212167 seconds.
  importAddress: GUID: 6164e492ad3164525ab8ecd9968c3a64 - Path: Packages/com.unity.inputsystem/InputSystem/Editor/Icons/d_Mouse@3x.png - Importer: ScriptedImporter/UnityEditor.QuickSearchModule:UnityEditor.Search:ASIAI0B
Importing 'GUID: 6164e492ad3164525ab8ecd9968c3a64 - Path: Packages/com.unity.inputsystem/InputSystem/Editor/Icons/d_Mouse@3x.png - Importer: ScriptedImporter/UnityEditor.QuickSearchModule:UnityEditor.Search:ASIAI0B' with importer (ScriptedImporter : UnityEditor.QuickSearchModule:UnityEditor.Search:ASIAI0B)
Imported 'GUID: 6164e492ad3164525ab8ecd9968c3a64' -> (Import Result ID: 'ac73c2f0320964616c2a498c6b10de08') in 0.003 seconds [static and dynamic dependencies]. Details - ImportResultOutputID=99b0b13fa5101af4db3dc9b911b8ad32 DependenciesID=d60519c40a62940f9bca2c624adc24b0 StaticDependenciesID=64b0de7ed32f91fd3d453343f7f9a13f 
Number of updated asset objects reloaded before import = 0
Number of asset objects unloaded after import = 1
========================================================================
Received Import Request.
  Time of request: 2026-08-27T08:30:32.259229Z
  Time since last request: 0.000278708 seconds.
  importAddress: GUID: 6ae082cf4f6634e9d8cdd8526dd816a3 - Path: Packages/com.unity.inputsystem/InputSystem/Controls/Processors/NormalizeVector2Processor.cs - Importer: ScriptedImporter/UnityEditor.QuickSearchModule:UnityEditor.Search:ASIAI0B
Importing 'GUID: 6ae082cf4f6634e9d8cdd8526dd816a3 - Path: Packages/com.unity.inputsystem/InputSystem/Controls/Processors/NormalizeVector2Processor.cs - Importer: ScriptedImporter/UnityEditor.QuickSearchModule:UnityEditor.Search:ASIAI0B' with importer (ScriptedImporter : UnityEditor.QuickSearchModule:UnityEditor.Search:ASIAI0B)
Imported 'GUID: 6ae082cf4f6634e9d8cdd8526dd816a3' -> (Import Result ID: '1336603fbf0f55ba0ad42e9b305e0120') in 0.001 seconds [static and dynamic dependencies]. Details - ImportResultOutputID=1c79225a91d70786ee83d03b0acb72be DependenciesID=b9d2859c664ee15fdc5a7fee3888d8b0 StaticDependenciesID=9a5dab8158bfb004e3e699b2593680c0 
Number of updated asset objects reloaded before import = 0
Number of asset objects unloaded after import = 0
========================================================================
Received Import Request.
  Time of request: 2026-08-27T08:30:32.260312Z
  Time since last request: 0.000307792 seconds.
  importAddress: GUID: fbe76c3f0e980e6468b895ac1133c20d - Path: Packages/com.unity.inputsystem/InputSystem/Actions/InputBindingCompositeContext.cs - Importer: ScriptedImporter/UnityEditor.QuickSearchModule:UnityEditor.Search:ASIAI0B
Importing 'GUID: fbe76c3f0e980e6468b895ac1133c20d - Path: Packages/com.unity.inputsystem/InputSystem/Actions/InputBindingCompositeContext.cs - Importer: ScriptedImporter/UnityEditor.QuickSearchModule:UnityEditor.Search:ASIAI0B' with importer (ScriptedImporter : UnityEditor.QuickSearchModule:UnityEditor.Search:ASIAI0B)
Imported 'GUID: fbe76c3f0e980e6468b895ac1133c20d' -> (Import Result ID: '30adf91006efcb28647342d29c6e3e5e') in 0.001 seconds [static and dynamic dependencies]. Details - ImportResultOutputID=09d3896db1dd81cf12551f63a8c1d410 DependenciesID=ff76340dd1a4ccc2a53f797177895077 StaticDependenciesID=ab6a46811442c179c8e9ef0cbdc93980 
Number of updated asset objects reloaded before import = 0
Number of asset objects unloaded after import = 0
========================================================================
Received Import Request.
  Time of request: 2026-08-27T08:30:32.261699Z
  Time since last request: 0.000283 seconds.
  importAddress: GUID: 57dfdce0eaf2f48a9bd9e60e920e446b - Path: Packages/com.unity.inputsystem/InputSystem/Editor/Icons/ChevronUp@2x.png - Importer: ScriptedImporter/UnityEditor.QuickSearchModule:UnityEditor.Search:ASIAI0B
Importing 'GUID: 57dfdce0eaf2f48a9bd9e60e920e446b - Path: Packages/com.unity.inputsystem/InputSystem/Editor/Icons/ChevronUp@2x.png - Importer: ScriptedImporter/UnityEditor.QuickSearchModule:UnityEditor.Search:ASIAI0B' with importer (ScriptedImporter : UnityEditor.QuickSearchModule:UnityEditor.Search:ASIAI0B)
Imported 'GUID: 57dfdce0eaf2f48a9bd9e60e920e446b' -> (Import Result ID: '2ecdfa3beac366cb9cc0fab4f47d9b7a') in 0.002 seconds [static and dynamic dependencies]. Details - ImportResultOutputID=9d4ac7f6378fdea2b5493cfea939df86 DependenciesID=e7ccd35d310dfa552b328af21cd658ff StaticDependenciesID=0d4e224fccbd338b4d227792fe394e47 
Number of updated asset objects reloaded before import = 0
Number of asset objects unloaded after import = 1
========================================================================
Received Import Request.
  Time of request: 2026-08-27T08:30:32.264196Z
  Time since last request: 0.000216375 seconds.
  importAddress: GUID: e76f0489d4db34a2fbc3532e07f2848a - Path: Packages/com.unity.inputsystem/InputSystem/Editor/Icons/Dpad.png - Importer: ScriptedImporter/UnityEditor.QuickSearchModule:UnityEditor.Search:ASIAI0B
Importing 'GUID: e76f0489d4db34a2fbc3532e07f2848a - Path: Packages/com.unity.inputsystem/InputSystem/Editor/Icons/Dpad.png - Importer: ScriptedImporter/UnityEditor.QuickSearchModule:UnityEditor.Search:ASIAI0B' with importer (ScriptedImporter : UnityEditor.QuickSearchModule:UnityEditor.Search:ASIAI0B)
Imported 'GUID: e76f0489d4db34a2fbc3532e07f2848a' -> (Import Result ID: 'fbf83476fa7adf55231bb744d78d5f2a') in 0.002 seconds [static and dynamic dependencies]. Details - ImportResultOutputID=b83f67322d446d99344e51f046fa57c3 DependenciesID=14c55543b6072f45c371899efabb1144 StaticDependenciesID=4876e605293b862f7d698a8925873fbf 
Number of updated asset objects reloaded before import = 0
Number of asset objects unloaded after import = 1
========================================================================
Received Import Request.
  Time of request: 2026-08-27T08:30:32.266839Z
  Time since last request: 0.000224042 seconds.
  importAddress: GUID: d9ce7842660d4bf89a86f378ecffb8f1 - Path: Packages/com.unity.inputsystem/InputSystem/Events/StateEvent.cs - Importer: ScriptedImporter/UnityEditor.QuickSearchModule:UnityEditor.Search:ASIAI0B
Importing 'GUID: d9ce7842660d4bf89a86f378ecffb8f1 - Path: Packages/com.unity.inputsystem/InputSystem/Events/StateEvent.cs - Importer: ScriptedImporter/UnityEditor.QuickSearchModule:UnityEditor.Search:ASIAI0B' with importer (ScriptedImporter : UnityEditor.QuickSearchModule:UnityEditor.Search:ASIAI0B)
Imported 'GUID: d9ce7842660d4bf89a86f378ecffb8f1' -> (Import Result ID: 'efe34e70358a4b033fbb4cd8386f1fbc') in 0.001 seconds [static and dynamic dependencies]. Details - ImportResultOutputID=e0de27f4e509a99c3ba599afc23c41a4 DependenciesID=8051d40662059185d588d461b8c74d40 StaticDependenciesID=aa1422bab2c336fd00118604b5bb87cf 
Number of updated asset objects reloaded before import = 0
Number of asset objects unloaded after import = 0
========================================================================
Received Import Request.
  Time of request: 2026-08-27T08:30:32.267827Z
  Time since last request: 0.00025675 seconds.
  importAddress: GUID: 890eded7b7fc53b489fcc92f0aeb774e - Path: Packages/com.unity.inputsystem/InputSystem/Editor/UITKAssetEditor/Views/MatchingControlPaths.cs - Importer: ScriptedImporter/UnityEditor.QuickSearchModule:UnityEditor.Search:ASIAI0B
Importing 'GUID: 890eded7b7fc53b489fcc92f0aeb774e - Path: Packages/com.unity.inputsystem/InputSystem/Editor/UITKAssetEditor/Views/MatchingControlPaths.cs - Importer: ScriptedImporter/UnityEditor.QuickSearchModule:UnityEditor.Search:ASIAI0B' with importer (ScriptedImporter : UnityEditor.QuickSearchModule:UnityEditor.Search:ASIAI0B)
Imported 'GUID: 890eded7b7fc53b489fcc92f0aeb774e' -> (Import Result ID: 'bd7f1a17a1bfe9e7119b8bcbf1d7ede7') in 0.001 seconds [static and dynamic dependencies]. Details - ImportResultOutputID=5a8492c261e25d64f9d357237d8d20aa DependenciesID=4e1b8045c43c5cc9d6c6298e98ef42c5 StaticDependenciesID=c78bb0f5b8e82fb5cf53dd8602d0b9d9 
Number of updated asset objects reloaded before import = 0
Number of asset objects unloaded after import = 0
========================================================================
Received Import Request.
  Time of request: 2026-08-27T08:30:32.268932Z
  Time since last request: 0.000397541 seconds.
  importAddress: GUID: b21f8c6bf1fd94d1fb47907209b23367 - Path: Packages/com.unity.inputsystem/InputSystem/Actions/InputActionType.cs - Importer: ScriptedImporter/UnityEditor.QuickSearchModule:UnityEditor.Search:ASIAI0B
Importing 'GUID: b21f8c6bf1fd94d1fb47907209b23367 - Path: Packages/com.unity.inputsystem/InputSystem/Actions/InputActionType.cs - Importer: ScriptedImporter/UnityEditor.QuickSearchModule:UnityEditor.Search:ASIAI0B' with importer (ScriptedImporter : UnityEditor.QuickSearchModule:UnityEditor.Search:ASIAI0B)
Imported 'GUID: b21f8c6bf1fd94d1fb47907209b23367' -> (Import Result ID: 'a4ed5ebba6f8f2a4f4935c978e0fad48') in 0.001 seconds [static and dynamic dependencies]. Details - ImportResultOutputID=edc2e5e2c16315b04fd3819de3a35522 DependenciesID=46070de975cb134db4a608ab3206acbf StaticDependenciesID=f9952100be7788f02641b498048a9217 
Number of updated asset objects reloaded before import = 0
Number of asset objects unloaded after import = 0
========================================================================
Received Import Request.
  Time of request: 2026-08-27T08:30:32.270525Z
  Time since last request: 0.00043775 seconds.
  importAddress: GUID: ae31a855334ecf64f848ae8e0b4e5a24 - Path: Packages/com.unity.inputsystem/InputSystem/Actions/InputActionSetupExtensions.cs - Importer: ScriptedImporter/UnityEditor.QuickSearchModule:UnityEditor.Search:ASIAI0B
Importing 'GUID: ae31a855334ecf64f848ae8e0b4e5a24 - Path: Packages/com.unity.inputsystem/InputSystem/Actions/InputActionSetupExtensions.cs - Importer: ScriptedImporter/UnityEditor.QuickSearchModule:UnityEditor.Search:ASIAI0B' with importer (ScriptedImporter : UnityEditor.QuickSearchModule:UnityEditor.Search:ASIAI0B)
Imported 'GUID: ae31a855334ecf64f848ae8e0b4e5a24' -> (Import Result ID: 'cb668b9c62ef93d992018b32ee68e38e') in 0.001 seconds [static and dynamic dependencies]. Details - ImportResultOutputID=70b8e13f5307e97b90047d5e02ca76b7 DependenciesID=8c76890cd2958ca2a479764e2148cd8e StaticDependenciesID=98e6bc1b4a36758b0a0ca87b6deae29a 
Number of updated asset objects reloaded before import = 0
Number of asset objects unloaded after import = 0
========================================================================
Received Import Request.
  Time of request: 2026-08-27T08:30:32.271518Z
  Time since last request: 0.000174083 seconds.
  importAddress: GUID: 536defedfe4153e4cabde208f78a818d - Path: Packages/com.unity.inputsystem/InputSystem/Plugins/iOS/iOSPostProcessBuild.cs - Importer: ScriptedImporter/UnityEditor.QuickSearchModule:UnityEditor.Search:ASIAI0B
Importing 'GUID: 536defedfe4153e4cabde208f78a818d - Path: Packages/com.unity.inputsystem/InputSystem/Plugins/iOS/iOSPostProcessBuild.cs - Importer: ScriptedImporter/UnityEditor.QuickSearchModule:UnityEditor.Search:ASIAI0B' with importer (ScriptedImporter : UnityEditor.QuickSearchModule:UnityEditor.Search:ASIAI0B)
Imported 'GUID: 536defedfe4153e4cabde208f78a818d' -> (Import Result ID: '9c12af3606a8772605ece1c0a9462440') in 0.001 seconds [static and dynamic dependencies]. Details - ImportResultOutputID=9dbfb758ebf1834c055f0127fd613baf DependenciesID=b42854e4385540db036c1c6e886328bb StaticDependenciesID=943c5c20215fa2cdd55dd53cfd1d3f45 
Number of updated asset objects reloaded before import = 0
Number of asset objects unloaded after import = 0
========================================================================
Received Import Request.
  Time of request: 2026-08-27T08:30:32.272487Z
  Time since last request: 0.000228583 seconds.
  importAddress: GUID: 3d7dc8d6b9a96490b9aa433645712fdf - Path: Packages/com.unity.inputsystem/InputSystem/Editor/Icons/d_Add Binding@2x.png - Importer: ScriptedImporter/UnityEditor.QuickSearchModule:UnityEditor.Search:ASIAI0B
Importing 'GUID: 3d7dc8d6b9a96490b9aa433645712fdf - Path: Packages/com.unity.inputsystem/InputSystem/Editor/Icons/d_Add Binding@2x.png - Importer: ScriptedImporter/UnityEditor.QuickSearchModule:UnityEditor.Search:ASIAI0B' with importer (ScriptedImporter : UnityEditor.QuickSearchModule:UnityEditor.Search:ASIAI0B)
Imported 'GUID: 3d7dc8d6b9a96490b9aa433645712fdf' -> (Import Result ID: '8d2115cf97ccba8aea46ed8e93b22c2a') in 0.003 seconds [static and dynamic dependencies]. Details - ImportResultOutputID=ece5daf7eef5bff45b4ab9bc30d0948c DependenciesID=a28273bc81dcdd9dfd144855709f4200 StaticDependenciesID=e229fee07ba5369b72207f4f7bf4dc5c 
Number of updated asset objects reloaded before import = 0
Number of asset objects unloaded after import = 1
========================================================================
Received Import Request.
  Time of request: 2026-08-27T08:30:32.275461Z
  Time since last request: 0.000270792 seconds.
  importAddress: GUID: 35e258ef8ccb13146952199468118233 - Path: Packages/com.unity.inputsystem/InputSystem/Editor/UITKAssetEditor/ExpressionUtils.cs - Importer: ScriptedImporter/UnityEditor.QuickSearchModule:UnityEditor.Search:ASIAI0B
Importing 'GUID: 35e258ef8ccb13146952199468118233 - Path: Packages/com.unity.inputsystem/InputSystem/Editor/UITKAssetEditor/ExpressionUtils.cs - Importer: ScriptedImporter/UnityEditor.QuickSearchModule:UnityEditor.Search:ASIAI0B' with importer (ScriptedImporter : UnityEditor.QuickSearchModule:UnityEditor.Search:ASIAI0B)
Imported 'GUID: 35e258ef8ccb13146952199468118233' -> (Import Result ID: '2bfd62970dcacb21f3fee5efa5e059c5') in 0.001 seconds [static and dynamic dependencies]. Details - ImportResultOutputID=15aa44771e2324a05cdd34399dc12a83 DependenciesID=064255389fc65f0d60b6ea5812601e26 StaticDependenciesID=f7cf0e7c457567860a8bd58c019eaf63 
Number of updated asset objects reloaded before import = 0
Number of asset objects unloaded after import = 0
========================================================================
Received Import Request.
  Time of request: 2026-08-27T08:30:32.276444Z
  Time since last request: 0.000158917 seconds.
  importAddress: GUID: 4313a2cc2049411789348ff4c952d89c - Path: Packages/com.unity.inputsystem/InputSystem/Events/DeviceConfigurationEvent.cs - Importer: ScriptedImporter/UnityEditor.QuickSearchModule:UnityEditor.Search:ASIAI0B
Importing 'GUID: 4313a2cc2049411789348ff4c952d89c - Path: Packages/com.unity.inputsystem/InputSystem/Events/DeviceConfigurationEvent.cs - Importer: ScriptedImporter/UnityEditor.QuickSearchModule:UnityEditor.Search:ASIAI0B' with importer (ScriptedImporter : UnityEditor.QuickSearchModule:UnityEditor.Search:ASIAI0B)
Imported 'GUID: 4313a2cc2049411789348ff4c952d89c' -> (Import Result ID: 'b599e3ec154cdf50c9d93f1886f6fbcc') in 0.001 seconds [static and dynamic dependencies]. Details - ImportResultOutputID=2657cd774e5b23c274613cb5cfd056ff DependenciesID=73ebfa65d1306c94d4a93c5628d5ac97 StaticDependenciesID=6712119e3d8f1e6c6d83e0c8ebb29856 
Number of updated asset objects reloaded before import = 0
Number of asset objects unloaded after import = 0
========================================================================
Received Import Request.
  Time of request: 2026-08-27T08:30:32.27768Z
  Time since last request: 0.000229459 seconds.
  importAddress: GUID: 2e3ecb5c3d351df489bd05ac1d820a6a - Path: Packages/com.unity.inputsystem/InputSystem/Controls/TouchPhaseControl.cs - Importer: ScriptedImporter/UnityEditor.QuickSearchModule:UnityEditor.Search:ASIAI0B
Importing 'GUID: 2e3ecb5c3d351df489bd05ac1d820a6a - Path: Packages/com.unity.inputsystem/InputSystem/Controls/TouchPhaseControl.cs - Importer: ScriptedImporter/UnityEditor.QuickSearchModule:UnityEditor.Search:ASIAI0B' with importer (ScriptedImporter : UnityEditor.QuickSearchModule:UnityEditor.Search:ASIAI0B)
Imported 'GUID: 2e3ecb5c3d351df489bd05ac1d820a6a' -> (Import Result ID: '3d4e5ae825535aa908c0e93eb9318f80') in 0.001 seconds [static and dynamic dependencies]. Details - ImportResultOutputID=19805f9382fc401079f9552a5fc218fe DependenciesID=9c3f0d6443980f467320290f1d18e9fd StaticDependenciesID=8444dc4b63bfd433dea4bf4239f586ae 
Number of updated asset objects reloaded before import = 0
Number of asset objects unloaded after import = 0
========================================================================
Received Import Request.
  Time of request: 2026-08-27T08:30:32.278732Z
  Time since last request: 0.0002455 seconds.
  importAddress: GUID: 18e45e1f11fae429c80c200cca8e0b4c - Path: Packages/com.unity.inputsystem/InputSystem/Editor/Icons/Joystick@2x.png - Importer: ScriptedImporter/UnityEditor.QuickSearchModule:UnityEditor.Search:ASIAI0B
Importing 'GUID: 18e45e1f11fae429c80c200cca8e0b4c - Path: Packages/com.unity.inputsystem/InputSystem/Editor/Icons/Joystick@2x.png - Importer: ScriptedImporter/UnityEditor.QuickSearchModule:UnityEditor.Search:ASIAI0B' with importer (ScriptedImporter : UnityEditor.QuickSearchModule:UnityEditor.Search:ASIAI0B)
Imported 'GUID: 18e45e1f11fae429c80c200cca8e0b4c' -> (Import Result ID: '08d4145c541388798fdffdcd7bed8684') in 0.002 seconds [static and dynamic dependencies]. Details - ImportResultOutputID=a1cd4788782f863de3e80a658781a4c6 DependenciesID=c7ae6ef251c1601e2710697bd8407ee4 StaticDependenciesID=45bd5738a252e56bbf40a8501698e81f 
Number of updated asset objects reloaded before import = 0
Number of asset objects unloaded after import = 1
========================================================================
Received Import Request.
  Time of request: 2026-08-27T08:30:32.281075Z
  Time since last request: 0.00025625 seconds.
  importAddress: GUID: 68e8070c85d3c4544a527f58641b95c0 - Path: Packages/com.unity.inputsystem/InputSystem/AssemblyInfo.cs - Importer: ScriptedImporter/UnityEditor.QuickSearchModule:UnityEditor.Search:ASIAI0B
Importing 'GUID: 68e8070c85d3c4544a527f58641b95c0 - Path: Packages/com.unity.inputsystem/InputSystem/AssemblyInfo.cs - Importer: ScriptedImporter/UnityEditor.QuickSearchModule:UnityEditor.Search:ASIAI0B' with importer (ScriptedImporter : UnityEditor.QuickSearchModule:UnityEditor.Search:ASIAI0B)
Imported 'GUID: 68e8070c85d3c4544a527f58641b95c0' -> (Import Result ID: '2bdf21306f0fab4ed9e8afb9c1c4651e') in 0.001 seconds [static and dynamic dependencies]. Details - ImportResultOutputID=a80efcac02d16a751d16d88e803a276f DependenciesID=5685660ae05026793dea32cd0cc1ef04 StaticDependenciesID=a45a35d24eaac851db074542f7d42165 
Number of updated asset objects reloaded before import = 0
Number of asset objects unloaded after import = 0
========================================================================
Received Import Request.
  Time of request: 2026-08-27T08:30:32.281933Z
  Time since last request: 0.000269125 seconds.
  importAddress: GUID: 72dd2bf74735a46be8891fde502f792c - Path: Packages/com.unity.inputsystem/InputSystem/Editor/Settings/EditorPlayerSettingHelpers.cs - Importer: ScriptedImporter/UnityEditor.QuickSearchModule:UnityEditor.Search:ASIAI0B
Importing 'GUID: 72dd2bf74735a46be8891fde502f792c - Path: Packages/com.unity.inputsystem/InputSystem/Editor/Settings/EditorPlayerSettingHelpers.cs - Importer: ScriptedImporter/UnityEditor.QuickSearchModule:UnityEditor.Search:ASIAI0B' with importer (ScriptedImporter : UnityEditor.QuickSearchModule:UnityEditor.Search:ASIAI0B)
Imported 'GUID: 72dd2bf74735a46be8891fde502f792c' -> (Import Result ID: 'b2c5c2957f6f904c9b92a7dbc7385338') in 0.001 seconds [static and dynamic dependencies]. Details - ImportResultOutputID=4f8cf1d78fb128e721f215470a105982 DependenciesID=69991e0bf7a95cd1a36ab80b455f142a StaticDependenciesID=a57c53ef829a338da175bf44c4d23f49 
Number of updated asset objects reloaded before import = 0
Number of asset objects unloaded after import = 0
========================================================================
Received Import Request.
  Time of request: 2026-08-27T08:30:32.285777Z
  Time since last request: 0.0031225 seconds.
  importAddress: GUID: b90e4423894dce34f83bb15a3ba411ba - Path: Packages/com.unity.inputsystem/InputSystem/Actions/Interactions - Importer: ScriptedImporter/UnityEditor.QuickSearchModule:UnityEditor.Search:ASIAI0B
Importing 'GUID: b90e4423894dce34f83bb15a3ba411ba - Path: Packages/com.unity.inputsystem/InputSystem/Actions/Interactions - Importer: ScriptedImporter/UnityEditor.QuickSearchModule:UnityEditor.Search:ASIAI0B' with importer (ScriptedImporter : UnityEditor.QuickSearchModule:UnityEditor.Search:ASIAI0B)
Imported 'GUID: b90e4423894dce34f83bb15a3ba411ba' -> (Import Result ID: 'e5e9fba94931b907395c0049f99642b2') in 0.001 seconds [static and dynamic dependencies]. Details - ImportResultOutputID=96ed089e29777e30c83ce241cd122840 DependenciesID=47e6115d6290cbd208e2f0a36da7cef0 StaticDependenciesID=b494c7226042b598196826e8ccb41011 
Number of updated asset objects reloaded before import = 0
Number of asset objects unloaded after import = 1
========================================================================
Received Import Request.
  Time of request: 2026-08-27T08:30:32.28733Z
  Time since last request: 0.000431833 seconds.
  importAddress: GUID: 6e687839a3c5f7a4ea700f2967051b3d - Path: Packages/com.unity.inputsystem/InputSystem/Utilities/Comparers.cs - Importer: ScriptedImporter/UnityEditor.QuickSearchModule:UnityEditor.Search:ASIAI0B
Importing 'GUID: 6e687839a3c5f7a4ea700f2967051b3d - Path: Packages/com.unity.inputsystem/InputSystem/Utilities/Comparers.cs - Importer: ScriptedImporter/UnityEditor.QuickSearchModule:UnityEditor.Search:ASIAI0B' with importer (ScriptedImporter : UnityEditor.QuickSearchModule:UnityEditor.Search:ASIAI0B)
Imported 'GUID: 6e687839a3c5f7a4ea700f2967051b3d' -> (Import Result ID: 'c5db60b7fae57155f372ac1966846f02') in 0.001 seconds [static and dynamic dependencies]. Details - ImportResultOutputID=1099fb9333dea002f1a7dfe7e0c2ea72 DependenciesID=423181761b4f5b18480897c3bc3fb291 StaticDependenciesID=94716eb09cddd989c1cd1f76cc24ed98 
Number of updated asset objects reloaded before import = 0
Number of asset objects unloaded after import = 0
========================================================================
Received Import Request.
  Time of request: 2026-08-27T08:30:32.288511Z
  Time since last request: 0.000193708 seconds.
  importAddress: GUID: c998b283038914e699477f514ecb31ac - Path: Packages/com.unity.inputsystem/InputSystem/Editor/Icons/Position@4x.png - Importer: ScriptedImporter/UnityEditor.QuickSearchModule:UnityEditor.Search:ASIAI0B
Importing 'GUID: c998b283038914e699477f514ecb31ac - Path: Packages/com.unity.inputsystem/InputSystem/Editor/Icons/Position@4x.png - Importer: ScriptedImporter/UnityEditor.QuickSearchModule:UnityEditor.Search:ASIAI0B' with importer (ScriptedImporter : UnityEditor.QuickSearchModule:UnityEditor.Search:ASIAI0B)
Imported 'GUID: c998b283038914e699477f514ecb31ac' -> (Import Result ID: 'd605e92dcf6ab645c35061902a83aa43') in 0.003 seconds [static and dynamic dependencies]. Details - ImportResultOutputID=1d0fc4d6cc918256ea52d9de51302cb7 DependenciesID=af12f5eb2be359914a9253e352020ff2 StaticDependenciesID=7214289238c34660332fc38ad71d5008 
Number of updated asset objects reloaded before import = 0
Number of asset objects unloaded after import = 1
========================================================================
Received Import Request.
  Time of request: 2026-08-27T08:30:32.291419Z
  Time since last request: 0.000181417 seconds.
  importAddress: GUID: d618f7e3781548c28836f39ae65d95e1 - Path: Packages/com.unity.inputsystem/InputSystem/Controls/ButtonControl.cs - Importer: ScriptedImporter/UnityEditor.QuickSearchModule:UnityEditor.Search:ASIAI0B
Importing 'GUID: d618f7e3781548c28836f39ae65d95e1 - Path: Packages/com.unity.inputsystem/InputSystem/Controls/ButtonControl.cs - Importer: ScriptedImporter/UnityEditor.QuickSearchModule:UnityEditor.Search:ASIAI0B' with importer (ScriptedImporter : UnityEditor.QuickSearchModule:UnityEditor.Search:ASIAI0B)
Imported 'GUID: d618f7e3781548c28836f39ae65d95e1' -> (Import Result ID: 'ac8ba9de2ac052bb05dc87eb1ee33426') in 0.001 seconds [static and dynamic dependencies]. Details - ImportResultOutputID=5be954f8260ad85c0432e8298387fa75 DependenciesID=db637c1856863cbc68e252ad92519b93 StaticDependenciesID=7545c5cfca328b105e300e06ca738faa 
Number of updated asset objects reloaded before import = 0
Number of asset objects unloaded after import = 0
========================================================================
Received Import Request.
  Time of request: 2026-08-27T08:30:32.292279Z
  Time since last request: 0.00014675 seconds.
  importAddress: GUID: ff1bc3762d8741ff8f40d54da690efb1 - Path: Packages/com.unity.inputsystem/InputSystem/Utilities/FourCC.cs - Importer: ScriptedImporter/UnityEditor.QuickSearchModule:UnityEditor.Search:ASIAI0B
Importing 'GUID: ff1bc3762d8741ff8f40d54da690efb1 - Path: Packages/com.unity.inputsystem/InputSystem/Utilities/FourCC.cs - Importer: ScriptedImporter/UnityEditor.QuickSearchModule:UnityEditor.Search:ASIAI0B' with importer (ScriptedImporter : UnityEditor.QuickSearchModule:UnityEditor.Search:ASIAI0B)
Imported 'GUID: ff1bc3762d8741ff8f40d54da690efb1' -> (Import Result ID: 'bea06f51b209e6d734bb015bbc2c5048') in 0.001 seconds [static and dynamic dependencies]. Details - ImportResultOutputID=e8d7f477eee1a81a360283625deb46d3 DependenciesID=58cdfc3e13e0d06ac638e0bbf7be45fe StaticDependenciesID=c78b51f25d1fac1d124a73f5f34628bb 
Number of updated asset objects reloaded before import = 0
Number of asset objects unloaded after import = 0
========================================================================
Received Import Request.
  Time of request: 2026-08-27T08:30:32.293805Z
  Time since last request: 0.000297666 seconds.
  importAddress: GUID: 006305b616daf47409935f3dc8a172e2 - Path: Packages/com.unity.inputsystem/InputSystem/Editor/Icons/ChevronUp@3x.png - Importer: ScriptedImporter/UnityEditor.QuickSearchModule:UnityEditor.Search:ASIAI0B
Importing 'GUID: 006305b616daf47409935f3dc8a172e2 - Path: Packages/com.unity.inputsystem/InputSystem/Editor/Icons/ChevronUp@3x.png - Importer: ScriptedImporter/UnityEditor.QuickSearchModule:UnityEditor.Search:ASIAI0B' with importer (ScriptedImporter : UnityEditor.QuickSearchModule:UnityEditor.Search:ASIAI0B)
Imported 'GUID: 006305b616daf47409935f3dc8a172e2' -> (Import Result ID: '37eb94c8a04e273387a9a056e33ef216') in 0.002 seconds [static and dynamic dependencies]. Details - ImportResultOutputID=6b8a2405930e21283b89aceb3f754521 DependenciesID=35371e42544c732f7d0c43286c87a9b4 StaticDependenciesID=ed9e8edf6b7169312595d9b8e75e0112 
Number of updated asset objects reloaded before import = 0
Number of asset objects unloaded after import = 1
========================================================================
Received Import Request.
  Time of request: 2026-08-27T08:30:32.296254Z
  Time since last request: 0.000132125 seconds.
  importAddress: GUID: 551b733126e34f71a7294051cf2bfc0b - Path: Packages/com.unity.inputsystem/InputSystem/Controls/AxisControl.cs - Importer: ScriptedImporter/UnityEditor.QuickSearchModule:UnityEditor.Search:ASIAI0B
Importing 'GUID: 551b733126e34f71a7294051cf2bfc0b - Path: Packages/com.unity.inputsystem/InputSystem/Controls/AxisControl.cs - Importer: ScriptedImporter/UnityEditor.QuickSearchModule:UnityEditor.Search:ASIAI0B' with importer (ScriptedImporter : UnityEditor.QuickSearchModule:UnityEditor.Search:ASIAI0B)
Imported 'GUID: 551b733126e34f71a7294051cf2bfc0b' -> (Import Result ID: 'e619ee8204be563f6cfa7d5521729cf3') in 0.001 seconds [static and dynamic dependencies]. Details - ImportResultOutputID=4a5d2637226bfdee39fc20e039aad30e DependenciesID=8e926162860183d7f5fcbe741d722f7d StaticDependenciesID=c6c77fa01cf5d64c334a9dfd76162135 
Number of updated asset objects reloaded before import = 0
Number of asset objects unloaded after import = 0
========================================================================
Received Import Request.
  Time of request: 2026-08-27T08:30:32.29709Z
  Time since last request: 0.000177709 seconds.
  importAddress: GUID: ba2c9cc57fa154716b6f077bf9c1c193 - Path: Packages/com.unity.inputsystem/InputSystem/Editor/PropertyDrawers/InputActionDrawerBase.cs - Importer: ScriptedImporter/UnityEditor.QuickSearchModule:UnityEditor.Search:ASIAI0B
Importing 'GUID: ba2c9cc57fa154716b6f077bf9c1c193 - Path: Packages/com.unity.inputsystem/InputSystem/Editor/PropertyDrawers/InputActionDrawerBase.cs - Importer: ScriptedImporter/UnityEditor.QuickSearchModule:UnityEditor.Search:ASIAI0B' with importer (ScriptedImporter : UnityEditor.QuickSearchModule:UnityEditor.Search:ASIAI0B)
Imported 'GUID: ba2c9cc57fa154716b6f077bf9c1c193' -> (Import Result ID: '3dd1107eaef51a6d1b69b5d908136dfb') in 0.001 seconds [static and dynamic dependencies]. Details - ImportResultOutputID=9101f5bd9cb31c978c20626f0d4d9993 DependenciesID=9da057882c77335fb685b2ca90480a7b StaticDependenciesID=7c8e67c811fbd303bb756bf072ae94c3 
Number of updated asset objects reloaded before import = 0
Number of asset objects unloaded after import = 0
========================================================================
Received Import Request.
  Time of request: 2026-08-27T08:30:32.298188Z
  Time since last request: 0.000260709 seconds.
  importAddress: GUID: d88596134c72c47b99d7d55583f4c6bf - Path: Packages/com.unity.inputsystem/InputSystem/Editor/Icons/d_Joystick@4x.png - Importer: ScriptedImporter/UnityEditor.QuickSearchModule:UnityEditor.Search:ASIAI0B
Importing 'GUID: d88596134c72c47b99d7d55583f4c6bf - Path: Packages/com.unity.inputsystem/InputSystem/Editor/Icons/d_Joystick@4x.png - Importer: ScriptedImporter/UnityEditor.QuickSearchModule:UnityEditor.Search:ASIAI0B' with importer (ScriptedImporter : UnityEditor.QuickSearchModule:UnityEditor.Search:ASIAI0B)
Imported 'GUID: d88596134c72c47b99d7d55583f4c6bf' -> (Import Result ID: '3c347ef36c5883e7cef20403cdb2be67') in 0.002 seconds [static and dynamic dependencies]. Details - ImportResultOutputID=cfd7e6576d35593ae7c5a1eab43da164 DependenciesID=3a7daec1a5fed8bd67aceb9f825f33b9 StaticDependenciesID=518750b1a380ce2277b985c437fb0b77 
Number of updated asset objects reloaded before import = 0
Number of asset objects unloaded after import = 1
========================================================================
Received Import Request.
  Time of request: 2026-08-27T08:30:32.300671Z
  Time since last request: 0.000228042 seconds.
  importAddress: GUID: ab9baa68d9998419ba6b1bd76b11b630 - Path: Packages/com.unity.inputsystem/InputSystem/Plugins/Steam/SteamController.cs - Importer: ScriptedImporter/UnityEditor.QuickSearchModule:UnityEditor.Search:ASIAI0B
Importing 'GUID: ab9baa68d9998419ba6b1bd76b11b630 - Path: Packages/com.unity.inputsystem/InputSystem/Plugins/Steam/SteamController.cs - Importer: ScriptedImporter/UnityEditor.QuickSearchModule:UnityEditor.Search:ASIAI0B' with importer (ScriptedImporter : UnityEditor.QuickSearchModule:UnityEditor.Search:ASIAI0B)
Imported 'GUID: ab9baa68d9998419ba6b1bd76b11b630' -> (Import Result ID: '465ce3fef9f1a96613a8f84fe04f49fd') in 0.001 seconds [static and dynamic dependencies]. Details - ImportResultOutputID=fbf7c5d825ae12fa285cbc70306f8083 DependenciesID=baf00c5385cd565775b4c87ce831eca1 StaticDependenciesID=0a6e2bf2784637f0f072a825d088962b 
Number of updated asset objects reloaded before import = 0
Number of asset objects unloaded after import = 0
========================================================================
Received Import Request.
  Time of request: 2026-08-27T08:30:32.301784Z
  Time since last request: 0.000189291 seconds.
  importAddress: GUID: de98baf415a2c4d7dbe0de74cb6e171c - Path: Packages/com.unity.inputsystem/InputSystem/Editor/Icons/d_Orientation@4x.png - Importer: ScriptedImporter/UnityEditor.QuickSearchModule:UnityEditor.Search:ASIAI0B
Importing 'GUID: de98baf415a2c4d7dbe0de74cb6e171c - Path: Packages/com.unity.inputsystem/InputSystem/Editor/Icons/d_Orientation@4x.png - Importer: ScriptedImporter/UnityEditor.QuickSearchModule:UnityEditor.Search:ASIAI0B' with importer (ScriptedImporter : UnityEditor.QuickSearchModule:UnityEditor.Search:ASIAI0B)
Imported 'GUID: de98baf415a2c4d7dbe0de74cb6e171c' -> (Import Result ID: '6905d70f14387faed63e67007da58349') in 0.002 seconds [static and dynamic dependencies]. Details - ImportResultOutputID=f1cf9378c0903a0bae3e099ccc0f61fb DependenciesID=bbf4f707d94e307a1baa309db89657a8 StaticDependenciesID=40891b8cecbae9a3f4a727556b78ac18 
Number of updated asset objects reloaded before import = 0
Number of asset objects unloaded after import = 1
========================================================================
Received Import Request.
  Time of request: 2026-08-27T08:30:32.304046Z
  Time since last request: 0.000215625 seconds.
  importAddress: GUID: 9166eed4756114bdaa498aca2df93e19 - Path: Packages/com.unity.inputsystem/LICENSE.md - Importer: ScriptedImporter/UnityEditor.QuickSearchModule:UnityEditor.Search:ASIAI0B
Importing 'GUID: 9166eed4756114bdaa498aca2df93e19 - Path: Packages/com.unity.inputsystem/LICENSE.md - Importer: ScriptedImporter/UnityEditor.QuickSearchModule:UnityEditor.Search:ASIAI0B' with importer (ScriptedImporter : UnityEditor.QuickSearchModule:UnityEditor.Search:ASIAI0B)
Imported 'GUID: 9166eed4756114bdaa498aca2df93e19' -> (Import Result ID: '679b59aa950adc3ed560ca5e8f22882c') in 0.001 seconds [static and dynamic dependencies]. Details - ImportResultOutputID=65b9e7f5e238b092eeab48c3114b1fad DependenciesID=217faa06803c94660fcad46ce4b7e396 StaticDependenciesID=8301b7573b9d6bc9a2327860888c34b3 
Number of updated asset objects reloaded before import = 0
Number of asset objects unloaded after import = 1
========================================================================
Received Import Request.
  Time of request: 2026-08-27T08:30:32.305006Z
  Time since last request: 0.000205209 seconds.
  importAddress: GUID: a625f902f77154d94aa57ae7872317ac - Path: Packages/com.unity.inputsystem/InputSystem/IInputRuntime.cs - Importer: ScriptedImporter/UnityEditor.QuickSearchModule:UnityEditor.Search:ASIAI0B
Importing 'GUID: a625f902f77154d94aa57ae7872317ac - Path: Packages/com.unity.inputsystem/InputSystem/IInputRuntime.cs - Importer: ScriptedImporter/UnityEditor.QuickSearchModule:UnityEditor.Search:ASIAI0B' with importer (ScriptedImporter : UnityEditor.QuickSearchModule:UnityEditor.Search:ASIAI0B)
Imported 'GUID: a625f902f77154d94aa57ae7872317ac' -> (Import Result ID: '4603d4f11b6fc10490b7f68b71c64a6d') in 0.001 seconds [static and dynamic dependencies]. Details - ImportResultOutputID=9a1c82f2d5e66a8bccb49df76dbc12ed DependenciesID=7cc2f368c2eda469cf0ef2bd43073ea4 StaticDependenciesID=85ece8fc00e11d22fc4f16728d4e57e7 
Number of updated asset objects reloaded before import = 0
Number of asset objects unloaded after import = 0
========================================================================
Received Import Request.
  Time of request: 2026-08-27T08:30:32.306549Z
  Time since last request: 0.000282667 seconds.
  importAddress: GUID: 33c4f889206d84e84b124cc6f7367963 - Path: Packages/com.unity.inputsystem/InputSystem/Plugins/Users/InputUserPairingOptions.cs - Importer: ScriptedImporter/UnityEditor.QuickSearchModule:UnityEditor.Search:ASIAI0B
Importing 'GUID: 33c4f889206d84e84b124cc6f7367963 - Path: Packages/com.unity.inputsystem/InputSystem/Plugins/Users/InputUserPairingOptions.cs - Importer: ScriptedImporter/UnityEditor.QuickSearchModule:UnityEditor.Search:ASIAI0B' with importer (ScriptedImporter : UnityEditor.QuickSearchModule:UnityEditor.Search:ASIAI0B)
Imported 'GUID: 33c4f889206d84e84b124cc6f7367963' -> (Import Result ID: 'b86b10e9f510f85c27917b1d52b748a3') in 0.001 seconds [static and dynamic dependencies]. Details - ImportResultOutputID=57142ec86cd246e5e9f3723e40d4cdda DependenciesID=547bb849dae0732c8988ef567dcb2e69 StaticDependenciesID=acd24d6feeb4b3132dacdc2c33126dec 
Number of updated asset objects reloaded before import = 0
Number of asset objects unloaded after import = 0
========================================================================
Received Import Request.
  Time of request: 2026-08-27T08:30:32.307453Z
  Time since last request: 0.000229917 seconds.
  importAddress: GUID: a5c84a68c16874bd5ba1a9d15a5e5044 - Path: Packages/com.unity.inputsystem/InputSystem/Editor/AssetEditor - Importer: ScriptedImporter/UnityEditor.QuickSearchModule:UnityEditor.Search:ASIAI0B
Importing 'GUID: a5c84a68c16874bd5ba1a9d15a5e5044 - Path: Packages/com.unity.inputsystem/InputSystem/Editor/AssetEditor - Importer: ScriptedImporter/UnityEditor.QuickSearchModule:UnityEditor.Search:ASIAI0B' with importer (ScriptedImporter : UnityEditor.QuickSearchModule:UnityEditor.Search:ASIAI0B)
Imported 'GUID: a5c84a68c16874bd5ba1a9d15a5e5044' -> (Import Result ID: '3623f7acf6b64f6787d34adf75649981') in 0.001 seconds [static and dynamic dependencies]. Details - ImportResultOutputID=636264467381fc75625d0e96b81bd47f DependenciesID=c0a4bee60030406fa8881d3f606dbf51 StaticDependenciesID=29e68996c441ce15b9be10605148949d 
Number of updated asset objects reloaded before import = 0
Number of asset objects unloaded after import = 1
========================================================================
Received Import Request.
  Time of request: 2026-08-27T08:30:32.308223Z
  Time since last request: 0.000145375 seconds.
  importAddress: GUID: 8b78cdd0ba4454fd69b2be04e825d921 - Path: Packages/com.unity.inputsystem/InputSystem/Controls/Processors/NormalizeVector3Processor.cs - Importer: ScriptedImporter/UnityEditor.QuickSearchModule:UnityEditor.Search:ASIAI0B
Importing 'GUID: 8b78cdd0ba4454fd69b2be04e825d921 - Path: Packages/com.unity.inputsystem/InputSystem/Controls/Processors/NormalizeVector3Processor.cs - Importer: ScriptedImporter/UnityEditor.QuickSearchModule:UnityEditor.Search:ASIAI0B' with importer (ScriptedImporter : UnityEditor.QuickSearchModule:UnityEditor.Search:ASIAI0B)
Imported 'GUID: 8b78cdd0ba4454fd69b2be04e825d921' -> (Import Result ID: 'e24e6dc48cb91ecfb1176bee9e4df8bd') in 0.001 seconds [static and dynamic dependencies]. Details - ImportResultOutputID=1fb01901eb5313652593f1b6b48dcae6 DependenciesID=b597d40f7c0a184f5fc4c97684b83c7d StaticDependenciesID=74288059bd1366becf6c111a8beedc02 
Number of updated asset objects reloaded before import = 0
Number of asset objects unloaded after import = 0
========================================================================
Received Import Request.
  Time of request: 2026-08-27T08:30:32.309134Z
  Time since last request: 0.000243541 seconds.
  importAddress: GUID: ea65eddf43398654fa32b724723c71a4 - Path: Packages/com.unity.inputsystem/InputSystem/Plugins/OSX - Importer: ScriptedImporter/UnityEditor.QuickSearchModule:UnityEditor.Search:ASIAI0B
Importing 'GUID: ea65eddf43398654fa32b724723c71a4 - Path: Packages/com.unity.inputsystem/InputSystem/Plugins/OSX - Importer: ScriptedImporter/UnityEditor.QuickSearchModule:UnityEditor.Search:ASIAI0B' with importer (ScriptedImporter : UnityEditor.QuickSearchModule:UnityEditor.Search:ASIAI0B)
Imported 'GUID: ea65eddf43398654fa32b724723c71a4' -> (Import Result ID: 'd7b0094776a0894f4fab5a013e871c1d') in 0.001 seconds [static and dynamic dependencies]. Details - ImportResultOutputID=6e5975a47030d258230c2e72bb2962eb DependenciesID=d2be17f912f4cf5a0a3f1dc887f5a334 StaticDependenciesID=d7aad4823eae9f65a1cf5783e1eeca8c 
Number of updated asset objects reloaded before import = 0
Number of asset objects unloaded after import = 1
========================================================================
Received Import Request.
  Time of request: 2026-08-27T08:30:32.310186Z
  Time since last request: 0.000203917 seconds.
  importAddress: GUID: 20d24cdc563d241d8a6bbbb9e417d100 - Path: Packages/com.unity.inputsystem/InputSystem/Editor/Settings/InputSettingsBuildProvider.cs - Importer: ScriptedImporter/UnityEditor.QuickSearchModule:UnityEditor.Search:ASIAI0B
Importing 'GUID: 20d24cdc563d241d8a6bbbb9e417d100 - Path: Packages/com.unity.inputsystem/InputSystem/Editor/Settings/InputSettingsBuildProvider.cs - Importer: ScriptedImporter/UnityEditor.QuickSearchModule:UnityEditor.Search:ASIAI0B' with importer (ScriptedImporter : UnityEditor.QuickSearchModule:UnityEditor.Search:ASIAI0B)
Imported 'GUID: 20d24cdc563d241d8a6bbbb9e417d100' -> (Import Result ID: '109004719bcd4657f7007605e5ae8c39') in 0.001 seconds [static and dynamic dependencies]. Details - ImportResultOutputID=e1ced33bc90ba8aaca4be86e6ad5d4a9 DependenciesID=668e484bd8ee3cc0750e4b2cdc80830c StaticDependenciesID=f08d5d3c5dad26188f3f0cf9f603a49f 
Number of updated asset objects reloaded before import = 0
Number of asset objects unloaded after import = 0
========================================================================
Received Import Request.
  Time of request: 2026-08-27T08:30:32.311087Z
  Time since last request: 0.000149875 seconds.
  importAddress: GUID: 6e444fe6609243258e0a7746c163373a - Path: Packages/com.unity.inputsystem/InputSystem/Controls/AnyKeyControl.cs - Importer: ScriptedImporter/UnityEditor.QuickSearchModule:UnityEditor.Search:ASIAI0B
Importing 'GUID: 6e444fe6609243258e0a7746c163373a - Path: Packages/com.unity.inputsystem/InputSystem/Controls/AnyKeyControl.cs - Importer: ScriptedImporter/UnityEditor.QuickSearchModule:UnityEditor.Search:ASIAI0B' with importer (ScriptedImporter : UnityEditor.QuickSearchModule:UnityEditor.Search:ASIAI0B)
Imported 'GUID: 6e444fe6609243258e0a7746c163373a' -> (Import Result ID: '03f5e713fd9ab3386436e50f9468d543') in 0.001 seconds [static and dynamic dependencies]. Details - ImportResultOutputID=e035d488bef17db6aab672992ae4f8ad DependenciesID=6607a82355fafdedcf4709bc58a02dea StaticDependenciesID=fc802c8a1ed5046fba566a9fc1ff9ae6 
Number of updated asset objects reloaded before import = 0
Number of asset objects unloaded after import = 0
========================================================================
Received Import Request.
  Time of request: 2026-08-27T08:30:32.311913Z
  Time since last request: 0.000133166 seconds.
  importAddress: GUID: e1ad7c41319cc470d8ae996688c56e79 - Path: Packages/com.unity.inputsystem/InputSystem/Editor/PropertyDrawers/InputActionMapDrawer.cs - Importer: ScriptedImporter/UnityEditor.QuickSearchModule:UnityEditor.Search:ASIAI0B
Importing 'GUID: e1ad7c41319cc470d8ae996688c56e79 - Path: Packages/com.unity.inputsystem/InputSystem/Editor/PropertyDrawers/InputActionMapDrawer.cs - Importer: ScriptedImporter/UnityEditor.QuickSearchModule:UnityEditor.Search:ASIAI0B' with importer (ScriptedImporter : UnityEditor.QuickSearchModule:UnityEditor.Search:ASIAI0B)
Imported 'GUID: e1ad7c41319cc470d8ae996688c56e79' -> (Import Result ID: 'fc3cb2a9acc057a101a32a9d04034ec0') in 0.001 seconds [static and dynamic dependencies]. Details - ImportResultOutputID=5137a780be73c63df4a409dbb741c480 DependenciesID=1a016b29f667962871136696813f90f7 StaticDependenciesID=06b519f47cb7883dd8e22481dfc0e66e 
Number of updated asset objects reloaded before import = 0
Number of asset objects unloaded after import = 0
========================================================================
Received Import Request.
  Time of request: 2026-08-27T08:30:32.312669Z
  Time since last request: 0.000139583 seconds.
  importAddress: GUID: 542599ad529004327a7b18f7b2a4aeb8 - Path: Packages/com.unity.inputsystem/InputSystem/Editor/Icons/d_Interactive Binding@3x.png - Importer: ScriptedImporter/UnityEditor.QuickSearchModule:UnityEditor.Search:ASIAI0B
Importing 'GUID: 542599ad529004327a7b18f7b2a4aeb8 - Path: Packages/com.unity.inputsystem/InputSystem/Editor/Icons/d_Interactive Binding@3x.png - Importer: ScriptedImporter/UnityEditor.QuickSearchModule:UnityEditor.Search:ASIAI0B' with importer (ScriptedImporter : UnityEditor.QuickSearchModule:UnityEditor.Search:ASIAI0B)
Imported 'GUID: 542599ad529004327a7b18f7b2a4aeb8' -> (Import Result ID: '8d03442957166fe93d09459480d5f299') in 0.003 seconds [static and dynamic dependencies]. Details - ImportResultOutputID=466ab21184f4c61c81b16a31d68a20fb DependenciesID=39f2537b0165fad69957273d561854a5 StaticDependenciesID=6d16ceb4b615c1ec0900adca94de831d 
Number of updated asset objects reloaded before import = 0
Number of asset objects unloaded after import = 1
========================================================================
Received Import Request.
  Time of request: 2026-08-27T08:30:32.315426Z
  Time since last request: 0.000198875 seconds.
  importAddress: GUID: 0fb454a124e8649bb9326261b1739032 - Path: Packages/com.unity.inputsystem/InputSystem/Editor/Internal/AdvancedDropdown/AdvancedDropdownDataSource.cs - Importer: ScriptedImporter/UnityEditor.QuickSearchModule:UnityEditor.Search:ASIAI0B
Importing 'GUID: 0fb454a124e8649bb9326261b1739032 - Path: Packages/com.unity.inputsystem/InputSystem/Editor/Internal/AdvancedDropdown/AdvancedDropdownDataSource.cs - Importer: ScriptedImporter/UnityEditor.QuickSearchModule:UnityEditor.Search:ASIAI0B' with importer (ScriptedImporter : UnityEditor.QuickSearchModule:UnityEditor.Search:ASIAI0B)
Imported 'GUID: 0fb454a124e8649bb9326261b1739032' -> (Import Result ID: 'c9f47b17d7cf36f60da14a40a2ea4ef1') in 0.001 seconds [static and dynamic dependencies]. Details - ImportResultOutputID=1a11b32b475feb74f44d47975c2df7ac DependenciesID=f59d51118ea09375a6e2442481bd1c08 StaticDependenciesID=cafde27ac48477c7582e2cd5d3e2acef 
Number of updated asset objects reloaded before import = 0
Number of asset objects unloaded after import = 0
========================================================================
Received Import Request.
  Time of request: 2026-08-27T08:30:32.316511Z
  Time since last request: 0.000175042 seconds.
  importAddress: GUID: 35b7608ac9ab8464280c16fa4adc02f1 - Path: Packages/com.unity.inputsystem/InputSystem/State/IInputStateCallbackReceiver.cs - Importer: ScriptedImporter/UnityEditor.QuickSearchModule:UnityEditor.Search:ASIAI0B
Importing 'GUID: 35b7608ac9ab8464280c16fa4adc02f1 - Path: Packages/com.unity.inputsystem/InputSystem/State/IInputStateCallbackReceiver.cs - Importer: ScriptedImporter/UnityEditor.QuickSearchModule:UnityEditor.Search:ASIAI0B' with importer (ScriptedImporter : UnityEditor.QuickSearchModule:UnityEditor.Search:ASIAI0B)
Imported 'GUID: 35b7608ac9ab8464280c16fa4adc02f1' -> (Import Result ID: 'e88c2dd633cba989df82a146a0f015a8') in 0.001 seconds [static and dynamic dependencies]. Details - ImportResultOutputID=580193f5d50829a3f312227ba227be97 DependenciesID=ef41214e5bb7af72bb92b3e6f3569821 StaticDependenciesID=a72df2b6382a686d9dc67cfcccd780e1 
Number of updated asset objects reloaded before import = 0
Number of asset objects unloaded after import = 0
========================================================================
Received Import Request.
  Time of request: 2026-08-27T08:30:32.317514Z
  Time since last request: 0.000207 seconds.
  importAddress: GUID: 92d6890c6702d4891a156d7d30cdbdcb - Path: Packages/com.unity.inputsystem/InputSystem/Actions/InputControlScheme.cs - Importer: ScriptedImporter/UnityEditor.QuickSearchModule:UnityEditor.Search:ASIAI0B
Importing 'GUID: 92d6890c6702d4891a156d7d30cdbdcb - Path: Packages/com.unity.inputsystem/InputSystem/Actions/InputControlScheme.cs - Importer: ScriptedImporter/UnityEditor.QuickSearchModule:UnityEditor.Search:ASIAI0B' with importer (ScriptedImporter : UnityEditor.QuickSearchModule:UnityEditor.Search:ASIAI0B)
Imported 'GUID: 92d6890c6702d4891a156d7d30cdbdcb' -> (Import Result ID: 'dfe48d21fb64402a6323104aaebc9ae8') in 0.001 seconds [static and dynamic dependencies]. Details - ImportResultOutputID=a5244629228b56307f9c85a8f9484418 DependenciesID=074dbc156d9103ee77e2830c19d6a3ea StaticDependenciesID=935c1e2d3b3de9960fe95fa1fb827187 
Number of updated asset objects reloaded before import = 0
Number of asset objects unloaded after import = 0
========================================================================
Received Import Request.
  Time of request: 2026-08-27T08:30:32.318664Z
  Time since last request: 0.000305166 seconds.
  importAddress: GUID: f06ed8c4023b8420784a262e45338aa3 - Path: Packages/com.unity.inputsystem/InputSystem/Plugins/XR/XRLayoutBuilder.cs - Importer: ScriptedImporter/UnityEditor.QuickSearchModule:UnityEditor.Search:ASIAI0B
Importing 'GUID: f06ed8c4023b8420784a262e45338aa3 - Path: Packages/com.unity.inputsystem/InputSystem/Plugins/XR/XRLayoutBuilder.cs - Importer: ScriptedImporter/UnityEditor.QuickSearchModule:UnityEditor.Search:ASIAI0B' with importer (ScriptedImporter : UnityEditor.QuickSearchModule:UnityEditor.Search:ASIAI0B)
Imported 'GUID: f06ed8c4023b8420784a262e45338aa3' -> (Import Result ID: 'c255aa328085a662ca8bcaacc8e09f17') in 0.001 seconds [static and dynamic dependencies]. Details - ImportResultOutputID=3e71dd21fcebcd06a7c3e37d4d84aa5b DependenciesID=b293e73a156430c5707d6b8ba0a96284 StaticDependenciesID=d142c19d0894afb642a68eacc155f48f 
Number of updated asset objects reloaded before import = 0
Number of asset objects unloaded after import = 0
========================================================================
Received Import Request.
  Time of request: 2026-08-27T08:30:32.319683Z
  Time since last request: 0.000158375 seconds.
  importAddress: GUID: b52a4b3b22334b02a4d22d942a479be6 - Path: Packages/com.unity.inputsystem/InputSystem/Editor/UITKAssetEditor/Views/DropManipulator.cs - Importer: ScriptedImporter/UnityEditor.QuickSearchModule:UnityEditor.Search:ASIAI0B
Importing 'GUID: b52a4b3b22334b02a4d22d942a479be6 - Path: Packages/com.unity.inputsystem/InputSystem/Editor/UITKAssetEditor/Views/DropManipulator.cs - Importer: ScriptedImporter/UnityEditor.QuickSearchModule:UnityEditor.Search:ASIAI0B' with importer (ScriptedImporter : UnityEditor.QuickSearchModule:UnityEditor.Search:ASIAI0B)
Imported 'GUID: b52a4b3b22334b02a4d22d942a479be6' -> (Import Result ID: '92df1e1f3f61d86f81b477c5e95211cb') in 0.001 seconds [static and dynamic dependencies]. Details - ImportResultOutputID=37e8d50b58769504c80988b66c4de30c DependenciesID=9936811a48d3ab9afd339a170abf31b5 StaticDependenciesID=9f36274af581bccf6d69f116cb59c17d 
Number of updated asset objects reloaded before import = 0
Number of asset objects unloaded after import = 0
========================================================================
Received Import Request.
  Time of request: 2026-08-27T08:30:32.320498Z
  Time since last request: 0.000131292 seconds.
  importAddress: GUID: 69dd334ee54c747c38b3317d02c3967a - Path: Packages/com.unity.inputsystem/InputSystem/Plugins/UI - Importer: ScriptedImporter/UnityEditor.QuickSearchModule:UnityEditor.Search:ASIAI0B
Importing 'GUID: 69dd334ee54c747c38b3317d02c3967a - Path: Packages/com.unity.inputsystem/InputSystem/Plugins/UI - Importer: ScriptedImporter/UnityEditor.QuickSearchModule:UnityEditor.Search:ASIAI0B' with importer (ScriptedImporter : UnityEditor.QuickSearchModule:UnityEditor.Search:ASIAI0B)
Imported 'GUID: 69dd334ee54c747c38b3317d02c3967a' -> (Import Result ID: '17c90b62f0e674093cea046fe85f0fe2') in 0.001 seconds [static and dynamic dependencies]. Details - ImportResultOutputID=d753809f120fc72d61814f12fd79a207 DependenciesID=5034dc4a518ec4b1ea828497129aba9a StaticDependenciesID=ad01605d63e20cfee1a6d5e62db7f96d 
Number of updated asset objects reloaded before import = 0
Number of asset objects unloaded after import = 1
========================================================================
Received Import Request.
  Time of request: 2026-08-27T08:30:32.321187Z
  Time since last request: 0.000115291 seconds.
  importAddress: GUID: 7dac9c49a90bca4499371d0adc9b617b - Path: Packages/com.unity.inputsystem/InputSystem/Editor/UITKAssetEditor/PackageResources/InputActionsEditorStyles.uss - Importer: ScriptedImporter/UnityEditor.QuickSearchModule:UnityEditor.Search:ASIAI0B
Importing 'GUID: 7dac9c49a90bca4499371d0adc9b617b - Path: Packages/com.unity.inputsystem/InputSystem/Editor/UITKAssetEditor/PackageResources/InputActionsEditorStyles.uss - Importer: ScriptedImporter/UnityEditor.QuickSearchModule:UnityEditor.Search:ASIAI0B' with importer (ScriptedImporter : UnityEditor.QuickSearchModule:UnityEditor.Search:ASIAI0B)
Imported 'GUID: 7dac9c49a90bca4499371d0adc9b617b' -> (Import Result ID: '85723df86e1cfe9e79d498fe197be623') in 0.002 seconds [static and dynamic dependencies]. Details - ImportResultOutputID=60f11f5d8bbf14897e07fd5da79bd98c DependenciesID=81bcdea4b91e111d23d6cbb55303598c StaticDependenciesID=5f9110a9789fa3b688d588bf1f345c67 
Number of updated asset objects reloaded before import = 0
Number of asset objects unloaded after import = 1
========================================================================
Received Import Request.
  Time of request: 2026-08-27T08:30:32.323423Z
  Time since last request: 0.00013825 seconds.
  importAddress: GUID: b102955bf08484d24b9122abab95b9fc - Path: Packages/com.unity.inputsystem/InputSystem/Plugins/Users - Importer: ScriptedImporter/UnityEditor.QuickSearchModule:UnityEditor.Search:ASIAI0B
Importing 'GUID: b102955bf08484d24b9122abab95b9fc - Path: Packages/com.unity.inputsystem/InputSystem/Plugins/Users - Importer: ScriptedImporter/UnityEditor.QuickSearchModule:UnityEditor.Search:ASIAI0B' with importer (ScriptedImporter : UnityEditor.QuickSearchModule:UnityEditor.Search:ASIAI0B)
Imported 'GUID: b102955bf08484d24b9122abab95b9fc' -> (Import Result ID: '7728677ffc0c58be1c74ad9ae2e33b94') in 0.001 seconds [static and dynamic dependencies]. Details - ImportResultOutputID=7dabdb7d020275ff79f2473f1c0a7204 DependenciesID=cb87f90a4978fc72fc5142788c1ce16c StaticDependenciesID=4f77f4fa0a2d285058bb85b23c0bd984 
Number of updated asset objects reloaded before import = 0
Number of asset objects unloaded after import = 1
========================================================================
Received Import Request.
  Time of request: 2026-08-27T08:30:32.324189Z
  Time since last request: 0.000132208 seconds.
  importAddress: GUID: 7543bb6341c2140f292c8c852e7a3bbf - Path: Packages/com.unity.inputsystem/InputSystem/Editor/Icons/Gamepad@4x.png - Importer: ScriptedImporter/UnityEditor.QuickSearchModule:UnityEditor.Search:ASIAI0B
Importing 'GUID: 7543bb6341c2140f292c8c852e7a3bbf - Path: Packages/com.unity.inputsystem/InputSystem/Editor/Icons/Gamepad@4x.png - Importer: ScriptedImporter/UnityEditor.QuickSearchModule:UnityEditor.Search:ASIAI0B' with importer (ScriptedImporter : UnityEditor.QuickSearchModule:UnityEditor.Search:ASIAI0B)
Imported 'GUID: 7543bb6341c2140f292c8c852e7a3bbf' -> (Import Result ID: '3b7b4bdb18f24381af73aecb532fe7a5') in 0.003 seconds [static and dynamic dependencies]. Details - ImportResultOutputID=8962b5a6317200f5a6047401b250dfa3 DependenciesID=48326cd24bd153dc1212d4067627e493 StaticDependenciesID=3a125a07e2916415d8c99a8f372e7fea 
Number of updated asset objects reloaded before import = 0
Number of asset objects unloaded after import = 1
========================================================================
Received Import Request.
  Time of request: 2026-08-27T08:30:32.327447Z
  Time since last request: 0.000386291 seconds.
  importAddress: GUID: b5256e0d1ebecc84d98a4001ab63d5b8 - Path: Packages/com.unity.inputsystem/InputSystem/Controls/InputControlLayoutAttribute.cs - Importer: ScriptedImporter/UnityEditor.QuickSearchModule:UnityEditor.Search:ASIAI0B
Importing 'GUID: b5256e0d1ebecc84d98a4001ab63d5b8 - Path: Packages/com.unity.inputsystem/InputSystem/Controls/InputControlLayoutAttribute.cs - Importer: ScriptedImporter/UnityEditor.QuickSearchModule:UnityEditor.Search:ASIAI0B' with importer (ScriptedImporter : UnityEditor.QuickSearchModule:UnityEditor.Search:ASIAI0B)
Imported 'GUID: b5256e0d1ebecc84d98a4001ab63d5b8' -> (Import Result ID: '01728b0a1bb2fa78559d3f595f824482') in 0.001 seconds [static and dynamic dependencies]. Details - ImportResultOutputID=9a7b3a3a18ae4ea5b40c7cae46f3400f DependenciesID=ee3d77264d5e394882656e76ca5f9a7d StaticDependenciesID=09fb9718c23e9e08dd1de51270c35728 
Number of updated asset objects reloaded before import = 0
Number of asset objects unloaded after import = 0
========================================================================
Received Import Request.
  Time of request: 2026-08-27T08:30:32.346586Z
  Time since last request: 0.018353792 seconds.
  importAddress: GUID: 07c4c48bac384a9e91c29c2f04328c0b - Path: Packages/com.unity.inputsystem/InputSystem/Editor/Analytics/InputExitPlayModeAnalytic.cs - Importer: ScriptedImporter/UnityEditor.QuickSearchModule:UnityEditor.Search:ASIAI0B
Importing 'GUID: 07c4c48bac384a9e91c29c2f04328c0b - Path: Packages/com.unity.inputsystem/InputSystem/Editor/Analytics/InputExitPlayModeAnalytic.cs - Importer: ScriptedImporter/UnityEditor.QuickSearchModule:UnityEditor.Search:ASIAI0B' with importer (ScriptedImporter : UnityEditor.QuickSearchModule:UnityEditor.Search:ASIAI0B)
Imported 'GUID: 07c4c48bac384a9e91c29c2f04328c0b' -> (Import Result ID: '3c6237426f77afcca61078f45900f194') in 0.001 seconds [static and dynamic dependencies]. Details - ImportResultOutputID=b0f1cb19ce67b15dd996b1371dac6718 DependenciesID=c9ebc7ddcd126dc22694d5bab8760b5b StaticDependenciesID=d258d3abc4f1dba72861f9f770aea178 
Number of updated asset objects reloaded before import = 0
Number of asset objects unloaded after import = 0
========================================================================
Received Import Request.
  Time of request: 2026-08-27T08:30:32.347782Z
  Time since last request: 0.000273458 seconds.
  importAddress: GUID: 6adbf65a53ff9b04990c2116b3e4d5b7 - Path: Packages/com.unity.inputsystem/InputSystem/Actions/Composites - Importer: ScriptedImporter/UnityEditor.QuickSearchModule:UnityEditor.Search:ASIAI0B
Importing 'GUID: 6adbf65a53ff9b04990c2116b3e4d5b7 - Path: Packages/com.unity.inputsystem/InputSystem/Actions/Composites - Importer: ScriptedImporter/UnityEditor.QuickSearchModule:UnityEditor.Search:ASIAI0B' with importer (ScriptedImporter : UnityEditor.QuickSearchModule:UnityEditor.Search:ASIAI0B)
Imported 'GUID: 6adbf65a53ff9b04990c2116b3e4d5b7' -> (Import Result ID: 'f99f3e560f42666e47170052601e4f99') in 0.001 seconds [static and dynamic dependencies]. Details - ImportResultOutputID=2cb1e1e2f3302eba4cb442b6509a7bb3 DependenciesID=8ac2b7cf80f52dcfdd89de7c548c8146 StaticDependenciesID=912d855f20462b9a4c9967f1be06d42a 
Number of updated asset objects reloaded before import = 0
Number of asset objects unloaded after import = 1
========================================================================
Received Import Request.
  Time of request: 2026-08-27T08:30:32.348642Z
  Time since last request: 0.000147625 seconds.
  importAddress: GUID: 83382fb171da648c594229ca6fa7ad94 - Path: Packages/com.unity.inputsystem/InputSystem/Editor/Icons/d_Keyboard.png - Importer: ScriptedImporter/UnityEditor.QuickSearchModule:UnityEditor.Search:ASIAI0B
Importing 'GUID: 83382fb171da648c594229ca6fa7ad94 - Path: Packages/com.unity.inputsystem/InputSystem/Editor/Icons/d_Keyboard.png - Importer: ScriptedImporter/UnityEditor.QuickSearchModule:UnityEditor.Search:ASIAI0B' with importer (ScriptedImporter : UnityEditor.QuickSearchModule:UnityEditor.Search:ASIAI0B)
Imported 'GUID: 83382fb171da648c594229ca6fa7ad94' -> (Import Result ID: '6b8b6a87a7a1cfa4fc5eb5d0597a3762') in 0.002 seconds [static and dynamic dependencies]. Details - ImportResultOutputID=126aa762e1892c4d76aafabc1ba035e3 DependenciesID=e6089806f094004e340449ff5af43aae StaticDependenciesID=06f48187f963e32fe9d961aa6d095bfb 
Number of updated asset objects reloaded before import = 0
Number of asset objects unloaded after import = 1
========================================================================
Received Import Request.
  Time of request: 2026-08-27T08:30:32.35088Z
  Time since last request: 0.000264167 seconds.
  importAddress: GUID: 1d3813199fcb56b45b916ac51d58dc80 - Path: Packages/com.unity.inputsystem/InputSystem/Editor/UITKAssetEditor/Views/CompositePartBindingPropertiesView.cs - Importer: ScriptedImporter/UnityEditor.QuickSearchModule:UnityEditor.Search:ASIAI0B
Importing 'GUID: 1d3813199fcb56b45b916ac51d58dc80 - Path: Packages/com.unity.inputsystem/InputSystem/Editor/UITKAssetEditor/Views/CompositePartBindingPropertiesView.cs - Importer: ScriptedImporter/UnityEditor.QuickSearchModule:UnityEditor.Search:ASIAI0B' with importer (ScriptedImporter : UnityEditor.QuickSearchModule:UnityEditor.Search:ASIAI0B)
Imported 'GUID: 1d3813199fcb56b45b916ac51d58dc80' -> (Import Result ID: '5a83aefda155a3aa4f338050fdbe98e2') in 0.001 seconds [static and dynamic dependencies]. Details - ImportResultOutputID=b75323c91976d63e876ced0bc876e190 DependenciesID=6670672382b9897b7d93b6bfb4fe2257 StaticDependenciesID=f4d460aa6fc4ba5774ed6f5d2cc7b111 
Number of updated asset objects reloaded before import = 0
Number of asset objects unloaded after import = 0
========================================================================
Received Import Request.
  Time of request: 2026-08-27T08:30:32.351928Z
  Time since last request: 0.000221875 seconds.
  importAddress: GUID: ad61ded360bb0784b9301188fc603d6d - Path: Packages/com.unity.inputsystem/InputSystem/Editor/AssetEditor/PackageResources - Importer: ScriptedImporter/UnityEditor.QuickSearchModule:UnityEditor.Search:ASIAI0B
Importing 'GUID: ad61ded360bb0784b9301188fc603d6d - Path: Packages/com.unity.inputsystem/InputSystem/Editor/AssetEditor/PackageResources - Importer: ScriptedImporter/UnityEditor.QuickSearchModule:UnityEditor.Search:ASIAI0B' with importer (ScriptedImporter : UnityEditor.QuickSearchModule:UnityEditor.Search:ASIAI0B)
Imported 'GUID: ad61ded360bb0784b9301188fc603d6d' -> (Import Result ID: '74836ff01d28c2c63192bbfaf6b7539c') in 0.001 seconds [static and dynamic dependencies]. Details - ImportResultOutputID=40185fbd5f2a64284f180ff48958cc06 DependenciesID=7f13b382b3d5bcd8d0b1b917ca3d0ba2 StaticDependenciesID=92da8f32334f8a72efc3791fd73eeb5f 
Number of updated asset objects reloaded before import = 0
Number of asset objects unloaded after import = 1
========================================================================
Received Import Request.
  Time of request: 2026-08-27T08:30:32.352695Z
  Time since last request: 0.000124625 seconds.
  importAddress: GUID: 81128cc364d234170845119461c41970 - Path: Packages/com.unity.inputsystem/Tests/TestFixture/InputTestFixture.cs - Importer: ScriptedImporter/UnityEditor.QuickSearchModule:UnityEditor.Search:ASIAI0B
Importing 'GUID: 81128cc364d234170845119461c41970 - Path: Packages/com.unity.inputsystem/Tests/TestFixture/InputTestFixture.cs - Importer: ScriptedImporter/UnityEditor.QuickSearchModule:UnityEditor.Search:ASIAI0B' with importer (ScriptedImporter : UnityEditor.QuickSearchModule:UnityEditor.Search:ASIAI0B)
Imported 'GUID: 81128cc364d234170845119461c41970' -> (Import Result ID: 'c3a4e53760db16522bc16c812310643c') in 0.001 seconds [static and dynamic dependencies]. Details - ImportResultOutputID=2ae1540fd75c8d63b5aede8f89c98908 DependenciesID=c1764ab517cba867b3ad6cecc3c4baca StaticDependenciesID=51497bfef501e69eae092b28760773de 
Number of updated asset objects reloaded before import = 0
Number of asset objects unloaded after import = 0
========================================================================
Received Import Request.
  Time of request: 2026-08-27T08:30:32.353394Z
  Time since last request: 0.000114167 seconds.
  importAddress: GUID: 924d7617bcdc84f8ea1c0d0ce6466a30 - Path: Packages/com.unity.inputsystem/InputSystem/Editor/ControlPicker/InputControlPathEditor.cs - Importer: ScriptedImporter/UnityEditor.QuickSearchModule:UnityEditor.Search:ASIAI0B
Importing 'GUID: 924d7617bcdc84f8ea1c0d0ce6466a30 - Path: Packages/com.unity.inputsystem/InputSystem/Editor/ControlPicker/InputControlPathEditor.cs - Importer: ScriptedImporter/UnityEditor.QuickSearchModule:UnityEditor.Search:ASIAI0B' with importer (ScriptedImporter : UnityEditor.QuickSearchModule:UnityEditor.Search:ASIAI0B)
Imported 'GUID: 924d7617bcdc84f8ea1c0d0ce6466a30' -> (Import Result ID: '4afb7f7dc596f03c05ca4f8aa3231e78') in 0.001 seconds [static and dynamic dependencies]. Details - ImportResultOutputID=3787e28308440d0f6a6199aeb5754d6d DependenciesID=dce2272818348712cbd1ae44e5635a65 StaticDependenciesID=ce800d987aeecec74311503d8bbe7707 
Number of updated asset objects reloaded before import = 0
Number of asset objects unloaded after import = 0
========================================================================
Received Import Request.
  Time of request: 2026-08-27T08:30:32.354176Z
  Time since last request: 0.000183959 seconds.
  importAddress: GUID: 3c197002ad4232e46b0c55f74469fa03 - Path: Packages/com.unity.inputsystem/InputSystem/Plugins/Switch/SwitchProControllerHID.cs - Importer: ScriptedImporter/UnityEditor.QuickSearchModule:UnityEditor.Search:ASIAI0B
Importing 'GUID: 3c197002ad4232e46b0c55f74469fa03 - Path: Packages/com.unity.inputsystem/InputSystem/Plugins/Switch/SwitchProControllerHID.cs - Importer: ScriptedImporter/UnityEditor.QuickSearchModule:UnityEditor.Search:ASIAI0B' with importer (ScriptedImporter : UnityEditor.QuickSearchModule:UnityEditor.Search:ASIAI0B)
Imported 'GUID: 3c197002ad4232e46b0c55f74469fa03' -> (Import Result ID: '30984138dbc3a3395f1c578a57c5f714') in 0.001 seconds [static and dynamic dependencies]. Details - ImportResultOutputID=2c41aefb0f02b52d8493bb78837ddd56 DependenciesID=2fe6480f7d3933777651f288b651c1b8 StaticDependenciesID=9712f298fe9b152b283ab1b1856b5c18 
Number of updated asset objects reloaded before import = 0
Number of asset objects unloaded after import = 0
========================================================================
Received Import Request.
  Time of request: 2026-08-27T08:30:32.354995Z
  Time since last request: 0.000208416 seconds.
  importAddress: GUID: c2732a66825034f739cb072c49aa8990 - Path: Packages/com.unity.inputsystem/InputSystem/Actions/Interactions/MultiTapInteraction.cs - Importer: ScriptedImporter/UnityEditor.QuickSearchModule:UnityEditor.Search:ASIAI0B
Importing 'GUID: c2732a66825034f739cb072c49aa8990 - Path: Packages/com.unity.inputsystem/InputSystem/Actions/Interactions/MultiTapInteraction.cs - Importer: ScriptedImporter/UnityEditor.QuickSearchModule:UnityEditor.Search:ASIAI0B' with importer (ScriptedImporter : UnityEditor.QuickSearchModule:UnityEditor.Search:ASIAI0B)
Imported 'GUID: c2732a66825034f739cb072c49aa8990' -> (Import Result ID: '1b618958165018a9e1b5bfe52c2b5bb3') in 0.001 seconds [static and dynamic dependencies]. Details - ImportResultOutputID=45b21f5ea455673d752597e37bc7d0d6 DependenciesID=1c1cdd242414027656ca26ef82bee741 StaticDependenciesID=cc4c5ac28aaf1d27d8ad3bbd2017b379 
Number of updated asset objects reloaded before import = 0
Number of asset objects unloaded after import = 0
========================================================================
Received Import Request.
  Time of request: 2026-08-27T08:30:32.355991Z
  Time since last request: 0.000171875 seconds.
  importAddress: GUID: 76dc61ff6c2d84b24b0a2ce01dc2842d - Path: Packages/com.unity.inputsystem/InputSystem/Editor/Icons/d_Gamepad.png - Importer: ScriptedImporter/UnityEditor.QuickSearchModule:UnityEditor.Search:ASIAI0B
Importing 'GUID: 76dc61ff6c2d84b24b0a2ce01dc2842d - Path: Packages/com.unity.inputsystem/InputSystem/Editor/Icons/d_Gamepad.png - Importer: ScriptedImporter/UnityEditor.QuickSearchModule:UnityEditor.Search:ASIAI0B' with importer (ScriptedImporter : UnityEditor.QuickSearchModule:UnityEditor.Search:ASIAI0B)
Imported 'GUID: 76dc61ff6c2d84b24b0a2ce01dc2842d' -> (Import Result ID: 'c4e5ad59bbcc0a4f6fcbb427960eaf1d') in 0.002 seconds [static and dynamic dependencies]. Details - ImportResultOutputID=d7a2ac2baac3cc499a8c20fd1bc54479 DependenciesID=b32f6bb5dcef94ec1fe7bb857faecc4f StaticDependenciesID=90d6e088d55c932599a181c0accf9bba 
Number of updated asset objects reloaded before import = 0
Number of asset objects unloaded after import = 1
========================================================================
Received Import Request.
  Time of request: 2026-08-27T08:30:32.358055Z
  Time since last request: 0.0001495 seconds.
  importAddress: GUID: bb7aebed4ffd404da3399f60b272c7ee - Path: Packages/com.unity.inputsystem/InputSystem/Devices/IInputUpdateCallbackReceiver.cs - Importer: ScriptedImporter/UnityEditor.QuickSearchModule:UnityEditor.Search:ASIAI0B
Importing 'GUID: bb7aebed4ffd404da3399f60b272c7ee - Path: Packages/com.unity.inputsystem/InputSystem/Devices/IInputUpdateCallbackReceiver.cs - Importer: ScriptedImporter/UnityEditor.QuickSearchModule:UnityEditor.Search:ASIAI0B' with importer (ScriptedImporter : UnityEditor.QuickSearchModule:UnityEditor.Search:ASIAI0B)
Imported 'GUID: bb7aebed4ffd404da3399f60b272c7ee' -> (Import Result ID: '9bf92ef3997db476f019a1b8b3eaf022') in 0.001 seconds [static and dynamic dependencies]. Details - ImportResultOutputID=99c127b0af118042ae7a1910b4e85e1e DependenciesID=e677fb169e78de80227f6630197d9c80 StaticDependenciesID=bc60e17ccf45ecd08abc43d9b3325525 
Number of updated asset objects reloaded before import = 0
Number of asset objects unloaded after import = 0
========================================================================
Received Import Request.
  Time of request: 2026-08-27T08:30:32.359747Z
  Time since last request: 0.00022225 seconds.
  importAddress: GUID: a4bbff684804d4c84b61cd0256cd2360 - Path: Packages/com.unity.inputsystem/InputSystem/Editor/Icons/d_Add Binding.png - Importer: ScriptedImporter/UnityEditor.QuickSearchModule:UnityEditor.Search:ASIAI0B
Importing 'GUID: a4bbff684804d4c84b61cd0256cd2360 - Path: Packages/com.unity.inputsystem/InputSystem/Editor/Icons/d_Add Binding.png - Importer: ScriptedImporter/UnityEditor.QuickSearchModule:UnityEditor.Search:ASIAI0B' with importer (ScriptedImporter : UnityEditor.QuickSearchModule:UnityEditor.Search:ASIAI0B)
Imported 'GUID: a4bbff684804d4c84b61cd0256cd2360' -> (Import Result ID: 'df758fcd8fe12450d82b38b3523b3224') in 0.002 seconds [static and dynamic dependencies]. Details - ImportResultOutputID=c84dc3a985109132257507d7b7caf83f DependenciesID=4a111a37e2b04d8629b806532ea81e1b StaticDependenciesID=58dbb4b215a7f1bc9d612d811c1bd325 
Number of updated asset objects reloaded before import = 0
Number of asset objects unloaded after import = 1
========================================================================
Received Import Request.
  Time of request: 2026-08-27T08:30:32.362343Z
  Time since last request: 0.000209375 seconds.
  importAddress: GUID: 8242c97e8771412fb5f5637b7278e18f - Path: Packages/com.unity.inputsystem/InputSystem/Utilities/Observables/ForDeviceEventObservable.cs - Importer: ScriptedImporter/UnityEditor.QuickSearchModule:UnityEditor.Search:ASIAI0B
Importing 'GUID: 8242c97e8771412fb5f5637b7278e18f - Path: Packages/com.unity.inputsystem/InputSystem/Utilities/Observables/ForDeviceEventObservable.cs - Importer: ScriptedImporter/UnityEditor.QuickSearchModule:UnityEditor.Search:ASIAI0B' with importer (ScriptedImporter : UnityEditor.QuickSearchModule:UnityEditor.Search:ASIAI0B)
Imported 'GUID: 8242c97e8771412fb5f5637b7278e18f' -> (Import Result ID: 'c541baa464a67538a8ea3c79454b0914') in 0.001 seconds [static and dynamic dependencies]. Details - ImportResultOutputID=2ea6d25e77882934f07e9e0f2e9b4f65 DependenciesID=57a0251efd0e112955f9446213a235d5 StaticDependenciesID=f18a80389080e1b6fa9537724b21823b 
Number of updated asset objects reloaded before import = 0
Number of asset objects unloaded after import = 0
========================================================================
Received Import Request.
  Time of request: 2026-08-27T08:30:32.363457Z
  Time since last request: 0.000219584 seconds.
  importAddress: GUID: db3dc7a02ac6d4e90bbe905a44ac265b - Path: Packages/com.unity.inputsystem/InputSystem/Editor/Icons/d_Button@4x.png - Importer: ScriptedImporter/UnityEditor.QuickSearchModule:UnityEditor.Search:ASIAI0B
Importing 'GUID: db3dc7a02ac6d4e90bbe905a44ac265b - Path: Packages/com.unity.inputsystem/InputSystem/Editor/Icons/d_Button@4x.png - Importer: ScriptedImporter/UnityEditor.QuickSearchModule:UnityEditor.Search:ASIAI0B' with importer (ScriptedImporter : UnityEditor.QuickSearchModule:UnityEditor.Search:ASIAI0B)
Imported 'GUID: db3dc7a02ac6d4e90bbe905a44ac265b' -> (Import Result ID: 'f6b4aee1809d67f6e30a8534ab296cb8') in 0.002 seconds [static and dynamic dependencies]. Details - ImportResultOutputID=da2baac16bb2bd17acfbcfe74df1baf8 DependenciesID=40f07acd3cea10c519c90aafdb112bfb StaticDependenciesID=1b4e3d3a395a7eec24314f14d599dade 
Number of updated asset objects reloaded before import = 0
Number of asset objects unloaded after import = 1
========================================================================
Received Import Request.
  Time of request: 2026-08-27T08:30:32.365414Z
  Time since last request: 0.000119958 seconds.
  importAddress: GUID: 6109a857ac56b4017b44b06a9de0f827 - Path: Packages/com.unity.inputsystem/InputSystem/Editor/Internal/AdvancedDropdown/AdvancedDropdownGUI.cs - Importer: ScriptedImporter/UnityEditor.QuickSearchModule:UnityEditor.Search:ASIAI0B
Importing 'GUID: 6109a857ac56b4017b44b06a9de0f827 - Path: Packages/com.unity.inputsystem/InputSystem/Editor/Internal/AdvancedDropdown/AdvancedDropdownGUI.cs - Importer: ScriptedImporter/UnityEditor.QuickSearchModule:UnityEditor.Search:ASIAI0B' with importer (ScriptedImporter : UnityEditor.QuickSearchModule:UnityEditor.Search:ASIAI0B)
Imported 'GUID: 6109a857ac56b4017b44b06a9de0f827' -> (Import Result ID: '25c92787bce26912493021e33c734d6d') in 0.001 seconds [static and dynamic dependencies]. Details - ImportResultOutputID=30acd35e3f3cd6d044599d08325effde DependenciesID=53398a297a9ea6094502ad5ad7cee387 StaticDependenciesID=852bfbba13705cc8ec9ce441d0e04b00 
Number of updated asset objects reloaded before import = 0
Number of asset objects unloaded after import = 0
========================================================================
Received Import Request.
  Time of request: 2026-08-27T08:30:32.366201Z
  Time since last request: 0.000159208 seconds.
  importAddress: GUID: e8df62e96c8524c2a89b7af40ee100e9 - Path: Packages/com.unity.inputsystem/InputSystem/Editor/Settings/InputSettingsProvider.cs - Importer: ScriptedImporter/UnityEditor.QuickSearchModule:UnityEditor.Search:ASIAI0B
Importing 'GUID: e8df62e96c8524c2a89b7af40ee100e9 - Path: Packages/com.unity.inputsystem/InputSystem/Editor/Settings/InputSettingsProvider.cs - Importer: ScriptedImporter/UnityEditor.QuickSearchModule:UnityEditor.Search:ASIAI0B' with importer (ScriptedImporter : UnityEditor.QuickSearchModule:UnityEditor.Search:ASIAI0B)
Imported 'GUID: e8df62e96c8524c2a89b7af40ee100e9' -> (Import Result ID: '3c11358536b138cdefd722254a940a4a') in 0.001 seconds [static and dynamic dependencies]. Details - ImportResultOutputID=9b56650bc9f9213d5d8636d8ad2f79d1 DependenciesID=a35179f46beee6d97eeaa140cb7e3ed4 StaticDependenciesID=9f6cedb76ba7fd9390ab9c2f5dbf5567 
Number of updated asset objects reloaded before import = 0
Number of asset objects unloaded after import = 0
========================================================================
Received Import Request.
  Time of request: 2026-08-27T08:30:32.367228Z
  Time since last request: 0.000173875 seconds.
  importAddress: GUID: 264ffc05d7d2841d5a6065854b6282ca - Path: Packages/com.unity.inputsystem/InputSystem/Editor/Icons/d_Mouse.png - Importer: ScriptedImporter/UnityEditor.QuickSearchModule:UnityEditor.Search:ASIAI0B
Importing 'GUID: 264ffc05d7d2841d5a6065854b6282ca - Path: Packages/com.unity.inputsystem/InputSystem/Editor/Icons/d_Mouse.png - Importer: ScriptedImporter/UnityEditor.QuickSearchModule:UnityEditor.Search:ASIAI0B' with importer (ScriptedImporter : UnityEditor.QuickSearchModule:UnityEditor.Search:ASIAI0B)
Imported 'GUID: 264ffc05d7d2841d5a6065854b6282ca' -> (Import Result ID: '2cb7dab8f99a3c46ad92a36b6549671c') in 0.002 seconds [static and dynamic dependencies]. Details - ImportResultOutputID=492216e896fd1d37b4b19bf0398688ca DependenciesID=ab5146db653aadbd35d1bd944532e1ce StaticDependenciesID=625635d9d3122c959245a508b3527352 
Number of updated asset objects reloaded before import = 0
Number of asset objects unloaded after import = 1
========================================================================
Received Import Request.
  Time of request: 2026-08-27T08:30:32.369567Z
  Time since last request: 0.000174458 seconds.
  importAddress: GUID: 13fb345befe624412ac0bd0138d7bcf2 - Path: Packages/com.unity.inputsystem/InputSystem/Editor/Icons/Pen@2x.png - Importer: ScriptedImporter/UnityEditor.QuickSearchModule:UnityEditor.Search:ASIAI0B
Importing 'GUID: 13fb345befe624412ac0bd0138d7bcf2 - Path: Packages/com.unity.inputsystem/InputSystem/Editor/Icons/Pen@2x.png - Importer: ScriptedImporter/UnityEditor.QuickSearchModule:UnityEditor.Search:ASIAI0B' with importer (ScriptedImporter : UnityEditor.QuickSearchModule:UnityEditor.Search:ASIAI0B)
Imported 'GUID: 13fb345befe624412ac0bd0138d7bcf2' -> (Import Result ID: 'c85cb9ba6bae4d0b4595b03aa5dd3e27') in 0.002 seconds [static and dynamic dependencies]. Details - ImportResultOutputID=520d1e502e72151afa1796de270ff4f2 DependenciesID=0a75fc99891c7500fba19c57fb98a986 StaticDependenciesID=d73cb655eb4cb9d582a343f0541bd50b 
Number of updated asset objects reloaded before import = 0
Number of asset objects unloaded after import = 1
========================================================================
Received Import Request.
  Time of request: 2026-08-27T08:30:32.372265Z
  Time since last request: 0.000228333 seconds.
  importAddress: GUID: aad56faafe6d9d3458c93a9e43759461 - Path: Packages/com.unity.inputsystem/InputSystem/Devices/Commands/DisableDeviceCommand.cs - Importer: ScriptedImporter/UnityEditor.QuickSearchModule:UnityEditor.Search:ASIAI0B
Importing 'GUID: aad56faafe6d9d3458c93a9e43759461 - Path: Packages/com.unity.inputsystem/InputSystem/Devices/Commands/DisableDeviceCommand.cs - Importer: ScriptedImporter/UnityEditor.QuickSearchModule:UnityEditor.Search:ASIAI0B' with importer (ScriptedImporter : UnityEditor.QuickSearchModule:UnityEditor.Search:ASIAI0B)
Imported 'GUID: aad56faafe6d9d3458c93a9e43759461' -> (Import Result ID: '29eb3d7b178b43f1840e62b487cd7201') in 0.001 seconds [static and dynamic dependencies]. Details - ImportResultOutputID=43b20469bca02f600e14f87dd6998527 DependenciesID=e1b185015120f645f32f80208d9f84ed StaticDependenciesID=651f645adba9c866fca6029d249ad98a 
Number of updated asset objects reloaded before import = 0
Number of asset objects unloaded after import = 0
========================================================================
Received Import Request.
  Time of request: 2026-08-27T08:30:32.373198Z
  Time since last request: 0.000173083 seconds.
  importAddress: GUID: ea7d19a9cdd73486689f292cc9d38018 - Path: Packages/com.unity.inputsystem/InputSystem/Editor/Debugger/InputDeviceDebuggerWindow.cs - Importer: ScriptedImporter/UnityEditor.QuickSearchModule:UnityEditor.Search:ASIAI0B
Importing 'GUID: ea7d19a9cdd73486689f292cc9d38018 - Path: Packages/com.unity.inputsystem/InputSystem/Editor/Debugger/InputDeviceDebuggerWindow.cs - Importer: ScriptedImporter/UnityEditor.QuickSearchModule:UnityEditor.Search:ASIAI0B' with importer (ScriptedImporter : UnityEditor.QuickSearchModule:UnityEditor.Search:ASIAI0B)
Imported 'GUID: ea7d19a9cdd73486689f292cc9d38018' -> (Import Result ID: '396dc6ee154db4fd8a73c25e624c6da9') in 0.001 seconds [static and dynamic dependencies]. Details - ImportResultOutputID=42fe29df9d4f970dce144d38ea601741 DependenciesID=58544625078afccdb4b8bcb40080f197 StaticDependenciesID=c6c82c0d11093948446b59dc4c7c23a6 
Number of updated asset objects reloaded before import = 0
Number of asset objects unloaded after import = 0
========================================================================
Received Import Request.
  Time of request: 2026-08-27T08:30:32.374168Z
  Time since last request: 0.0002385 seconds.
  importAddress: GUID: dbce6ac3ce95e4e28af8b2212171619a - Path: Packages/com.unity.inputsystem/InputSystem/Controls/Processors/CompensateDirectionProcessor.cs - Importer: ScriptedImporter/UnityEditor.QuickSearchModule:UnityEditor.Search:ASIAI0B
Importing 'GUID: dbce6ac3ce95e4e28af8b2212171619a - Path: Packages/com.unity.inputsystem/InputSystem/Controls/Processors/CompensateDirectionProcessor.cs - Importer: ScriptedImporter/UnityEditor.QuickSearchModule:UnityEditor.Search:ASIAI0B' with importer (ScriptedImporter : UnityEditor.QuickSearchModule:UnityEditor.Search:ASIAI0B)
Imported 'GUID: dbce6ac3ce95e4e28af8b2212171619a' -> (Import Result ID: '9d152715459802f2091e0f19618ede19') in 0.001 seconds [static and dynamic dependencies]. Details - ImportResultOutputID=9dee3a9120fed8b66fdb796e1c9f21be DependenciesID=2ba540e62445ffeb334538f087764fee StaticDependenciesID=8ce9eab819e18cf4d135e7af449a8596 
Number of updated asset objects reloaded before import = 0
Number of asset objects unloaded after import = 0
========================================================================
Received Import Request.
  Time of request: 2026-08-27T08:30:32.375203Z
  Time since last request: 0.000335542 seconds.
  importAddress: GUID: 87354c477cc09c441b957b3aae10d813 - Path: Packages/com.unity.inputsystem/InputSystem/Actions/InputActionMap.cs - Importer: ScriptedImporter/UnityEditor.QuickSearchModule:UnityEditor.Search:ASIAI0B
Importing 'GUID: 87354c477cc09c441b957b3aae10d813 - Path: Packages/com.unity.inputsystem/InputSystem/Actions/InputActionMap.cs - Importer: ScriptedImporter/UnityEditor.QuickSearchModule:UnityEditor.Search:ASIAI0B' with importer (ScriptedImporter : UnityEditor.QuickSearchModule:UnityEditor.Search:ASIAI0B)
Imported 'GUID: 87354c477cc09c441b957b3aae10d813' -> (Import Result ID: '61606cf6b79f558f8a1ccb75ee0c26fc') in 0.001 seconds [static and dynamic dependencies]. Details - ImportResultOutputID=15ad0b370aad8bc39b9b98c0d703e551 DependenciesID=b107b6fdc9f802410a10c0b1a88fdeb6 StaticDependenciesID=0bc010b51c916cd9e0b74666dc1041f6 
Number of updated asset objects reloaded before import = 0
Number of asset objects unloaded after import = 0
========================================================================
Received Import Request.
  Time of request: 2026-08-27T08:30:32.376046Z
  Time since last request: 0.000192917 seconds.
  importAddress: GUID: a327bafe91572467f834d0435da166fb - Path: Packages/com.unity.inputsystem/InputSystem/Controls/Processors/StickDeadzoneProcessor.cs - Importer: ScriptedImporter/UnityEditor.QuickSearchModule:UnityEditor.Search:ASIAI0B
Importing 'GUID: a327bafe91572467f834d0435da166fb - Path: Packages/com.unity.inputsystem/InputSystem/Controls/Processors/StickDeadzoneProcessor.cs - Importer: ScriptedImporter/UnityEditor.QuickSearchModule:UnityEditor.Search:ASIAI0B' with importer (ScriptedImporter : UnityEditor.QuickSearchModule:UnityEditor.Search:ASIAI0B)
Imported 'GUID: a327bafe91572467f834d0435da166fb' -> (Import Result ID: 'fbe8616aee5627582e93277ac1b8dcad') in 0.001 seconds [static and dynamic dependencies]. Details - ImportResultOutputID=18fe08e6db34f4c5e1acc362e72a0a95 DependenciesID=0e92e5db25cae7f2147a8499fb8114cf StaticDependenciesID=62ae0e1e8fa80044472cdb1fcb34f1cd 
Number of updated asset objects reloaded before import = 0
Number of asset objects unloaded after import = 0
========================================================================
Received Import Request.
  Time of request: 2026-08-27T08:30:32.376955Z
  Time since last request: 0.000165042 seconds.
  importAddress: GUID: 326532c3044e949b696215102693a1a3 - Path: Packages/com.unity.inputsystem/InputSystem/Plugins/PlayerInput/PlayerNotifications.cs - Importer: ScriptedImporter/UnityEditor.QuickSearchModule:UnityEditor.Search:ASIAI0B
Importing 'GUID: 326532c3044e949b696215102693a1a3 - Path: Packages/com.unity.inputsystem/InputSystem/Plugins/PlayerInput/PlayerNotifications.cs - Importer: ScriptedImporter/UnityEditor.QuickSearchModule:UnityEditor.Search:ASIAI0B' with importer (ScriptedImporter : UnityEditor.QuickSearchModule:UnityEditor.Search:ASIAI0B)
Imported 'GUID: 326532c3044e949b696215102693a1a3' -> (Import Result ID: 'e60aaf9c7b6ebf4acdc9659698c15270') in 0.001 seconds [static and dynamic dependencies]. Details - ImportResultOutputID=1a735e2a46d1d91ef8fbaa32a51c20a1 DependenciesID=b7621ad96f590b359512eedb3a596ea3 StaticDependenciesID=99c4b03cdea309fa5c018d7bdae613f7 
Number of updated asset objects reloaded before import = 0
Number of asset objects unloaded after import = 0
========================================================================
Received Import Request.
  Time of request: 2026-08-27T08:30:32.377814Z
  Time since last request: 0.000142834 seconds.
  importAddress: GUID: 8b19af954eaf68841a157dc58e7e4814 - Path: Packages/com.unity.inputsystem/InputSystem/Editor/UITKAssetEditor/StateContainer.cs - Importer: ScriptedImporter/UnityEditor.QuickSearchModule:UnityEditor.Search:ASIAI0B
Importing 'GUID: 8b19af954eaf68841a157dc58e7e4814 - Path: Packages/com.unity.inputsystem/InputSystem/Editor/UITKAssetEditor/StateContainer.cs - Importer: ScriptedImporter/UnityEditor.QuickSearchModule:UnityEditor.Search:ASIAI0B' with importer (ScriptedImporter : UnityEditor.QuickSearchModule:UnityEditor.Search:ASIAI0B)
Imported 'GUID: 8b19af954eaf68841a157dc58e7e4814' -> (Import Result ID: '9f28e1e147a4c5a9620387e837b7d9e7') in 0.001 seconds [static and dynamic dependencies]. Details - ImportResultOutputID=a0d265c485364d7e905bb14b35032e4c DependenciesID=b7065877603216dcba33959f1196a1ea StaticDependenciesID=5828de80e8d10c5171e7207c6c9a554c 
Number of updated asset objects reloaded before import = 0
Number of asset objects unloaded after import = 0
========================================================================
Received Import Request.
  Time of request: 2026-08-27T08:30:32.378664Z
  Time since last request: 0.000184 seconds.
  importAddress: GUID: 54b255b27c8247b4b51e8df1f30af3c9 - Path: Packages/com.unity.inputsystem/InputSystem/Utilities/StringHelpers.cs - Importer: ScriptedImporter/UnityEditor.QuickSearchModule:UnityEditor.Search:ASIAI0B
Importing 'GUID: 54b255b27c8247b4b51e8df1f30af3c9 - Path: Packages/com.unity.inputsystem/InputSystem/Utilities/StringHelpers.cs - Importer: ScriptedImporter/UnityEditor.QuickSearchModule:UnityEditor.Search:ASIAI0B' with importer (ScriptedImporter : UnityEditor.QuickSearchModule:UnityEditor.Search:ASIAI0B)
Imported 'GUID: 54b255b27c8247b4b51e8df1f30af3c9' -> (Import Result ID: '43cfdcb26cdecf7ff8ad90bec201ec77') in 0.001 seconds [static and dynamic dependencies]. Details - ImportResultOutputID=6e00ca2493b16eea20435a40d9b07503 DependenciesID=2d2e5565499aad8b19ea15d3c69a8deb StaticDependenciesID=38e31b177c17d60113516612fc3ddc2e 
Number of updated asset objects reloaded before import = 0
Number of asset objects unloaded after import = 0
========================================================================
Received Import Request.
  Time of request: 2026-08-27T08:30:32.379537Z
  Time since last request: 0.000168167 seconds.
  importAddress: GUID: 595b51cc3a67d49dd9168092dc0f6eec - Path: Packages/com.unity.inputsystem/InputSystem/NativeInputRuntime.cs - Importer: ScriptedImporter/UnityEditor.QuickSearchModule:UnityEditor.Search:ASIAI0B
Importing 'GUID: 595b51cc3a67d49dd9168092dc0f6eec - Path: Packages/com.unity.inputsystem/InputSystem/NativeInputRuntime.cs - Importer: ScriptedImporter/UnityEditor.QuickSearchModule:UnityEditor.Search:ASIAI0B' with importer (ScriptedImporter : UnityEditor.QuickSearchModule:UnityEditor.Search:ASIAI0B)
Imported 'GUID: 595b51cc3a67d49dd9168092dc0f6eec' -> (Import Result ID: '963efa08132d0f9c16b3824af480031b') in 0.001 seconds [static and dynamic dependencies]. Details - ImportResultOutputID=cd1c52988b35bdfef4ce652fbc7496b7 DependenciesID=05c5e78457a0e9d460229cdbcbe55cae StaticDependenciesID=b55593537b0c7cabe818ab427c12dad6 
Number of updated asset objects reloaded before import = 0
Number of asset objects unloaded after import = 0
========================================================================
Received Import Request.
  Time of request: 2026-08-27T08:30:32.380525Z
  Time since last request: 0.000338666 seconds.
  importAddress: GUID: 588041e6f0efb43489b38677e0aac58f - Path: Packages/com.unity.inputsystem/InputSystem/Editor/Icons/Touch.png - Importer: ScriptedImporter/UnityEditor.QuickSearchModule:UnityEditor.Search:ASIAI0B
Importing 'GUID: 588041e6f0efb43489b38677e0aac58f - Path: Packages/com.unity.inputsystem/InputSystem/Editor/Icons/Touch.png - Importer: ScriptedImporter/UnityEditor.QuickSearchModule:UnityEditor.Search:ASIAI0B' with importer (ScriptedImporter : UnityEditor.QuickSearchModule:UnityEditor.Search:ASIAI0B)
Imported 'GUID: 588041e6f0efb43489b38677e0aac58f' -> (Import Result ID: '8a1654833aef0225ed89969e52add555') in 0.002 seconds [static and dynamic dependencies]. Details - ImportResultOutputID=a6b4a73373229c71ed94669f62ad09ce DependenciesID=6f35317e97647ea7977b0b8703891620 StaticDependenciesID=46752dbca91bbe3accab3440b6044a59 
Number of updated asset objects reloaded before import = 0
Number of asset objects unloaded after import = 1
========================================================================
Received Import Request.
  Time of request: 2026-08-27T08:30:32.382637Z
  Time since last request: 0.000178834 seconds.
  importAddress: GUID: caf772fd9b5b4840b7b0014d0616290d - Path: Packages/com.unity.inputsystem/InputSystem/Events/InputEventPtr.cs - Importer: ScriptedImporter/UnityEditor.QuickSearchModule:UnityEditor.Search:ASIAI0B
Importing 'GUID: caf772fd9b5b4840b7b0014d0616290d - Path: Packages/com.unity.inputsystem/InputSystem/Events/InputEventPtr.cs - Importer: ScriptedImporter/UnityEditor.QuickSearchModule:UnityEditor.Search:ASIAI0B' with importer (ScriptedImporter : UnityEditor.QuickSearchModule:UnityEditor.Search:ASIAI0B)
Imported 'GUID: caf772fd9b5b4840b7b0014d0616290d' -> (Import Result ID: '8a772b47dbc676a41a8d468c0b62d27b') in 0.001 seconds [static and dynamic dependencies]. Details - ImportResultOutputID=d27e85413d0ea09bf6ae4f4deaf10cd0 DependenciesID=83b02f7b9f820313d175c81143b5d283 StaticDependenciesID=e0f5e70d538cc1c42a90bcba13e52058 
Number of updated asset objects reloaded before import = 0
Number of asset objects unloaded after import = 0
========================================================================
Received Import Request.
  Time of request: 2026-08-27T08:30:32.383567Z
  Time since last request: 0.000129708 seconds.
  importAddress: GUID: d7b144323984d4298924c65ed071dea1 - Path: Packages/com.unity.inputsystem/InputSystem/Editor/AssetEditor/PackageResources/pink.png - Importer: ScriptedImporter/UnityEditor.QuickSearchModule:UnityEditor.Search:ASIAI0B
Importing 'GUID: d7b144323984d4298924c65ed071dea1 - Path: Packages/com.unity.inputsystem/InputSystem/Editor/AssetEditor/PackageResources/pink.png - Importer: ScriptedImporter/UnityEditor.QuickSearchModule:UnityEditor.Search:ASIAI0B' with importer (ScriptedImporter : UnityEditor.QuickSearchModule:UnityEditor.Search:ASIAI0B)
Imported 'GUID: d7b144323984d4298924c65ed071dea1' -> (Import Result ID: 'c88bcc385169dffdfea4a8622db7567d') in 0.003 seconds [static and dynamic dependencies]. Details - ImportResultOutputID=67ae89c9dc6f6fc2f5044c639b8ab258 DependenciesID=785af02ee280c5cf77fdecfcf61229d0 StaticDependenciesID=b7cd675c2b5f20002085430752b33486 
Number of updated asset objects reloaded before import = 0
Number of asset objects unloaded after import = 1
========================================================================
Received Import Request.
  Time of request: 2026-08-27T08:30:32.386692Z
  Time since last request: 0.000267125 seconds.
  importAddress: GUID: 6887ac562f464a329bc468158dbbf18f - Path: Packages/com.unity.inputsystem/InputSystem/Controls/Processors/ClampProcessor.cs - Importer: ScriptedImporter/UnityEditor.QuickSearchModule:UnityEditor.Search:ASIAI0B
Importing 'GUID: 6887ac562f464a329bc468158dbbf18f - Path: Packages/com.unity.inputsystem/InputSystem/Controls/Processors/ClampProcessor.cs - Importer: ScriptedImporter/UnityEditor.QuickSearchModule:UnityEditor.Search:ASIAI0B' with importer (ScriptedImporter : UnityEditor.QuickSearchModule:UnityEditor.Search:ASIAI0B)
Imported 'GUID: 6887ac562f464a329bc468158dbbf18f' -> (Import Result ID: '764643c02e4e86c4e66da735e24e0ce9') in 0.001 seconds [static and dynamic dependencies]. Details - ImportResultOutputID=856f1a0e6731bf724941b191a04bc1b6 DependenciesID=c6e5bdbb0546248765054acd3ac03f4d StaticDependenciesID=28b649339225cd85d389cac7e4137bb6 
Number of updated asset objects reloaded before import = 0
Number of asset objects unloaded after import = 0
========================================================================
Received Import Request.
  Time of request: 2026-08-27T08:30:32.407508Z
  Time since last request: 0.019901417 seconds.
  importAddress: GUID: 7fb7b46a8c63948d2b28dc394281bf5a - Path: Packages/com.unity.inputsystem/InputSystem/Editor/Icons/Orientation.png - Importer: ScriptedImporter/UnityEditor.QuickSearchModule:UnityEditor.Search:ASIAI0B
Importing 'GUID: 7fb7b46a8c63948d2b28dc394281bf5a - Path: Packages/com.unity.inputsystem/InputSystem/Editor/Icons/Orientation.png - Importer: ScriptedImporter/UnityEditor.QuickSearchModule:UnityEditor.Search:ASIAI0B' with importer (ScriptedImporter : UnityEditor.QuickSearchModule:UnityEditor.Search:ASIAI0B)
Imported 'GUID: 7fb7b46a8c63948d2b28dc394281bf5a' -> (Import Result ID: 'b2b053d2fbabb9d0c85053562651d98d') in 0.002 seconds [static and dynamic dependencies]. Details - ImportResultOutputID=b85cc2a9607da2dc8e0c645eea0019bb DependenciesID=f610ca885b3ae5a851c6a6d66551e2f6 StaticDependenciesID=9080f2a47a8a4ab5a2613423a345ca74 
Number of updated asset objects reloaded before import = 0
Number of asset objects unloaded after import = 1
========================================================================
Received Import Request.
  Time of request: 2026-08-27T08:30:32.410169Z
  Time since last request: 0.000276959 seconds.
  importAddress: GUID: aa58e874cb4143ad884b8da2bb3f0d7a - Path: Packages/com.unity.inputsystem/InputSystem/Editor/Internal/InputControlTreeView.cs - Importer: ScriptedImporter/UnityEditor.QuickSearchModule:UnityEditor.Search:ASIAI0B
Importing 'GUID: aa58e874cb4143ad884b8da2bb3f0d7a - Path: Packages/com.unity.inputsystem/InputSystem/Editor/Internal/InputControlTreeView.cs - Importer: ScriptedImporter/UnityEditor.QuickSearchModule:UnityEditor.Search:ASIAI0B' with importer (ScriptedImporter : UnityEditor.QuickSearchModule:UnityEditor.Search:ASIAI0B)
Imported 'GUID: aa58e874cb4143ad884b8da2bb3f0d7a' -> (Import Result ID: '6a80a14a548af251397aa0e5f3ddc46d') in 0.001 seconds [static and dynamic dependencies]. Details - ImportResultOutputID=264d3883e91e31704e41da0aea0d162b DependenciesID=4b0609e76b853b8df45edf74523627bc StaticDependenciesID=09e448e776bb0bb8a0142fa4a03090ed 
Number of updated asset objects reloaded before import = 0
Number of asset objects unloaded after import = 0
========================================================================
Received Import Request.
  Time of request: 2026-08-27T08:30:32.41139Z
  Time since last request: 0.000376917 seconds.
  importAddress: GUID: cda1b45d3bda468a95dca208b99174da - Path: Packages/com.unity.inputsystem/InputSystem/Actions/Composites/Vector3Composite.cs - Importer: ScriptedImporter/UnityEditor.QuickSearchModule:UnityEditor.Search:ASIAI0B
Importing 'GUID: cda1b45d3bda468a95dca208b99174da - Path: Packages/com.unity.inputsystem/InputSystem/Actions/Composites/Vector3Composite.cs - Importer: ScriptedImporter/UnityEditor.QuickSearchModule:UnityEditor.Search:ASIAI0B' with importer (ScriptedImporter : UnityEditor.QuickSearchModule:UnityEditor.Search:ASIAI0B)
Imported 'GUID: cda1b45d3bda468a95dca208b99174da' -> (Import Result ID: '98a20dfaa3a180f40c1be13b129df87a') in 0.001 seconds [static and dynamic dependencies]. Details - ImportResultOutputID=4c9d298a8f6b6f49b7746406d1e5af8b DependenciesID=ce8c59bc88b37008fc9a3d322c316218 StaticDependenciesID=5e96906dd597fb3b3bb88302c9cc4cb6 
Number of updated asset objects reloaded before import = 0
Number of asset objects unloaded after import = 0
========================================================================
Received Import Request.
  Time of request: 2026-08-27T08:30:32.41251Z
  Time since last request: 0.000311208 seconds.
  importAddress: GUID: 47cf506b4219343519083fe1c0b8fc9c - Path: Packages/com.unity.inputsystem/InputSystem/Editor/AssetEditor/PackageResources/yellow.png - Importer: ScriptedImporter/UnityEditor.QuickSearchModule:UnityEditor.Search:ASIAI0B
Importing 'GUID: 47cf506b4219343519083fe1c0b8fc9c - Path: Packages/com.unity.inputsystem/InputSystem/Editor/AssetEditor/PackageResources/yellow.png - Importer: ScriptedImporter/UnityEditor.QuickSearchModule:UnityEditor.Search:ASIAI0B' with importer (ScriptedImporter : UnityEditor.QuickSearchModule:UnityEditor.Search:ASIAI0B)
Imported 'GUID: 47cf506b4219343519083fe1c0b8fc9c' -> (Import Result ID: '512a6d4037ae0975839c814c557410b9') in 0.002 seconds [static and dynamic dependencies]. Details - ImportResultOutputID=a5dbabed60f166dbcfd763cd90f1fae2 DependenciesID=87cf7bc2ecf03ad923354f0f688a670b StaticDependenciesID=0b49e790c5c45f8e14ad8d8f2989a4de 
Number of updated asset objects reloaded before import = 0
Number of asset objects unloaded after import = 1
========================================================================
Received Import Request.
  Time of request: 2026-08-27T08:30:32.414671Z
  Time since last request: 0.000174958 seconds.
  importAddress: GUID: 71f3c0e630f0148b496f565843b5b272 - Path: Packages/com.unity.inputsystem/InputSystem/Plugins/EnhancedTouch/Finger.cs - Importer: ScriptedImporter/UnityEditor.QuickSearchModule:UnityEditor.Search:ASIAI0B
Importing 'GUID: 71f3c0e630f0148b496f565843b5b272 - Path: Packages/com.unity.inputsystem/InputSystem/Plugins/EnhancedTouch/Finger.cs - Importer: ScriptedImporter/UnityEditor.QuickSearchModule:UnityEditor.Search:ASIAI0B' with importer (ScriptedImporter : UnityEditor.QuickSearchModule:UnityEditor.Search:ASIAI0B)
Imported 'GUID: 71f3c0e630f0148b496f565843b5b272' -> (Import Result ID: '34e34a26e1a471e036db185bd64205f4') in 0.001 seconds [static and dynamic dependencies]. Details - ImportResultOutputID=7ad6c3457907bf8e2d5cf29ad11d0f33 DependenciesID=d8c0189dce5f8a045b2b13f7bb477cf7 StaticDependenciesID=6505c0c3d4d3865ebb5f4d22d87d2ff3 
Number of updated asset objects reloaded before import = 0
Number of asset objects unloaded after import = 0
========================================================================
Received Import Request.
  Time of request: 2026-08-27T08:30:32.415625Z
  Time since last request: 0.000219292 seconds.
  importAddress: GUID: be2b3c041afc2477ea1f172b6d14c3dc - Path: Packages/com.unity.inputsystem/InputSystem/Editor/AssetEditor/PackageResources/pro - Importer: ScriptedImporter/UnityEditor.QuickSearchModule:UnityEditor.Search:ASIAI0B
Importing 'GUID: be2b3c041afc2477ea1f172b6d14c3dc - Path: Packages/com.unity.inputsystem/InputSystem/Editor/AssetEditor/PackageResources/pro - Importer: ScriptedImporter/UnityEditor.QuickSearchModule:UnityEditor.Search:ASIAI0B' with importer (ScriptedImporter : UnityEditor.QuickSearchModule:UnityEditor.Search:ASIAI0B)
Imported 'GUID: be2b3c041afc2477ea1f172b6d14c3dc' -> (Import Result ID: '1f9d609dd867edef0800b359c34ca29d') in 0.001 seconds [static and dynamic dependencies]. Details - ImportResultOutputID=1c6ace14ee4ae9a6fce79234af907e31 DependenciesID=97f8bf6a8e4846f8eebbd8c8cc9f48bc StaticDependenciesID=13faf1f411da48fe6240e12e795b9380 
Number of updated asset objects reloaded before import = 0
Number of asset objects unloaded after import = 1
========================================================================
Received Import Request.
  Time of request: 2026-08-27T08:30:32.416572Z
  Time since last request: 0.000198917 seconds.
  importAddress: GUID: c46ed0dd23ba548fd87436e8c89334e9 - Path: Packages/com.unity.inputsystem/InputSystem/Editor/Internal/AdvancedDropdown/AdvancedDropdownWindow.cs - Importer: ScriptedImporter/UnityEditor.QuickSearchModule:UnityEditor.Search:ASIAI0B
Importing 'GUID: c46ed0dd23ba548fd87436e8c89334e9 - Path: Packages/com.unity.inputsystem/InputSystem/Editor/Internal/AdvancedDropdown/AdvancedDropdownWindow.cs - Importer: ScriptedImporter/UnityEditor.QuickSearchModule:UnityEditor.Search:ASIAI0B' with importer (ScriptedImporter : UnityEditor.QuickSearchModule:UnityEditor.Search:ASIAI0B)
Imported 'GUID: c46ed0dd23ba548fd87436e8c89334e9' -> (Import Result ID: '92333af36814c63612afb24fdf95c874') in 0.001 seconds [static and dynamic dependencies]. Details - ImportResultOutputID=85f5303db28faa8a7474162895d67724 DependenciesID=b48483184d1a3e8969bddd37f1fe15b5 StaticDependenciesID=12ccf8899c9256dfe8396462d14db013 
Number of updated asset objects reloaded before import = 0
Number of asset objects unloaded after import = 0
========================================================================
Received Import Request.
  Time of request: 2026-08-27T08:30:32.417341Z
  Time since last request: 0.000126875 seconds.
  importAddress: GUID: 665321577aaff5344b5a12d626dfcaf7 - Path: Packages/com.unity.inputsystem/InputSystem/Editor/UITKAssetEditor/Commands - Importer: ScriptedImporter/UnityEditor.QuickSearchModule:UnityEditor.Search:ASIAI0B
Importing 'GUID: 665321577aaff5344b5a12d626dfcaf7 - Path: Packages/com.unity.inputsystem/InputSystem/Editor/UITKAssetEditor/Commands - Importer: ScriptedImporter/UnityEditor.QuickSearchModule:UnityEditor.Search:ASIAI0B' with importer (ScriptedImporter : UnityEditor.QuickSearchModule:UnityEditor.Search:ASIAI0B)
Imported 'GUID: 665321577aaff5344b5a12d626dfcaf7' -> (Import Result ID: 'f2a126bf2c8b6c2b46b07a60c9d17285') in 0.001 seconds [static and dynamic dependencies]. Details - ImportResultOutputID=9c5c32475e236959f139882bd52ba0c7 DependenciesID=77a45f65c889fcbde103a9a2b2620a7a StaticDependenciesID=54ab9ab63e64fc8f8a18f5276d252295 
Number of updated asset objects reloaded before import = 0
Number of asset objects unloaded after import = 1
========================================================================
Received Import Request.
  Time of request: 2026-08-27T08:30:32.418086Z
  Time since last request: 0.00013625 seconds.
  importAddress: GUID: bb0e7cd0be171ca4ca67132e36b7ccb5 - Path: Packages/com.unity.inputsystem/InputSystem/Editor/UITKAssetEditor - Importer: ScriptedImporter/UnityEditor.QuickSearchModule:UnityEditor.Search:ASIAI0B
Importing 'GUID: bb0e7cd0be171ca4ca67132e36b7ccb5 - Path: Packages/com.unity.inputsystem/InputSystem/Editor/UITKAssetEditor - Importer: ScriptedImporter/UnityEditor.QuickSearchModule:UnityEditor.Search:ASIAI0B' with importer (ScriptedImporter : UnityEditor.QuickSearchModule:UnityEditor.Search:ASIAI0B)
Imported 'GUID: bb0e7cd0be171ca4ca67132e36b7ccb5' -> (Import Result ID: 'd09ca3c6f5ea5d734d30632aedf8bfcb') in 0.001 seconds [static and dynamic dependencies]. Details - ImportResultOutputID=0fcf5bbfb1c9298f634c28f5b08f2bfb DependenciesID=b0cad0251573699d9ae53958325c0149 StaticDependenciesID=7c06dde78353e729d3cc0e60775866a5 
Number of updated asset objects reloaded before import = 0
Number of asset objects unloaded after import = 1
========================================================================
Received Import Request.
  Time of request: 2026-08-27T08:30:32.418927Z
  Time since last request: 0.000211333 seconds.
  importAddress: GUID: bd166cb4f7947a8498e7ad07a9c04294 - Path: Packages/com.unity.inputsystem/InputSystem/Actions/InputActionRebindingExtensions.cs - Importer: ScriptedImporter/UnityEditor.QuickSearchModule:UnityEditor.Search:ASIAI0B
Importing 'GUID: bd166cb4f7947a8498e7ad07a9c04294 - Path: Packages/com.unity.inputsystem/InputSystem/Actions/InputActionRebindingExtensions.cs - Importer: ScriptedImporter/UnityEditor.QuickSearchModule:UnityEditor.Search:ASIAI0B' with importer (ScriptedImporter : UnityEditor.QuickSearchModule:UnityEditor.Search:ASIAI0B)
Imported 'GUID: bd166cb4f7947a8498e7ad07a9c04294' -> (Import Result ID: 'e5a2e4e62ee14244c162ffb6b6842cd4') in 0.001 seconds [static and dynamic dependencies]. Details - ImportResultOutputID=36f253c275407b1b3cbe69cad6f037e8 DependenciesID=c6d1830261e856dac6863f48e8b93f7c StaticDependenciesID=08c46f1aedbb99e8b34ca980544f5601 
Number of updated asset objects reloaded before import = 0
Number of asset objects unloaded after import = 0
========================================================================
Received Import Request.
  Time of request: 2026-08-27T08:30:32.420074Z
  Time since last request: 0.000228583 seconds.
  importAddress: GUID: e1da124f7cbda41a4925397406076a42 - Path: Packages/com.unity.inputsystem/InputSystem/Editor/Icons/d_Position@3x.png - Importer: ScriptedImporter/UnityEditor.QuickSearchModule:UnityEditor.Search:ASIAI0B
Importing 'GUID: e1da124f7cbda41a4925397406076a42 - Path: Packages/com.unity.inputsystem/InputSystem/Editor/Icons/d_Position@3x.png - Importer: ScriptedImporter/UnityEditor.QuickSearchModule:UnityEditor.Search:ASIAI0B' with importer (ScriptedImporter : UnityEditor.QuickSearchModule:UnityEditor.Search:ASIAI0B)
Imported 'GUID: e1da124f7cbda41a4925397406076a42' -> (Import Result ID: '04b83c21423aece99ee765dd76f778e4') in 0.003 seconds [static and dynamic dependencies]. Details - ImportResultOutputID=9d029698b992459cd9d9e59ddeedfb82 DependenciesID=a87869e9c7f91c8911c41038e92d73db StaticDependenciesID=af662fca8ba3e0e9bdd70949d896c9b6 
Number of updated asset objects reloaded before import = 0
Number of asset objects unloaded after import = 1
========================================================================
Received Import Request.
  Time of request: 2026-08-27T08:30:32.423064Z
  Time since last request: 0.000306667 seconds.
  importAddress: GUID: d59a0dc8508f4cf1819f6ba99250cd8e - Path: Packages/com.unity.inputsystem/InputSystem/Controls/InputControl.cs - Importer: ScriptedImporter/UnityEditor.QuickSearchModule:UnityEditor.Search:ASIAI0B
Importing 'GUID: d59a0dc8508f4cf1819f6ba99250cd8e - Path: Packages/com.unity.inputsystem/InputSystem/Controls/InputControl.cs - Importer: ScriptedImporter/UnityEditor.QuickSearchModule:UnityEditor.Search:ASIAI0B' with importer (ScriptedImporter : UnityEditor.QuickSearchModule:UnityEditor.Search:ASIAI0B)
Imported 'GUID: d59a0dc8508f4cf1819f6ba99250cd8e' -> (Import Result ID: 'e1c75304b98a8be2db46d8a914e34a85') in 0.001 seconds [static and dynamic dependencies]. Details - ImportResultOutputID=ba1ed26cbf8b6a9e31c1dedbb867577e DependenciesID=53e0062f353999fe844c828dd025c0bb StaticDependenciesID=a832757bd4db0cfb39caeefbf1000370 
Number of updated asset objects reloaded before import = 0
Number of asset objects unloaded after import = 0
========================================================================
Received Import Request.
  Time of request: 2026-08-27T08:30:32.424321Z
  Time since last request: 0.000421458 seconds.
  importAddress: GUID: a439a21d627cd7646978dd78132c4bb9 - Path: Packages/com.unity.inputsystem/InputSystem/Editor/UITKAssetEditor/Views/InputActionsTreeViewItem.cs - Importer: ScriptedImporter/UnityEditor.QuickSearchModule:UnityEditor.Search:ASIAI0B
Importing 'GUID: a439a21d627cd7646978dd78132c4bb9 - Path: Packages/com.unity.inputsystem/InputSystem/Editor/UITKAssetEditor/Views/InputActionsTreeViewItem.cs - Importer: ScriptedImporter/UnityEditor.QuickSearchModule:UnityEditor.Search:ASIAI0B' with importer (ScriptedImporter : UnityEditor.QuickSearchModule:UnityEditor.Search:ASIAI0B)
Imported 'GUID: a439a21d627cd7646978dd78132c4bb9' -> (Import Result ID: '6db3573cb99b40de08132bf535836472') in 0.001 seconds [static and dynamic dependencies]. Details - ImportResultOutputID=af6035a3c89e35ac32ccea1b2efb677e DependenciesID=bc067a3bf5b5c4a065cf95dc893a7638 StaticDependenciesID=c0cae550fcbe5703d9c32dbeec55fe9b 
Number of updated asset objects reloaded before import = 0
Number of asset objects unloaded after import = 0
========================================================================
Received Import Request.
  Time of request: 2026-08-27T08:30:32.425283Z
  Time since last request: 0.000139542 seconds.
  importAddress: GUID: cb6feb90190641c19dce92f09614edd4 - Path: Packages/com.unity.inputsystem/InputSystem/Editor/BuildPipeline - Importer: ScriptedImporter/UnityEditor.QuickSearchModule:UnityEditor.Search:ASIAI0B
Importing 'GUID: cb6feb90190641c19dce92f09614edd4 - Path: Packages/com.unity.inputsystem/InputSystem/Editor/BuildPipeline - Importer: ScriptedImporter/UnityEditor.QuickSearchModule:UnityEditor.Search:ASIAI0B' with importer (ScriptedImporter : UnityEditor.QuickSearchModule:UnityEditor.Search:ASIAI0B)
Imported 'GUID: cb6feb90190641c19dce92f09614edd4' -> (Import Result ID: '8ffc7e8570fc88856937d73f4aea8e31') in 0.001 seconds [static and dynamic dependencies]. Details - ImportResultOutputID=5a9a1185b6ff80754a64a2b40db76d44 DependenciesID=87bbbc83afd749205437948ca4dade61 StaticDependenciesID=4412d94c4f89920aee8796743ac4deb6 
Number of updated asset objects reloaded before import = 0
Number of asset objects unloaded after import = 1
========================================================================
Received Import Request.
  Time of request: 2026-08-27T08:30:32.426016Z
  Time since last request: 0.0001285 seconds.
  importAddress: GUID: b3be39d9a3c9496a9a619d6dc185f5f3 - Path: Packages/com.unity.inputsystem/InputSystem/Devices/Remote - Importer: ScriptedImporter/UnityEditor.QuickSearchModule:UnityEditor.Search:ASIAI0B
Importing 'GUID: b3be39d9a3c9496a9a619d6dc185f5f3 - Path: Packages/com.unity.inputsystem/InputSystem/Devices/Remote - Importer: ScriptedImporter/UnityEditor.QuickSearchModule:UnityEditor.Search:ASIAI0B' with importer (ScriptedImporter : UnityEditor.QuickSearchModule:UnityEditor.Search:ASIAI0B)
Imported 'GUID: b3be39d9a3c9496a9a619d6dc185f5f3' -> (Import Result ID: '7eeed5354279a82190ddaa7266990108') in 0.001 seconds [static and dynamic dependencies]. Details - ImportResultOutputID=9095675fcfdcfe5c276d7470de6391a0 DependenciesID=420e5864926ea0617275ba181c30c359 StaticDependenciesID=1c98e4e378cb6023281b4ebbfc23cec1 
Number of updated asset objects reloaded before import = 0
Number of asset objects unloaded after import = 1
========================================================================
Received Import Request.
  Time of request: 2026-08-27T08:30:32.42696Z
  Time since last request: 0.000222709 seconds.
  importAddress: GUID: a85130d4e1e5b49878f8f51b2d4e0ded - Path: Packages/com.unity.inputsystem/InputSystem/Editor/AssetImporter/InputActionCodeGenerator.cs - Importer: ScriptedImporter/UnityEditor.QuickSearchModule:UnityEditor.Search:ASIAI0B
Importing 'GUID: a85130d4e1e5b49878f8f51b2d4e0ded - Path: Packages/com.unity.inputsystem/InputSystem/Editor/AssetImporter/InputActionCodeGenerator.cs - Importer: ScriptedImporter/UnityEditor.QuickSearchModule:UnityEditor.Search:ASIAI0B' with importer (ScriptedImporter : UnityEditor.QuickSearchModule:UnityEditor.Search:ASIAI0B)
Imported 'GUID: a85130d4e1e5b49878f8f51b2d4e0ded' -> (Import Result ID: '87aca2a76c8f8f2d770188bbd20c547d') in 0.001 seconds [static and dynamic dependencies]. Details - ImportResultOutputID=8bf4bb6b733e59924f9e75521d5db1f2 DependenciesID=a1304d16e137f116055fe9ace1468a31 StaticDependenciesID=24d5cf8e5ecbb45a438a4ae81067f651 
Number of updated asset objects reloaded before import = 0
Number of asset objects unloaded after import = 0
========================================================================
Received Import Request.
  Time of request: 2026-08-27T08:30:32.427984Z
  Time since last request: 0.000246667 seconds.
  importAddress: GUID: 224236193350c244abab484f4514df16 - Path: Packages/com.unity.inputsystem/InputSystem/Editor/ControlPicker/Layouts/TouchscreenControlPickerLayout.cs - Importer: ScriptedImporter/UnityEditor.QuickSearchModule:UnityEditor.Search:ASIAI0B
Importing 'GUID: 224236193350c244abab484f4514df16 - Path: Packages/com.unity.inputsystem/InputSystem/Editor/ControlPicker/Layouts/TouchscreenControlPickerLayout.cs - Importer: ScriptedImporter/UnityEditor.QuickSearchModule:UnityEditor.Search:ASIAI0B' with importer (ScriptedImporter : UnityEditor.QuickSearchModule:UnityEditor.Search:ASIAI0B)
Imported 'GUID: 224236193350c244abab484f4514df16' -> (Import Result ID: '07e97afb1c786ef85053f61632dab89f') in 0.001 seconds [static and dynamic dependencies]. Details - ImportResultOutputID=180ada0089c982ddd0a9347263353249 DependenciesID=f8a7f3d442e509dcd6537c0cc779a34a StaticDependenciesID=59100fe85200c9e0f778c01bb8eeb100 
Number of updated asset objects reloaded before import = 0
Number of asset objects unloaded after import = 0
========================================================================
Received Import Request.
  Time of request: 2026-08-27T08:30:32.429132Z
  Time since last request: 0.000251959 seconds.
  importAddress: GUID: acf10446fff184bb98db6350c2c43148 - Path: Packages/com.unity.inputsystem/InputSystem/Editor/Icons/Pen@4x.png - Importer: ScriptedImporter/UnityEditor.QuickSearchModule:UnityEditor.Search:ASIAI0B
Importing 'GUID: acf10446fff184bb98db6350c2c43148 - Path: Packages/com.unity.inputsystem/InputSystem/Editor/Icons/Pen@4x.png - Importer: ScriptedImporter/UnityEditor.QuickSearchModule:UnityEditor.Search:ASIAI0B' with importer (ScriptedImporter : UnityEditor.QuickSearchModule:UnityEditor.Search:ASIAI0B)
Imported 'GUID: acf10446fff184bb98db6350c2c43148' -> (Import Result ID: '4fdf4b06fd0c97aef67ef509d41c6685') in 0.002 seconds [static and dynamic dependencies]. Details - ImportResultOutputID=c0c5b55019ba9884549aac40425169a5 DependenciesID=e256a2bc0d0e55e7cff353dbf7e6cf81 StaticDependenciesID=751af9a1f25ff3ab4940c7dcf0ef50c0 
Number of updated asset objects reloaded before import = 0
Number of asset objects unloaded after import = 1
========================================================================
Received Import Request.
  Time of request: 2026-08-27T08:30:32.431462Z
  Time since last request: 0.000297458 seconds.
  importAddress: GUID: baaf1bd005134bc6825c06f3510c6643 - Path: Packages/com.unity.inputsystem/InputSystem/Editor/PropertyDrawers/InputActionReferenceSearchProviders.cs - Importer: ScriptedImporter/UnityEditor.QuickSearchModule:UnityEditor.Search:ASIAI0B
Importing 'GUID: baaf1bd005134bc6825c06f3510c6643 - Path: Packages/com.unity.inputsystem/InputSystem/Editor/PropertyDrawers/InputActionReferenceSearchProviders.cs - Importer: ScriptedImporter/UnityEditor.QuickSearchModule:UnityEditor.Search:ASIAI0B' with importer (ScriptedImporter : UnityEditor.QuickSearchModule:UnityEditor.Search:ASIAI0B)
Imported 'GUID: baaf1bd005134bc6825c06f3510c6643' -> (Import Result ID: '91a7b290a50ee098607589cd7f9e70e5') in 0.001 seconds [static and dynamic dependencies]. Details - ImportResultOutputID=87775ff9939b4c85a8d170c92c7bbd16 DependenciesID=72340a1a03e6c5ac62ca4c3d6a2eb4d5 StaticDependenciesID=d2fdf644ac830c24acf09abe1be3a437 
Number of updated asset objects reloaded before import = 0
Number of asset objects unloaded after import = 0
========================================================================
Received Import Request.
  Time of request: 2026-08-27T08:30:32.432551Z
  Time since last request: 0.000269375 seconds.
  importAddress: GUID: ca5a63bf867c240879f2eb2179771ffb - Path: Packages/com.unity.inputsystem/InputSystem/Actions/InputActionState.cs - Importer: ScriptedImporter/UnityEditor.QuickSearchModule:UnityEditor.Search:ASIAI0B
Importing 'GUID: ca5a63bf867c240879f2eb2179771ffb - Path: Packages/com.unity.inputsystem/InputSystem/Actions/InputActionState.cs - Importer: ScriptedImporter/UnityEditor.QuickSearchModule:UnityEditor.Search:ASIAI0B' with importer (ScriptedImporter : UnityEditor.QuickSearchModule:UnityEditor.Search:ASIAI0B)
Imported 'GUID: ca5a63bf867c240879f2eb2179771ffb' -> (Import Result ID: '0a4d33bda72a01bb9f87a0b644cf6719') in 0.001 seconds [static and dynamic dependencies]. Details - ImportResultOutputID=3eb3635750f7ee9703f7122a7a79d1b6 DependenciesID=73af879a1a208828713a5dfdd4c5c9f6 StaticDependenciesID=4e10cd85cbca1d0dfaa08d47a05ea2b9 
Number of updated asset objects reloaded before import = 0
Number of asset objects unloaded after import = 0
========================================================================
Received Import Request.
  Time of request: 2026-08-27T08:30:32.433533Z
  Time since last request: 0.00020525 seconds.
  importAddress: GUID: 199b31cbe22b4c269aa78f8139347afd - Path: Packages/com.unity.inputsystem/InputSystem/Editor/Analytics/PlayerInputManagerEditorAnalytic.cs - Importer: ScriptedImporter/UnityEditor.QuickSearchModule:UnityEditor.Search:ASIAI0B
Importing 'GUID: 199b31cbe22b4c269aa78f8139347afd - Path: Packages/com.unity.inputsystem/InputSystem/Editor/Analytics/PlayerInputManagerEditorAnalytic.cs - Importer: ScriptedImporter/UnityEditor.QuickSearchModule:UnityEditor.Search:ASIAI0B' with importer (ScriptedImporter : UnityEditor.QuickSearchModule:UnityEditor.Search:ASIAI0B)
Imported 'GUID: 199b31cbe22b4c269aa78f8139347afd' -> (Import Result ID: '37ef566e2a45024a591b30c9c184c5d9') in 0.001 seconds [static and dynamic dependencies]. Details - ImportResultOutputID=83dd4a3110ae40fceb32c0d733424b5c DependenciesID=8ec30b809c5009b2d4d364dd36e2f733 StaticDependenciesID=1661bd4f4bddc6e2d5874ae6cd94a325 
Number of updated asset objects reloaded before import = 0
Number of asset objects unloaded after import = 0
========================================================================
Received Import Request.
  Time of request: 2026-08-27T08:30:32.434349Z
  Time since last request: 0.000157458 seconds.
  importAddress: GUID: 5e7024ed0fd03984289320d04507bc0c - Path: Packages/com.unity.inputsystem/InputSystem/Editor/UITKAssetEditor/PackageResources/InputAssetEditorLight.uss - Importer: ScriptedImporter/UnityEditor.QuickSearchModule:UnityEditor.Search:ASIAI0B
Importing 'GUID: 5e7024ed0fd03984289320d04507bc0c - Path: Packages/com.unity.inputsystem/InputSystem/Editor/UITKAssetEditor/PackageResources/InputAssetEditorLight.uss - Importer: ScriptedImporter/UnityEditor.QuickSearchModule:UnityEditor.Search:ASIAI0B' with importer (ScriptedImporter : UnityEditor.QuickSearchModule:UnityEditor.Search:ASIAI0B)
Imported 'GUID: 5e7024ed0fd03984289320d04507bc0c' -> (Import Result ID: '7057a2992a34ae9968ac0d9b47526cdc') in 0.001 seconds [static and dynamic dependencies]. Details - ImportResultOutputID=1008caa9701e34cddcb63e7537471f07 DependenciesID=915c18838136565df6bec0b6cd9e9563 StaticDependenciesID=bbbe757b64cf5eec5c28469f216daf3a 
Number of updated asset objects reloaded before import = 0
Number of asset objects unloaded after import = 1
========================================================================
Received Import Request.
  Time of request: 2026-08-27T08:30:32.435733Z
  Time since last request: 0.00027575 seconds.
  importAddress: GUID: 8348fa935e294410f8a7b065d82285d2 - Path: Packages/com.unity.inputsystem/InputSystem/Editor/DeviceSimulator/InputSystemPlugin.cs - Importer: ScriptedImporter/UnityEditor.QuickSearchModule:UnityEditor.Search:ASIAI0B
Importing 'GUID: 8348fa935e294410f8a7b065d82285d2 - Path: Packages/com.unity.inputsystem/InputSystem/Editor/DeviceSimulator/InputSystemPlugin.cs - Importer: ScriptedImporter/UnityEditor.QuickSearchModule:UnityEditor.Search:ASIAI0B' with importer (ScriptedImporter : UnityEditor.QuickSearchModule:UnityEditor.Search:ASIAI0B)
Imported 'GUID: 8348fa935e294410f8a7b065d82285d2' -> (Import Result ID: '5aaca52ef723ccf635563e10000cdfba') in 0.001 seconds [static and dynamic dependencies]. Details - ImportResultOutputID=d46fc91ddd6641c6ed69c132da830a13 DependenciesID=ef141a96a561ebd1092ad75195f74e1d StaticDependenciesID=2760c5c0ae962c25277e6b885b12255c 
Number of updated asset objects reloaded before import = 0
Number of asset objects unloaded after import = 0
========================================================================
Received Import Request.
  Time of request: 2026-08-27T08:30:32.436722Z
  Time since last request: 0.000226875 seconds.
  importAddress: GUID: 84ed8f0fc9aae9347b3b0a962eeacf32 - Path: Packages/com.unity.inputsystem/InputSystem/Actions/InputBindingResolver.cs - Importer: ScriptedImporter/UnityEditor.QuickSearchModule:UnityEditor.Search:ASIAI0B
Importing 'GUID: 84ed8f0fc9aae9347b3b0a962eeacf32 - Path: Packages/com.unity.inputsystem/InputSystem/Actions/InputBindingResolver.cs - Importer: ScriptedImporter/UnityEditor.QuickSearchModule:UnityEditor.Search:ASIAI0B' with importer (ScriptedImporter : UnityEditor.QuickSearchModule:UnityEditor.Search:ASIAI0B)
Imported 'GUID: 84ed8f0fc9aae9347b3b0a962eeacf32' -> (Import Result ID: 'e2c487c0fe5435a978a452260dd9ce09') in 0.001 seconds [static and dynamic dependencies]. Details - ImportResultOutputID=50ccfeac4fa2ce40e081dbb3db3d3574 DependenciesID=1d1dcd943d59a32381b9275970e18b84 StaticDependenciesID=a8c670f11645ddc68012706a52f0cb58 
Number of updated asset objects reloaded before import = 0
Number of asset objects unloaded after import = 0
========================================================================
Received Import Request.
  Time of request: 2026-08-27T08:30:32.437566Z
  Time since last request: 0.000128375 seconds.
  importAddress: GUID: 635124a90cfbdc64eb3e9c0fc6904aa5 - Path: Packages/com.unity.inputsystem/InputSystem/Plugins/iOS/iOSSupport.cs - Importer: ScriptedImporter/UnityEditor.QuickSearchModule:UnityEditor.Search:ASIAI0B
Importing 'GUID: 635124a90cfbdc64eb3e9c0fc6904aa5 - Path: Packages/com.unity.inputsystem/InputSystem/Plugins/iOS/iOSSupport.cs - Importer: ScriptedImporter/UnityEditor.QuickSearchModule:UnityEditor.Search:ASIAI0B' with importer (ScriptedImporter : UnityEditor.QuickSearchModule:UnityEditor.Search:ASIAI0B)
Imported 'GUID: 635124a90cfbdc64eb3e9c0fc6904aa5' -> (Import Result ID: '1e3a9876c513d591a48118e4d66129a8') in 0.001 seconds [static and dynamic dependencies]. Details - ImportResultOutputID=f91a53c61374899d1f0827089b1a4786 DependenciesID=f1b3f674b9ab69c4f257887d4950c245 StaticDependenciesID=efb14b9cb7a6fc1dccc98a3613bcfe85 
Number of updated asset objects reloaded before import = 0
Number of asset objects unloaded after import = 0
========================================================================
Received Import Request.
  Time of request: 2026-08-27T08:30:32.438349Z
  Time since last request: 0.000178167 seconds.
  importAddress: GUID: c662e0d3cc3c4f948808f9847f715ef2 - Path: Packages/com.unity.inputsystem/InputSystem/Editor/UITKAssetEditor/PackageResources/InputActionsEditor.uxml - Importer: ScriptedImporter/UnityEditor.QuickSearchModule:UnityEditor.Search:ASIAI0B
Importing 'GUID: c662e0d3cc3c4f948808f9847f715ef2 - Path: Packages/com.unity.inputsystem/InputSystem/Editor/UITKAssetEditor/PackageResources/InputActionsEditor.uxml - Importer: ScriptedImporter/UnityEditor.QuickSearchModule:UnityEditor.Search:ASIAI0B' with importer (ScriptedImporter : UnityEditor.QuickSearchModule:UnityEditor.Search:ASIAI0B)
Imported 'GUID: c662e0d3cc3c4f948808f9847f715ef2' -> (Import Result ID: '2e5dee6f9da6bf025ca0b1a55be8316a') in 0.006 seconds [static and dynamic dependencies]. Details - ImportResultOutputID=b7fdadfc683f1a24cffa4f114df3e7b0 DependenciesID=c80ea231bd1088bc422ef6aa4e887a24 StaticDependenciesID=cd3cfccdb16db81f7bc36b1aa6c264b3 
Number of updated asset objects reloaded before import = 0
Number of asset objects unloaded after import = 3
========================================================================
Received Import Request.
  Time of request: 2026-08-27T08:30:32.445016Z
  Time since last request: 0.0002985 seconds.
  importAddress: GUID: a736049645e8c4781aedf679c2ee6be6 - Path: Packages/com.unity.inputsystem/InputSystem/Plugins/HID/HIDParser.cs - Importer: ScriptedImporter/UnityEditor.QuickSearchModule:UnityEditor.Search:ASIAI0B
Importing 'GUID: a736049645e8c4781aedf679c2ee6be6 - Path: Packages/com.unity.inputsystem/InputSystem/Plugins/HID/HIDParser.cs - Importer: ScriptedImporter/UnityEditor.QuickSearchModule:UnityEditor.Search:ASIAI0B' with importer (ScriptedImporter : UnityEditor.QuickSearchModule:UnityEditor.Search:ASIAI0B)
Imported 'GUID: a736049645e8c4781aedf679c2ee6be6' -> (Import Result ID: '862d82b63c3c7e817ebc349a87ad18bd') in 0.001 seconds [static and dynamic dependencies]. Details - ImportResultOutputID=276f0da1a644e51374225f2bd8f61973 DependenciesID=3d0c2ba14575c92bb0592a91d59c100b StaticDependenciesID=f63753973f0ff8a2312e8649df466472 
Number of updated asset objects reloaded before import = 0
Number of asset objects unloaded after import = 0
========================================================================
Received Import Request.
  Time of request: 2026-08-27T08:30:32.445979Z
  Time since last request: 0.000120916 seconds.
  importAddress: GUID: ade00164ed474391ba591b362f77149f - Path: Packages/com.unity.inputsystem/InputSystem/Devices/Touchscreen.cs - Importer: ScriptedImporter/UnityEditor.QuickSearchModule:UnityEditor.Search:ASIAI0B
Importing 'GUID: ade00164ed474391ba591b362f77149f - Path: Packages/com.unity.inputsystem/InputSystem/Devices/Touchscreen.cs - Importer: ScriptedImporter/UnityEditor.QuickSearchModule:UnityEditor.Search:ASIAI0B' with importer (ScriptedImporter : UnityEditor.QuickSearchModule:UnityEditor.Search:ASIAI0B)
Imported 'GUID: ade00164ed474391ba591b362f77149f' -> (Import Result ID: '3b672b5561b0e34daa37bc5bf03c626f') in 0.001 seconds [static and dynamic dependencies]. Details - ImportResultOutputID=e6f4785aa72160977f781f2e488be935 DependenciesID=1f89c27636f7eb1def53067c660d2988 StaticDependenciesID=ef55201fd8e2cbb13781f937062cd01a 
Number of updated asset objects reloaded before import = 0
Number of asset objects unloaded after import = 0
========================================================================
Received Import Request.
  Time of request: 2026-08-27T08:30:32.446708Z
  Time since last request: 0.000121625 seconds.
  importAddress: GUID: 0be28dce931f40f8a48953c52e03d5d7 - Path: Packages/com.unity.inputsystem/InputSystem/Devices/IEventPreProcessor.cs - Importer: ScriptedImporter/UnityEditor.QuickSearchModule:UnityEditor.Search:ASIAI0B
Importing 'GUID: 0be28dce931f40f8a48953c52e03d5d7 - Path: Packages/com.unity.inputsystem/InputSystem/Devices/IEventPreProcessor.cs - Importer: ScriptedImporter/UnityEditor.QuickSearchModule:UnityEditor.Search:ASIAI0B' with importer (ScriptedImporter : UnityEditor.QuickSearchModule:UnityEditor.Search:ASIAI0B)
Imported 'GUID: 0be28dce931f40f8a48953c52e03d5d7' -> (Import Result ID: '43c639c9898d78b664a5062fcc9a02f7') in 0.001 seconds [static and dynamic dependencies]. Details - ImportResultOutputID=dcc2fe16300988bd2e0b894da329d930 DependenciesID=32a341b77b7d2b806accd8ccbc48b6b0 StaticDependenciesID=38b74eabad88ce944f12f8aca7150ef0 
Number of updated asset objects reloaded before import = 0
Number of asset objects unloaded after import = 0
========================================================================
Received Import Request.
  Time of request: 2026-08-27T08:30:32.447547Z
  Time since last request: 0.000224333 seconds.
  importAddress: GUID: caa587f0fb5099040bf6193f93daec5d - Path: Packages/com.unity.inputsystem/InputSystem/Actions/Interactions/TapInteraction.cs - Importer: ScriptedImporter/UnityEditor.QuickSearchModule:UnityEditor.Search:ASIAI0B
Importing 'GUID: caa587f0fb5099040bf6193f93daec5d - Path: Packages/com.unity.inputsystem/InputSystem/Actions/Interactions/TapInteraction.cs - Importer: ScriptedImporter/UnityEditor.QuickSearchModule:UnityEditor.Search:ASIAI0B' with importer (ScriptedImporter : UnityEditor.QuickSearchModule:UnityEditor.Search:ASIAI0B)
Imported 'GUID: caa587f0fb5099040bf6193f93daec5d' -> (Import Result ID: 'a308b26e3ee822466d437231d457584d') in 0.001 seconds [static and dynamic dependencies]. Details - ImportResultOutputID=2335e251826107da54fa2f4cee43d856 DependenciesID=7e3553c08f2db0709c19f971041c70ab StaticDependenciesID=73a773d412dbbfbb64e50a683481c182 
Number of updated asset objects reloaded before import = 0
Number of asset objects unloaded after import = 0
========================================================================
Received Import Request.
  Time of request: 2026-08-27T08:30:32.448426Z
  Time since last request: 0.000205875 seconds.
  importAddress: GUID: 985cbca1705a64c80b370afdb30b3ee7 - Path: Packages/com.unity.inputsystem/InputSystem/Editor/Icons/ChevronDown@3x.png - Importer: ScriptedImporter/UnityEditor.QuickSearchModule:UnityEditor.Search:ASIAI0B
Importing 'GUID: 985cbca1705a64c80b370afdb30b3ee7 - Path: Packages/com.unity.inputsystem/InputSystem/Editor/Icons/ChevronDown@3x.png - Importer: ScriptedImporter/UnityEditor.QuickSearchModule:UnityEditor.Search:ASIAI0B' with importer (ScriptedImporter : UnityEditor.QuickSearchModule:UnityEditor.Search:ASIAI0B)
Imported 'GUID: 985cbca1705a64c80b370afdb30b3ee7' -> (Import Result ID: '622d295a801176cf79b9e1aaf3c18110') in 0.002 seconds [static and dynamic dependencies]. Details - ImportResultOutputID=c20f0f39d6b54d59467a811e36911e61 DependenciesID=6c0f5f1ec1be90e6e009b3742a2e9981 StaticDependenciesID=cb91742123c132cd80ea57bd59f4e2f1 
Number of updated asset objects reloaded before import = 0
Number of asset objects unloaded after import = 1
========================================================================
Received Import Request.
  Time of request: 2026-08-27T08:30:32.45077Z
  Time since last request: 0.000176666 seconds.
  importAddress: GUID: 6d54531977ecb194c95e2d3aa7a5d72a - Path: Packages/com.unity.inputsystem/InputSystem/Plugins/OnScreen/OnScreenButton.cs - Importer: ScriptedImporter/UnityEditor.QuickSearchModule:UnityEditor.Search:ASIAI0B
Importing 'GUID: 6d54531977ecb194c95e2d3aa7a5d72a - Path: Packages/com.unity.inputsystem/InputSystem/Plugins/OnScreen/OnScreenButton.cs - Importer: ScriptedImporter/UnityEditor.QuickSearchModule:UnityEditor.Search:ASIAI0B' with importer (ScriptedImporter : UnityEditor.QuickSearchModule:UnityEditor.Search:ASIAI0B)
Imported 'GUID: 6d54531977ecb194c95e2d3aa7a5d72a' -> (Import Result ID: '22c7909334bd796d60f90aa01ce1f934') in 0.001 seconds [static and dynamic dependencies]. Details - ImportResultOutputID=aa638f958e77f7d7b7ae25c918a99f0e DependenciesID=8ee521f684c13c72113d93c6f5c7be89 StaticDependenciesID=c60c53154855ade27563225a34998509 
Number of updated asset objects reloaded before import = 0
Number of asset objects unloaded after import = 0
========================================================================
Received Import Request.
  Time of request: 2026-08-27T08:30:32.452034Z
  Time since last request: 0.000284625 seconds.
  importAddress: GUID: ed303b5629a047fa8c081261bb1993d1 - Path: Packages/com.unity.inputsystem/InputSystem/Editor/Internal/BuildProviderHelpers.cs - Importer: ScriptedImporter/UnityEditor.QuickSearchModule:UnityEditor.Search:ASIAI0B
Importing 'GUID: ed303b5629a047fa8c081261bb1993d1 - Path: Packages/com.unity.inputsystem/InputSystem/Editor/Internal/BuildProviderHelpers.cs - Importer: ScriptedImporter/UnityEditor.QuickSearchModule:UnityEditor.Search:ASIAI0B' with importer (ScriptedImporter : UnityEditor.QuickSearchModule:UnityEditor.Search:ASIAI0B)
Imported 'GUID: ed303b5629a047fa8c081261bb1993d1' -> (Import Result ID: '6b28182faf4e72db7249605e90e45785') in 0.001 seconds [static and dynamic dependencies]. Details - ImportResultOutputID=008270102faa62582c9550d831b751a1 DependenciesID=7106441433f20e795a5d4ed9035969ae StaticDependenciesID=08ef6cdf9a8ac8dff75fc657063a3e0f 
Number of updated asset objects reloaded before import = 0
Number of asset objects unloaded after import = 0
========================================================================
Received Import Request.
  Time of request: 2026-08-27T08:30:32.453099Z
  Time since last request: 0.000242625 seconds.
  importAddress: GUID: 2027b97fd12d842d7a3169c784502a54 - Path: Packages/com.unity.inputsystem/InputSystem/Editor/Icons/Interactive Binding@2x.png - Importer: ScriptedImporter/UnityEditor.QuickSearchModule:UnityEditor.Search:ASIAI0B
Importing 'GUID: 2027b97fd12d842d7a3169c784502a54 - Path: Packages/com.unity.inputsystem/InputSystem/Editor/Icons/Interactive Binding@2x.png - Importer: ScriptedImporter/UnityEditor.QuickSearchModule:UnityEditor.Search:ASIAI0B' with importer (ScriptedImporter : UnityEditor.QuickSearchModule:UnityEditor.Search:ASIAI0B)
Imported 'GUID: 2027b97fd12d842d7a3169c784502a54' -> (Import Result ID: 'c0f5640fcd9d4bdba07b7a8f6c15cec9') in 0.003 seconds [static and dynamic dependencies]. Details - ImportResultOutputID=1be5673a9dc0cb152f027275545e0b23 DependenciesID=9a3cbee981c7805205feaf891e92726f StaticDependenciesID=9bb36cbb89fb72712111301f9f576d62 
Number of updated asset objects reloaded before import = 0
Number of asset objects unloaded after import = 1
========================================================================
Received Import Request.
  Time of request: 2026-08-27T08:30:32.464751Z
  Time since last request: 0.008968791 seconds.
  importAddress: GUID: 2f971d46c202b4b7a90865bf5600683f - Path: Packages/com.unity.inputsystem/InputSystem/Plugins/Steam/SteamHandle.cs - Importer: ScriptedImporter/UnityEditor.QuickSearchModule:UnityEditor.Search:ASIAI0B
Importing 'GUID: 2f971d46c202b4b7a90865bf5600683f - Path: Packages/com.unity.inputsystem/InputSystem/Plugins/Steam/SteamHandle.cs - Importer: ScriptedImporter/UnityEditor.QuickSearchModule:UnityEditor.Search:ASIAI0B' with importer (ScriptedImporter : UnityEditor.QuickSearchModule:UnityEditor.Search:ASIAI0B)
Imported 'GUID: 2f971d46c202b4b7a90865bf5600683f' -> (Import Result ID: '4b1bbd7966bf847e0bd53cbdcd25a92f') in 0.001 seconds [static and dynamic dependencies]. Details - ImportResultOutputID=f758c40b440dca198ccf08ce755e14da DependenciesID=b73c0f443c07e28f3b8fad73d1009848 StaticDependenciesID=b5a6eef36fd58d6c8ac481add38ac119 
Number of updated asset objects reloaded before import = 0
Number of asset objects unloaded after import = 0
========================================================================
Received Import Request.
  Time of request: 2026-08-27T08:30:32.466153Z
  Time since last request: 0.000228542 seconds.
  importAddress: GUID: 424bff4d3ea64400e9b384cb8bebfb96 - Path: Packages/com.unity.inputsystem/InputSystem/Editor/Icons/d_Orientation@3x.png - Importer: ScriptedImporter/UnityEditor.QuickSearchModule:UnityEditor.Search:ASIAI0B
Importing 'GUID: 424bff4d3ea64400e9b384cb8bebfb96 - Path: Packages/com.unity.inputsystem/InputSystem/Editor/Icons/d_Orientation@3x.png - Importer: ScriptedImporter/UnityEditor.QuickSearchModule:UnityEditor.Search:ASIAI0B' with importer (ScriptedImporter : UnityEditor.QuickSearchModule:UnityEditor.Search:ASIAI0B)
Imported 'GUID: 424bff4d3ea64400e9b384cb8bebfb96' -> (Import Result ID: '16eba8d306704f73bd254fb2442d89b8') in 0.002 seconds [static and dynamic dependencies]. Details - ImportResultOutputID=71f9e92fba4191a08420b3fb146efbc3 DependenciesID=aa2e6c0ef6cabfc783c96bc7d45c03de StaticDependenciesID=bb11fb723815503b6b5eff5a13b7b1d7 
Number of updated asset objects reloaded before import = 0
Number of asset objects unloaded after import = 1
========================================================================
Received Import Request.
  Time of request: 2026-08-27T08:30:32.46868Z
  Time since last request: 0.000273 seconds.
  importAddress: GUID: decf522e52f74f9e80b4dc87986cca70 - Path: Packages/com.unity.inputsystem/InputSystem/InputUpdateType.cs - Importer: ScriptedImporter/UnityEditor.QuickSearchModule:UnityEditor.Search:ASIAI0B
Importing 'GUID: decf522e52f74f9e80b4dc87986cca70 - Path: Packages/com.unity.inputsystem/InputSystem/InputUpdateType.cs - Importer: ScriptedImporter/UnityEditor.QuickSearchModule:UnityEditor.Search:ASIAI0B' with importer (ScriptedImporter : UnityEditor.QuickSearchModule:UnityEditor.Search:ASIAI0B)
Imported 'GUID: decf522e52f74f9e80b4dc87986cca70' -> (Import Result ID: '9e8997e76d0e39daa02095bdb214b083') in 0.001 seconds [static and dynamic dependencies]. Details - ImportResultOutputID=6db0c2f64e06436ba15e8b0a5c87a350 DependenciesID=deaf9894228c1dd4b87140fe3ea405c5 StaticDependenciesID=15bbc2d9083dfeb9268c6776418ed52c 
Number of updated asset objects reloaded before import = 0
Number of asset objects unloaded after import = 0
========================================================================
Received Import Request.
  Time of request: 2026-08-27T08:30:32.469893Z
  Time since last request: 0.000319542 seconds.
  importAddress: GUID: 1bf9cdd4bc492489c8c7c6190785fc48 - Path: Packages/com.unity.inputsystem/InputSystem/Editor/Icons/Pen@3x.png - Importer: ScriptedImporter/UnityEditor.QuickSearchModule:UnityEditor.Search:ASIAI0B
Importing 'GUID: 1bf9cdd4bc492489c8c7c6190785fc48 - Path: Packages/com.unity.inputsystem/InputSystem/Editor/Icons/Pen@3x.png - Importer: ScriptedImporter/UnityEditor.QuickSearchModule:UnityEditor.Search:ASIAI0B' with importer (ScriptedImporter : UnityEditor.QuickSearchModule:UnityEditor.Search:ASIAI0B)
Imported 'GUID: 1bf9cdd4bc492489c8c7c6190785fc48' -> (Import Result ID: 'db93da474186a13163b61ec788d780ee') in 0.002 seconds [static and dynamic dependencies]. Details - ImportResultOutputID=62e4b187c86af9769d76ad05c5f32e98 DependenciesID=80bcc7b0ee1a25bed6262c3b61d80ac2 StaticDependenciesID=f0bc68b441e719558c26157068b8f414 
Number of updated asset objects reloaded before import = 0
Number of asset objects unloaded after import = 1
========================================================================
Received Import Request.
  Time of request: 2026-08-27T08:30:32.472287Z
  Time since last request: 0.000341917 seconds.
  importAddress: GUID: 5f84d6a1bd34ea6428fa1db0e9f459cb - Path: Packages/com.unity.inputsystem/InputSystem/Plugins/XR/Haptics/SendHapticImpulseCommand.cs - Importer: ScriptedImporter/UnityEditor.QuickSearchModule:UnityEditor.Search:ASIAI0B
Importing 'GUID: 5f84d6a1bd34ea6428fa1db0e9f459cb - Path: Packages/com.unity.inputsystem/InputSystem/Plugins/XR/Haptics/SendHapticImpulseCommand.cs - Importer: ScriptedImporter/UnityEditor.QuickSearchModule:UnityEditor.Search:ASIAI0B' with importer (ScriptedImporter : UnityEditor.QuickSearchModule:UnityEditor.Search:ASIAI0B)
Imported 'GUID: 5f84d6a1bd34ea6428fa1db0e9f459cb' -> (Import Result ID: 'd47ad749315aeea22e37ceb92fd9a9b6') in 0.001 seconds [static and dynamic dependencies]. Details - ImportResultOutputID=045809f7feebb04e6127b2360cad20ad DependenciesID=4b313a958bc34126be74c99e216f612c StaticDependenciesID=ae29c1555fff3fe3f469e61411535959 
Number of updated asset objects reloaded before import = 0
Number of asset objects unloaded after import = 0
========================================================================
Received Import Request.
  Time of request: 2026-08-27T08:30:32.473456Z
  Time since last request: 0.000280417 seconds.
  importAddress: GUID: a8cfbe75f80984c1d9700ef41f6e2aeb - Path: Packages/com.unity.inputsystem/InputSystem/Controls/InputControlExtensions.cs - Importer: ScriptedImporter/UnityEditor.QuickSearchModule:UnityEditor.Search:ASIAI0B
Importing 'GUID: a8cfbe75f80984c1d9700ef41f6e2aeb - Path: Packages/com.unity.inputsystem/InputSystem/Controls/InputControlExtensions.cs - Importer: ScriptedImporter/UnityEditor.QuickSearchModule:UnityEditor.Search:ASIAI0B' with importer (ScriptedImporter : UnityEditor.QuickSearchModule:UnityEditor.Search:ASIAI0B)
Imported 'GUID: a8cfbe75f80984c1d9700ef41f6e2aeb' -> (Import Result ID: '36485fc24c52cef7eff787886b0820d4') in 0.001 seconds [static and dynamic dependencies]. Details - ImportResultOutputID=3d7da66e5f0d49bdc888822f70a40ff5 DependenciesID=163c3ce7e1e09745ef9e6063dc0422e8 StaticDependenciesID=4c4d0767f6b3f0149b417e13c63a3ead 
Number of updated asset objects reloaded before import = 0
Number of asset objects unloaded after import = 0
========================================================================
Received Import Request.
  Time of request: 2026-08-27T08:30:32.474423Z
  Time since last request: 0.000151416 seconds.
  importAddress: GUID: 929bef69d71fe4223b4148865a0a5e42 - Path: Packages/com.unity.inputsystem/InputSystem/Plugins/XR/GenericXRDevice.cs - Importer: ScriptedImporter/UnityEditor.QuickSearchModule:UnityEditor.Search:ASIAI0B
Importing 'GUID: 929bef69d71fe4223b4148865a0a5e42 - Path: Packages/com.unity.inputsystem/InputSystem/Plugins/XR/GenericXRDevice.cs - Importer: ScriptedImporter/UnityEditor.QuickSearchModule:UnityEditor.Search:ASIAI0B' with importer (ScriptedImporter : UnityEditor.QuickSearchModule:UnityEditor.Search:ASIAI0B)
Imported 'GUID: 929bef69d71fe4223b4148865a0a5e42' -> (Import Result ID: '70130b014a7cc1515679815973b1733a') in 0.001 seconds [static and dynamic dependencies]. Details - ImportResultOutputID=c1addfa16fded6bbfdc9897b1f77e8f7 DependenciesID=237b3f1356e3d9949f2a92150aa38261 StaticDependenciesID=5ca002165915259c76052ba86e50f48b 
Number of updated asset objects reloaded before import = 0
Number of asset objects unloaded after import = 0
========================================================================
Received Import Request.
  Time of request: 2026-08-27T08:30:32.475372Z
  Time since last request: 0.000197292 seconds.
  importAddress: GUID: 674b72d5417404b9eac446749e3e2d5e - Path: Packages/com.unity.inputsystem/Tests/TestFixture/AssemblyInfo.cs - Importer: ScriptedImporter/UnityEditor.QuickSearchModule:UnityEditor.Search:ASIAI0B
Importing 'GUID: 674b72d5417404b9eac446749e3e2d5e - Path: Packages/com.unity.inputsystem/Tests/TestFixture/AssemblyInfo.cs - Importer: ScriptedImporter/UnityEditor.QuickSearchModule:UnityEditor.Search:ASIAI0B' with importer (ScriptedImporter : UnityEditor.QuickSearchModule:UnityEditor.Search:ASIAI0B)
Imported 'GUID: 674b72d5417404b9eac446749e3e2d5e' -> (Import Result ID: '55d4fcc284395aabe5b45d89ae76578e') in 0.001 seconds [static and dynamic dependencies]. Details - ImportResultOutputID=fe44cbaa8028c03f4e48339856ba629a DependenciesID=5c7a41d76d5b3852ee17628fe3c3af0f StaticDependenciesID=557bb9da57eeaa4741643674e17474c9 
Number of updated asset objects reloaded before import = 0
Number of asset objects unloaded after import = 0
========================================================================
Received Import Request.
  Time of request: 2026-08-27T08:30:32.476284Z
  Time since last request: 0.000222417 seconds.
  importAddress: GUID: 06c77ad4af684d2eab4294e0d51afccd - Path: Packages/com.unity.inputsystem/InputSystem/Controls/Vector2Control.cs - Importer: ScriptedImporter/UnityEditor.QuickSearchModule:UnityEditor.Search:ASIAI0B
Importing 'GUID: 06c77ad4af684d2eab4294e0d51afccd - Path: Packages/com.unity.inputsystem/InputSystem/Controls/Vector2Control.cs - Importer: ScriptedImporter/UnityEditor.QuickSearchModule:UnityEditor.Search:ASIAI0B' with importer (ScriptedImporter : UnityEditor.QuickSearchModule:UnityEditor.Search:ASIAI0B)
Imported 'GUID: 06c77ad4af684d2eab4294e0d51afccd' -> (Import Result ID: 'ad63b8cc441481f8dec7863bf537080c') in 0.001 seconds [static and dynamic dependencies]. Details - ImportResultOutputID=8af5a058c5f4907f5829929658ada732 DependenciesID=192648d21dcd8d485809b8d0d41cdb0a StaticDependenciesID=e86ff47a2f5bd38df1a5cea5c141fe3e 
Number of updated asset objects reloaded before import = 0
Number of asset objects unloaded after import = 0
========================================================================
Received Import Request.
  Time of request: 2026-08-27T08:30:32.477548Z
  Time since last request: 0.000319209 seconds.
  importAddress: GUID: 02a54f9a4f584f5397cf3e9697372394 - Path: Packages/com.unity.inputsystem/InputSystem/Events/IInputEventTypeInfo.cs - Importer: ScriptedImporter/UnityEditor.QuickSearchModule:UnityEditor.Search:ASIAI0B
Importing 'GUID: 02a54f9a4f584f5397cf3e9697372394 - Path: Packages/com.unity.inputsystem/InputSystem/Events/IInputEventTypeInfo.cs - Importer: ScriptedImporter/UnityEditor.QuickSearchModule:UnityEditor.Search:ASIAI0B' with importer (ScriptedImporter : UnityEditor.QuickSearchModule:UnityEditor.Search:ASIAI0B)
Imported 'GUID: 02a54f9a4f584f5397cf3e9697372394' -> (Import Result ID: 'ad72f748798805b53f8427f4f2aa2861') in 0.001 seconds [static and dynamic dependencies]. Details - ImportResultOutputID=113859aab76b48cac8ed950b596eb897 DependenciesID=5774964158a49632c922f4832c6261dc StaticDependenciesID=b716f45c3db0c0476333d5818153dbb9 
Number of updated asset objects reloaded before import = 0
Number of asset objects unloaded after import = 0
========================================================================
Received Import Request.
  Time of request: 2026-08-27T08:30:32.478585Z
  Time since last request: 0.000137709 seconds.
  importAddress: GUID: 452df07a8ad0c944c879a484d5890e61 - Path: Packages/com.unity.inputsystem/InputSystem/Editor/UITKAssetEditor/PackageResources/InputActionsTreeViewItem.uxml - Importer: ScriptedImporter/UnityEditor.QuickSearchModule:UnityEditor.Search:ASIAI0B
Importing 'GUID: 452df07a8ad0c944c879a484d5890e61 - Path: Packages/com.unity.inputsystem/InputSystem/Editor/UITKAssetEditor/PackageResources/InputActionsTreeViewItem.uxml - Importer: ScriptedImporter/UnityEditor.QuickSearchModule:UnityEditor.Search:ASIAI0B' with importer (ScriptedImporter : UnityEditor.QuickSearchModule:UnityEditor.Search:ASIAI0B)
Imported 'GUID: 452df07a8ad0c944c879a484d5890e61' -> (Import Result ID: '1160e2518717738cafe09135c3cc9a4f') in 0.002 seconds [static and dynamic dependencies]. Details - ImportResultOutputID=81e311363ae72cc090749c4f73f8e75c DependenciesID=d2b272957dee11481b12e7feb89d1ed6 StaticDependenciesID=6dfdf9c217c96af20fa13f1ee284f1fa 
Number of updated asset objects reloaded before import = 0
Number of asset objects unloaded after import = 3
========================================================================
Received Import Request.
  Time of request: 2026-08-27T08:30:32.480764Z
  Time since last request: 0.000188542 seconds.
  importAddress: GUID: b33f51f6a55e541e995b5f6a10498d65 - Path: Packages/com.unity.inputsystem/InputSystem/InputMetrics.cs - Importer: ScriptedImporter/UnityEditor.QuickSearchModule:UnityEditor.Search:ASIAI0B
Importing 'GUID: b33f51f6a55e541e995b5f6a10498d65 - Path: Packages/com.unity.inputsystem/InputSystem/InputMetrics.cs - Importer: ScriptedImporter/UnityEditor.QuickSearchModule:UnityEditor.Search:ASIAI0B' with importer (ScriptedImporter : UnityEditor.QuickSearchModule:UnityEditor.Search:ASIAI0B)
Imported 'GUID: b33f51f6a55e541e995b5f6a10498d65' -> (Import Result ID: 'de3cf3c0363bbb62b33a4653441786ec') in 0.001 seconds [static and dynamic dependencies]. Details - ImportResultOutputID=5bd4be0f435b00873a3da8644e8f85e9 DependenciesID=5056c58619a45fef79ff3fdcb31f4aff StaticDependenciesID=a4578d840a15a4705376f8fe87e84b59 
Number of updated asset objects reloaded before import = 0
Number of asset objects unloaded after import = 0
========================================================================
Received Import Request.
  Time of request: 2026-08-27T08:30:32.481554Z
  Time since last request: 0.000136791 seconds.
  importAddress: GUID: 5684eb521fa99491e9061de682d1622e - Path: Packages/com.unity.inputsystem/InputSystem/Editor/Icons/Position.png - Importer: ScriptedImporter/UnityEditor.QuickSearchModule:UnityEditor.Search:ASIAI0B
Importing 'GUID: 5684eb521fa99491e9061de682d1622e - Path: Packages/com.unity.inputsystem/InputSystem/Editor/Icons/Position.png - Importer: ScriptedImporter/UnityEditor.QuickSearchModule:UnityEditor.Search:ASIAI0B' with importer (ScriptedImporter : UnityEditor.QuickSearchModule:UnityEditor.Search:ASIAI0B)
Imported 'GUID: 5684eb521fa99491e9061de682d1622e' -> (Import Result ID: 'd24d8db51036a7af6805f72dcf82a728') in 0.003 seconds [static and dynamic dependencies]. Details - ImportResultOutputID=7feaecbea5bf221b8bc9588295231d55 DependenciesID=30916e9502c45b52f9fe8d0b8e33a4c1 StaticDependenciesID=5d92559aa09db3ed7cfa7f125164faaf 
Number of updated asset objects reloaded before import = 0
Number of asset objects unloaded after import = 1
========================================================================
Received Import Request.
  Time of request: 2026-08-27T08:30:32.485205Z
  Time since last request: 0.000371416 seconds.
  importAddress: GUID: d806525c0444400588f5a7800297b7b5 - Path: Packages/com.unity.inputsystem/InputSystem/Devices/Pointer.cs - Importer: ScriptedImporter/UnityEditor.QuickSearchModule:UnityEditor.Search:ASIAI0B
Importing 'GUID: d806525c0444400588f5a7800297b7b5 - Path: Packages/com.unity.inputsystem/InputSystem/Devices/Pointer.cs - Importer: ScriptedImporter/UnityEditor.QuickSearchModule:UnityEditor.Search:ASIAI0B' with importer (ScriptedImporter : UnityEditor.QuickSearchModule:UnityEditor.Search:ASIAI0B)
Imported 'GUID: d806525c0444400588f5a7800297b7b5' -> (Import Result ID: 'a57688dfe9da1beebd251e0d433f27fe') in 0.001 seconds [static and dynamic dependencies]. Details - ImportResultOutputID=e4aeab36817b6c7c9f745c5820df4627 DependenciesID=a4bd7569ac6d57286306e22adfa84792 StaticDependenciesID=80cc8a38436cda3cf70e9ea68bc10753 
Number of updated asset objects reloaded before import = 0
Number of asset objects unloaded after import = 0
========================================================================
Received Import Request.
  Time of request: 2026-08-27T08:30:32.486302Z
  Time since last request: 0.000257208 seconds.
  importAddress: GUID: d717b0e790ee146dd93d1be641984b6a - Path: Packages/com.unity.inputsystem/InputSystem/Utilities/ExceptionHelpers.cs - Importer: ScriptedImporter/UnityEditor.QuickSearchModule:UnityEditor.Search:ASIAI0B
Importing 'GUID: d717b0e790ee146dd93d1be641984b6a - Path: Packages/com.unity.inputsystem/InputSystem/Utilities/ExceptionHelpers.cs - Importer: ScriptedImporter/UnityEditor.QuickSearchModule:UnityEditor.Search:ASIAI0B' with importer (ScriptedImporter : UnityEditor.QuickSearchModule:UnityEditor.Search:ASIAI0B)
Imported 'GUID: d717b0e790ee146dd93d1be641984b6a' -> (Import Result ID: '53f64e1c56d4186c5d85e7e6b9c5d7a3') in 0.001 seconds [static and dynamic dependencies]. Details - ImportResultOutputID=b689eb74086333447b760c6dd1143111 DependenciesID=d7f8a3682dab1a1f76c707751a829806 StaticDependenciesID=eebef3578d1056622afc58ed5fd5b747 
Number of updated asset objects reloaded before import = 0
Number of asset objects unloaded after import = 0
========================================================================
Received Import Request.
  Time of request: 2026-08-27T08:30:32.487165Z
  Time since last request: 0.000145416 seconds.
  importAddress: GUID: a940917cc397643afb071010cb2143d9 - Path: Packages/com.unity.inputsystem/InputSystem/Editor/Icons/Axis@4x.png - Importer: ScriptedImporter/UnityEditor.QuickSearchModule:UnityEditor.Search:ASIAI0B
Importing 'GUID: a940917cc397643afb071010cb2143d9 - Path: Packages/com.unity.inputsystem/InputSystem/Editor/Icons/Axis@4x.png - Importer: ScriptedImporter/UnityEditor.QuickSearchModule:UnityEditor.Search:ASIAI0B' with importer (ScriptedImporter : UnityEditor.QuickSearchModule:UnityEditor.Search:ASIAI0B)
Imported 'GUID: a940917cc397643afb071010cb2143d9' -> (Import Result ID: '8469bdd67e83042820e937d52b497704') in 0.002 seconds [static and dynamic dependencies]. Details - ImportResultOutputID=c958d61c2cc9f26efe3d08a6d0ab572d DependenciesID=8e3e95b8a4f1b1749342ce1f37b88bd6 StaticDependenciesID=d5749e13c7bac2e6774d6575f5deab7d 
Number of updated asset objects reloaded before import = 0
Number of asset objects unloaded after import = 1
========================================================================
Received Import Request.
  Time of request: 2026-08-27T08:30:32.489419Z
  Time since last request: 0.000229583 seconds.
  importAddress: GUID: d45ac8148fd4e264eb17df8586b09581 - Path: Packages/com.unity.inputsystem/InputSystem/Utilities/DynamicBitfield.cs - Importer: ScriptedImporter/UnityEditor.QuickSearchModule:UnityEditor.Search:ASIAI0B
Importing 'GUID: d45ac8148fd4e264eb17df8586b09581 - Path: Packages/com.unity.inputsystem/InputSystem/Utilities/DynamicBitfield.cs - Importer: ScriptedImporter/UnityEditor.QuickSearchModule:UnityEditor.Search:ASIAI0B' with importer (ScriptedImporter : UnityEditor.QuickSearchModule:UnityEditor.Search:ASIAI0B)
Imported 'GUID: d45ac8148fd4e264eb17df8586b09581' -> (Import Result ID: '7b315b7d94452d9af03395624bf18c5b') in 0.001 seconds [static and dynamic dependencies]. Details - ImportResultOutputID=f9e1607bc81ef80892e68916003f0704 DependenciesID=6ddbfa5355a7d9eb44aa2e8108456d82 StaticDependenciesID=a95d257999f3314e161b55ec429b039c 
Number of updated asset objects reloaded before import = 0
Number of asset objects unloaded after import = 0
========================================================================
Received Import Request.
  Time of request: 2026-08-27T08:30:32.490326Z
  Time since last request: 0.000143125 seconds.
  importAddress: GUID: 1407189163374c4aa71b9689243809eb - Path: Packages/com.unity.inputsystem/InputSystem/InputManagerStateMonitors.cs - Importer: ScriptedImporter/UnityEditor.QuickSearchModule:UnityEditor.Search:ASIAI0B
Importing 'GUID: 1407189163374c4aa71b9689243809eb - Path: Packages/com.unity.inputsystem/InputSystem/InputManagerStateMonitors.cs - Importer: ScriptedImporter/UnityEditor.QuickSearchModule:UnityEditor.Search:ASIAI0B' with importer (ScriptedImporter : UnityEditor.QuickSearchModule:UnityEditor.Search:ASIAI0B)
Imported 'GUID: 1407189163374c4aa71b9689243809eb' -> (Import Result ID: '8f361e0c04bcc925ab1106dc71614fac') in 0.001 seconds [static and dynamic dependencies]. Details - ImportResultOutputID=740ddd6309f3a4acfa874899a98c7d29 DependenciesID=1575f15facf13d02f36a13ddbfb3bc85 StaticDependenciesID=9fac7396d19add889d8dc3150fca0a16 
Number of updated asset objects reloaded before import = 0
Number of asset objects unloaded after import = 0
========================================================================
Received Import Request.
  Time of request: 2026-08-27T08:30:32.491062Z
  Time since last request: 0.000148458 seconds.
  importAddress: GUID: 5f09d534eb1414449a2758696bd4dd11 - Path: Packages/com.unity.inputsystem/InputSystem/Editor/Icons/Orientation@3x.png - Importer: ScriptedImporter/UnityEditor.QuickSearchModule:UnityEditor.Search:ASIAI0B
Importing 'GUID: 5f09d534eb1414449a2758696bd4dd11 - Path: Packages/com.unity.inputsystem/InputSystem/Editor/Icons/Orientation@3x.png - Importer: ScriptedImporter/UnityEditor.QuickSearchModule:UnityEditor.Search:ASIAI0B' with importer (ScriptedImporter : UnityEditor.QuickSearchModule:UnityEditor.Search:ASIAI0B)
Imported 'GUID: 5f09d534eb1414449a2758696bd4dd11' -> (Import Result ID: '74d401132ce1435ab305ce043b6078dc') in 0.002 seconds [static and dynamic dependencies]. Details - ImportResultOutputID=93c63e77d036f861d94458e1abd94373 DependenciesID=4db2ab90b42f6c7c50f0249c7aa9f2b8 StaticDependenciesID=f12b1b1564f1dd3d61315fa52061a47f 
Number of updated asset objects reloaded before import = 0
Number of asset objects unloaded after import = 1
========================================================================
Received Import Request.
  Time of request: 2026-08-27T08:30:32.493273Z
  Time since last request: 0.000265084 seconds.
  importAddress: GUID: 78260363757e4b02b9c6cc9949b4091a - Path: Packages/com.unity.inputsystem/InputSystem/Events/InputEvent.cs - Importer: ScriptedImporter/UnityEditor.QuickSearchModule:UnityEditor.Search:ASIAI0B
Importing 'GUID: 78260363757e4b02b9c6cc9949b4091a - Path: Packages/com.unity.inputsystem/InputSystem/Events/InputEvent.cs - Importer: ScriptedImporter/UnityEditor.QuickSearchModule:UnityEditor.Search:ASIAI0B' with importer (ScriptedImporter : UnityEditor.QuickSearchModule:UnityEditor.Search:ASIAI0B)
Imported 'GUID: 78260363757e4b02b9c6cc9949b4091a' -> (Import Result ID: '116775fe83dfef8f2c921dad25becfaf') in 0.001 seconds [static and dynamic dependencies]. Details - ImportResultOutputID=e2fe798d64e9933c0a36f96a81a33ef5 DependenciesID=23d9d5c8a286765d8d51bf9cb970591d StaticDependenciesID=0e1e5c878a594f3828c19e2389add381 
Number of updated asset objects reloaded before import = 0
Number of asset objects unloaded after import = 0
========================================================================
Received Import Request.
  Time of request: 2026-08-27T08:30:32.494414Z
  Time since last request: 0.000142792 seconds.
  importAddress: GUID: 9ec4e316700da46b88741a8153b33963 - Path: Packages/com.unity.inputsystem/InputSystem/Editor/Icons/d_Keyboard@3x.png - Importer: ScriptedImporter/UnityEditor.QuickSearchModule:UnityEditor.Search:ASIAI0B
Importing 'GUID: 9ec4e316700da46b88741a8153b33963 - Path: Packages/com.unity.inputsystem/InputSystem/Editor/Icons/d_Keyboard@3x.png - Importer: ScriptedImporter/UnityEditor.QuickSearchModule:UnityEditor.Search:ASIAI0B' with importer (ScriptedImporter : UnityEditor.QuickSearchModule:UnityEditor.Search:ASIAI0B)
Imported 'GUID: 9ec4e316700da46b88741a8153b33963' -> (Import Result ID: '08052bafc303d02f9420bba77444adca') in 0.002 seconds [static and dynamic dependencies]. Details - ImportResultOutputID=45dadaed769aa0843f2a4485cba137a8 DependenciesID=7baef3d450cf735b956b25e04c5760ec StaticDependenciesID=907c8f684fe6aeb7aafe8a0c82fa37e2 
Number of updated asset objects reloaded before import = 0
Number of asset objects unloaded after import = 1
========================================================================
Received Import Request.
  Time of request: 2026-08-27T08:30:32.497167Z
  Time since last request: 0.000211417 seconds.
  importAddress: GUID: 408bd3b4ce254207beaa4e0779763fd6 - Path: Packages/com.unity.inputsystem/InputSystem/Plugins/UI/ExtendedAxisEventData.cs - Importer: ScriptedImporter/UnityEditor.QuickSearchModule:UnityEditor.Search:ASIAI0B
Importing 'GUID: 408bd3b4ce254207beaa4e0779763fd6 - Path: Packages/com.unity.inputsystem/InputSystem/Plugins/UI/ExtendedAxisEventData.cs - Importer: ScriptedImporter/UnityEditor.QuickSearchModule:UnityEditor.Search:ASIAI0B' with importer (ScriptedImporter : UnityEditor.QuickSearchModule:UnityEditor.Search:ASIAI0B)
Imported 'GUID: 408bd3b4ce254207beaa4e0779763fd6' -> (Import Result ID: 'bbcc7bca6654338e01d69b9b2b0d52aa') in 0.001 seconds [static and dynamic dependencies]. Details - ImportResultOutputID=57761c7cd014ace93880da2b60a0065a DependenciesID=74df9eedc851ad97ef59974587055661 StaticDependenciesID=9dbb4d88c63ff178ecaa6f0cfd7fd766 
Number of updated asset objects reloaded before import = 0
Number of asset objects unloaded after import = 0
========================================================================
Received Import Request.
  Time of request: 2026-08-27T08:30:32.498185Z
  Time since last request: 0.000211125 seconds.
  importAddress: GUID: 55040e210fa9b426b861a26909ab4de7 - Path: Packages/com.unity.inputsystem/InputSystem/Editor/Icons/d_Stick.png - Importer: ScriptedImporter/UnityEditor.QuickSearchModule:UnityEditor.Search:ASIAI0B
Importing 'GUID: 55040e210fa9b426b861a26909ab4de7 - Path: Packages/com.unity.inputsystem/InputSystem/Editor/Icons/d_Stick.png - Importer: ScriptedImporter/UnityEditor.QuickSearchModule:UnityEditor.Search:ASIAI0B' with importer (ScriptedImporter : UnityEditor.QuickSearchModule:UnityEditor.Search:ASIAI0B)
Imported 'GUID: 55040e210fa9b426b861a26909ab4de7' -> (Import Result ID: '35467ae0a39bcb84bca102120f01bdeb') in 0.002 seconds [static and dynamic dependencies]. Details - ImportResultOutputID=a56ce5324678e23658db4a811282e9ad DependenciesID=2145b286b338bded69f99c15b97f8164 StaticDependenciesID=a5482453df373c6ef7e939ecfd2cc38d 
Number of updated asset objects reloaded before import = 0
Number of asset objects unloaded after import = 1
========================================================================
Received Import Request.
  Time of request: 2026-08-27T08:30:32.50017Z
  Time since last request: 0.00014 seconds.
  importAddress: GUID: a8d605b1e92964b5b94668b1511799ed - Path: Packages/com.unity.inputsystem/InputSystem/State/InputState.cs - Importer: ScriptedImporter/UnityEditor.QuickSearchModule:UnityEditor.Search:ASIAI0B
Importing 'GUID: a8d605b1e92964b5b94668b1511799ed - Path: Packages/com.unity.inputsystem/InputSystem/State/InputState.cs - Importer: ScriptedImporter/UnityEditor.QuickSearchModule:UnityEditor.Search:ASIAI0B' with importer (ScriptedImporter : UnityEditor.QuickSearchModule:UnityEditor.Search:ASIAI0B)
Imported 'GUID: a8d605b1e92964b5b94668b1511799ed' -> (Import Result ID: 'cfb8ae6bb7129ae5690133e128516adc') in 0.001 seconds [static and dynamic dependencies]. Details - ImportResultOutputID=9dd9ebbff6d1ffc5d7ec0229d052788f DependenciesID=b6d5e85aae48ceda9888073abb939d96 StaticDependenciesID=98c3dc413b756c73938e1c3f2d9789c3 
Number of updated asset objects reloaded before import = 0
Number of asset objects unloaded after import = 0
========================================================================
Received Import Request.
  Time of request: 2026-08-27T08:30:32.500995Z
  Time since last request: 0.000169666 seconds.
  importAddress: GUID: 4f0b0cfb7c484e43823c1a038c97a5f3 - Path: Packages/com.unity.inputsystem/InputSystem/Plugins/HID/HIDSupport.cs - Importer: ScriptedImporter/UnityEditor.QuickSearchModule:UnityEditor.Search:ASIAI0B
Importing 'GUID: 4f0b0cfb7c484e43823c1a038c97a5f3 - Path: Packages/com.unity.inputsystem/InputSystem/Plugins/HID/HIDSupport.cs - Importer: ScriptedImporter/UnityEditor.QuickSearchModule:UnityEditor.Search:ASIAI0B' with importer (ScriptedImporter : UnityEditor.QuickSearchModule:UnityEditor.Search:ASIAI0B)
Imported 'GUID: 4f0b0cfb7c484e43823c1a038c97a5f3' -> (Import Result ID: '3a3c031093c913b4b9f6a0bb732ae1fb') in 0.001 seconds [static and dynamic dependencies]. Details - ImportResultOutputID=ac3e985476bc921c2823cc589ff97cd8 DependenciesID=4c2b6ac5b7847df5f4a1276bd6728c5b StaticDependenciesID=886e28e9a413df7b0f0f20a973d56a3a 
Number of updated asset objects reloaded before import = 0
Number of asset objects unloaded after import = 0
========================================================================
Received Import Request.
  Time of request: 2026-08-27T08:30:32.502177Z
  Time since last request: 0.00032225 seconds.
  importAddress: GUID: 621567455fd1c4ceb811cc8a00b6a1a5 - Path: Packages/com.unity.inputsystem/InputSystem/Plugins/PlayerInput/PlayerInputManager.cs - Importer: ScriptedImporter/UnityEditor.QuickSearchModule:UnityEditor.Search:ASIAI0B
Importing 'GUID: 621567455fd1c4ceb811cc8a00b6a1a5 - Path: Packages/com.unity.inputsystem/InputSystem/Plugins/PlayerInput/PlayerInputManager.cs - Importer: ScriptedImporter/UnityEditor.QuickSearchModule:UnityEditor.Search:ASIAI0B' with importer (ScriptedImporter : UnityEditor.QuickSearchModule:UnityEditor.Search:ASIAI0B)
Imported 'GUID: 621567455fd1c4ceb811cc8a00b6a1a5' -> (Import Result ID: 'fd31587096c4a95d8286710561fdffea') in 0.001 seconds [static and dynamic dependencies]. Details - ImportResultOutputID=9bc5c92fe3ef47f38f324d33779b3c1d DependenciesID=3009ac0f0fe690d3f6f3b5432f3e5446 StaticDependenciesID=6fb2603422543a5acbf52a28cd48ce7d 
Number of updated asset objects reloaded before import = 0
Number of asset objects unloaded after import = 1
========================================================================
Received Import Request.
  Time of request: 2026-08-27T08:30:32.503518Z
  Time since last request: 0.000279584 seconds.
  importAddress: GUID: d08e8dbcaeef59a4c9f04d8448f179eb - Path: Packages/com.unity.inputsystem/InputSystem/Plugins/iOS/InputSettingsiOS.cs - Importer: ScriptedImporter/UnityEditor.QuickSearchModule:UnityEditor.Search:ASIAI0B
Importing 'GUID: d08e8dbcaeef59a4c9f04d8448f179eb - Path: Packages/com.unity.inputsystem/InputSystem/Plugins/iOS/InputSettingsiOS.cs - Importer: ScriptedImporter/UnityEditor.QuickSearchModule:UnityEditor.Search:ASIAI0B' with importer (ScriptedImporter : UnityEditor.QuickSearchModule:UnityEditor.Search:ASIAI0B)
Imported 'GUID: d08e8dbcaeef59a4c9f04d8448f179eb' -> (Import Result ID: '171b3512b2898eb2e3573a1f10ed9773') in 0.001 seconds [static and dynamic dependencies]. Details - ImportResultOutputID=7a1a060a876dec12f4aec02e6cc47991 DependenciesID=26e601860600b75067d00281f7b5821b StaticDependenciesID=786aa579774534eabc5ae9aa0d740890 
Number of updated asset objects reloaded before import = 0
Number of asset objects unloaded after import = 0
========================================================================
Received Import Request.
  Time of request: 2026-08-27T08:30:32.504781Z
  Time since last request: 0.000263625 seconds.
  importAddress: GUID: bd2cb6115f94b4c129408ea68717f9c3 - Path: Packages/com.unity.inputsystem/InputSystem/Plugins/UI/StandaloneInputModuleEditor.cs - Importer: ScriptedImporter/UnityEditor.QuickSearchModule:UnityEditor.Search:ASIAI0B
Importing 'GUID: bd2cb6115f94b4c129408ea68717f9c3 - Path: Packages/com.unity.inputsystem/InputSystem/Plugins/UI/StandaloneInputModuleEditor.cs - Importer: ScriptedImporter/UnityEditor.QuickSearchModule:UnityEditor.Search:ASIAI0B' with importer (ScriptedImporter : UnityEditor.QuickSearchModule:UnityEditor.Search:ASIAI0B)
Imported 'GUID: bd2cb6115f94b4c129408ea68717f9c3' -> (Import Result ID: 'b87627677b2b9a05c9b3febe7fcb9d3f') in 0.001 seconds [static and dynamic dependencies]. Details - ImportResultOutputID=0742bf625a053a0a5ed767ef14df9fa9 DependenciesID=4c5cf9a28f2aa4b859ddec1139cbecbd StaticDependenciesID=dc09276fc18d85dfffdd2291ecf86a5e 
Number of updated asset objects reloaded before import = 0
Number of asset objects unloaded after import = 0
========================================================================
Received Import Request.
  Time of request: 2026-08-27T08:30:32.506002Z
  Time since last request: 0.000189667 seconds.
  importAddress: GUID: 7eca76cf669745feb0c71655dbad352f - Path: Packages/com.unity.inputsystem/InputSystem/Utilities/TypeHelpers.cs - Importer: ScriptedImporter/UnityEditor.QuickSearchModule:UnityEditor.Search:ASIAI0B
Importing 'GUID: 7eca76cf669745feb0c71655dbad352f - Path: Packages/com.unity.inputsystem/InputSystem/Utilities/TypeHelpers.cs - Importer: ScriptedImporter/UnityEditor.QuickSearchModule:UnityEditor.Search:ASIAI0B' with importer (ScriptedImporter : UnityEditor.QuickSearchModule:UnityEditor.Search:ASIAI0B)
Imported 'GUID: 7eca76cf669745feb0c71655dbad352f' -> (Import Result ID: '721012136503cdf300957a74d3d8ccd1') in 0.001 seconds [static and dynamic dependencies]. Details - ImportResultOutputID=8e909a22d0a03146500181d52ffa2e37 DependenciesID=6a5c9f42559c143cc40070f8a39545ee StaticDependenciesID=53237245c8c1a45f086a9fcefc4764e0 
Number of updated asset objects reloaded before import = 0
Number of asset objects unloaded after import = 0
========================================================================
Received Import Request.
  Time of request: 2026-08-27T08:30:32.525333Z
  Time since last request: 0.018608125 seconds.
  importAddress: GUID: 9c9510ff4a99bf84c9277bf2182a67d5 - Path: Packages/com.unity.inputsystem/InputSystem/Editor/UITKAssetEditor/Views/BindingPropertiesView.cs - Importer: ScriptedImporter/UnityEditor.QuickSearchModule:UnityEditor.Search:ASIAI0B
Importing 'GUID: 9c9510ff4a99bf84c9277bf2182a67d5 - Path: Packages/com.unity.inputsystem/InputSystem/Editor/UITKAssetEditor/Views/BindingPropertiesView.cs - Importer: ScriptedImporter/UnityEditor.QuickSearchModule:UnityEditor.Search:ASIAI0B' with importer (ScriptedImporter : UnityEditor.QuickSearchModule:UnityEditor.Search:ASIAI0B)
Imported 'GUID: 9c9510ff4a99bf84c9277bf2182a67d5' -> (Import Result ID: 'daaedce172923ecf15ed9015a6b20a51') in 0.001 seconds [static and dynamic dependencies]. Details - ImportResultOutputID=85a074f1cb81acd6d2afa6515c6a336a DependenciesID=3cd9ae21f9b3d00b9e618e013ee4aba2 StaticDependenciesID=4bcd24b02b0b84b4f45a6000c4612fc8 
Number of updated asset objects reloaded before import = 0
Number of asset objects unloaded after import = 0
========================================================================
Received Import Request.
  Time of request: 2026-08-27T08:30:32.526592Z
  Time since last request: 0.0002385 seconds.
  importAddress: GUID: fcaa0d99df7c74f52afaa17a375dd393 - Path: Packages/com.unity.inputsystem/InputSystem/Editor/Icons/d_Joystick@3x.png - Importer: ScriptedImporter/UnityEditor.QuickSearchModule:UnityEditor.Search:ASIAI0B
Importing 'GUID: fcaa0d99df7c74f52afaa17a375dd393 - Path: Packages/com.unity.inputsystem/InputSystem/Editor/Icons/d_Joystick@3x.png - Importer: ScriptedImporter/UnityEditor.QuickSearchModule:UnityEditor.Search:ASIAI0B' with importer (ScriptedImporter : UnityEditor.QuickSearchModule:UnityEditor.Search:ASIAI0B)
Imported 'GUID: fcaa0d99df7c74f52afaa17a375dd393' -> (Import Result ID: '9de40d51a7271f74350eb12334f17f5b') in 0.002 seconds [static and dynamic dependencies]. Details - ImportResultOutputID=7fbc70defce3b8d76403585fb79f4fa1 DependenciesID=4e6d8601030aadf151a3eb7e222fb9ac StaticDependenciesID=07254cbf12e7178995501d044d09050f 
Number of updated asset objects reloaded before import = 0
Number of asset objects unloaded after import = 1
========================================================================
Received Import Request.
  Time of request: 2026-08-27T08:30:32.529124Z
  Time since last request: 0.000301541 seconds.
  importAddress: GUID: 6eefa91e7a89647338245ee3818141d1 - Path: Packages/com.unity.inputsystem/InputSystem/Plugins/DualShock - Importer: ScriptedImporter/UnityEditor.QuickSearchModule:UnityEditor.Search:ASIAI0B
Importing 'GUID: 6eefa91e7a89647338245ee3818141d1 - Path: Packages/com.unity.inputsystem/InputSystem/Plugins/DualShock - Importer: ScriptedImporter/UnityEditor.QuickSearchModule:UnityEditor.Search:ASIAI0B' with importer (ScriptedImporter : UnityEditor.QuickSearchModule:UnityEditor.Search:ASIAI0B)
Imported 'GUID: 6eefa91e7a89647338245ee3818141d1' -> (Import Result ID: 'fb15bc0e788fb716985b91d952dc9e49') in 0.001 seconds [static and dynamic dependencies]. Details - ImportResultOutputID=129cf8a2c9fe413e539fd198ccac642b DependenciesID=56c7f429e9e1b2d9b87d46d965475c18 StaticDependenciesID=6dc6ae30715951c206355bf117517e55 
Number of updated asset objects reloaded before import = 0
Number of asset objects unloaded after import = 1
========================================================================
Received Import Request.
  Time of request: 2026-08-27T08:30:32.530698Z
  Time since last request: 0.000164333 seconds.
  importAddress: GUID: 2a47e68520f79264fb6828f8f9516ef2 - Path: Packages/com.unity.inputsystem/InputSystem/Editor/ProjectWideActions/ProjectWideActionsAsset.cs - Importer: ScriptedImporter/UnityEditor.QuickSearchModule:UnityEditor.Search:ASIAI0B
Importing 'GUID: 2a47e68520f79264fb6828f8f9516ef2 - Path: Packages/com.unity.inputsystem/InputSystem/Editor/ProjectWideActions/ProjectWideActionsAsset.cs - Importer: ScriptedImporter/UnityEditor.QuickSearchModule:UnityEditor.Search:ASIAI0B' with importer (ScriptedImporter : UnityEditor.QuickSearchModule:UnityEditor.Search:ASIAI0B)
Imported 'GUID: 2a47e68520f79264fb6828f8f9516ef2' -> (Import Result ID: '2b0734c74ac993bbfed8003cc1c3f57d') in 0.001 seconds [static and dynamic dependencies]. Details - ImportResultOutputID=462dd86622cd2dd68aee3d1bbf662ad4 DependenciesID=2422bf06da6606617b3ef4ebfc118503 StaticDependenciesID=25823a755c27d98bd340796ad8f148ab 
Number of updated asset objects reloaded before import = 0
Number of asset objects unloaded after import = 0
========================================================================
Received Import Request.
  Time of request: 2026-08-27T08:30:32.531545Z
  Time since last request: 0.000137583 seconds.
  importAddress: GUID: 7b8bfaee8f8631c4789ac62373cbc2d4 - Path: Packages/com.unity.inputsystem/InputSystem/Editor/Icons/TrackedPoseDriver@4x.png - Importer: ScriptedImporter/UnityEditor.QuickSearchModule:UnityEditor.Search:ASIAI0B
Importing 'GUID: 7b8bfaee8f8631c4789ac62373cbc2d4 - Path: Packages/com.unity.inputsystem/InputSystem/Editor/Icons/TrackedPoseDriver@4x.png - Importer: ScriptedImporter/UnityEditor.QuickSearchModule:UnityEditor.Search:ASIAI0B' with importer (ScriptedImporter : UnityEditor.QuickSearchModule:UnityEditor.Search:ASIAI0B)
Imported 'GUID: 7b8bfaee8f8631c4789ac62373cbc2d4' -> (Import Result ID: 'bf2920270f1ec6fd3ee954e4dec17808') in 0.002 seconds [static and dynamic dependencies]. Details - ImportResultOutputID=397c4099a7f35a9a01af4a9f7b398f94 DependenciesID=f22d80d0a07a0b7003c9906ae4440a9f StaticDependenciesID=249ff45d602b858fcd8155fa461e7237 
Number of updated asset objects reloaded before import = 0
Number of asset objects unloaded after import = 1
========================================================================
Received Import Request.
  Time of request: 2026-08-27T08:30:32.533691Z
  Time since last request: 0.000327167 seconds.
  importAddress: GUID: f0800c72aa1894e478bb749990855f9e - Path: Packages/com.unity.inputsystem/InputSystem/Plugins/UI/InputSystemUIInputModuleEditor.cs - Importer: ScriptedImporter/UnityEditor.QuickSearchModule:UnityEditor.Search:ASIAI0B
Importing 'GUID: f0800c72aa1894e478bb749990855f9e - Path: Packages/com.unity.inputsystem/InputSystem/Plugins/UI/InputSystemUIInputModuleEditor.cs - Importer: ScriptedImporter/UnityEditor.QuickSearchModule:UnityEditor.Search:ASIAI0B' with importer (ScriptedImporter : UnityEditor.QuickSearchModule:UnityEditor.Search:ASIAI0B)
Imported 'GUID: f0800c72aa1894e478bb749990855f9e' -> (Import Result ID: 'e1de81217a77a64f2ae9b226219b440d') in 0.001 seconds [static and dynamic dependencies]. Details - ImportResultOutputID=5e825a9140a06791c0983297e554ed4c DependenciesID=8a9fb9ffca707d729b263ea8b18d0f5e StaticDependenciesID=45acb64ec0ce9328c2d87a66ff42fbc4 
Number of updated asset objects reloaded before import = 0
Number of asset objects unloaded after import = 0
========================================================================
Received Import Request.
  Time of request: 2026-08-27T08:30:32.535032Z
  Time since last request: 0.000388 seconds.
  importAddress: GUID: 6bb362cb9a8353d44997049a67efe591 - Path: Packages/com.unity.inputsystem/InputSystem/Devices/InputDeviceMatcher.cs - Importer: ScriptedImporter/UnityEditor.QuickSearchModule:UnityEditor.Search:ASIAI0B
Importing 'GUID: 6bb362cb9a8353d44997049a67efe591 - Path: Packages/com.unity.inputsystem/InputSystem/Devices/InputDeviceMatcher.cs - Importer: ScriptedImporter/UnityEditor.QuickSearchModule:UnityEditor.Search:ASIAI0B' with importer (ScriptedImporter : UnityEditor.QuickSearchModule:UnityEditor.Search:ASIAI0B)
Imported 'GUID: 6bb362cb9a8353d44997049a67efe591' -> (Import Result ID: '571715d00494314e97c545125c5b8a6d') in 0.001 seconds [static and dynamic dependencies]. Details - ImportResultOutputID=1d46960209750a331e9def32b1156e33 DependenciesID=1270a58546ccd2098d4cf625967d46c7 StaticDependenciesID=e77c009494e534d10f79b2008c82d686 
Number of updated asset objects reloaded before import = 0
Number of asset objects unloaded after import = 0
========================================================================
Received Import Request.
  Time of request: 2026-08-27T08:30:32.536356Z
  Time since last request: 0.000346041 seconds.
  importAddress: GUID: 36827be967eb9244b973cbee1bbf53e1 - Path: Packages/com.unity.inputsystem/InputSystem/Editor/UITKAssetEditor/InputActionsEditorConstants.cs - Importer: ScriptedImporter/UnityEditor.QuickSearchModule:UnityEditor.Search:ASIAI0B
Importing 'GUID: 36827be967eb9244b973cbee1bbf53e1 - Path: Packages/com.unity.inputsystem/InputSystem/Editor/UITKAssetEditor/InputActionsEditorConstants.cs - Importer: ScriptedImporter/UnityEditor.QuickSearchModule:UnityEditor.Search:ASIAI0B' with importer (ScriptedImporter : UnityEditor.QuickSearchModule:UnityEditor.Search:ASIAI0B)
Imported 'GUID: 36827be967eb9244b973cbee1bbf53e1' -> (Import Result ID: 'c9e0f46173178a637c1e2f9df04b952d') in 0.001 seconds [static and dynamic dependencies]. Details - ImportResultOutputID=d0a2da90d02e1166e24dbd64db7ddfdf DependenciesID=2af244a710e4a17da4be84f47842b26d StaticDependenciesID=1628a2c5acdbd434ac2d803d95da54c7 
Number of updated asset objects reloaded before import = 0
Number of asset objects unloaded after import = 0
========================================================================
Received Import Request.
  Time of request: 2026-08-27T08:30:32.53791Z
  Time since last request: 0.00034225 seconds.
  importAddress: GUID: f617c1bc34684f738c0d2cb4d0650f35 - Path: Packages/com.unity.inputsystem/InputSystem/Devices/Remote/InputRemoting.cs - Importer: ScriptedImporter/UnityEditor.QuickSearchModule:UnityEditor.Search:ASIAI0B
Importing 'GUID: f617c1bc34684f738c0d2cb4d0650f35 - Path: Packages/com.unity.inputsystem/InputSystem/Devices/Remote/InputRemoting.cs - Importer: ScriptedImporter/UnityEditor.QuickSearchModule:UnityEditor.Search:ASIAI0B' with importer (ScriptedImporter : UnityEditor.QuickSearchModule:UnityEditor.Search:ASIAI0B)
Imported 'GUID: f617c1bc34684f738c0d2cb4d0650f35' -> (Import Result ID: 'f9644df05603427edb2c392a0d8d1db0') in 0.001 seconds [static and dynamic dependencies]. Details - ImportResultOutputID=ef54a5efdd39acf89d733d79a847afef DependenciesID=a653b3f3e9c533a59e01e1addde620c9 StaticDependenciesID=20299ccdda270439144258a4132ed7ec 
Number of updated asset objects reloaded before import = 0
Number of asset objects unloaded after import = 0
========================================================================
Received Import Request.
  Time of request: 2026-08-27T08:30:32.538813Z
  Time since last request: 0.000201083 seconds.
  importAddress: GUID: 7a8e0b5c429811847b8c97a058e5884f - Path: Packages/com.unity.inputsystem/InputSystem/Editor/UITKAssetEditor/InputActionsEditorState.cs - Importer: ScriptedImporter/UnityEditor.QuickSearchModule:UnityEditor.Search:ASIAI0B
Importing 'GUID: 7a8e0b5c429811847b8c97a058e5884f - Path: Packages/com.unity.inputsystem/InputSystem/Editor/UITKAssetEditor/InputActionsEditorState.cs - Importer: ScriptedImporter/UnityEditor.QuickSearchModule:UnityEditor.Search:ASIAI0B' with importer (ScriptedImporter : UnityEditor.QuickSearchModule:UnityEditor.Search:ASIAI0B)
Imported 'GUID: 7a8e0b5c429811847b8c97a058e5884f' -> (Import Result ID: 'b4d399c7d653465416a1a9b2826199ee') in 0.001 seconds [static and dynamic dependencies]. Details - ImportResultOutputID=5a00c049a950e4a56ce84361a282c601 DependenciesID=d7abab6386320deaf3490b78ef5d51ff StaticDependenciesID=d487d32a9a2b599a6d773efbe0bae4fe 
Number of updated asset objects reloaded before import = 0
Number of asset objects unloaded after import = 0
========================================================================
Received Import Request.
  Time of request: 2026-08-27T08:30:32.539929Z
  Time since last request: 0.000189333 seconds.
  importAddress: GUID: c632b886b4d04e6b856720556b399ffe - Path: Packages/com.unity.inputsystem/InputSystem/Events/DeltaStateEvent.cs - Importer: ScriptedImporter/UnityEditor.QuickSearchModule:UnityEditor.Search:ASIAI0B
Importing 'GUID: c632b886b4d04e6b856720556b399ffe - Path: Packages/com.unity.inputsystem/InputSystem/Events/DeltaStateEvent.cs - Importer: ScriptedImporter/UnityEditor.QuickSearchModule:UnityEditor.Search:ASIAI0B' with importer (ScriptedImporter : UnityEditor.QuickSearchModule:UnityEditor.Search:ASIAI0B)
Imported 'GUID: c632b886b4d04e6b856720556b399ffe' -> (Import Result ID: '75e32dc134a39e809e2abf1427641204') in 0.001 seconds [static and dynamic dependencies]. Details - ImportResultOutputID=642c460ce47880bfa938d592839fc6c0 DependenciesID=6f354d46c820ceb66f7b6ea8dbbe96f8 StaticDependenciesID=9de3c34a81f372dcbd6a2b2777f53ece 
Number of updated asset objects reloaded before import = 0
Number of asset objects unloaded after import = 0
========================================================================
Received Import Request.
  Time of request: 2026-08-27T08:30:32.540733Z
  Time since last request: 0.00020375 seconds.
  importAddress: GUID: 40265a896a0f341bb956e90c59025a29 - Path: Packages/com.unity.inputsystem/InputSystem/Editor/Icons/InputAction.png - Importer: ScriptedImporter/UnityEditor.QuickSearchModule:UnityEditor.Search:ASIAI0B
Importing 'GUID: 40265a896a0f341bb956e90c59025a29 - Path: Packages/com.unity.inputsystem/InputSystem/Editor/Icons/InputAction.png - Importer: ScriptedImporter/UnityEditor.QuickSearchModule:UnityEditor.Search:ASIAI0B' with importer (ScriptedImporter : UnityEditor.QuickSearchModule:UnityEditor.Search:ASIAI0B)
Imported 'GUID: 40265a896a0f341bb956e90c59025a29' -> (Import Result ID: '60f4d680e43c9b2f4de76a5cbfe72ac8') in 0.002 seconds [static and dynamic dependencies]. Details - ImportResultOutputID=03157df1e93680d3883789c2577f33b1 DependenciesID=9cc83fc2df80fb7f7e541aff30dfaac1 StaticDependenciesID=0506c1265e16e076db5928bbcbd5af5d 
Number of updated asset objects reloaded before import = 0
Number of asset objects unloaded after import = 1
========================================================================
Received Import Request.
  Time of request: 2026-08-27T08:30:32.542981Z
  Time since last request: 0.0001975 seconds.
  importAddress: GUID: e4a1c749d40b4bf985d6b32d7db339bb - Path: Packages/com.unity.inputsystem/InputSystem/Devices/Haptics/DualMotorRumble.cs - Importer: ScriptedImporter/UnityEditor.QuickSearchModule:UnityEditor.Search:ASIAI0B
Importing 'GUID: e4a1c749d40b4bf985d6b32d7db339bb - Path: Packages/com.unity.inputsystem/InputSystem/Devices/Haptics/DualMotorRumble.cs - Importer: ScriptedImporter/UnityEditor.QuickSearchModule:UnityEditor.Search:ASIAI0B' with importer (ScriptedImporter : UnityEditor.QuickSearchModule:UnityEditor.Search:ASIAI0B)
Imported 'GUID: e4a1c749d40b4bf985d6b32d7db339bb' -> (Import Result ID: '5b532b8b06db3720bb71b87bfeb24a60') in 0.001 seconds [static and dynamic dependencies]. Details - ImportResultOutputID=3fd7d0b56bcc868df6a5d36ca30f14c9 DependenciesID=becc6475cd8e493b65e17d67ccc35b41 StaticDependenciesID=f486c5ca17472c2ad6a79ee3eb6ab180 
Number of updated asset objects reloaded before import = 0
Number of asset objects unloaded after import = 0
========================================================================
Received Import Request.
  Time of request: 2026-08-27T08:30:32.543941Z
  Time since last request: 0.000154792 seconds.
  importAddress: GUID: 0e297b4219a224ba5bcb4f9293e26ea9 - Path: Packages/com.unity.inputsystem/InputSystem/Actions/IInputActionCollection.cs - Importer: ScriptedImporter/UnityEditor.QuickSearchModule:UnityEditor.Search:ASIAI0B
Importing 'GUID: 0e297b4219a224ba5bcb4f9293e26ea9 - Path: Packages/com.unity.inputsystem/InputSystem/Actions/IInputActionCollection.cs - Importer: ScriptedImporter/UnityEditor.QuickSearchModule:UnityEditor.Search:ASIAI0B' with importer (ScriptedImporter : UnityEditor.QuickSearchModule:UnityEditor.Search:ASIAI0B)
Imported 'GUID: 0e297b4219a224ba5bcb4f9293e26ea9' -> (Import Result ID: '8651f6f103ce5a302ca22dda4aa4d7d4') in 0.001 seconds [static and dynamic dependencies]. Details - ImportResultOutputID=96f4d3ef4fb912acf7880c5a671baf90 DependenciesID=b8af5b2b7b9089c074351c0f7d1140b7 StaticDependenciesID=0221f96e3fb82f5019fedfb452096214 
Number of updated asset objects reloaded before import = 0
Number of asset objects unloaded after import = 0
========================================================================
Received Import Request.
  Time of request: 2026-08-27T08:30:32.544938Z
  Time since last request: 0.000343291 seconds.
  importAddress: GUID: b200cbcb815aa44418fe8ada8cb78696 - Path: Packages/com.unity.inputsystem/InputSystem/Devices/Commands/InitiateUserAccountPairingCommand.cs - Importer: ScriptedImporter/UnityEditor.QuickSearchModule:UnityEditor.Search:ASIAI0B
Importing 'GUID: b200cbcb815aa44418fe8ada8cb78696 - Path: Packages/com.unity.inputsystem/InputSystem/Devices/Commands/InitiateUserAccountPairingCommand.cs - Importer: ScriptedImporter/UnityEditor.QuickSearchModule:UnityEditor.Search:ASIAI0B' with importer (ScriptedImporter : UnityEditor.QuickSearchModule:UnityEditor.Search:ASIAI0B)
Imported 'GUID: b200cbcb815aa44418fe8ada8cb78696' -> (Import Result ID: 'b87b83223c327ac29aa3ea7e030036ae') in 0.001 seconds [static and dynamic dependencies]. Details - ImportResultOutputID=bd6b827ee3f945f316f844ee08ff6c8a DependenciesID=088c7bba3c64d0fed9992251f0a70e3c StaticDependenciesID=094e7974318ad9f188a8f9209440dc95 
Number of updated asset objects reloaded before import = 0
Number of asset objects unloaded after import = 0
========================================================================
Received Import Request.
  Time of request: 2026-08-27T08:30:32.546169Z
  Time since last request: 0.000373875 seconds.
  importAddress: GUID: d295e36fd3cd747f4a2123088241bd6a - Path: Packages/com.unity.inputsystem/InputSystem/Editor/AssetEditor/InputActionPropertiesView.cs - Importer: ScriptedImporter/UnityEditor.QuickSearchModule:UnityEditor.Search:ASIAI0B
Importing 'GUID: d295e36fd3cd747f4a2123088241bd6a - Path: Packages/com.unity.inputsystem/InputSystem/Editor/AssetEditor/InputActionPropertiesView.cs - Importer: ScriptedImporter/UnityEditor.QuickSearchModule:UnityEditor.Search:ASIAI0B' with importer (ScriptedImporter : UnityEditor.QuickSearchModule:UnityEditor.Search:ASIAI0B)
Imported 'GUID: d295e36fd3cd747f4a2123088241bd6a' -> (Import Result ID: '75ceab6f53fa2eb922220218c48b881a') in 0.001 seconds [static and dynamic dependencies]. Details - ImportResultOutputID=7ae89b692500d9c7bd0facb1234c7a3e DependenciesID=b4b50083dc2732e3512dedcd9676fa9a StaticDependenciesID=4205a4cfe57a29b5e5d1d65ce1f4a57a 
Number of updated asset objects reloaded before import = 0
Number of asset objects unloaded after import = 0
========================================================================
Received Import Request.
  Time of request: 2026-08-27T08:30:32.547241Z
  Time since last request: 0.000281625 seconds.
  importAddress: GUID: f720cfe5a69dc41b28e4c0a6ac2054c5 - Path: Packages/com.unity.inputsystem/InputSystem/Plugins/Users/InputUserSettings.cs - Importer: ScriptedImporter/UnityEditor.QuickSearchModule:UnityEditor.Search:ASIAI0B
Importing 'GUID: f720cfe5a69dc41b28e4c0a6ac2054c5 - Path: Packages/com.unity.inputsystem/InputSystem/Plugins/Users/InputUserSettings.cs - Importer: ScriptedImporter/UnityEditor.QuickSearchModule:UnityEditor.Search:ASIAI0B' with importer (ScriptedImporter : UnityEditor.QuickSearchModule:UnityEditor.Search:ASIAI0B)
Imported 'GUID: f720cfe5a69dc41b28e4c0a6ac2054c5' -> (Import Result ID: '3ee4a3f757b7a490fa0b567d22a03219') in 0.001 seconds [static and dynamic dependencies]. Details - ImportResultOutputID=9b54dcb62fdebca42b60b01c8378f8fb DependenciesID=08413678d99cc04a7035308844bee9e8 StaticDependenciesID=a2a7c01b2038d21ae863b06af55ccbc4 
Number of updated asset objects reloaded before import = 0
Number of asset objects unloaded after import = 0
========================================================================
Received Import Request.
  Time of request: 2026-08-27T08:30:32.548847Z
  Time since last request: 0.000282375 seconds.
  importAddress: GUID: 49207568c569440f97a5bfe8b4144a16 - Path: Packages/com.unity.inputsystem/InputSystem/Actions/InputBinding.cs - Importer: ScriptedImporter/UnityEditor.QuickSearchModule:UnityEditor.Search:ASIAI0B
Importing 'GUID: 49207568c569440f97a5bfe8b4144a16 - Path: Packages/com.unity.inputsystem/InputSystem/Actions/InputBinding.cs - Importer: ScriptedImporter/UnityEditor.QuickSearchModule:UnityEditor.Search:ASIAI0B' with importer (ScriptedImporter : UnityEditor.QuickSearchModule:UnityEditor.Search:ASIAI0B)
Imported 'GUID: 49207568c569440f97a5bfe8b4144a16' -> (Import Result ID: '6c726343423304cd42211ebda2399dad') in 0.001 seconds [static and dynamic dependencies]. Details - ImportResultOutputID=6296ad8adf976dd9fa24c6110cd10d3f DependenciesID=a83a0cbc1f436d584b7e2dec790d8ed6 StaticDependenciesID=724a7f6fa0b9b453900f0e6aad97ef9a 
Number of updated asset objects reloaded before import = 0
Number of asset objects unloaded after import = 0
========================================================================
Received Import Request.
  Time of request: 2026-08-27T08:30:32.549838Z
  Time since last request: 0.000253958 seconds.
  importAddress: GUID: d8afcd24f0b647f4f9f8c539d613ee6d - Path: Packages/com.unity.inputsystem/InputSystem/Editor/AssetEditor/InputBindingPropertiesView.cs - Importer: ScriptedImporter/UnityEditor.QuickSearchModule:UnityEditor.Search:ASIAI0B
Importing 'GUID: d8afcd24f0b647f4f9f8c539d613ee6d - Path: Packages/com.unity.inputsystem/InputSystem/Editor/AssetEditor/InputBindingPropertiesView.cs - Importer: ScriptedImporter/UnityEditor.QuickSearchModule:UnityEditor.Search:ASIAI0B' with importer (ScriptedImporter : UnityEditor.QuickSearchModule:UnityEditor.Search:ASIAI0B)
Imported 'GUID: d8afcd24f0b647f4f9f8c539d613ee6d' -> (Import Result ID: '9b23980695416d1ed1d5e0203492c417') in 0.001 seconds [static and dynamic dependencies]. Details - ImportResultOutputID=5b67b86003d16e3c3dc06573e41df373 DependenciesID=9a7501b28a565a0079d89eb986f008e7 StaticDependenciesID=05442a691b51222b81fe11bb5eb75e74 
Number of updated asset objects reloaded before import = 0
Number of asset objects unloaded after import = 0
========================================================================
Received Import Request.
  Time of request: 2026-08-27T08:30:32.550795Z
  Time since last request: 0.000246125 seconds.
  importAddress: GUID: b7430542eee4694469709e804d36cbbb - Path: Packages/com.unity.inputsystem/InputSystem/Plugins/UI/ExtendedSubmitCancelEventData.cs - Importer: ScriptedImporter/UnityEditor.QuickSearchModule:UnityEditor.Search:ASIAI0B
Importing 'GUID: b7430542eee4694469709e804d36cbbb - Path: Packages/com.unity.inputsystem/InputSystem/Plugins/UI/ExtendedSubmitCancelEventData.cs - Importer: ScriptedImporter/UnityEditor.QuickSearchModule:UnityEditor.Search:ASIAI0B' with importer (ScriptedImporter : UnityEditor.QuickSearchModule:UnityEditor.Search:ASIAI0B)
Imported 'GUID: b7430542eee4694469709e804d36cbbb' -> (Import Result ID: '8dbb49a099b99bd92582a098c15e609d') in 0.001 seconds [static and dynamic dependencies]. Details - ImportResultOutputID=6ffd1c8f8741de6a8c7e6df1b0ba942c DependenciesID=c4efafa8953aab1d6db1fe6ed21cb250 StaticDependenciesID=3b264b1c3e5b295498102eac12806dad 
Number of updated asset objects reloaded before import = 0
Number of asset objects unloaded after import = 0
========================================================================
Received Import Request.
  Time of request: 2026-08-27T08:30:32.551687Z
  Time since last request: 0.000183291 seconds.
  importAddress: GUID: d2c401960c5dc624c8970b2bee0371dc - Path: Packages/com.unity.inputsystem/InputSystem/Utilities/DisplayStringFormatAttribute.cs - Importer: ScriptedImporter/UnityEditor.QuickSearchModule:UnityEditor.Search:ASIAI0B
Importing 'GUID: d2c401960c5dc624c8970b2bee0371dc - Path: Packages/com.unity.inputsystem/InputSystem/Utilities/DisplayStringFormatAttribute.cs - Importer: ScriptedImporter/UnityEditor.QuickSearchModule:UnityEditor.Search:ASIAI0B' with importer (ScriptedImporter : UnityEditor.QuickSearchModule:UnityEditor.Search:ASIAI0B)
Imported 'GUID: d2c401960c5dc624c8970b2bee0371dc' -> (Import Result ID: '3cbd003d4eee36dfe54abebef7e5c6fe') in 0.001 seconds [static and dynamic dependencies]. Details - ImportResultOutputID=e98e04cf8ef42aa0fbbcae0a34d77b45 DependenciesID=2e3188e955d5b1b8f719cd610916f65e StaticDependenciesID=9d34cb2138cb8f11fcd00479a12a3b92 
Number of updated asset objects reloaded before import = 0
Number of asset objects unloaded after import = 0
========================================================================
Received Import Request.
  Time of request: 2026-08-27T08:30:32.552567Z
  Time since last request: 0.00017875 seconds.
  importAddress: GUID: 66ed65ecd8caca54ba814d536ed4d5b2 - Path: Packages/com.unity.inputsystem/InputSystem/Editor/UITKAssetEditor/Views/ControlSchemesView.cs - Importer: ScriptedImporter/UnityEditor.QuickSearchModule:UnityEditor.Search:ASIAI0B
Importing 'GUID: 66ed65ecd8caca54ba814d536ed4d5b2 - Path: Packages/com.unity.inputsystem/InputSystem/Editor/UITKAssetEditor/Views/ControlSchemesView.cs - Importer: ScriptedImporter/UnityEditor.QuickSearchModule:UnityEditor.Search:ASIAI0B' with importer (ScriptedImporter : UnityEditor.QuickSearchModule:UnityEditor.Search:ASIAI0B)
Imported 'GUID: 66ed65ecd8caca54ba814d536ed4d5b2' -> (Import Result ID: '007e3bfec6ca7a677a1521e64c4a6b5a') in 0.001 seconds [static and dynamic dependencies]. Details - ImportResultOutputID=916100b9b399532a83b17e0ef246e5db DependenciesID=88295882eeb1c22057f3d9697b77aefb StaticDependenciesID=5b6df53feb9333efd8905c6dafec6310 
Number of updated asset objects reloaded before import = 0
Number of asset objects unloaded after import = 0
========================================================================
Received Import Request.
  Time of request: 2026-08-27T08:30:32.553433Z
  Time since last request: 0.000211917 seconds.
  importAddress: GUID: 2552e303d22424da2ad62552efbd06e8 - Path: Packages/com.unity.inputsystem/InputSystem/Editor/Icons/d_Position@2x.png - Importer: ScriptedImporter/UnityEditor.QuickSearchModule:UnityEditor.Search:ASIAI0B
Importing 'GUID: 2552e303d22424da2ad62552efbd06e8 - Path: Packages/com.unity.inputsystem/InputSystem/Editor/Icons/d_Position@2x.png - Importer: ScriptedImporter/UnityEditor.QuickSearchModule:UnityEditor.Search:ASIAI0B' with importer (ScriptedImporter : UnityEditor.QuickSearchModule:UnityEditor.Search:ASIAI0B)
Imported 'GUID: 2552e303d22424da2ad62552efbd06e8' -> (Import Result ID: '282f96be78cc550fbf259fa089fdf98d') in 0.002 seconds [static and dynamic dependencies]. Details - ImportResultOutputID=6e0f91eb75442ed87a0e0d91232fdaae DependenciesID=c2d264cbed43259dd9f4d9a63ad984c7 StaticDependenciesID=7a4a86d1dc542e6341cb364ea73e2d26 
Number of updated asset objects reloaded before import = 0
Number of asset objects unloaded after import = 1
========================================================================
Received Import Request.
  Time of request: 2026-08-27T08:30:32.555845Z
  Time since last request: 0.000181167 seconds.
  importAddress: GUID: 25ea971cc17caa84a8a2fdf9917af7b4 - Path: Packages/com.unity.inputsystem/InputSystem/Plugins/XR/Controls - Importer: ScriptedImporter/UnityEditor.QuickSearchModule:UnityEditor.Search:ASIAI0B
Importing 'GUID: 25ea971cc17caa84a8a2fdf9917af7b4 - Path: Packages/com.unity.inputsystem/InputSystem/Plugins/XR/Controls - Importer: ScriptedImporter/UnityEditor.QuickSearchModule:UnityEditor.Search:ASIAI0B' with importer (ScriptedImporter : UnityEditor.QuickSearchModule:UnityEditor.Search:ASIAI0B)
Imported 'GUID: 25ea971cc17caa84a8a2fdf9917af7b4' -> (Import Result ID: 'b0477d118f1c53147138aa5e22d463d3') in 0.001 seconds [static and dynamic dependencies]. Details - ImportResultOutputID=c011741830cc3cb372697f4bb0d2a39d DependenciesID=c0c4cc5bae65f2a16c28d2d68dae8804 StaticDependenciesID=031cfb5aadb802f0bf0335187ab59b57 
Number of updated asset objects reloaded before import = 0
Number of asset objects unloaded after import = 1
========================================================================
Received Import Request.
  Time of request: 2026-08-27T08:30:32.556746Z
  Time since last request: 0.000222584 seconds.
  importAddress: GUID: e04d6d4984c7d164096e271f20932849 - Path: Packages/com.unity.inputsystem/InputSystem/Plugins/UI/PointerModel.cs - Importer: ScriptedImporter/UnityEditor.QuickSearchModule:UnityEditor.Search:ASIAI0B
Importing 'GUID: e04d6d4984c7d164096e271f20932849 - Path: Packages/com.unity.inputsystem/InputSystem/Plugins/UI/PointerModel.cs - Importer: ScriptedImporter/UnityEditor.QuickSearchModule:UnityEditor.Search:ASIAI0B' with importer (ScriptedImporter : UnityEditor.QuickSearchModule:UnityEditor.Search:ASIAI0B)
Imported 'GUID: e04d6d4984c7d164096e271f20932849' -> (Import Result ID: '38aab291ab0c2a0fa532951257aa2e55') in 0.001 seconds [static and dynamic dependencies]. Details - ImportResultOutputID=2b7171ae6b9c1c6cbff8b04f9973c3be DependenciesID=ec2850dd4d26360fe2c9808f3f8179da StaticDependenciesID=bb982d061cc5a6831d2e6b1e98c3dce4 
Number of updated asset objects reloaded before import = 0
Number of asset objects unloaded after import = 0
========================================================================
Received Import Request.
  Time of request: 2026-08-27T08:30:32.557746Z
  Time since last request: 0.000233459 seconds.
  importAddress: GUID: 4dc89088b67654c86810b41295276666 - Path: Packages/com.unity.inputsystem/InputSystem/Editor/Icons - Importer: ScriptedImporter/UnityEditor.QuickSearchModule:UnityEditor.Search:ASIAI0B
Importing 'GUID: 4dc89088b67654c86810b41295276666 - Path: Packages/com.unity.inputsystem/InputSystem/Editor/Icons - Importer: ScriptedImporter/UnityEditor.QuickSearchModule:UnityEditor.Search:ASIAI0B' with importer (ScriptedImporter : UnityEditor.QuickSearchModule:UnityEditor.Search:ASIAI0B)
Imported 'GUID: 4dc89088b67654c86810b41295276666' -> (Import Result ID: 'e4261ec0b12d20b42e82739c3b90cfba') in 0.001 seconds [static and dynamic dependencies]. Details - ImportResultOutputID=7f18f0ab58236145fea04469e2740944 DependenciesID=66b6c8c34e019b2d79bcb91e5dc0cbd3 StaticDependenciesID=547c49f12491a6d1a88c007b4f7fd5d4 
Number of updated asset objects reloaded before import = 0
Number of asset objects unloaded after import = 1
========================================================================
Received Import Request.
  Time of request: 2026-08-27T08:30:32.558716Z
  Time since last request: 0.000306792 seconds.
  importAddress: GUID: 914fdb42cb964faf92803ee51a7279fd - Path: Packages/com.unity.inputsystem/InputSystem/Controls/Vector3Control.cs - Importer: ScriptedImporter/UnityEditor.QuickSearchModule:UnityEditor.Search:ASIAI0B
Importing 'GUID: 914fdb42cb964faf92803ee51a7279fd - Path: Packages/com.unity.inputsystem/InputSystem/Controls/Vector3Control.cs - Importer: ScriptedImporter/UnityEditor.QuickSearchModule:UnityEditor.Search:ASIAI0B' with importer (ScriptedImporter : UnityEditor.QuickSearchModule:UnityEditor.Search:ASIAI0B)
Imported 'GUID: 914fdb42cb964faf92803ee51a7279fd' -> (Import Result ID: '0685f7458d93a040f85a63d34d48db67') in 0.001 seconds [static and dynamic dependencies]. Details - ImportResultOutputID=1750b5302c3ef01fc0d9fda189894eaa DependenciesID=bdef200e1114ef09cbe05c9fda7676f4 StaticDependenciesID=5157f8f94cf4d2070607d866b54247aa 
Number of updated asset objects reloaded before import = 0
Number of asset objects unloaded after import = 0
========================================================================
Received Import Request.
  Time of request: 2026-08-27T08:30:32.55959Z
  Time since last request: 0.000174625 seconds.
  importAddress: GUID: 4e49477f346c4f3a8c9e5fcdcde317ed - Path: Packages/com.unity.inputsystem/InputSystem/Devices/Commands/QueryKeyNameCommand.cs - Importer: ScriptedImporter/UnityEditor.QuickSearchModule:UnityEditor.Search:ASIAI0B
Importing 'GUID: 4e49477f346c4f3a8c9e5fcdcde317ed - Path: Packages/com.unity.inputsystem/InputSystem/Devices/Commands/QueryKeyNameCommand.cs - Importer: ScriptedImporter/UnityEditor.QuickSearchModule:UnityEditor.Search:ASIAI0B' with importer (ScriptedImporter : UnityEditor.QuickSearchModule:UnityEditor.Search:ASIAI0B)
Imported 'GUID: 4e49477f346c4f3a8c9e5fcdcde317ed' -> (Import Result ID: '49921db7743c69bd845ebc67dc191d2b') in 0.001 seconds [static and dynamic dependencies]. Details - ImportResultOutputID=7e6efbd648d5e934bf76a3e41df4bab5 DependenciesID=682fc5b462352eb5247b090b75685d23 StaticDependenciesID=f5a797a129a61f57ae0467c7f5cab329 
Number of updated asset objects reloaded before import = 0
Number of asset objects unloaded after import = 0
========================================================================
Received Import Request.
  Time of request: 2026-08-27T08:30:32.56039Z
  Time since last request: 0.000149834 seconds.
  importAddress: GUID: bd4bfc3c0efb44494be7101204897b7e - Path: Packages/com.unity.inputsystem/InputSystem/Plugins/WebGL/WebGLSupport.cs - Importer: ScriptedImporter/UnityEditor.QuickSearchModule:UnityEditor.Search:ASIAI0B
Importing 'GUID: bd4bfc3c0efb44494be7101204897b7e - Path: Packages/com.unity.inputsystem/InputSystem/Plugins/WebGL/WebGLSupport.cs - Importer: ScriptedImporter/UnityEditor.QuickSearchModule:UnityEditor.Search:ASIAI0B' with importer (ScriptedImporter : UnityEditor.QuickSearchModule:UnityEditor.Search:ASIAI0B)
Imported 'GUID: bd4bfc3c0efb44494be7101204897b7e' -> (Import Result ID: 'a6b27f994bc98bd67fff384270e09e0f') in 0.001 seconds [static and dynamic dependencies]. Details - ImportResultOutputID=a08915e4fa09f021e300aea1f39b5e6f DependenciesID=2d059bc713a98ae40901c8becdcb2bde StaticDependenciesID=878e19e5acbc6188adee57b9e8bf085d 
Number of updated asset objects reloaded before import = 0
Number of asset objects unloaded after import = 0
========================================================================
Received Import Request.
  Time of request: 2026-08-27T08:30:32.561295Z
  Time since last request: 0.000261959 seconds.
  importAddress: GUID: 9f8944bd1ba848ab8f95afe7acfb4b79 - Path: Packages/com.unity.inputsystem/InputSystem/Utilities/Observables - Importer: ScriptedImporter/UnityEditor.QuickSearchModule:UnityEditor.Search:ASIAI0B
Importing 'GUID: 9f8944bd1ba848ab8f95afe7acfb4b79 - Path: Packages/com.unity.inputsystem/InputSystem/Utilities/Observables - Importer: ScriptedImporter/UnityEditor.QuickSearchModule:UnityEditor.Search:ASIAI0B' with importer (ScriptedImporter : UnityEditor.QuickSearchModule:UnityEditor.Search:ASIAI0B)
Imported 'GUID: 9f8944bd1ba848ab8f95afe7acfb4b79' -> (Import Result ID: 'ce7c0a314252a17926dd811235d387cf') in 0.001 seconds [static and dynamic dependencies]. Details - ImportResultOutputID=0a77e95eff14331346eadd4296cb3228 DependenciesID=32dc7e4c6a054693b35f133f63f126e5 StaticDependenciesID=5b43fae9b9b73f3cdfa6061d7ede4815 
Number of updated asset objects reloaded before import = 0
Number of asset objects unloaded after import = 1
========================================================================
Received Import Request.
  Time of request: 2026-08-27T08:30:32.562117Z
  Time since last request: 0.000222209 seconds.
  importAddress: GUID: e31057ef324a04478bb4f7d469b3cdc0 - Path: Packages/com.unity.inputsystem/InputSystem/Plugins/EnhancedTouch/TouchSimulation.cs - Importer: ScriptedImporter/UnityEditor.QuickSearchModule:UnityEditor.Search:ASIAI0B
Importing 'GUID: e31057ef324a04478bb4f7d469b3cdc0 - Path: Packages/com.unity.inputsystem/InputSystem/Plugins/EnhancedTouch/TouchSimulation.cs - Importer: ScriptedImporter/UnityEditor.QuickSearchModule:UnityEditor.Search:ASIAI0B' with importer (ScriptedImporter : UnityEditor.QuickSearchModule:UnityEditor.Search:ASIAI0B)
Imported 'GUID: e31057ef324a04478bb4f7d469b3cdc0' -> (Import Result ID: 'a53bc62e8faa67ea6989e105ad5ab829') in 0.001 seconds [static and dynamic dependencies]. Details - ImportResultOutputID=e56393d43ac5ec520e6bec2fb46c1ca7 DependenciesID=5e0bd432e372013a8f2ccdc0159fcf72 StaticDependenciesID=ae40680407ce21cdf3691ca3ac746e11 
Number of updated asset objects reloaded before import = 0
Number of asset objects unloaded after import = 0
========================================================================
Received Import Request.
  Time of request: 2026-08-27T08:30:32.563129Z
  Time since last request: 0.000259625 seconds.
  importAddress: GUID: d0821e88149544e9b53290bf15b8d100 - Path: Packages/com.unity.inputsystem/InputSystem/Editor/Internal/InputStateWindow.cs - Importer: ScriptedImporter/UnityEditor.QuickSearchModule:UnityEditor.Search:ASIAI0B
Importing 'GUID: d0821e88149544e9b53290bf15b8d100 - Path: Packages/com.unity.inputsystem/InputSystem/Editor/Internal/InputStateWindow.cs - Importer: ScriptedImporter/UnityEditor.QuickSearchModule:UnityEditor.Search:ASIAI0B' with importer (ScriptedImporter : UnityEditor.QuickSearchModule:UnityEditor.Search:ASIAI0B)
Imported 'GUID: d0821e88149544e9b53290bf15b8d100' -> (Import Result ID: '304c5f1bd79b091256b3f0e4ddcda4b9') in 0.001 seconds [static and dynamic dependencies]. Details - ImportResultOutputID=90c738e968d80538f6420a5589850a29 DependenciesID=0e0cf066818cd89ffe3cf0dc893a7fed StaticDependenciesID=2a671a23e8427a6b5a6e22226b140184 
Number of updated asset objects reloaded before import = 0
Number of asset objects unloaded after import = 0
========================================================================
Received Import Request.
  Time of request: 2026-08-27T08:30:32.563919Z
  Time since last request: 0.000157042 seconds.
  importAddress: GUID: ca9f5fa95ffab41fb9a615ab714db018 - Path: Packages/com.unity.inputsystem/InputSystem/Plugins/PlayerInput/DefaultInputActions.inputactions - Importer: ScriptedImporter/UnityEditor.QuickSearchModule:UnityEditor.Search:ASIAI0B
Importing 'GUID: ca9f5fa95ffab41fb9a615ab714db018 - Path: Packages/com.unity.inputsystem/InputSystem/Plugins/PlayerInput/DefaultInputActions.inputactions - Importer: ScriptedImporter/UnityEditor.QuickSearchModule:UnityEditor.Search:ASIAI0B' with importer (ScriptedImporter : UnityEditor.QuickSearchModule:UnityEditor.Search:ASIAI0B)
Imported 'GUID: ca9f5fa95ffab41fb9a615ab714db018' -> (Import Result ID: 'e309af930599b582abc159f84634c118') in 0.066 seconds [static and dynamic dependencies]. Details - ImportResultOutputID=d0ca11e208f7e9ac48de62d5de5b4e39 DependenciesID=47a84ec886666e241009e700cf5428a9 StaticDependenciesID=19a41a6e1be89dd95b07b3675fba4528 
Number of updated asset objects reloaded before import = 0
Number of asset objects unloaded after import = 16
========================================================================
Received Import Request.
  Time of request: 2026-08-27T08:30:32.634222Z
  Time since last request: 0.004136125 seconds.
  importAddress: GUID: b6d36b1cdfcf14aacbb64fd51fe77979 - Path: Assets/Scenes/Nivel5_Escape.unity - Importer: ScriptedImporter/UnityEditor.QuickSearchModule:UnityEditor.Search:ASIAI0B
Importing 'GUID: b6d36b1cdfcf14aacbb64fd51fe77979 - Path: Assets/Scenes/Nivel5_Escape.unity - Importer: ScriptedImporter/UnityEditor.QuickSearchModule:UnityEditor.Search:ASIAI0B' with importer (ScriptedImporter : UnityEditor.QuickSearchModule:UnityEditor.Search:ASIAI0B)
Imported 'GUID: b6d36b1cdfcf14aacbb64fd51fe77979' -> (Import Result ID: '2fb60fd67ef5673b843b0fd93ec1cb47') in 0.002 seconds [static and dynamic dependencies]. Details - ImportResultOutputID=f1e1a57f0516673230a00e1ccda99513 DependenciesID=aed54669eb711e3858a0c881891b72eb StaticDependenciesID=82c212652e58f768edb10f61ee27b8ca 
Number of updated asset objects reloaded before import = 0
Number of asset objects unloaded after import = 1
========================================================================
Received Import Request.
  Time of request: 2026-08-27T08:30:32.636398Z
  Time since last request: 0.000199917 seconds.
  importAddress: GUID: 7b68264611f07452688dec2f79a5d942 - Path: Assets/Sprites/Hazard.png - Importer: ScriptedImporter/UnityEditor.QuickSearchModule:UnityEditor.Search:ASIAI0B
Importing 'GUID: 7b68264611f07452688dec2f79a5d942 - Path: Assets/Sprites/Hazard.png - Importer: ScriptedImporter/UnityEditor.QuickSearchModule:UnityEditor.Search:ASIAI0B' with importer (ScriptedImporter : UnityEditor.QuickSearchModule:UnityEditor.Search:ASIAI0B)
Imported 'GUID: 7b68264611f07452688dec2f79a5d942' -> (Import Result ID: 'd347500464809e731bf7c6e40630fe76') in 0.002 seconds [static and dynamic dependencies]. Details - ImportResultOutputID=e51abd599bb1a508b0a94df989b27fc5 DependenciesID=0fd6202c9cef22dc5f7a63978dc3d0ef StaticDependenciesID=3a9a0d376d2a9a97b744ef37306e73a3 
Number of updated asset objects reloaded before import = 0
Number of asset objects unloaded after import = 1
========================================================================
Received Import Request.
  Time of request: 2026-08-27T08:30:32.638894Z
  Time since last request: 0.000268875 seconds.
  importAddress: GUID: 4cc0c6a7fa1c14a518fec64497f4937f - Path: Packages/com.unity.inputsystem/InputSystem/Plugins/EnhancedTouch/TouchHistory.cs - Importer: ScriptedImporter/UnityEditor.QuickSearchModule:UnityEditor.Search:ASIAI0B
Importing 'GUID: 4cc0c6a7fa1c14a518fec64497f4937f - Path: Packages/com.unity.inputsystem/InputSystem/Plugins/EnhancedTouch/TouchHistory.cs - Importer: ScriptedImporter/UnityEditor.QuickSearchModule:UnityEditor.Search:ASIAI0B' with importer (ScriptedImporter : UnityEditor.QuickSearchModule:UnityEditor.Search:ASIAI0B)
Imported 'GUID: 4cc0c6a7fa1c14a518fec64497f4937f' -> (Import Result ID: 'dae82e7c48963e1168233bc13257934a') in 0.001 seconds [static and dynamic dependencies]. Details - ImportResultOutputID=e4dd45275a2e6f788ae624a5750bdb0c DependenciesID=27a3882f3d288af1c6c099ff3347b2c7 StaticDependenciesID=596c4b6538bba787184d951b943097e1 
Number of updated asset objects reloaded before import = 0
Number of asset objects unloaded after import = 0
========================================================================
Received Import Request.
  Time of request: 2026-08-27T08:30:32.640239Z
  Time since last request: 0.000368125 seconds.
  importAddress: GUID: bdf4b325f88d407f9013b427a6b33c58 - Path: Packages/com.unity.inputsystem/InputSystem/State/IInputStateTypeInfo.cs - Importer: ScriptedImporter/UnityEditor.QuickSearchModule:UnityEditor.Search:ASIAI0B
Importing 'GUID: bdf4b325f88d407f9013b427a6b33c58 - Path: Packages/com.unity.inputsystem/InputSystem/State/IInputStateTypeInfo.cs - Importer: ScriptedImporter/UnityEditor.QuickSearchModule:UnityEditor.Search:ASIAI0B' with importer (ScriptedImporter : UnityEditor.QuickSearchModule:UnityEditor.Search:ASIAI0B)
Imported 'GUID: bdf4b325f88d407f9013b427a6b33c58' -> (Import Result ID: '58f3d41a8d76182489d583b90d661a0e') in 0.001 seconds [static and dynamic dependencies]. Details - ImportResultOutputID=7db82d548acce771985bec49106f887e DependenciesID=e9aca4a347322cda0d7a2dc6fe3673f1 StaticDependenciesID=42dee421cd6624dc32da82d8d1d49fc2 
Number of updated asset objects reloaded before import = 0
Number of asset objects unloaded after import = 0
========================================================================
Received Import Request.
  Time of request: 2026-08-27T08:30:32.641157Z
  Time since last request: 0.000135166 seconds.
  importAddress: GUID: e5a64639c3eeaf5429cee8a5cb3c38d2 - Path: Packages/com.unity.inputsystem/InputSystem/Editor/InputDiagnostics.cs - Importer: ScriptedImporter/UnityEditor.QuickSearchModule:UnityEditor.Search:ASIAI0B
Importing 'GUID: e5a64639c3eeaf5429cee8a5cb3c38d2 - Path: Packages/com.unity.inputsystem/InputSystem/Editor/InputDiagnostics.cs - Importer: ScriptedImporter/UnityEditor.QuickSearchModule:UnityEditor.Search:ASIAI0B' with importer (ScriptedImporter : UnityEditor.QuickSearchModule:UnityEditor.Search:ASIAI0B)
Imported 'GUID: e5a64639c3eeaf5429cee8a5cb3c38d2' -> (Import Result ID: 'cad7b335ecdfc163db588c81842d52c3') in 0.001 seconds [static and dynamic dependencies]. Details - ImportResultOutputID=2b97ad74647dddad9f546b4ff02f12bb DependenciesID=52bf4e7528d7e0c4ae68a618fc5efe14 StaticDependenciesID=ea13156c1d80721fe700b5f34ea71b26 
Number of updated asset objects reloaded before import = 0
Number of asset objects unloaded after import = 0
========================================================================
Received Import Request.
  Time of request: 2026-08-27T08:30:32.64214Z
  Time since last request: 0.000221583 seconds.
  importAddress: GUID: a1b7d9ffed68a47128c5622c13ba4752 - Path: Packages/com.unity.inputsystem/InputSystem/Editor/Icons/d_Dpad@3x.png - Importer: ScriptedImporter/UnityEditor.QuickSearchModule:UnityEditor.Search:ASIAI0B
Importing 'GUID: a1b7d9ffed68a47128c5622c13ba4752 - Path: Packages/com.unity.inputsystem/InputSystem/Editor/Icons/d_Dpad@3x.png - Importer: ScriptedImporter/UnityEditor.QuickSearchModule:UnityEditor.Search:ASIAI0B' with importer (ScriptedImporter : UnityEditor.QuickSearchModule:UnityEditor.Search:ASIAI0B)
Imported 'GUID: a1b7d9ffed68a47128c5622c13ba4752' -> (Import Result ID: 'ff4c6341f0d39c2133e722e178e7c7cb') in 0.002 seconds [static and dynamic dependencies]. Details - ImportResultOutputID=9cc424bdbbf2531b671e0799d10ce806 DependenciesID=177eba88c9b9e555a3a8c2464e0777e5 StaticDependenciesID=22c346461fad567b1a0735c878b2847a 
Number of updated asset objects reloaded before import = 0
Number of asset objects unloaded after import = 1
========================================================================
Received Import Request.
  Time of request: 2026-08-27T08:30:32.644583Z
  Time since last request: 0.000201125 seconds.
  importAddress: GUID: 6e4e169a1433dc94cb99eff69a1c6be8 - Path: Packages/com.unity.inputsystem/InputSystem/Utilities/PredictiveParser.cs - Importer: ScriptedImporter/UnityEditor.QuickSearchModule:UnityEditor.Search:ASIAI0B
Importing 'GUID: 6e4e169a1433dc94cb99eff69a1c6be8 - Path: Packages/com.unity.inputsystem/InputSystem/Utilities/PredictiveParser.cs - Importer: ScriptedImporter/UnityEditor.QuickSearchModule:UnityEditor.Search:ASIAI0B' with importer (ScriptedImporter : UnityEditor.QuickSearchModule:UnityEditor.Search:ASIAI0B)
Imported 'GUID: 6e4e169a1433dc94cb99eff69a1c6be8' -> (Import Result ID: '8cb4f125393d4e888ee0db4e40a6a597') in 0.001 seconds [static and dynamic dependencies]. Details - ImportResultOutputID=14cbc8a5b8b90eba02900238a0095f46 DependenciesID=1204cf6163152324faf61e0e846c7999 StaticDependenciesID=c0ace2dd1488517a760ccd5cc3a8395a 
Number of updated asset objects reloaded before import = 0
Number of asset objects unloaded after import = 0
========================================================================
Received Import Request.
  Time of request: 2026-08-27T08:30:32.645543Z
  Time since last request: 0.000137458 seconds.
  importAddress: GUID: 425bde5d5c63e4c5d8d95b068a911236 - Path: Packages/com.unity.inputsystem/InputSystem/Plugins/Steam/IStreamControllerAPI.cs - Importer: ScriptedImporter/UnityEditor.QuickSearchModule:UnityEditor.Search:ASIAI0B
Importing 'GUID: 425bde5d5c63e4c5d8d95b068a911236 - Path: Packages/com.unity.inputsystem/InputSystem/Plugins/Steam/IStreamControllerAPI.cs - Importer: ScriptedImporter/UnityEditor.QuickSearchModule:UnityEditor.Search:ASIAI0B' with importer (ScriptedImporter : UnityEditor.QuickSearchModule:UnityEditor.Search:ASIAI0B)
Imported 'GUID: 425bde5d5c63e4c5d8d95b068a911236' -> (Import Result ID: 'fab72f78f25df568f3de75b948b09a2f') in 0.001 seconds [static and dynamic dependencies]. Details - ImportResultOutputID=2e416a0ce85f27642e16e574fead8878 DependenciesID=9d623f14fb86e2d55756dc2aa40760b4 StaticDependenciesID=6ac3cf82b0f628cb4998283a2323f1f3 
Number of updated asset objects reloaded before import = 0
Number of asset objects unloaded after import = 0
========================================================================
Received Import Request.
  Time of request: 2026-08-27T08:30:32.646447Z
  Time since last request: 0.000240833 seconds.
  importAddress: GUID: 86d296bd5925944e89dfbed2e27686b4 - Path: Assets/Scenes/Nivel3_Fabrica.unity - Importer: ScriptedImporter/UnityEditor.QuickSearchModule:UnityEditor.Search:ASIAI0B
Importing 'GUID: 86d296bd5925944e89dfbed2e27686b4 - Path: Assets/Scenes/Nivel3_Fabrica.unity - Importer: ScriptedImporter/UnityEditor.QuickSearchModule:UnityEditor.Search:ASIAI0B' with importer (ScriptedImporter : UnityEditor.QuickSearchModule:UnityEditor.Search:ASIAI0B)
Imported 'GUID: 86d296bd5925944e89dfbed2e27686b4' -> (Import Result ID: 'f6eee8b02ad2e5bd8184cd81d7981c37') in 0.002 seconds [static and dynamic dependencies]. Details - ImportResultOutputID=82770088e4475ce407dd1a90f1b57a1e DependenciesID=f059f725e728b8df3cd4a09a8d03cfc2 StaticDependenciesID=a01d131a147afcd44b4205a5fcf865ff 
Number of updated asset objects reloaded before import = 0
Number of asset objects unloaded after import = 1
========================================================================
Received Import Request.
  Time of request: 2026-08-27T08:30:32.648271Z
  Time since last request: 0.000175959 seconds.
  importAddress: GUID: f4aad3caed1cc4627bd9b2763c2dd98e - Path: Assets/Sprites/Ground.png - Importer: ScriptedImporter/UnityEditor.QuickSearchModule:UnityEditor.Search:ASIAI0B
Importing 'GUID: f4aad3caed1cc4627bd9b2763c2dd98e - Path: Assets/Sprites/Ground.png - Importer: ScriptedImporter/UnityEditor.QuickSearchModule:UnityEditor.Search:ASIAI0B' with importer (ScriptedImporter : UnityEditor.QuickSearchModule:UnityEditor.Search:ASIAI0B)
Imported 'GUID: f4aad3caed1cc4627bd9b2763c2dd98e' -> (Import Result ID: '17a121ea23fc615ae698a3f0afafd001') in 0.003 seconds [static and dynamic dependencies]. Details - ImportResultOutputID=a46187aed1dc8b4423b379ad4f23a95c DependenciesID=ac0cd423bc6333e55b27ca6cf4f30358 StaticDependenciesID=ae9a32ff0ddab643bec0965e1440a72a 
Number of updated asset objects reloaded before import = 0
Number of asset objects unloaded after import = 1
========================================================================
Received Import Request.
  Time of request: 2026-08-27T08:30:32.651284Z
  Time since last request: 0.000284417 seconds.
  importAddress: GUID: 70f56ff96fe2647bd97b5a6c07dc194c - Path: Assets/Sprites/Box.png - Importer: ScriptedImporter/UnityEditor.QuickSearchModule:UnityEditor.Search:ASIAI0B
Importing 'GUID: 70f56ff96fe2647bd97b5a6c07dc194c - Path: Assets/Sprites/Box.png - Importer: ScriptedImporter/UnityEditor.QuickSearchModule:UnityEditor.Search:ASIAI0B' with importer (ScriptedImporter : UnityEditor.QuickSearchModule:UnityEditor.Search:ASIAI0B)
Imported 'GUID: 70f56ff96fe2647bd97b5a6c07dc194c' -> (Import Result ID: 'd9a1c1601d0fcbea841a516b69debb0d') in 0.002 seconds [static and dynamic dependencies]. Details - ImportResultOutputID=6cd5aa2e575ea86861e432e3199bd497 DependenciesID=f9b17a629eacd9f9f47da91d3abf6311 StaticDependenciesID=cc8b1bf9d73747b392a5f2e456940dc3 
Number of updated asset objects reloaded before import = 0
Number of asset objects unloaded after import = 1
========================================================================
Received Import Request.
  Time of request: 2026-08-27T08:30:32.653654Z
  Time since last request: 0.00012725 seconds.
  importAddress: GUID: 0068f400a72d84c92a1b8f5889a574b2 - Path: Packages/com.unity.inputsystem/InputSystem/Editor/Icons/d_ChevronDown@2x.png - Importer: ScriptedImporter/UnityEditor.QuickSearchModule:UnityEditor.Search:ASIAI0B
Importing 'GUID: 0068f400a72d84c92a1b8f5889a574b2 - Path: Packages/com.unity.inputsystem/InputSystem/Editor/Icons/d_ChevronDown@2x.png - Importer: ScriptedImporter/UnityEditor.QuickSearchModule:UnityEditor.Search:ASIAI0B' with importer (ScriptedImporter : UnityEditor.QuickSearchModule:UnityEditor.Search:ASIAI0B)
Imported 'GUID: 0068f400a72d84c92a1b8f5889a574b2' -> (Import Result ID: 'c916849cf30da2da8a555024c18ff1ed') in 0.002 seconds [static and dynamic dependencies]. Details - ImportResultOutputID=9693d87b121510adfbb2226d39a82c91 DependenciesID=5c1197fbee84b2b215549ec6fdd41994 StaticDependenciesID=39dd31cebd77a1d1169d00e39d278c76 
Number of updated asset objects reloaded before import = 0
Number of asset objects unloaded after import = 1
========================================================================
Received Import Request.
  Time of request: 2026-08-27T08:30:32.656282Z
  Time since last request: 0.000233958 seconds.
  importAddress: GUID: 060ae4265f580481f9bc2f2e7ab367ef - Path: Packages/com.unity.inputsystem/InputSystem/Editor/AssetEditor/PropertiesViewBase.cs - Importer: ScriptedImporter/UnityEditor.QuickSearchModule:UnityEditor.Search:ASIAI0B
Importing 'GUID: 060ae4265f580481f9bc2f2e7ab367ef - Path: Packages/com.unity.inputsystem/InputSystem/Editor/AssetEditor/PropertiesViewBase.cs - Importer: ScriptedImporter/UnityEditor.QuickSearchModule:UnityEditor.Search:ASIAI0B' with importer (ScriptedImporter : UnityEditor.QuickSearchModule:UnityEditor.Search:ASIAI0B)
Imported 'GUID: 060ae4265f580481f9bc2f2e7ab367ef' -> (Import Result ID: '3d46b4c0bf740c5dfd82723c31381b3a') in 0.001 seconds [static and dynamic dependencies]. Details - ImportResultOutputID=e1954744092f50bce5edba586f8936cb DependenciesID=ce4ca6e388f9879ce960c2eda2e94a7d StaticDependenciesID=1a186b56594c39d721382cba8fdbd503 
Number of updated asset objects reloaded before import = 0
Number of asset objects unloaded after import = 0
========================================================================
Received Prepare
AcceleratorClientConnectionCallback - disconnected - :0
Unloading 0 Unused Serialized files (Serialized files now loaded: 0)
Unloading 202 unused Assets / (7.2 KB). Loaded Objects now: 1468.
Memory consumption went from 97.2 MB to 97.2 MB.
Total: 4.454083 ms (FindLiveObjects: 0.035291 ms CreateObjectMapping: 0.039417 ms MarkObjects: 4.331625 ms  DeleteObjects: 0.047250 ms)

Prepare: number of updated asset objects reloaded= 0
========================================================================
Received Import Request.
  Time of request: 2026-08-27T08:31:09.7341Z
  Time since last request: 37.076598542 seconds.
  importAddress: GUID: 4691547cc97ed4681a87ccbf98963092 - Path: Assets/Sprites/3.jpeg - Importer: PreviewImporter
Importing 'GUID: 4691547cc97ed4681a87ccbf98963092 - Path: Assets/Sprites/3.jpeg - Importer: PreviewImporter' with importer (PreviewImporter)
Imported 'GUID: 4691547cc97ed4681a87ccbf98963092' -> (Import Result ID: '2f35206f0d2a205999da65a5efe4795b') in 0.020 seconds [static and dynamic dependencies]. Details - ImportResultOutputID=c50ec1a7a7e5dc4e8908b422628e4c65 DependenciesID=5a3559e3e2fb4fc840914b0612570da4 StaticDependenciesID=e2b0f7db7fb486bba83da2a4783d93af 
Number of updated asset objects reloaded before import = 0
Number of asset objects unloaded after import = 2
========================================================================
Received Import Request.
  Time of request: 2026-08-27T08:31:10.888674Z
  Time since last request: 1.134727417 seconds.
  importAddress: GUID: c6c1d7a196c4a4ac0ba57d0b092310ad - Path: Assets/Sprites/1.jpeg - Importer: ScriptedImporter/UnityEditor.QuickSearchModule:UnityEditor.Search:ASIAI0B
Importing 'GUID: c6c1d7a196c4a4ac0ba57d0b092310ad - Path: Assets/Sprites/1.jpeg - Importer: ScriptedImporter/UnityEditor.QuickSearchModule:UnityEditor.Search:ASIAI0B' with importer (ScriptedImporter : UnityEditor.QuickSearchModule:UnityEditor.Search:ASIAI0B)
Imported 'GUID: c6c1d7a196c4a4ac0ba57d0b092310ad' -> (Import Result ID: 'fad6a27ed373f62047efbaead904f082') in 0.007 seconds [static and dynamic dependencies]. Details - ImportResultOutputID=1050148cec4195cad4146e2ed504d5cb DependenciesID=9472f327294df59e87f65f45fba1c51c StaticDependenciesID=d53f1e73786e9da61c2d009bd3d8335f 
Number of updated asset objects reloaded before import = 0
Number of asset objects unloaded after import = 1
Editor requested this worker to shutdown with reason: Scaling down because of idle timeout
AcceleratorClientConnectionCallback - disconnected - :0
AssetImportWorker is now disconnected from the server
Process exiting
