Unity Editor version:    6000.5.2f1 (eb73d3b415a1)
Branch:                  6000.5/staging
Build type:              Release
Batch mode:              NO
macOS version:           Version 26.6.2 (Build 25G83)
Darwin version:          25.6.0
Architecture:            arm64
Running under Rosetta:   NO
Available memory:        65536 MB
Date:                    2026-08-27T05:27:35Z
[Licensing::Module] Trying to connect to existing licensing client channel...
[Licensing::IpcConnector] Successfully connected to: "LicenseClient-andrew" at "2026-08-27T05:27:35.925457Z"

COMMAND LINE ARGUMENTS:
/Applications/Unity/Hub/Editor/6000.5.2f1/Unity.app/Contents/MacOS/Unity
-projectPath
/Users/andrew/ProyectosPersonales/Umbra/My project
Successfully changed project path to: /Users/andrew/ProyectosPersonales/Umbra/My project
/Users/andrew/ProyectosPersonales/Umbra/My project
[UnityMemory] Configuration Parameters - Can be set up in boot.config
    "memorysetup-temp-allocator-size-gi-baking-worker=262144"
    "memorysetup-temp-allocator-size-gi-baking-worker=262144"
    "memorysetup-temp-allocator-size-gi-baking-worker=262144"
    "memorysetup-temp-allocator-size-gi-baking-worker=262144"
    "memorysetup-temp-allocator-size-gi-baking-worker=262144"
    "memorysetup-temp-allocator-size-nav-mesh-worker=65536"
    "memorysetup-temp-allocator-size-audio-worker=65536"
    "memorysetup-temp-allocator-size-cloud-worker=32768"
    "memorysetup-allocator-temp-initial-block-size-main=262144"
    "memorysetup-allocator-temp-initial-block-size-worker=262144"
    "memorysetup-temp-allocator-size-preload-manager=33554432"
    "memorysetup-temp-allocator-size-gfx=262144"
    "memorysetup-temp-allocator-size-background-worker=32768"
    "memorysetup-temp-allocator-size-job-worker=262144"
    "memorysetup-bucket-allocator-granularity=16"
    "memorysetup-bucket-allocator-bucket-count=8"
    "memorysetup-bucket-allocator-block-size=33554432"
    "memorysetup-bucket-allocator-block-count=8"
    "memorysetup-main-allocator-block-size=16777216"
    "memorysetup-thread-allocator-block-size=16777216"
    "memorysetup-main-allocator-mimalloc-enabled=0"
    "memorysetup-gfx-main-allocator-block-size=16777216"
    "memorysetup-gfx-thread-allocator-block-size=16777216"
    "memorysetup-cache-allocator-block-size=4194304"
    "memorysetup-typetree-allocator-block-size=2097152"
    "memorysetup-profiler-bucket-allocator-granularity=16"
    "memorysetup-profiler-bucket-allocator-bucket-count=8"
    "memorysetup-profiler-bucket-allocator-block-size=33554432"
    "memorysetup-profiler-bucket-allocator-block-count=8"
    "memorysetup-profiler-allocator-block-size=16777216"
    "memorysetup-profiler-editor-allocator-block-size=1048576"
    "memorysetup-temp-allocator-size-main=16777216"
    "memorysetup-job-temp-allocator-block-size=2097152"
    "memorysetup-job-temp-allocator-block-size-background=1048576"
    "memorysetup-job-temp-allocator-reduction-small-platforms=262144"
Player connection [8492917120]  Target information:

Player connection [8492917120]  * "[IP] 192.168.18.27 [Port] 55504 [Flags] 2 [Guid] 2531987159 [EditorId] 2531987159 [Version] 1048832 [Id] OSXEditor(0,Andrews-MacBook-Pro.local) [Debug] 1 [PackageName] OSXEditor [ProjectName] Editor" 

Player connection [8492917120] Host joined multi-casting on [225.0.0.222:54997]...
Player connection [8492917120] Host joined alternative multi-casting on [225.0.0.222:34997]...
Input System module state changed to: Initialized.
[Physics::Module] Initialized fallback backend.
[Physics::Module] Id: 0xdecafbad
[Licensing::Client] Error: HandshakeResponse reported an error:
	ResponseCode: 505
	ResponseStatus: Unsupported protocol version '1.18.1'.
[Licensing::Module] Error: Failed to handshake to channel: "LicenseClient-andrew"
[Licensing::IpcConnector] LicenseClient-andrew channel disconnected successfully.
[Licensing::IpcConnector] Channel LicenseClient-andrew-6000.5.2 doesn't exist
Launching external process: /Applications/Unity/Hub/Editor/6000.5.2f1/Unity.app/Contents/Helpers/UnityLicensingClient.app/Contents/MacOS/Unity.Licensing.Client
[Licensing::Module] Successfully launched the LicensingClient (PId: 50705)
[Package Manager] Connected to IPC stream "Upm-50702" after 0.0 seconds.
[Licensing::Module] Licensing is not yet initialized.
[Licensing::IpcConnector] Successfully connected to: "LicenseClient-andrew-6000.5.2" at "2026-08-27T05:27:36.212286Z"
[Licensing::Client] Handshaking with LicensingClient:
  Version:                 1.18.1+9fbee8e
  Session Id:              5e2c9086283346c6aa8842505c64f05f
  Correlation Id:          3436f16ebf3de4e9001345c05bd946db
  External correlation Id: 6693888747373339399
  Machine Id:              66r/rhb9bTTSFebFiCDkGiNyYkw=
[Licensing::Module] Successfully connected to LicensingClient on channel: "LicenseClient-andrew-6000.5.2" (connect: 0.11s, validation: 0.01s, handshake: 0.16s)
[Licensing::IpcConnector] Successfully connected to: "LicenseClient-andrew-6000.5.2-notifications" at "2026-08-27T05:27:36.384001Z"
[Licensing::Module] Connected to LicensingClient (PId: 50705, launch time: 0.00, total connection time: 0.28s)
[Licensing::Module] Error: Access token is unavailable; failed to update
[Licensing::Client] Successfully resolved entitlement details
[Licensing::Module] License group:
  Id: 4674181853197-u20227680mnb4xu41-UnityProStuXXXX
  Product: Unity Student
  Type: Assigned
  Expiration: 2027-04-01T02:31:37Z
[Licensing::Client] Successfully updated license, isAsync: True, time: 0.00
[Licensing::Client] Successfully resolved entitlement details
[Licensing::Module] Licensing Background thread has ended after 0.47s
[Licensing::Module] Licensing is initialized (took 0.24s).
[Licensing::Client] Successfully resolved entitlement details
Library Redirect Path: Library/
[Physics::Module] Selected backend.
[Physics::Module] Name: PhysX
[Physics::Module] Id: 0xf2b8ea05
[Physics::Module] SDK Version: 4.1.2
[Physics::Module] Integration Version: 1.0.0
[Physics::Module] Threading Mode: Multi-Threaded
Artifact Garbage Collection - Removed 5 unused hashed content files
Initialize engine version: 6000.5.2f1 (eb73d3b415a1)
[Subsystems] Discovering subsystems at path /Applications/Unity/Hub/Editor/6000.5.2f1/Unity.app/Contents/Resources/UnitySubsystems
[Subsystems] Discovering subsystems at path /Users/andrew/ProyectosPersonales/Umbra/My project/Assets
GfxDevice: creating device client; kGfxThreadingModeThreaded
 preferred device: Apple M5 Pro (high power)
Metal devices available: 1
0: Apple M5 Pro (high power)
Using device Apple M5 Pro (high power)
Initializing Metal device caps: Apple M5 Pro
Mac GPU Family: 2
Apple GPU Family: 9
MSL Version: 3.0
Has Float MSAA: 1
Has Float Filtering: 1
ReadWrite Texture Tier: 2
Initialize mono
Mono path[0] = '/Applications/Unity/Hub/Editor/6000.5.2f1/Unity.app/Contents/Resources/Scripting/Managed'
Mono path[1] = '/Applications/Unity/Hub/Editor/6000.5.2f1/Unity.app/Contents/Resources/Scripting/BCLExtensions/runtime/netstandard2.1'
Mono path[2] = '/Applications/Unity/Hub/Editor/6000.5.2f1/Unity.app/Contents/Resources/Scripting/MonoBleedingEdge/lib/mono/unityjit-macos'
Mono config path = '/Applications/Unity/Hub/Editor/6000.5.2f1/Unity.app/Contents/Resources/Scripting/MonoBleedingEdge/etc'
Using monoOptions --debugger-agent=transport=dt_socket,embedding=1,server=y,suspend=n,address=127.0.0.1:56702
CodeReloadManager initialized
ImportWorker Server TCP listen port: 0
AcceleratorClientConnectionCallback - disconnected - :0
Begin MonoManager ReloadAssembly
Registering precompiled unity dll's ...
Register platform support module: /Applications/Unity/Hub/Editor/6000.5.2f1/PlaybackEngines/WebGLSupport/UnityEditor.WebGL.Extensions.dll
Register platform support module: /Applications/Unity/Hub/Editor/6000.5.2f1/PlaybackEngines/MacStandaloneSupport/UnityEditor.OSXStandalone.Extensions.dll
Registered in 0.000827 seconds.
Native extension for OSXStandalone target not found
Native extension for WebGL target not found
Package Manager log level set to [2]
ScheduleIndexationOnStartup MainProcess:False IndexOnStartup:True
Mono: successfully reloaded assembly
- Finished resetting the current domain, in  0.188 seconds
Domain Reload Profiling: 407ms
	BeginReloadAssembly (69ms)
		CreateAndSetChildDomain (18ms)
	RebuildNativeTypeToScriptingClass (7ms)
	initialDomainReloadingComplete (21ms)
	LoadAllAssembliesAndSetupDomain (119ms)
		LoadAssemblies (52ms)
		AnalyzeDomain (89ms)
			TypeCache.Refresh (89ms)
				TypeCache.ScanAssembly (82ms)
	FinalizeReload (188ms)
		SetupLoadedEditorAssemblies (0ms)
			BeforeProcessingInitializeOnLoad (34ms)
			ProcessInitializeOnLoadAttributes (40ms)
			ProcessInitializeOnLoadMethodAttributes (80ms)
[Licensing::Client] Successfully resolved entitlement details
Application.AssetDatabase Initial Refresh Start
[Package Manager] Restoring resolved packages state from cache
[Licensing::Client] Successfully resolved entitlement details
[Package Manager] Registered 38 packages:
  Built-in packages:
    com.unity.ugui@2.5.0 (location: /Users/andrew/ProyectosPersonales/Umbra/My project/Library/PackageCache/com.unity.ugui@3d1ea40b73ef)
    com.unity.multiplayer.center@1.0.1 (location: /Users/andrew/ProyectosPersonales/Umbra/My project/Library/PackageCache/com.unity.multiplayer.center@b860850997d0)
    com.unity.modules.accessibility@1.0.0 (location: /Users/andrew/ProyectosPersonales/Umbra/My project/Library/PackageCache/com.unity.modules.accessibility)
    com.unity.modules.adaptiveperformance@1.0.0 (location: /Users/andrew/ProyectosPersonales/Umbra/My project/Library/PackageCache/com.unity.modules.adaptiveperformance)
    com.unity.modules.ai@1.0.0 (location: /Users/andrew/ProyectosPersonales/Umbra/My project/Library/PackageCache/com.unity.modules.ai)
    com.unity.modules.androidjni@1.0.0 (location: /Users/andrew/ProyectosPersonales/Umbra/My project/Library/PackageCache/com.unity.modules.androidjni)
    com.unity.modules.animation@1.0.0 (location: /Users/andrew/ProyectosPersonales/Umbra/My project/Library/PackageCache/com.unity.modules.animation)
    com.unity.modules.assetbundle@1.0.0 (location: /Users/andrew/ProyectosPersonales/Umbra/My project/Library/PackageCache/com.unity.modules.assetbundle)
    com.unity.modules.audio@1.0.0 (location: /Users/andrew/ProyectosPersonales/Umbra/My project/Library/PackageCache/com.unity.modules.audio)
    com.unity.modules.cloth@1.0.0 (location: /Users/andrew/ProyectosPersonales/Umbra/My project/Library/PackageCache/com.unity.modules.cloth)
    com.unity.modules.director@1.0.0 (location: /Users/andrew/ProyectosPersonales/Umbra/My project/Library/PackageCache/com.unity.modules.director)
    com.unity.modules.imageconversion@1.0.0 (location: /Users/andrew/ProyectosPersonales/Umbra/My project/Library/PackageCache/com.unity.modules.imageconversion)
    com.unity.modules.imgui@1.0.0 (location: /Users/andrew/ProyectosPersonales/Umbra/My project/Library/PackageCache/com.unity.modules.imgui)
    com.unity.modules.jsonserialize@1.0.0 (location: /Users/andrew/ProyectosPersonales/Umbra/My project/Library/PackageCache/com.unity.modules.jsonserialize)
    com.unity.modules.particlesystem@1.0.0 (location: /Users/andrew/ProyectosPersonales/Umbra/My project/Library/PackageCache/com.unity.modules.particlesystem)
    com.unity.modules.physics@1.0.0 (location: /Users/andrew/ProyectosPersonales/Umbra/My project/Library/PackageCache/com.unity.modules.physics)
    com.unity.modules.physics2d@1.0.0 (location: /Users/andrew/ProyectosPersonales/Umbra/My project/Library/PackageCache/com.unity.modules.physics2d)
    com.unity.modules.physicscore2d@1.0.0 (location: /Users/andrew/ProyectosPersonales/Umbra/My project/Library/PackageCache/com.unity.modules.physicscore2d)
    com.unity.modules.screencapture@1.0.0 (location: /Users/andrew/ProyectosPersonales/Umbra/My project/Library/PackageCache/com.unity.modules.screencapture)
    com.unity.modules.terrain@1.0.0 (location: /Users/andrew/ProyectosPersonales/Umbra/My project/Library/PackageCache/com.unity.modules.terrain)
    com.unity.modules.terrainphysics@1.0.0 (location: /Users/andrew/ProyectosPersonales/Umbra/My project/Library/PackageCache/com.unity.modules.terrainphysics)
    com.unity.modules.tilemap@1.0.0 (location: /Users/andrew/ProyectosPersonales/Umbra/My project/Library/PackageCache/com.unity.modules.tilemap)
    com.unity.modules.ui@1.0.0 (location: /Users/andrew/ProyectosPersonales/Umbra/My project/Library/PackageCache/com.unity.modules.ui)
    com.unity.modules.uielements@1.0.0 (location: /Users/andrew/ProyectosPersonales/Umbra/My project/Library/PackageCache/com.unity.modules.uielements)
    com.unity.modules.umbra@1.0.0 (location: /Users/andrew/ProyectosPersonales/Umbra/My project/Library/PackageCache/com.unity.modules.umbra)
    com.unity.modules.unityanalytics@1.0.0 (location: /Users/andrew/ProyectosPersonales/Umbra/My project/Library/PackageCache/com.unity.modules.unityanalytics)
    com.unity.modules.unitywebrequest@1.0.0 (location: /Users/andrew/ProyectosPersonales/Umbra/My project/Library/PackageCache/com.unity.modules.unitywebrequest)
    com.unity.modules.unitywebrequestassetbundle@1.0.0 (location: /Users/andrew/ProyectosPersonales/Umbra/My project/Library/PackageCache/com.unity.modules.unitywebrequestassetbundle)
    com.unity.modules.unitywebrequestaudio@1.0.0 (location: /Users/andrew/ProyectosPersonales/Umbra/My project/Library/PackageCache/com.unity.modules.unitywebrequestaudio)
    com.unity.modules.unitywebrequesttexture@1.0.0 (location: /Users/andrew/ProyectosPersonales/Umbra/My project/Library/PackageCache/com.unity.modules.unitywebrequesttexture)
    com.unity.modules.unitywebrequestwww@1.0.0 (location: /Users/andrew/ProyectosPersonales/Umbra/My project/Library/PackageCache/com.unity.modules.unitywebrequestwww)
    com.unity.modules.vectorgraphics@1.0.0 (location: /Users/andrew/ProyectosPersonales/Umbra/My project/Library/PackageCache/com.unity.modules.vectorgraphics)
    com.unity.modules.vehicles@1.0.0 (location: /Users/andrew/ProyectosPersonales/Umbra/My project/Library/PackageCache/com.unity.modules.vehicles)
    com.unity.modules.video@1.0.0 (location: /Users/andrew/ProyectosPersonales/Umbra/My project/Library/PackageCache/com.unity.modules.video)
    com.unity.modules.wind@1.0.0 (location: /Users/andrew/ProyectosPersonales/Umbra/My project/Library/PackageCache/com.unity.modules.wind)
    com.unity.modules.xr@1.0.0 (location: /Users/andrew/ProyectosPersonales/Umbra/My project/Library/PackageCache/com.unity.modules.xr)
    com.unity.modules.subsystems@1.0.0 (location: /Users/andrew/ProyectosPersonales/Umbra/My project/Library/PackageCache/com.unity.modules.subsystems)
    com.unity.modules.hierarchycore@1.0.0 (location: /Users/andrew/ProyectosPersonales/Umbra/My project/Library/PackageCache/com.unity.modules.hierarchycore)
[Subsystems] No new subsystems found in resolved package list.
[Package Manager] Done registering packages in 0.00 seconds
info: Microsoft.Hosting.Lifetime[14]
      Now listening on: http://unix:/tmp/ilpp.sock-4290f14619feebe90afd87f670796cd9
info: Microsoft.Hosting.Lifetime[0]
      Application started. Press Ctrl+C to shut down.
info: Microsoft.Hosting.Lifetime[0]
      Hosting environment: Production
info: Microsoft.Hosting.Lifetime[0]
      Content root path: /Users/andrew/ProyectosPersonales/Umbra/My project
info: Microsoft.AspNetCore.Hosting.Diagnostics[1]
      Request starting HTTP/2 POST http://ilpp/UnityILPP.PostProcessing/Ping - application/grpc -
info: Microsoft.AspNetCore.Routing.EndpointMiddleware[0]
      Executing endpoint 'gRPC - /UnityILPP.PostProcessing/Ping'
info: Microsoft.AspNetCore.Routing.EndpointMiddleware[1]
      Executed endpoint 'gRPC - /UnityILPP.PostProcessing/Ping'
info: Microsoft.AspNetCore.Hosting.Diagnostics[2]
      Request finished HTTP/2 POST http://ilpp/UnityILPP.PostProcessing/Ping - 200 - application/grpc 11.9521ms
Starting: /Applications/Unity/Hub/Editor/6000.5.2f1/Unity.app/Contents/Resources/BuildPipeline/bee_backend --ipc --defer-dag-verification --dagfile="Library/Bee/200b0aE.dag" --continue-on-failure --profile="Library/Bee/backend1.traceevents" ScriptAssemblies
WorkingDir: /Users/andrew/ProyectosPersonales/Umbra/My project
ExitCode: 4 Duration: 0s38ms
[195/233    0s] CopyFiles Library/ScriptAssemblies/UnityEngine.UI.dll
[196/233    0s] CopyFiles Library/ScriptAssemblies/UnityEngine.UI.pdb
[199/233    0s] CopyFiles Library/ScriptAssemblies/UnityEditor.UI.pdb
[200/233    0s] CopyFiles Library/ScriptAssemblies/UnityEditor.UI.dll
[205/233    0s] CopyFiles Library/ScriptAssemblies/Unity.InternalAPIEngineBridge.004.dll
[206/233    0s] CopyFiles Library/ScriptAssemblies/Unity.Multiplayer.Center.Common.dll
[207/233    0s] CopyFiles Library/ScriptAssemblies/Unity.InternalAPIEngineBridge.004.pdb
[209/233    0s] CopyFiles Library/ScriptAssemblies/Unity.Multiplayer.Center.Common.pdb
[215/233    0s] CopyFiles Library/ScriptAssemblies/Unity.TextMeshPro.pdb
[217/233    0s] CopyFiles Library/ScriptAssemblies/Unity.Multiplayer.Center.Editor.dll
[219/233    0s] CopyFiles Library/ScriptAssemblies/Unity.TextMeshPro.dll
[220/233    0s] CopyFiles Library/ScriptAssemblies/Unity.Multiplayer.Center.Editor.pdb
[226/233    0s] CopyFiles Library/ScriptAssemblies/UnityEditor.UI.Analytics.dll
[227/233    0s] CopyFiles Library/ScriptAssemblies/UnityEditor.UI.Analytics.pdb
[228/233    0s] CopyFiles Library/ScriptAssemblies/Unity.TextMeshPro.Editor.pdb
[229/233    0s] CopyFiles Library/ScriptAssemblies/Unity.TextMeshPro.Editor.dll
[231/233    0s] CopyFiles Library/ScriptAssemblies/Assembly-CSharp.dll
[232/233    0s] CopyFiles Library/ScriptAssemblies/Assembly-CSharp.pdb
Rebuilding DAG because FileSignature timestamp changed: Library/Bee/200b0aE-inputdata.json
*** Tundra requires additional run (0.02 seconds), 18 items updated, 233 evaluated
Starting: /Applications/Unity/Hub/Editor/6000.5.2f1/Unity.app/Contents/Resources/Scripting/netcorerun/netcorerun "/Applications/Unity/Hub/Editor/6000.5.2f1/Unity.app/Contents/Resources/BuildPipeline/ScriptCompilationBuildProgram.exe" "Library/Bee/200b0aE.dag.json" "Library/Bee/200b0aE-inputdata.json" "Library/Bee/buildprogram0.traceevents"
WorkingDir: /Users/andrew/ProyectosPersonales/Umbra/My project
ExitCode: 0 Duration: 0s322ms
Starting: /Applications/Unity/Hub/Editor/6000.5.2f1/Unity.app/Contents/Resources/BuildPipeline/bee_backend --ipc --defer-dag-verification --dagfile="Library/Bee/200b0aE.dag" --continue-on-failure --dagfilejson="Library/Bee/200b0aE.dag.json" --profile="Library/Bee/backend2.traceevents" ScriptAssemblies
WorkingDir: /Users/andrew/ProyectosPersonales/Umbra/My project
ExitCode: 0 Duration: 2s461ms
Finished compiling graph: 236 nodes, 1993 flattened edges (1891 ToBuild, 18 ToUse), maximum node priority 104
[180/233    0s] WriteText Library/Bee/artifacts/200b0aE.dag/Assembly-CSharp.rsp
[181/233    0s] WriteText Library/Bee/artifacts/200b0aE.dag/Unity.Multiplayer.Center.Editor.rsp
[182/233    0s] WriteText Library/Bee/artifacts/200b0aE.dag/UnityEngine.UI.rsp
[183/233    0s] WriteText Library/Bee/artifacts/200b0aE.dag/Unity.InternalAPIEngineBridge.004.rsp
[184/233    0s] WriteText Library/Bee/artifacts/200b0aE.dag/Unity.TextMeshPro.rsp
[185/233    0s] WriteText Library/Bee/artifacts/200b0aE.dag/UnityEditor.UI.rsp
[186/233    0s] WriteText Library/Bee/artifacts/200b0aE.dag/Unity.Multiplayer.Center.Common.rsp
[187/233    0s] WriteText Library/Bee/artifacts/200b0aE.dag/Unity.TextMeshPro.Editor.rsp
[188/233    0s] WriteText Library/Bee/artifacts/200b0aE.dag/UnityEditor.UI.Analytics.rsp
[           0s] Csc Library/Bee/artifacts/200b0aE.dag/UnityEngine.UI.dll (+2 others) [CacheMiss 6fabb93aa26a80c3e6c229431bc10f9400000000000000000000000000000006]
[190/233    1s] Csc Library/Bee/artifacts/200b0aE.dag/UnityEngine.UI.dll (+2 others)
[           0s] Csc Library/Bee/artifacts/200b0aE.dag/UnityEngine.UI.dll (+2 others) [CacheWrite 6fabb93aa26a80c3e6c229431bc10f9400000000000000000000000000000006]
[193/233    0s] CopyFiles Library/ScriptAssemblies/UnityEngine.UI.pdb
[194/233    0s] CopyFiles Library/ScriptAssemblies/UnityEngine.UI.dll
[           0s] Csc Library/Bee/artifacts/200b0aE.dag/UnityEditor.UI.dll (+2 others) [CacheMiss b01b3b88890e62ee4b3e2fd82dd1e6b700000000000000000000000000000006]
[195/233    0s] Csc Library/Bee/artifacts/200b0aE.dag/UnityEditor.UI.dll (+2 others)
[           0s] Csc Library/Bee/artifacts/200b0aE.dag/UnityEditor.UI.dll (+2 others) [CacheWrite b01b3b88890e62ee4b3e2fd82dd1e6b700000000000000000000000000000006]
[199/233    0s] CopyFiles Library/ScriptAssemblies/UnityEditor.UI.dll
[200/233    0s] CopyFiles Library/ScriptAssemblies/UnityEditor.UI.pdb
[           0s] Csc Library/Bee/artifacts/200b0aE.dag/Unity.Multiplayer.Center.Common.dll (+2 others) [CacheMiss 18bd4a9102b6207fd937917a0a7aaeb800000000000000000000000000000006]
[           0s] Csc Library/Bee/artifacts/200b0aE.dag/Unity.InternalAPIEngineBridge.004.dll (+2 others) [CacheMiss 80e4cb1f3ea9e8f1230b3a5708b15b1800000000000000000000000000000006]
[201/233    0s] Csc Library/Bee/artifacts/200b0aE.dag/Unity.Multiplayer.Center.Common.dll (+2 others)
[202/233    0s] Csc Library/Bee/artifacts/200b0aE.dag/Unity.InternalAPIEngineBridge.004.dll (+2 others)
[           0s] Csc Library/Bee/artifacts/200b0aE.dag/Unity.InternalAPIEngineBridge.004.dll (+2 others) [CacheWrite 80e4cb1f3ea9e8f1230b3a5708b15b1800000000000000000000000000000006]
[           0s] Csc Library/Bee/artifacts/200b0aE.dag/Unity.Multiplayer.Center.Common.dll (+2 others) [CacheWrite 18bd4a9102b6207fd937917a0a7aaeb800000000000000000000000000000006]
[207/233    0s] CopyFiles Library/ScriptAssemblies/Unity.Multiplayer.Center.Common.dll
[208/233    0s] CopyFiles Library/ScriptAssemblies/Unity.Multiplayer.Center.Common.pdb
[209/233    0s] CopyFiles Library/ScriptAssemblies/Unity.InternalAPIEngineBridge.004.dll
[210/233    0s] CopyFiles Library/ScriptAssemblies/Unity.InternalAPIEngineBridge.004.pdb
[           0s] Csc Library/Bee/artifacts/200b0aE.dag/Unity.Multiplayer.Center.Editor.dll (+2 others) [CacheMiss 49737bdf49d1a7a6137f6b6e706a200a00000000000000000000000000000006]
[           0s] Csc Library/Bee/artifacts/200b0aE.dag/Unity.TextMeshPro.dll (+2 others) [CacheMiss 937f6b679f8e1a717bc1fc90a3d6e2f400000000000000000000000000000006]
[211/233    0s] Csc Library/Bee/artifacts/200b0aE.dag/Unity.Multiplayer.Center.Editor.dll (+2 others)
[212/233    0s] Csc Library/Bee/artifacts/200b0aE.dag/Unity.TextMeshPro.dll (+2 others)
[           0s] Csc Library/Bee/artifacts/200b0aE.dag/Unity.Multiplayer.Center.Editor.dll (+2 others) [CacheWrite 49737bdf49d1a7a6137f6b6e706a200a00000000000000000000000000000006]
[           0s] Csc Library/Bee/artifacts/200b0aE.dag/Unity.TextMeshPro.dll (+2 others) [CacheWrite 937f6b679f8e1a717bc1fc90a3d6e2f400000000000000000000000000000006]
[217/233    0s] CopyFiles Library/ScriptAssemblies/Unity.Multiplayer.Center.Editor.dll
[218/233    0s] CopyFiles Library/ScriptAssemblies/Unity.Multiplayer.Center.Editor.pdb
[219/233    0s] CopyFiles Library/ScriptAssemblies/Unity.TextMeshPro.dll
[220/233    0s] CopyFiles Library/ScriptAssemblies/Unity.TextMeshPro.pdb
[           0s] Csc Library/Bee/artifacts/200b0aE.dag/Unity.TextMeshPro.Editor.dll (+2 others) [CacheMiss dfba419deb4490621e1632e680eb20a800000000000000000000000000000006]
[           0s] Csc Library/Bee/artifacts/200b0aE.dag/UnityEditor.UI.Analytics.dll (+2 others) [CacheMiss a9b682b5daedcc6e744b4718c9b51f7700000000000000000000000000000006]
[221/233    0s] Csc Library/Bee/artifacts/200b0aE.dag/UnityEditor.UI.Analytics.dll (+2 others)
[222/233    0s] Csc Library/Bee/artifacts/200b0aE.dag/Unity.TextMeshPro.Editor.dll (+2 others)
[           0s] Csc Library/Bee/artifacts/200b0aE.dag/Unity.TextMeshPro.Editor.dll (+2 others) [CacheWrite dfba419deb4490621e1632e680eb20a800000000000000000000000000000006]
[           0s] Csc Library/Bee/artifacts/200b0aE.dag/UnityEditor.UI.Analytics.dll (+2 others) [CacheWrite a9b682b5daedcc6e744b4718c9b51f7700000000000000000000000000000006]
[226/233    0s] CopyFiles Library/ScriptAssemblies/UnityEditor.UI.Analytics.pdb
[227/233    0s] CopyFiles Library/ScriptAssemblies/UnityEditor.UI.Analytics.dll
[228/233    0s] CopyFiles Library/ScriptAssemblies/Unity.TextMeshPro.Editor.dll
[229/233    0s] CopyFiles Library/ScriptAssemblies/Unity.TextMeshPro.Editor.pdb
[230/233    0s] Csc Library/Bee/artifacts/200b0aE.dag/Assembly-CSharp.dll (+2 others)
[231/233    0s] CopyFiles Library/ScriptAssemblies/Assembly-CSharp.pdb
[232/233    0s] CopyFiles Library/ScriptAssemblies/Assembly-CSharp.dll
*** Tundra build success (2.45 seconds), 36 items updated, 233 evaluated
AssetDatabase: script compilation time: 3.055033s
Begin MonoManager ReloadAssembly
Total cache size 153952644
Total cache size after purge 153952644, took 00:00:00.0340864
Native extension for OSXStandalone target not found
Native extension for WebGL target not found
ScheduleIndexationOnStartup MainProcess:True IndexOnStartup:True
Mono: successfully reloaded assembly
- Finished resetting the current domain, in  0.196 seconds
Domain Reload Profiling: 346ms
	BeginReloadAssembly (82ms)
		DisableScriptedObjects (7ms)
		CreateAndSetChildDomain (28ms)
	RebuildCommonClasses (3ms)
	RebuildNativeTypeToScriptingClass (7ms)
	initialDomainReloadingComplete (11ms)
	LoadAllAssembliesAndSetupDomain (46ms)
		LoadAssemblies (29ms)
		AnalyzeDomain (9ms)
			TypeCache.Refresh (6ms)
				TypeCache.ScanAssembly (3ms)
	FinalizeReload (197ms)
		SetupLoadedEditorAssemblies (0ms)
			BeforeProcessingInitializeOnLoad (32ms)
			ProcessInitializeOnLoadAttributes (53ms)
			ProcessInitializeOnLoadMethodAttributes (35ms)
		AwakeInstancesAfterBackupRestoration (6ms)
Starting new worker id: 0 with log in /Users/andrew/ProyectosPersonales/Umbra/My project/Logs/AssetImportWorkerHW0.log

Asset Pipeline Refresh (id=0ea32b6967bbd47c4847b8b064d13c86): Total: 3.489 seconds - Initiated by InitialRefreshV2(ForceSynchronousImport)
	(Values over 0.05ms)
	Summary:
		Imports: total=0 (actual=0, local cache=0, cache server=0)
		Asset DB Process Time: managed=0 ms, native=261 ms
		Asset DB Callback time: managed=8 ms, native=3 ms
		Scripting: domain reloads=1, domain reload time=157 ms, compile time=3056 ms, other=2 ms
		Project Asset Count: scripts=203, non-scripts=123
		Asset File Changes: new=0, changed=0, moved=0, deleted=0
		Scan Filter Count: 1
	InvokePackagesCallback: 3.985ms
	ApplyChangesToAssetFolders: 0.514ms
	Scan: 38.621ms
	Collect global state as custom dependencies: 2.324ms
	CategorizeScriptCompilationAssets: 0.637ms
	ProcessAssetsWithTransientArtifactChanges: 3.579ms
	CategorizeAssets: 1.283ms
	CompileScripts: 3055.725ms
	ImportOutOfDateAssets: 199.532ms (197.981ms without children)
		UnloadImportedAssets: 0.100ms
		ImportSchedulerStart: 1.418ms
	PostProcessAllAssets: 8.659ms
		MonoPostProcessAllAssets: 8.639ms
			WindowAssetPostprocessingWatcher.OnPostprocessAllAssets 2.893ms
			SyncVS.PostprocessSyncProject 0.952ms
			SpeedTree9Postprocessor.OnPostprocessAllAssets 0.287ms
			ReferencedClipsPostProcessor.OnPostprocessAllAssets 0.128ms
			TerrainToolbarOverlayPostProcessor.OnPostprocessAllAssets 0.077ms
			AssetDatabaseCallbacks.OnPostprocessAllAssets 0.053ms
	UnloadStreamsBegin: 0.509ms
	GenerateScriptTypeHashes: 0.108ms
	GenerateScriptTypeSerializationHashes: 0.236ms
	Untracked: 172.303ms

Application.AssetDatabase Initial Refresh End
Launching external process: /Applications/Unity/Hub/Editor/6000.5.2f1/Unity.app/Contents/Helpers/UnityShaderCompiler
Launched and connected shader compiler UnityShaderCompiler after 0.02 seconds
Scanning for USB devices : 0.543ms
Initializing Unity extensions:
[MODES] ModeService[none].Initialize
[MODES] ModeService[none].LoadModes
[MODES] Loading mode Default (0) for mode-current-id-My project
2026-08-27 00:27:41.082 Unity[50702:8275043] NSEventModifierFlagFunction specified to -setKeyEquivalentModifierMask: for item <NSMenuItem: 0x75e4ef3e0 SDF, ke='Command-F12'>, but is only supported for system-provided menu items; will not be used
Unloading 3 Unused Serialized files (Serialized files now loaded: 0)
Unloading 450 unused Assets / (492.1 KB). Loaded Objects now: 1103.
Memory consumption went from 134.3 MB to 133.8 MB.
Total: 3.245250 ms (FindLiveObjects: 0.030458 ms CreateObjectMapping: 0.033458 ms MarkObjects: 2.962250 ms  DeleteObjects: 0.218708 ms)

[LAYOUT] About to load UserSettings/Layouts/default-6000.dwlt, keepMainWindow=False
[LAYOUT] About to save layout /Users/andrew/ProyectosPersonales/Umbra/My project/UserSettings/Layouts/default-6000.dwlt
[LAYOUT] About to save layout /Users/andrew/Library/Preferences/Unity/Editor-5.x/Layouts/current/default-6000.dwlt
[MODES] ModeService[default].InitializeCurrentMode
[MODES] ModeService[default].RaiseModeChanged(default, default)
Worker ready: AssetImportWorkerHW0 0
This project uses Input Manager, which is marked for deprecation. To manage input in your project, use the <a href="https://docs.unity3d.com/Packages/com.unity.inputsystem@latest">Input System package</a> instead.
[Project] Loading completed in 5.689 seconds
	Project init time: 				5.020 seconds
		Template init time: 		0.000 seconds
		Package Manager init time: 		0.278 seconds
		Asset Database init time: 		0.485 seconds
		Global illumination init time: 	0.001 seconds
		Assemblies load time: 			0.436 seconds
		Unity extensions init time: 	0.001 seconds
		Asset Database refresh time: 	3.489 seconds
	Scene opening time: 			0.534 seconds
##utp:{"type":"ProjectInfo","version":2,"phase":"Immediate","time":1787808461610,"processId":50702,"projectLoad":5.688520959,"projectInit":5.020262375,"templateInit":0.0,"packageManagerInit":0.27799075,"assetDatabaseInit":0.485368291,"globalIlluminationInit":0.00054325,"assembliesLoad":0.436185042,"unityExtensionsInit":0.00109325,"assetDatabaseRefresh":3.489108167,"sceneOpening":0.53448375}
##utp:{"type":"EditorInfo","version":2,"phase":"Immediate","time":1787808461610,"processId":50702,"editorVersion":"6000.5.2f1 (eb73d3b415a1)","branch":"6000.5/staging","buildType":"Release","platform":"OSX"}
Subscribe to USB device events
Scanning for USB devices : 0.505ms
Dynamic Batching is deprecated and will be removed in a future release. Use GPU Instancing instead. Disable Dynamic Batching in Project Settings > Player > Other Settings to remove this warning.
UnityEngine.Debug:ExtractStackTraceNoAlloc (byte*,int,string)
UnityEngine.StackTraceUtility:ExtractStackTrace () (at /Users/bokken/build/output/unity/unity/Runtime/Export/Scripting/StackTrace.cs:35)
UnityEngine.DebugLogHandler:Internal_Log (UnityEngine.LogType,UnityEngine.LogOption,string,UnityEngine.Object)
UnityEngine.DebugLogHandler:LogFormat (UnityEngine.LogType,UnityEngine.Object,string,object[])
UnityEngine.Logger:Log (UnityEngine.LogType,object)
UnityEngine.Debug:LogWarning (object)
UnityEditor.PlayerSettingsBatchingWarning:WarnIfDynamicBatchingEnabled () (at /Users/bokken/build/output/unity/unity/Editor/Mono/Inspector/PlayerSettingsEditor/PlayerSettingsBatchingWarning.cs:45)
UnityEditor.EditorApplication:Internal_CallUpdateFunctions () (at /Users/bokken/build/output/unity/unity/Editor/Mono/EditorApplication.cs:403)

(Filename: /Users/bokken/build/output/unity/unity/Editor/Mono/Inspector/PlayerSettingsEditor/PlayerSettingsBatchingWarning.cs Line: 45)

Start Indexing on Editor startup
[Indexing] Starting Initial Indexing for Assets
Created GICache directory at /Users/andrew/Library/Caches/com.unity3d.UnityEditor/GiCache. Took: 0.002s, timestamps: [5.711 - 5.713]
[Licensing::Client] Successfully resolved entitlement details
[Licensing::Client] Successfully resolved entitlement details
[Licensing::Client] Successfully updated the access token
[Licensing::Module] Successfully updated access token: "SiVwsDEF"... (expires: 2026-08-27T06:37:54Z)
TrimDiskCacheJob: Current cache size 0mb
Asset Pipeline Refresh (id=be994dfd539ef4dec8f587ed3ea792cd): Total: 0.035 seconds - Initiated by RefreshV2(AllowForceSynchronousImport)
2026-08-27 00:35:27.868 Unity[50702:8275043] NSEventModifierFlagFunction specified to -setKeyEquivalentModifierMask: for item <NSMenuItem: 0x75e4ea300 SDF, ke='Command-F12'>, but is only supported for system-provided menu items; will not be used
[Licensing::Client] Successfully resolved entitlement details
[Licensing::Client] Successfully resolved entitlement details
[Licensing::Client] Successfully resolved entitlement details
[Licensing::Client] Successfully resolved entitlement details
[Licensing::Client] Successfully resolved entitlement details
[Licensing::Client] Successfully resolved entitlement details
[Licensing::Client] Successfully resolved entitlement details
[Licensing::Client] Successfully resolved entitlement details
[Licensing::Client] Successfully resolved entitlement details
[Licensing::Client] Successfully resolved entitlement details
[Licensing::Client] Successfully resolved entitlement details
[Licensing::Client] Successfully resolved entitlement details
[Licensing::Client] Successfully resolved entitlement details
[Licensing::Client] Successfully resolved entitlement details
[Licensing::Client] Successfully resolved entitlement details
[Licensing::Client] Successfully resolved entitlement details
[Licensing::Client] Successfully resolved entitlement details
[Licensing::Client] Successfully resolved entitlement details
[Licensing::Client] Successfully resolved entitlement details
[Licensing::Client] Successfully resolved entitlement details
[Licensing::Client] Successfully resolved entitlement details
[Licensing::Client] Successfully resolved entitlement details
[Licensing::Client] Successfully resolved entitlement details
[Licensing::Client] Successfully resolved entitlement details
[Licensing::Client] Successfully resolved entitlement details
[Licensing::Client] Successfully resolved entitlement details
[Licensing::Client] Successfully resolved entitlement details
[Licensing::Client] Successfully resolved entitlement details
[Licensing::Client] Successfully resolved entitlement details
Asset Pipeline Refresh (id=afe836a3167114c0b98027963d447d42): Total: 0.014 seconds - Initiated by RefreshV2(AllowForceSynchronousImport)
Asset Pipeline Refresh (id=3987256659fec4b20aade16d33f39c6b): Total: 0.014 seconds - Initiated by RefreshV2(AllowForceSynchronousImport)
[Licensing::Client] Successfully resolved entitlement details
Asset Pipeline Refresh (id=aa40ffe7fe911457bb43e29cc6d7f0cb): Total: 0.008 seconds - Initiated by RefreshV2(ForceSynchronousImport)
[Licensing::Client] Successfully resolved entitlement details
[Package Manager] Done resolving packages in 0.12 seconds
[Licensing::Client] Successfully resolved entitlement details
[Package Manager] Registered 39 packages:
  Packages from [https://packages.unity.com]:
    com.unity.inputsystem@1.19.0 (location: /Users/andrew/ProyectosPersonales/Umbra/My project/Library/PackageCache/com.unity.inputsystem@21a28c3a6c83)
  Built-in packages:
    com.unity.multiplayer.center@1.0.1 (location: /Users/andrew/ProyectosPersonales/Umbra/My project/Library/PackageCache/com.unity.multiplayer.center@b860850997d0)
    com.unity.ugui@2.5.0 (location: /Users/andrew/ProyectosPersonales/Umbra/My project/Library/PackageCache/com.unity.ugui@3d1ea40b73ef)
    com.unity.modules.accessibility@1.0.0 (location: /Users/andrew/ProyectosPersonales/Umbra/My project/Library/PackageCache/com.unity.modules.accessibility)
    com.unity.modules.adaptiveperformance@1.0.0 (location: /Users/andrew/ProyectosPersonales/Umbra/My project/Library/PackageCache/com.unity.modules.adaptiveperformance)
    com.unity.modules.ai@1.0.0 (location: /Users/andrew/ProyectosPersonales/Umbra/My project/Library/PackageCache/com.unity.modules.ai)
    com.unity.modules.androidjni@1.0.0 (location: /Users/andrew/ProyectosPersonales/Umbra/My project/Library/PackageCache/com.unity.modules.androidjni)
    com.unity.modules.animation@1.0.0 (location: /Users/andrew/ProyectosPersonales/Umbra/My project/Library/PackageCache/com.unity.modules.animation)
    com.unity.modules.assetbundle@1.0.0 (location: /Users/andrew/ProyectosPersonales/Umbra/My project/Library/PackageCache/com.unity.modules.assetbundle)
    com.unity.modules.audio@1.0.0 (location: /Users/andrew/ProyectosPersonales/Umbra/My project/Library/PackageCache/com.unity.modules.audio)
    com.unity.modules.cloth@1.0.0 (location: /Users/andrew/ProyectosPersonales/Umbra/My project/Library/PackageCache/com.unity.modules.cloth)
    com.unity.modules.director@1.0.0 (location: /Users/andrew/ProyectosPersonales/Umbra/My project/Library/PackageCache/com.unity.modules.director)
    com.unity.modules.imageconversion@1.0.0 (location: /Users/andrew/ProyectosPersonales/Umbra/My project/Library/PackageCache/com.unity.modules.imageconversion)
    com.unity.modules.imgui@1.0.0 (location: /Users/andrew/ProyectosPersonales/Umbra/My project/Library/PackageCache/com.unity.modules.imgui)
    com.unity.modules.jsonserialize@1.0.0 (location: /Users/andrew/ProyectosPersonales/Umbra/My project/Library/PackageCache/com.unity.modules.jsonserialize)
    com.unity.modules.particlesystem@1.0.0 (location: /Users/andrew/ProyectosPersonales/Umbra/My project/Library/PackageCache/com.unity.modules.particlesystem)
    com.unity.modules.physics@1.0.0 (location: /Users/andrew/ProyectosPersonales/Umbra/My project/Library/PackageCache/com.unity.modules.physics)
    com.unity.modules.physics2d@1.0.0 (location: /Users/andrew/ProyectosPersonales/Umbra/My project/Library/PackageCache/com.unity.modules.physics2d)
    com.unity.modules.physicscore2d@1.0.0 (location: /Users/andrew/ProyectosPersonales/Umbra/My project/Library/PackageCache/com.unity.modules.physicscore2d)
    com.unity.modules.screencapture@1.0.0 (location: /Users/andrew/ProyectosPersonales/Umbra/My project/Library/PackageCache/com.unity.modules.screencapture)
    com.unity.modules.terrain@1.0.0 (location: /Users/andrew/ProyectosPersonales/Umbra/My project/Library/PackageCache/com.unity.modules.terrain)
    com.unity.modules.terrainphysics@1.0.0 (location: /Users/andrew/ProyectosPersonales/Umbra/My project/Library/PackageCache/com.unity.modules.terrainphysics)
    com.unity.modules.tilemap@1.0.0 (location: /Users/andrew/ProyectosPersonales/Umbra/My project/Library/PackageCache/com.unity.modules.tilemap)
    com.unity.modules.ui@1.0.0 (location: /Users/andrew/ProyectosPersonales/Umbra/My project/Library/PackageCache/com.unity.modules.ui)
    com.unity.modules.uielements@1.0.0 (location: /Users/andrew/ProyectosPersonales/Umbra/My project/Library/PackageCache/com.unity.modules.uielements)
    com.unity.modules.umbra@1.0.0 (location: /Users/andrew/ProyectosPersonales/Umbra/My project/Library/PackageCache/com.unity.modules.umbra)
    com.unity.modules.unityanalytics@1.0.0 (location: /Users/andrew/ProyectosPersonales/Umbra/My project/Library/PackageCache/com.unity.modules.unityanalytics)
    com.unity.modules.unitywebrequest@1.0.0 (location: /Users/andrew/ProyectosPersonales/Umbra/My project/Library/PackageCache/com.unity.modules.unitywebrequest)
    com.unity.modules.unitywebrequestassetbundle@1.0.0 (location: /Users/andrew/ProyectosPersonales/Umbra/My project/Library/PackageCache/com.unity.modules.unitywebrequestassetbundle)
    com.unity.modules.unitywebrequestaudio@1.0.0 (location: /Users/andrew/ProyectosPersonales/Umbra/My project/Library/PackageCache/com.unity.modules.unitywebrequestaudio)
    com.unity.modules.unitywebrequesttexture@1.0.0 (location: /Users/andrew/ProyectosPersonales/Umbra/My project/Library/PackageCache/com.unity.modules.unitywebrequesttexture)
    com.unity.modules.unitywebrequestwww@1.0.0 (location: /Users/andrew/ProyectosPersonales/Umbra/My project/Library/PackageCache/com.unity.modules.unitywebrequestwww)
    com.unity.modules.vectorgraphics@1.0.0 (location: /Users/andrew/ProyectosPersonales/Umbra/My project/Library/PackageCache/com.unity.modules.vectorgraphics)
    com.unity.modules.vehicles@1.0.0 (location: /Users/andrew/ProyectosPersonales/Umbra/My project/Library/PackageCache/com.unity.modules.vehicles)
    com.unity.modules.video@1.0.0 (location: /Users/andrew/ProyectosPersonales/Umbra/My project/Library/PackageCache/com.unity.modules.video)
    com.unity.modules.wind@1.0.0 (location: /Users/andrew/ProyectosPersonales/Umbra/My project/Library/PackageCache/com.unity.modules.wind)
    com.unity.modules.xr@1.0.0 (location: /Users/andrew/ProyectosPersonales/Umbra/My project/Library/PackageCache/com.unity.modules.xr)
    com.unity.modules.subsystems@1.0.0 (location: /Users/andrew/ProyectosPersonales/Umbra/My project/Library/PackageCache/com.unity.modules.subsystems)
    com.unity.modules.hierarchycore@1.0.0 (location: /Users/andrew/ProyectosPersonales/Umbra/My project/Library/PackageCache/com.unity.modules.hierarchycore)
[Subsystems] No new subsystems found in resolved package list.
[Package Manager] Done registering packages in 0.00 seconds
[ScriptCompilation] Requested script compilation because: Assembly Definition File(s) changed
[ScriptCompilation] Requested script compilation because: AssetDatabase observed changes in script compilation related files
[Licensing::Client] Successfully resolved entitlement details
info: Microsoft.AspNetCore.Hosting.Diagnostics[1]
      Request starting HTTP/2 POST http://ilpp/UnityILPP.PostProcessing/Ping - application/grpc -
info: Microsoft.AspNetCore.Routing.EndpointMiddleware[0]
      Executing endpoint 'gRPC - /UnityILPP.PostProcessing/Ping'
info: Microsoft.AspNetCore.Routing.EndpointMiddleware[1]
      Executed endpoint 'gRPC - /UnityILPP.PostProcessing/Ping'
info: Microsoft.AspNetCore.Hosting.Diagnostics[2]
      Request finished HTTP/2 POST http://ilpp/UnityILPP.PostProcessing/Ping - 200 - application/grpc 0.8379ms
Starting: /Applications/Unity/Hub/Editor/6000.5.2f1/Unity.app/Contents/Resources/BuildPipeline/bee_backend --ipc --defer-dag-verification --dagfile="Library/Bee/200b0aE.dag" --continue-on-failure --profile="Library/Bee/backend1.traceevents" ScriptAssemblies
WorkingDir: /Users/andrew/ProyectosPersonales/Umbra/My project
Starting: /Applications/Unity/Hub/Editor/6000.5.2f1/Unity.app/Contents/Resources/Scripting/netcorerun/netcorerun "/Applications/Unity/Hub/Editor/6000.5.2f1/Unity.app/Contents/Resources/BuildPipeline/ScriptCompilationBuildProgram.exe" "Library/Bee/200b0aE.dag.json" "Library/Bee/200b0aE-inputdata.json" "Library/Bee/buildprogram0.traceevents"
ExitCode: 4 Duration: 0s43ms
Rebuilding DAG because FileSignature timestamp changed: Library/Bee/200b0aE-inputdata.json
*** Tundra requires additional run (0.03 seconds), 0 items updated, 233 evaluatedWorkingDir: /Users/andrew/ProyectosPersonales/Umbra/My project

ExitCode: 0 Duration: 0s297ms
Starting: /Applications/Unity/Hub/Editor/6000.5.2f1/Unity.app/Contents/Resources/BuildPipeline/bee_backend --ipc --defer-dag-verification --dagfile="Library/Bee/200b0aE.dag" --continue-on-failure --dagfilejson="Library/Bee/200b0aE.dag.json" --profile="Library/Bee/backend2.traceevents" ScriptAssemblies
WorkingDir: /Users/andrew/ProyectosPersonales/Umbra/My project
ExitCode: 0 Duration: 2s930ms
Finished compiling graph: 262 nodes, 2558 flattened edges (2420 ToBuild, 24 ToUse), maximum node priority 119
[186/259    0s] WriteText Library/Bee/artifacts/200b0aE.dag/UnityEngine.UI.rsp
[187/259    0s] WriteText Library/Bee/artifacts/200b0aE.dag/Unity.InputSystem.DocCodeSamples.UnityAdditionalFile.txt
[188/259    0s] WriteText Library/Bee/artifacts/200b0aE.dag/Unity.InputSystem.ForUI.UnityAdditionalFile.txt
[189/259    0s] WriteText Library/Bee/artifacts/200b0aE.dag/Unity.InputSystem.ForUI.rsp
[190/259    0s] WriteText Library/Bee/artifacts/200b0aE.dag/Assembly-CSharp.dll.mvfrm.rsp
[191/259    0s] WriteText Library/Bee/artifacts/200b0aE.dag/Unity.InputSystem.UnityAdditionalFile.txt
[192/259    0s] WriteText Library/Bee/artifacts/200b0aE.dag/Unity.InputSystem.rsp2
[193/259    0s] WriteText Library/Bee/artifacts/200b0aE.dag/Assembly-CSharp.rsp
[194/259    0s] WriteText Library/Bee/artifacts/200b0aE.dag/Unity.InputSystem.rsp
[195/259    0s] WriteText Library/Bee/artifacts/200b0aE.dag/Unity.InputSystem.DocCodeSamples.dll.mvfrm.rsp
[196/259    0s] WriteText Library/Bee/artifacts/200b0aE.dag/Unity.InputSystem.DocCodeSamples.rsp
[197/259    0s] WriteText Library/Bee/artifacts/200b0aE.dag/Unity.InputSystem.dll.mvfrm.rsp
[198/259    0s] WriteText Library/Bee/artifacts/200b0aE.dag/Unity.InputSystem.ForUI.dll.mvfrm.rsp
[199/259    0s] WriteText Library/Bee/artifacts/200b0aE.dag/Unity.InputSystem.DocCodeSamples.rsp2
[200/259    0s] WriteText Library/Bee/artifacts/200b0aE.dag/Unity.InputSystem.ForUI.rsp2
[           0s] Csc Library/Bee/artifacts/200b0aE.dag/UnityEngine.UI.dll (+2 others) [CacheMiss fe54f7e88c3ed6c8e6c229431bc10f9400000000000000000000000000000006]
[202/259    1s] Csc Library/Bee/artifacts/200b0aE.dag/UnityEngine.UI.dll (+2 others)
[           0s] Csc Library/Bee/artifacts/200b0aE.dag/UnityEngine.UI.dll (+2 others) [CacheWrite fe54f7e88c3ed6c8e6c229431bc10f9400000000000000000000000000000006]
[209/259    0s] CopyFiles Library/ScriptAssemblies/UnityEngine.UI.pdb
[210/259    0s] CopyFiles Library/ScriptAssemblies/UnityEngine.UI.dll
[241/259    0s] MovedFromExtractor-Combine Library/Bee/artifacts/200b0aE.dag/Unity.InputSystem.dll.mvfrm
[           0s] Csc Library/Bee/artifacts/200b0aE.dag/Unity.InputSystem.dll (+2 others) [CacheMiss d1e8c3124da93ce61706fd0fd727f87200000000000000000000000000000006]
[242/259    1s] Csc Library/Bee/artifacts/200b0aE.dag/Unity.InputSystem.dll (+2 others)
[           0s] Csc Library/Bee/artifacts/200b0aE.dag/Unity.InputSystem.dll (+2 others) [CacheWrite d1e8c3124da93ce61706fd0fd727f87200000000000000000000000000000006]
[243/259    0s] CopyFiles Library/ScriptAssemblies/Unity.InputSystem.pdb
[244/259    0s] CopyFiles Library/ScriptAssemblies/Unity.InputSystem.dll
[245/259    0s] MovedFromExtractor Library/Bee/artifacts/mvdfrm/Unity.InputSystem.ref.dll_62EC740DD3AB3A8D.mvfrm
[246/259    0s] MovedFromExtractor-Combine Library/Bee/artifacts/200b0aE.dag/Unity.InputSystem.DocCodeSamples.dll.mvfrm
[247/259    0s] MovedFromExtractor-Combine Library/Bee/artifacts/200b0aE.dag/Unity.InputSystem.ForUI.dll.mvfrm
[           0s] Csc Library/Bee/artifacts/200b0aE.dag/Unity.InputSystem.DocCodeSamples.dll (+2 others) [CacheMiss 50001a2329b76801af9ee76a8d1499c400000000000000000000000000000006]
[           0s] Csc Library/Bee/artifacts/200b0aE.dag/Unity.InputSystem.ForUI.dll (+2 others) [CacheMiss b0d9e5d36418e771d28497e3d4a1641100000000000000000000000000000006]
[248/259    0s] Csc Library/Bee/artifacts/200b0aE.dag/Unity.InputSystem.DocCodeSamples.dll (+2 others)
[249/259    0s] Csc Library/Bee/artifacts/200b0aE.dag/Unity.InputSystem.ForUI.dll (+2 others)
[           0s] Csc Library/Bee/artifacts/200b0aE.dag/Unity.InputSystem.ForUI.dll (+2 others) [CacheWrite b0d9e5d36418e771d28497e3d4a1641100000000000000000000000000000006]
[           0s] Csc Library/Bee/artifacts/200b0aE.dag/Unity.InputSystem.DocCodeSamples.dll (+2 others) [CacheWrite 50001a2329b76801af9ee76a8d1499c400000000000000000000000000000006]
[250/259    0s] CopyFiles Library/ScriptAssemblies/Unity.InputSystem.ForUI.dll
[251/259    0s] CopyFiles Library/ScriptAssemblies/Unity.InputSystem.DocCodeSamples.pdb
[252/259    0s] CopyFiles Library/ScriptAssemblies/Unity.InputSystem.DocCodeSamples.dll
[253/259    0s] CopyFiles Library/ScriptAssemblies/Unity.InputSystem.ForUI.pdb
[254/259    0s] MovedFromExtractor Library/Bee/artifacts/mvdfrm/Unity.InputSystem.ForUI.ref.dll_AAF6E30B590FA4FC.mvfrm
[255/259    0s] MovedFromExtractor-Combine Library/Bee/artifacts/200b0aE.dag/Assembly-CSharp.dll.mvfrm
[256/259    0s] Csc Library/Bee/artifacts/200b0aE.dag/Assembly-CSharp.dll (+2 others)
[257/259    0s] CopyFiles Library/ScriptAssemblies/Assembly-CSharp.pdb
[258/259    0s] CopyFiles Library/ScriptAssemblies/Assembly-CSharp.dll
*** Tundra build success (2.91 seconds), 36 items updated, 259 evaluated
Reloading assemblies after forced synchronous recompile.
Begin MonoManager ReloadAssembly
2026-08-27 00:38:30.358 Unity[50702:8275043] NSEventModifierFlagFunction specified to -setKeyEquivalentModifierMask: for item <NSMenuItem: 0x75e4f0960 SDF, ke='Command-F12'>, but is only supported for system-provided menu items; will not be used
Total cache size 157736056
2026-08-27 00:38:30.359 Unity[50702:8275043] NSEventModifierFlagFunction specified to -setKeyEquivalentModifierMask: for item <NSMenuItem: 0x75e4e3020 SDF, ke='Command-F12'>, but is only supported for system-provided menu items; will not be used
Total cache size after purge 157736056, took 00:00:00.0394581
2026-08-27 00:38:30.361 Unity[50702:8275043] NSEventModifierFlagFunction specified to -setKeyEquivalentModifierMask: for item <NSMenuItem: 0x75e42b340 SDF, ke='Command-F12'>, but is only supported for system-provided menu items; will not be used
2026-08-27 00:38:30.362 Unity[50702:8275043] NSEventModifierFlagFunction specified to -setKeyEquivalentModifierMask: for item <NSMenuItem: 0x7574e6260 SDF, ke='Command-F12'>, but is only supported for system-provided menu items; will not be used
Thread 0x17d1d7000 may have been prematurely finalized
<CFData 0x760f79bd0 [0x1fba0d308]>{length = 6, capacity = 6, bytes = 0xc0c7db012ee7}
Importing 'GUID: ac53fbe9e2e3a1535e2bfa5d8a7dfd6e - Path: Packages/com.unity.inputsystem' with importer (DefaultImporter)
Imported 'GUID: ac53fbe9e2e3a1535e2bfa5d8a7dfd6e' -> (Import Result ID: 'ec05e83c4f50daec65ee7c112f1a6eb3') in 0.005 seconds [static dependencies only]. Details - ImportResultOutputID=73afce19e18736d1daf41314bb392c3b DependenciesID=e23a38b98ef7d27b5cb02408c32bcb24 StaticDependenciesID=ce03046fb28dfe1b625cc89365149a0c 
Importing 'GUID: c0f26b555bfc14351a9f8ec342fd6ae8 - Path: Packages/com.unity.inputsystem/DocCodeSamples.Tests' with importer (DefaultImporter)
Imported 'GUID: c0f26b555bfc14351a9f8ec342fd6ae8' -> (Import Result ID: 'f707155ed0b5e64be9bfa7ec9c476627') in 0.000 seconds [static dependencies only]. Details - ImportResultOutputID=3fab7254393dca38f246b316d811bc0e DependenciesID=28aa6c6141bf292f2e164953592605fe StaticDependenciesID=50f8223717b241bb3b728920e896f217 
Importing 'GUID: f1c1e9b3951e340e48a3d2c037d6f48b - Path: Packages/com.unity.inputsystem/Tests' with importer (DefaultImporter)
Imported 'GUID: f1c1e9b3951e340e48a3d2c037d6f48b' -> (Import Result ID: '4cc36f77632955a80471ef1822ed7794') in 0.000 seconds [static dependencies only]. Details - ImportResultOutputID=0997a277f66f95929d5de056dd76aab1 DependenciesID=29dd67a47723ef9959398c6ccb785801 StaticDependenciesID=22ab107c769a2f32c7abe31dbf32c549 
Importing 'GUID: 7be622e2320c433e83fcfd2dbb7bd468 - Path: Packages/com.unity.inputsystem/InputSystem' with importer (DefaultImporter)
Imported 'GUID: 7be622e2320c433e83fcfd2dbb7bd468' -> (Import Result ID: '5da46f762e4f142ca9a62758877eaea6') in 0.000 seconds [static dependencies only]. Details - ImportResultOutputID=da657d8504750f2e04a1b5d61bea799d DependenciesID=339736cbbebcc6432b41ab9a94c2260d StaticDependenciesID=cadc5e5cc45bba0e30eb8c7184a4e644 
Importing 'GUID: 2069418e852748dbaa154cf71b8f033a - Path: Packages/com.unity.inputsystem/InputSystem/Actions' with importer (DefaultImporter)
Imported 'GUID: 2069418e852748dbaa154cf71b8f033a' -> (Import Result ID: '058776f7f582bde9677dd92925c2da50') in 0.000 seconds [static dependencies only]. Details - ImportResultOutputID=b0964e92ebb42d5f75a3e127340f720e DependenciesID=4c494c310d78d62b9bc013c3b714f60d StaticDependenciesID=e1fba1650bcb0944236f7d3ea7f2ad75 
Importing 'GUID: 51e828593aae48cdbee6e9ae0ec20e5d - Path: Packages/com.unity.inputsystem/InputSystem/Utilities' with importer (DefaultImporter)
Imported 'GUID: 51e828593aae48cdbee6e9ae0ec20e5d' -> (Import Result ID: '20cae91a2b19cb8fa48bf450488fb407') in 0.000 seconds [static dependencies only]. Details - ImportResultOutputID=f6f888ecdd6ee83ffcca44be3d35fad3 DependenciesID=81c6b399d25a723a0462f613a0c0e7ed StaticDependenciesID=8bb802dc18281477e7ba81f3f7f17209 
Importing 'GUID: e349610bc4b1546dd94c6dab37414d2b - Path: Packages/com.unity.inputsystem/Tests/TestFixture' with importer (DefaultImporter)
Imported 'GUID: e349610bc4b1546dd94c6dab37414d2b' -> (Import Result ID: '4141ee9b71f3295132d8f76b44927e92') in 0.000 seconds [static dependencies only]. Details - ImportResultOutputID=9a317461f4a6a89f9d34249beba86ce6 DependenciesID=11203dbdf08dba7722e62cba2f071022 StaticDependenciesID=6ab317f08e348b3a2a402bb514c584c2 
Importing 'GUID: 857f018a2ed885449804cf82b4fec116 - Path: Packages/com.unity.inputsystem/Tests/IntegrationTests' with importer (DefaultImporter)
Imported 'GUID: 857f018a2ed885449804cf82b4fec116' -> (Import Result ID: 'bb6d5c790711422706397ebf89b72247') in 0.000 seconds [static dependencies only]. Details - ImportResultOutputID=ca4115db03dd28d0f9f305941a95ef70 DependenciesID=464d398f2bdc084c36ad64d042cdffa7 StaticDependenciesID=d4713b81c5c0846069a52c7ddea03664 
Importing 'GUID: a6724a4cbf5d47a2b01ca5fe41036ddd - Path: Packages/com.unity.inputsystem/InputSystem/State' with importer (DefaultImporter)
Imported 'GUID: a6724a4cbf5d47a2b01ca5fe41036ddd' -> (Import Result ID: '44efd44d2b805a72ae0a0aa4027ebed4') in 0.000 seconds [static dependencies only]. Details - ImportResultOutputID=37fd97d158cc73c92ae3e0593e4082fd DependenciesID=18ce64925501a09464d751a79df0af7c StaticDependenciesID=9e66723c649b867016b0b3c0156081e8 
Importing 'GUID: 99f4ddb4a8fa4fcfa25917e64bcc6e8c - Path: Packages/com.unity.inputsystem/InputSystem/Events' with importer (DefaultImporter)
Imported 'GUID: 99f4ddb4a8fa4fcfa25917e64bcc6e8c' -> (Import Result ID: 'd0ae9a2049479d37fdde8b71c0cf9fec') in 0.000 seconds [static dependencies only]. Details - ImportResultOutputID=8d8c847cfea08eb0f1df111f552ed49c DependenciesID=f976de50a3bb2155641072f0932b118d StaticDependenciesID=5b97c66264b689f03eb724eea74aef5f 
Importing 'GUID: aa1e768bf3ad4ae8898571a206251472 - Path: Packages/com.unity.inputsystem/InputSystem/Controls' with importer (DefaultImporter)
Imported 'GUID: aa1e768bf3ad4ae8898571a206251472' -> (Import Result ID: '28d6cc3529549eaacf82019ea15cf5d3') in 0.000 seconds [static dependencies only]. Details - ImportResultOutputID=a44b105992c769d546c2fed565d181f2 DependenciesID=1d4e69c9143ba99666c93adae7f38716 StaticDependenciesID=6804bc05b77d491dd3e28ffd3d0c5f2a 
Importing 'GUID: abbbcd5cf6184b818eaa56c5778a4110 - Path: Packages/com.unity.inputsystem/InputSystem/Devices' with importer (DefaultImporter)
Imported 'GUID: abbbcd5cf6184b818eaa56c5778a4110' -> (Import Result ID: 'ef1c4703327ecaa0d9ee2b0525b5524f') in 0.000 seconds [static dependencies only]. Details - ImportResultOutputID=ce48ab4519ae8f53d47aec4904b078a4 DependenciesID=6c1f57b5bec8e499040a367dd8062cc4 StaticDependenciesID=935a7588d03a9fd9edd6635043a56af5 
Importing 'GUID: bcb3dcdfe51084a038a04105cfbc70aa - Path: Packages/com.unity.inputsystem/InputSystem/Plugins' with importer (DefaultImporter)
Imported 'GUID: bcb3dcdfe51084a038a04105cfbc70aa' -> (Import Result ID: '7e1fd76e8a2c1ca84ef1980ec9750504') in 0.000 seconds [static dependencies only]. Details - ImportResultOutputID=79f9634f987f3f03229c2586be84081a DependenciesID=0112ad9d9a0067276f280a76a04d745e StaticDependenciesID=ef26c4fc0907d837f933292dfc9c6773 
Importing 'GUID: ee6ce8b9ba0db4146b0b12d5985933bf - Path: Packages/com.unity.inputsystem/InputSystem/Editor' with importer (DefaultImporter)
Imported 'GUID: ee6ce8b9ba0db4146b0b12d5985933bf' -> (Import Result ID: 'a09da4cf452f02b8fd0fb4d398810cb7') in 0.000 seconds [static dependencies only]. Details - ImportResultOutputID=fb910bef8d866904eb13eba5bfa3abd6 DependenciesID=cfe74bd96959d71a3844c0f4ab38331c StaticDependenciesID=200e31b80ee37b18092c8dca4e5e98db 
Importing 'GUID: b01eed8192c9f442b820a7af87ac73f8 - Path: Packages/com.unity.inputsystem/InputSystem/Editor/ControlPicker' with importer (DefaultImporter)
Imported 'GUID: b01eed8192c9f442b820a7af87ac73f8' -> (Import Result ID: '5a4826f9950067c1431aaf2f73d484d6') in 0.000 seconds [static dependencies only]. Details - ImportResultOutputID=b57f5ca429f152038ed02cfa634fc1d2 DependenciesID=5b4cf1b2a69502e1fb32f063fb5f9006 StaticDependenciesID=1e0c2219de69eaa1e4019025201ce1a0 
Importing 'GUID: b102955bf08484d24b9122abab95b9fc - Path: Packages/com.unity.inputsystem/InputSystem/Plugins/Users' with importer (DefaultImporter)
Imported 'GUID: b102955bf08484d24b9122abab95b9fc' -> (Import Result ID: '780852420df93845ffeff2f2a3410ebd') in 0.000 seconds [static dependencies only]. Details - ImportResultOutputID=7873df4b7139ef9886eb340e8b4692c8 DependenciesID=17573724c5fdf6b32e686959d3dffc68 StaticDependenciesID=e5ad5c623d2fc63c9cd969dcf56dc477 
Importing 'GUID: c189b798c1d4842fcb189cf619033d39 - Path: Packages/com.unity.inputsystem/InputSystem/Editor/Settings' with importer (DefaultImporter)
Imported 'GUID: c189b798c1d4842fcb189cf619033d39' -> (Import Result ID: '46b606f1ff25f553f734e2475cc3ae34') in 0.000 seconds [static dependencies only]. Details - ImportResultOutputID=71cbe64db82ff92caf62a5770ac41161 DependenciesID=e5592dab0af4fc9b84451a9c968f74df StaticDependenciesID=39fdd0cdcbfd62b64a6b8de3bd5b775a 
Importing 'GUID: 726294051bc6c426e886d72ea4702f21 - Path: Packages/com.unity.inputsystem/InputSystem/Editor/PropertyDrawers' with importer (DefaultImporter)
Imported 'GUID: 726294051bc6c426e886d72ea4702f21' -> (Import Result ID: 'adc6d36429a04c8c231cb7fb0f6a6464') in 0.000 seconds [static dependencies only]. Details - ImportResultOutputID=edd4e8bba159a487cbe2dd432e7cfad8 DependenciesID=de700dbc00a423369e8ae89a81cbc6fc StaticDependenciesID=494336a11149351acc0ebb049b0fbad6 
Importing 'GUID: a27b7d2db78661c429e29911c09f8f4c - Path: Packages/com.unity.inputsystem/InputSystem/Plugins/Switch' with importer (DefaultImporter)
Imported 'GUID: a27b7d2db78661c429e29911c09f8f4c' -> (Import Result ID: '57cf3ed588d1222f80e8bc9ecd36abcf') in 0.000 seconds [static dependencies only]. Details - ImportResultOutputID=59612d2b1df3e0bd6adfeb4bf9f208b6 DependenciesID=f63cc46bd48a2b6a6b2912f67ee1b505 StaticDependenciesID=aad6ba98a509b295f12e956e40d7cb84 
Importing 'GUID: e286fc65ad3d4645b213e71b11e963e4 - Path: Packages/com.unity.inputsystem/InputSystem/Devices/Haptics' with importer (DefaultImporter)
Imported 'GUID: e286fc65ad3d4645b213e71b11e963e4' -> (Import Result ID: '557793b20e06c576773b111bed9c99c2') in 0.000 seconds [static dependencies only]. Details - ImportResultOutputID=26145c194bc4df6e8b6941d85bac430a DependenciesID=3edd33ed77f50a105a38dcbb70ed7cfc StaticDependenciesID=025f7cf86a07631225558de69d62372d 
Importing 'GUID: 8377f8bca2884d3ba3dd053d9b5d06f7 - Path: Packages/com.unity.inputsystem/InputSystem/Editor/Internal' with importer (DefaultImporter)
Imported 'GUID: 8377f8bca2884d3ba3dd053d9b5d06f7' -> (Import Result ID: '96fa107e70e8f5288f5640bf33b54d96') in 0.000 seconds [static dependencies only]. Details - ImportResultOutputID=e68b97653819d72b53fddc8d605f2c56 DependenciesID=176ff656f998b354dca95e4035ac864e StaticDependenciesID=035d16642f0652aa4f8e5122f65886b1 
Importing 'GUID: a3e712d7ab2114ca4960246b0d5e6215 - Path: Packages/com.unity.inputsystem/InputSystem/Plugins/Steam' with importer (DefaultImporter)
Imported 'GUID: a3e712d7ab2114ca4960246b0d5e6215' -> (Import Result ID: 'caf2cac2b31b05a5bc8ac838e9bcf5c8') in 0.000 seconds [static dependencies only]. Details - ImportResultOutputID=02374558838ae3dd4b2ff1fd75dc5019 DependenciesID=1c9198ae1555b7af7b007972f9823f72 StaticDependenciesID=f35ce16fbf9bde3e1cf7cabaf3bdd2cf 
Importing 'GUID: b3be39d9a3c9496a9a619d6dc185f5f3 - Path: Packages/com.unity.inputsystem/InputSystem/Devices/Remote' with importer (DefaultImporter)
Imported 'GUID: b3be39d9a3c9496a9a619d6dc185f5f3' -> (Import Result ID: '43bab7b7456e9a6da4d820e4caa7a67a') in 0.000 seconds [static dependencies only]. Details - ImportResultOutputID=a4ecad1e6b8eb657c11dc9018cfd0bac DependenciesID=c7d435fc87732b1c50d4e3402ee4a70e StaticDependenciesID=0a79ae99b8c7703f838bd87b5a14c782 
Importing 'GUID: 84ba8e63f115487ca072084bbebf0e55 - Path: Packages/com.unity.inputsystem/InputSystem/Devices/Commands' with importer (DefaultImporter)
Imported 'GUID: 84ba8e63f115487ca072084bbebf0e55' -> (Import Result ID: '8795704e2178c615de6539dd9036345f') in 0.000 seconds [static dependencies only]. Details - ImportResultOutputID=0383d15c7fe0aff7d6e49c1488a08246 DependenciesID=d67e335f7c3c7a791e501adf9c342877 StaticDependenciesID=df37c3df51442b56525a651cbdda2bcf 
Importing 'GUID: 949d73ae1e0166c469c8706d4d7a21c7 - Path: Packages/com.unity.inputsystem/InputSystem/Editor/ProjectWideActions' with importer (DefaultImporter)
Imported 'GUID: 949d73ae1e0166c469c8706d4d7a21c7' -> (Import Result ID: 'e9d6aca86ec33d0d6e58863b6d811228') in 0.000 seconds [static dependencies only]. Details - ImportResultOutputID=87fa12d0b3e244a8cad909356ebd7fbe DependenciesID=bb89ff8275db0963a7d190f32d9b1750 StaticDependenciesID=f0a5118f507ac00c1c825c120e873744 
Importing 'GUID: d4077c3b095df48b798c97c694ffd684 - Path: Packages/com.unity.inputsystem/InputSystem/Plugins/WebGL' with importer (DefaultImporter)
Imported 'GUID: d4077c3b095df48b798c97c694ffd684' -> (Import Result ID: 'b10fc9787c567bf8485adc5e77a7ee3e') in 0.000 seconds [static dependencies only]. Details - ImportResultOutputID=122349085acce4dc74b0aaa21f36ebbf DependenciesID=8206b962d9c1397196ee24206ff864ee StaticDependenciesID=202a402247611f465322e385a3e171d4 
Importing 'GUID: a5c84a68c16874bd5ba1a9d15a5e5044 - Path: Packages/com.unity.inputsystem/InputSystem/Editor/AssetEditor' with importer (DefaultImporter)
Imported 'GUID: a5c84a68c16874bd5ba1a9d15a5e5044' -> (Import Result ID: '7217a7b7e45122406690cd72f56aa742') in 0.000 seconds [static dependencies only]. Details - ImportResultOutputID=71f989b41379b4e36afcc335eb8e07a9 DependenciesID=73e82b9c5a529cbd127a676500af4c9a StaticDependenciesID=e29291d4eb4dbaeadfe5890f475c18ef 
Importing 'GUID: e5769f689f15dce4a9f92aff27659c54 - Path: Packages/com.unity.inputsystem/InputSystem/Plugins/Android' with importer (DefaultImporter)
Imported 'GUID: e5769f689f15dce4a9f92aff27659c54' -> (Import Result ID: 'c52c6dded4b92b90f3340c8c5cdc9e3d') in 0.000 seconds [static dependencies only]. Details - ImportResultOutputID=0f8997f4832ad03e8b3d4387e6454507 DependenciesID=3211e66b0be28d98ecf878f4fe6e1474 StaticDependenciesID=fdb9ef522f8ade34c429d0b78b1c25e2 
Importing 'GUID: 461c380dccba54a569c07d9810dd3b32 - Path: Packages/com.unity.inputsystem/InputSystem/Editor/Debugger' with importer (DefaultImporter)
Imported 'GUID: 461c380dccba54a569c07d9810dd3b32' -> (Import Result ID: '2eb286e9b8d71535c4aa59de747759e7') in 0.000 seconds [static dependencies only]. Details - ImportResultOutputID=654cc1c6c3acf96a3189b0f443572584 DependenciesID=1703d13a0e3a2d1fe4d930660cfed39c StaticDependenciesID=db21858548c9e2519c98b228fc21cbc1 
Importing 'GUID: 6600059bab4cd4a4ab586e5bb07df47b - Path: Packages/com.unity.inputsystem/InputSystem/Devices/Precompiled' with importer (DefaultImporter)
Imported 'GUID: 6600059bab4cd4a4ab586e5bb07df47b' -> (Import Result ID: 'e4183a77f85555de9c810a3270339b03') in 0.000 seconds [static dependencies only]. Details - ImportResultOutputID=123e873655eb8b4d7cd986589b356971 DependenciesID=6b02df2defce56fec1eb9727ef0c1270 StaticDependenciesID=dca14799775c0857ec05bc969c7c0c21 
Importing 'GUID: 96500a17645c67442a0ccdca007e6d28 - Path: Packages/com.unity.inputsystem/InputSystem/Plugins/InputForUI' with importer (DefaultImporter)
Imported 'GUID: 96500a17645c67442a0ccdca007e6d28' -> (Import Result ID: '14f0f174c86bdfaa7adbfc7cbde44017') in 0.000 seconds [static dependencies only]. Details - ImportResultOutputID=363670104dcd176200e1ed294145be5b DependenciesID=c0a0e6ac942b6d190b70fa3bdeaddecd StaticDependenciesID=9a1492a676fde2e2a323c1df899800f7 
Importing 'GUID: 674bcb49f4019404bb8bfd43a597785a - Path: Packages/com.unity.inputsystem/InputSystem/Plugins/XInput' with importer (DefaultImporter)
Imported 'GUID: 674bcb49f4019404bb8bfd43a597785a' -> (Import Result ID: '81d246bcc32923c72c812586e85a07c2') in 0.000 seconds [static dependencies only]. Details - ImportResultOutputID=6a3574e0d89000bde64ef887492783af DependenciesID=c684ad308632f30e88d317de2c1d18cd StaticDependenciesID=e5c498b6cb9d7a0b3946b8430dc4387f 
Importing 'GUID: a71161af1440e4b1fbbefefb3aaffce0 - Path: Packages/com.unity.inputsystem/InputSystem/Plugins/HID' with importer (DefaultImporter)
Imported 'GUID: a71161af1440e4b1fbbefefb3aaffce0' -> (Import Result ID: 'cd579e6ed7bd976b6743e7d76d17630b') in 0.000 seconds [static dependencies only]. Details - ImportResultOutputID=49599835625f3cc155f349d7540f33ea DependenciesID=2815c1357226ee059f892526177cd112 StaticDependenciesID=bb5813fdb7a36b7fe8a3e28e886a541d 
Importing 'GUID: d7fcb545eb7743c8bd27f341b51151dc - Path: Packages/com.unity.inputsystem/InputSystem/Editor/Analytics' with importer (DefaultImporter)
Imported 'GUID: d7fcb545eb7743c8bd27f341b51151dc' -> (Import Result ID: 'aaee04740eba3ce5ac01af5880362666') in 0.000 seconds [static dependencies only]. Details - ImportResultOutputID=272f0b6242eed616d6bb6c5ffb3fd347 DependenciesID=cb36c3fb23c250f07f5a029a5ceb91e9 StaticDependenciesID=d617d5fa71d6bf9c944393a31bf5bcf0 
Importing 'GUID: 097288e93d94f44438e9ef4dc93f7346 - Path: Packages/com.unity.inputsystem/InputSystem/Plugins/XR' with importer (DefaultImporter)
Imported 'GUID: 097288e93d94f44438e9ef4dc93f7346' -> (Import Result ID: '0ed8d250280c8cd47ba0532a717cab6b') in 0.000 seconds [static dependencies only]. Details - ImportResultOutputID=effe3125ba8e912252405ffe89266083 DependenciesID=7b2a9c6f7916a38dc8e9e6a2503dc3b6 StaticDependenciesID=219de632c76ada45d2b39cd056b3f769 
Importing 'GUID: 69dd334ee54c747c38b3317d02c3967a - Path: Packages/com.unity.inputsystem/InputSystem/Plugins/UI' with importer (DefaultImporter)
Imported 'GUID: 69dd334ee54c747c38b3317d02c3967a' -> (Import Result ID: '7c90c9af3b1757f1058e31804fda5987') in 0.000 seconds [static dependencies only]. Details - ImportResultOutputID=25801103e5c586d58938282ee0c24061 DependenciesID=5628664366c80b4cad59abcf03d496bd StaticDependenciesID=20a003db20efafa54f5d3b9daaa16625 
Importing 'GUID: b90e4423894dce34f83bb15a3ba411ba - Path: Packages/com.unity.inputsystem/InputSystem/Actions/Interactions' with importer (DefaultImporter)
Imported 'GUID: b90e4423894dce34f83bb15a3ba411ba' -> (Import Result ID: '5c4eb7784b4e0b8d9c17fd9c3149d9b6') in 0.000 seconds [static dependencies only]. Details - ImportResultOutputID=39b0371c1350593c2ed505b386a574be DependenciesID=8bef2077d46de477174063021f28ca33 StaticDependenciesID=3f92a46ceabe1a4b82e12d95c1b4d78a 
Importing 'GUID: 6adbf65a53ff9b04990c2116b3e4d5b7 - Path: Packages/com.unity.inputsystem/InputSystem/Actions/Composites' with importer (DefaultImporter)
Imported 'GUID: 6adbf65a53ff9b04990c2116b3e4d5b7' -> (Import Result ID: '4c28f1b5c96b12a2d1f4598f07269b77') in 0.000 seconds [static dependencies only]. Details - ImportResultOutputID=e3cb821f04d38bfbecf15bc0fd2e0b78 DependenciesID=bc375d12e489862a438469c06192b9e2 StaticDependenciesID=79b7d6a76215f619b42afc6d7c9c0db7 
Importing 'GUID: ea65eddf43398654fa32b724723c71a4 - Path: Packages/com.unity.inputsystem/InputSystem/Plugins/OSX' with importer (DefaultImporter)
Imported 'GUID: ea65eddf43398654fa32b724723c71a4' -> (Import Result ID: '42ee4c9e6c9568ca4bbc41d7a194747c') in 0.000 seconds [static dependencies only]. Details - ImportResultOutputID=42dbf3afb5ee7468d76bf653d7bebf73 DependenciesID=f4eaf0da3c881f7eb7334a3415330de6 StaticDependenciesID=e0a049a3a9fb57e67a47d0968cb67e77 
Importing 'GUID: bb0e7cd0be171ca4ca67132e36b7ccb5 - Path: Packages/com.unity.inputsystem/InputSystem/Editor/UITKAssetEditor' with importer (DefaultImporter)
Imported 'GUID: bb0e7cd0be171ca4ca67132e36b7ccb5' -> (Import Result ID: '74582284f877d6afe984b7997f657ad0') in 0.000 seconds [static dependencies only]. Details - ImportResultOutputID=87e09d2c4c8b8e0e50a0eebd2e143aa5 DependenciesID=9379482131ff4d58673da8338353469d StaticDependenciesID=36b8a181ce64ef614f194e8f7e14f02c 
Importing 'GUID: cb6feb90190641c19dce92f09614edd4 - Path: Packages/com.unity.inputsystem/InputSystem/Editor/BuildPipeline' with importer (DefaultImporter)
Imported 'GUID: cb6feb90190641c19dce92f09614edd4' -> (Import Result ID: 'a0e899f6a11ed6acb3bb99b9d67ab61f') in 0.000 seconds [static dependencies only]. Details - ImportResultOutputID=fea2998e27dd2a9324d08382027bad0d DependenciesID=16f127231a382bc6d2f0bb4d0b01c5d1 StaticDependenciesID=759f9e15e1c4c8fd36057b5f60c18d57 
Importing 'GUID: 1c597fa0f94a3d54b9c0e85f56e5f821 - Path: Packages/com.unity.inputsystem/InputSystem/Plugins/Linux' with importer (DefaultImporter)
Imported 'GUID: 1c597fa0f94a3d54b9c0e85f56e5f821' -> (Import Result ID: '118191d5f3d94b7eacc4d555c46c325e') in 0.000 seconds [static dependencies only]. Details - ImportResultOutputID=4a0e1291a8979d6ee44a85aa9fec1cd1 DependenciesID=6b3f984928666e49dadfde068a1e7332 StaticDependenciesID=a8c80b88ee7be7b40c3c1f08e07e91e9 
Importing 'GUID: 1cccd07fcea7f491793d4e7a5adc17a2 - Path: Packages/com.unity.inputsystem/InputSystem/Plugins/PlayerInput' with importer (DefaultImporter)
Imported 'GUID: 1cccd07fcea7f491793d4e7a5adc17a2' -> (Import Result ID: 'a63d2bf17a87c1d609a90c12dfe12894') in 0.000 seconds [static dependencies only]. Details - ImportResultOutputID=7f8b394283607dd44b498a7950eb8434 DependenciesID=9ef36959523983006ad54b22292df930 StaticDependenciesID=6275d918fc0626be8705e2cb7621f63b 
Importing 'GUID: 4dc89088b67654c86810b41295276666 - Path: Packages/com.unity.inputsystem/InputSystem/Editor/Icons' with importer (DefaultImporter)
Imported 'GUID: 4dc89088b67654c86810b41295276666' -> (Import Result ID: '58c489cfd45f61837528fde8c60c94a0') in 0.000 seconds [static dependencies only]. Details - ImportResultOutputID=e195b15caf407844affc04b671da6094 DependenciesID=fe563880e59ff4c5b6e14bd2c3550515 StaticDependenciesID=05cd75fdba9acd2e643c21612997ecc2 
Importing 'GUID: 9d7486ba41233414a9ed80716a544026 - Path: Packages/com.unity.inputsystem/InputSystem/Editor/AssetImporter' with importer (DefaultImporter)
Imported 'GUID: 9d7486ba41233414a9ed80716a544026' -> (Import Result ID: '4ae8f76bdccd4324d1f5bb94b0d4126b') in 0.000 seconds [static dependencies only]. Details - ImportResultOutputID=f83d10ec1850cd4c66135fa2e4b17f74 DependenciesID=d40046c8fd712551b5135f8b38875eef StaticDependenciesID=9d64f53914c2b1aea0a187ea5f1b49c2 
Importing 'GUID: bd293de081caa442dae1595e4c7a6773 - Path: Packages/com.unity.inputsystem/InputSystem/Editor/DeviceSimulator' with importer (DefaultImporter)
Imported 'GUID: bd293de081caa442dae1595e4c7a6773' -> (Import Result ID: 'af1b49977edb3769f8f546f1dec913c6') in 0.000 seconds [static dependencies only]. Details - ImportResultOutputID=03a59d54b75186bf9a8447ef30ef2a49 DependenciesID=7b104a0606acf219b13304eaf9cb43c2 StaticDependenciesID=8b963608b12d95d9ec0558af9c2979d9 
Importing 'GUID: cdf0d8abf71784dacb0470320cd8936f - Path: Packages/com.unity.inputsystem/InputSystem/Plugins/iOS' with importer (DefaultImporter)
Imported 'GUID: cdf0d8abf71784dacb0470320cd8936f' -> (Import Result ID: 'b252a768e263c90deb989d69419ae7f4') in 0.000 seconds [static dependencies only]. Details - ImportResultOutputID=fa1b01f4585702e1f63be61b91c22c43 DependenciesID=0670de65d62456f45ccb1a04ab965e53 StaticDependenciesID=f380bd690b808d932db118c665c4c571 
Importing 'GUID: 0e49b0a8b53e45445979b3fa9604a35c - Path: Packages/com.unity.inputsystem/InputSystem/Plugins/OnScreen' with importer (DefaultImporter)
Imported 'GUID: 0e49b0a8b53e45445979b3fa9604a35c' -> (Import Result ID: '91123be277954ed8ddc7e52b1b8dc3d5') in 0.000 seconds [static dependencies only]. Details - ImportResultOutputID=e57be450e20768550f4e12f54e9d0f1f DependenciesID=59a5c1bcd3b9d5dfefce06b1fd2edacd StaticDependenciesID=c576aafdc4f9b724e290df3bb85c47c7 
Importing 'GUID: 6eefa91e7a89647338245ee3818141d1 - Path: Packages/com.unity.inputsystem/InputSystem/Plugins/DualShock' with importer (DefaultImporter)
Imported 'GUID: 6eefa91e7a89647338245ee3818141d1' -> (Import Result ID: '588ab363221b2e8e816aec9d6da49c81') in 0.000 seconds [static dependencies only]. Details - ImportResultOutputID=e23b346b1d7f0abcf3f85acf33d67dcb DependenciesID=b2c0882bf4734ad49e5f186d8919fa32 StaticDependenciesID=852116a3dd5e63602b010056f94d57f1 
Importing 'GUID: 6fde91b0a4ee45cd86be18a8d829dc87 - Path: Packages/com.unity.inputsystem/InputSystem/Controls/Processors' with importer (DefaultImporter)
Imported 'GUID: 6fde91b0a4ee45cd86be18a8d829dc87' -> (Import Result ID: 'a99f3a8cb324a1e474eb10e114696aeb') in 0.000 seconds [static dependencies only]. Details - ImportResultOutputID=f0157613a166111a0029e450d65d65d9 DependenciesID=853ed60e84ec2f1eb13861b6e9a596a4 StaticDependenciesID=287be0a3068ccd8b669a5fbbe97001e3 
Importing 'GUID: 9f8944bd1ba848ab8f95afe7acfb4b79 - Path: Packages/com.unity.inputsystem/InputSystem/Utilities/Observables' with importer (DefaultImporter)
Imported 'GUID: 9f8944bd1ba848ab8f95afe7acfb4b79' -> (Import Result ID: 'c8f545d7b7b7e4fc54de1e722734511d') in 0.000 seconds [static dependencies only]. Details - ImportResultOutputID=16d34d0b9e508114c2c4e26637f0f12d DependenciesID=5cda50aa6834cd31be1973c7d6a1a7db StaticDependenciesID=e69e9af32c2c8e76dbad9d7405b4117d 
Importing 'GUID: cf0897af2cae4ebbaf8b79eaae98fb08 - Path: Packages/com.unity.inputsystem/InputSystem/Plugins/UnityRemote' with importer (DefaultImporter)
Imported 'GUID: cf0897af2cae4ebbaf8b79eaae98fb08' -> (Import Result ID: 'b0e4ab7a16e0b8ffc1a8ddc15bef66a3') in 0.000 seconds [static dependencies only]. Details - ImportResultOutputID=07697fc9dfc33d039dd5d07abab8f461 DependenciesID=de3be16de7180876a69ea9857748414e StaticDependenciesID=798604f0ab3df16475b70664d394b395 
Importing 'GUID: ef4b66ea93dd243a783c32ab1da39fc4 - Path: Packages/com.unity.inputsystem/InputSystem/Plugins/EnhancedTouch' with importer (DefaultImporter)
Imported 'GUID: ef4b66ea93dd243a783c32ab1da39fc4' -> (Import Result ID: '9460205a42ffc2811ffb11515192240e') in 0.000 seconds [static dependencies only]. Details - ImportResultOutputID=24f24083f724083366bd216d4cd6ef48 DependenciesID=1f1ef74023602f53b1c3c48ff36fc1af StaticDependenciesID=1b1fcc2339d88c8bbaf86d1bc9be25c7 
Importing 'GUID: 25ea971cc17caa84a8a2fdf9917af7b4 - Path: Packages/com.unity.inputsystem/InputSystem/Plugins/XR/Controls' with importer (DefaultImporter)
Imported 'GUID: 25ea971cc17caa84a8a2fdf9917af7b4' -> (Import Result ID: 'da94c746174904893fe5dfac006ded03') in 0.000 seconds [static dependencies only]. Details - ImportResultOutputID=2299c477ebafa2434deaa7e86b918e39 DependenciesID=76b9ef154c0842185070489401ade1f0 StaticDependenciesID=3fb5c6b70361e9a0ce7ee099392208c3 
Importing 'GUID: 8529451a1ee99484a891bdea2f5219f3 - Path: Packages/com.unity.inputsystem/InputSystem/Plugins/XR/Haptics' with importer (DefaultImporter)
Imported 'GUID: 8529451a1ee99484a891bdea2f5219f3' -> (Import Result ID: '366b5a1b94871508e503c8a1350ba45f') in 0.000 seconds [static dependencies only]. Details - ImportResultOutputID=c35e54d0f8a0522798f2f5382e73dae5 DependenciesID=4c1def5bc56c174d68fc4097531d2a9c StaticDependenciesID=a1681bef7509988a6182ac098884105e 
Importing 'GUID: 665321577aaff5344b5a12d626dfcaf7 - Path: Packages/com.unity.inputsystem/InputSystem/Editor/UITKAssetEditor/Commands' with importer (DefaultImporter)
Imported 'GUID: 665321577aaff5344b5a12d626dfcaf7' -> (Import Result ID: 'bd17f73c64faab34e5d1e25795a5dbb5') in 0.000 seconds [static dependencies only]. Details - ImportResultOutputID=b979b9430d6c53bd84e00f2e631fc6f9 DependenciesID=bfb8486734b03eeaeeb49f7fc7ebba13 StaticDependenciesID=46d624d5120d80759ce2cae07c4586ed 
Importing 'GUID: 7894838fa258e3a4197077ddbda0eec5 - Path: Packages/com.unity.inputsystem/InputSystem/Editor/UITKAssetEditor/PackageResources' with importer (DefaultImporter)
Imported 'GUID: 7894838fa258e3a4197077ddbda0eec5' -> (Import Result ID: '10b17ff212665e8ae289845b8f5a0d0d') in 0.000 seconds [static dependencies only]. Details - ImportResultOutputID=11a7f8e8d2f45f08ae78b649afe75e04 DependenciesID=876d038b9502f98cbfc02ca2cd797a70 StaticDependenciesID=72335ba84e9a162887990ff0ba71566f 
Importing 'GUID: 7ada2e545c685b44a8367bdab267f0dc - Path: Packages/com.unity.inputsystem/InputSystem/Plugins/XR/Devices' with importer (DefaultImporter)
Imported 'GUID: 7ada2e545c685b44a8367bdab267f0dc' -> (Import Result ID: 'addccf68b634737d5233682c3311526b') in 0.000 seconds [static dependencies only]. Details - ImportResultOutputID=20da6d7af5650457793407c873551d0a DependenciesID=ef7d1b53b1f1f1204b4c1b7811ad7d6a StaticDependenciesID=b518acd33ab4ef6dc02bdc2cc29e7498 
Importing 'GUID: 5b630b769a2a8aa499ce2d2093f40500 - Path: Packages/com.unity.inputsystem/InputSystem/Editor/ControlPicker/Layouts' with importer (DefaultImporter)
Imported 'GUID: 5b630b769a2a8aa499ce2d2093f40500' -> (Import Result ID: 'a2c49974379a184f78ff40f8eac1d11a') in 0.000 seconds [static dependencies only]. Details - ImportResultOutputID=a42e0ee2d255c529bfde8612f76cd9db DependenciesID=aaf9b8a6d7cce54c7bd42c95f797e658 StaticDependenciesID=de590bb9928a9c3cf63ae0d6d42df5d1 
Importing 'GUID: 5cdea6ae28e4a4b6ca0bb7506f88764c - Path: Packages/com.unity.inputsystem/InputSystem/Editor/Internal/AdvancedDropdown' with importer (DefaultImporter)
Imported 'GUID: 5cdea6ae28e4a4b6ca0bb7506f88764c' -> (Import Result ID: '7c3c76a22477149286edb8f30bb9431d') in 0.000 seconds [static dependencies only]. Details - ImportResultOutputID=83b7fe6a310e7eae4a7cc29646c2f645 DependenciesID=2e74f656db2c2c4d27157e366aff0579 StaticDependenciesID=c8cb26c6787a77141b6a6f53005c3263 
Importing 'GUID: 2db76e4ad9537964994bd20263e1c379 - Path: Packages/com.unity.inputsystem/InputSystem/Editor/UITKAssetEditor/Views' with importer (DefaultImporter)
Imported 'GUID: 2db76e4ad9537964994bd20263e1c379' -> (Import Result ID: 'db6eacc8dd6c95e5cc8a721680325bb1') in 0.000 seconds [static dependencies only]. Details - ImportResultOutputID=efdb5d12b9d153267d0547848c02bf30 DependenciesID=fe082578966652ef0d72ed4f05084322 StaticDependenciesID=61bc1290f3133c05dcc2d113741a7d3f 
Importing 'GUID: ad61ded360bb0784b9301188fc603d6d - Path: Packages/com.unity.inputsystem/InputSystem/Editor/AssetEditor/PackageResources' with importer (DefaultImporter)
Imported 'GUID: ad61ded360bb0784b9301188fc603d6d' -> (Import Result ID: '43fd509a8722753b98862b2e4f75664e') in 0.000 seconds [static dependencies only]. Details - ImportResultOutputID=dac8761dd347b01257a015ed92038c99 DependenciesID=ba741bbf4d7fa0379cc519972e53c6e7 StaticDependenciesID=b9851f02f28e4b161f27806e4211cf65 
Importing 'GUID: 95391b99439094c00a105cd26ba61b1b - Path: Packages/com.unity.inputsystem/InputSystem/Editor/AssetEditor/PackageResources/personal' with importer (DefaultImporter)
Imported 'GUID: 95391b99439094c00a105cd26ba61b1b' -> (Import Result ID: 'ea1f4e207c5bf3cd5b3bfb5b5867f7bd') in 0.000 seconds [static dependencies only]. Details - ImportResultOutputID=d901a120f13b911ae92310818e17a8d6 DependenciesID=9be4b91af75abfffb460acb4700823e4 StaticDependenciesID=dba13f66d8a30db1e14bcfd9ea011493 
Importing 'GUID: be2b3c041afc2477ea1f172b6d14c3dc - Path: Packages/com.unity.inputsystem/InputSystem/Editor/AssetEditor/PackageResources/pro' with importer (DefaultImporter)
Imported 'GUID: be2b3c041afc2477ea1f172b6d14c3dc' -> (Import Result ID: '78eb1091396a82a9c09b851c26d1ec0f') in 0.000 seconds [static dependencies only]. Details - ImportResultOutputID=10437473dbb7c78735db73ee0a4add22 DependenciesID=4b074877d10621f9b3e848700744cbff StaticDependenciesID=8f644ef6f28d201d726239ab21652c04 
Importing 'GUID: 41b01d3964f844d8b43923c18b3a9a6f - Path: Packages/com.unity.inputsystem/DocCodeSamples.Tests/DocCodeSamples.asmdef' with importer (AssemblyDefinitionImporter)
Imported 'GUID: 41b01d3964f844d8b43923c18b3a9a6f' -> (Import Result ID: '72f4cde17b287f4a70515f3cc74b5e94') in 0.000 seconds [static dependencies only]. Details - ImportResultOutputID=062d8045ca26639e24a06c8b874cf7c4 DependenciesID=20f040b658edeaeac4a90215825410f8 StaticDependenciesID=13b44b67282332e938a15d0bd38a2e25 
Importing 'GUID: 75469ad4d38634e559750d17036d5f7c - Path: Packages/com.unity.inputsystem/InputSystem/Unity.InputSystem.asmdef' with importer (AssemblyDefinitionImporter)
Imported 'GUID: 75469ad4d38634e559750d17036d5f7c' -> (Import Result ID: '43d6428e3f63506404869d73fe0bbb75') in 0.000 seconds [static dependencies only]. Details - ImportResultOutputID=dce7e1d878b35d35a4bc06fdb2048d1f DependenciesID=5b959337244243fc54245d4a8aa30aae StaticDependenciesID=6e2e5444b040c0b5cd0e692502f98f8e 
Importing 'GUID: 09dcc9c0126b6b34ab2a877b8f2277f5 - Path: Packages/com.unity.inputsystem/InputSystem/Plugins/InputForUI/InputSystemForUI.asmdef' with importer (AssemblyDefinitionImporter)
Imported 'GUID: 09dcc9c0126b6b34ab2a877b8f2277f5' -> (Import Result ID: 'bd21cbc1e2aee050451ea60961c34164') in 0.000 seconds [static dependencies only]. Details - ImportResultOutputID=c73ebba761d1ac4917df74175584f7be DependenciesID=bd42f71d3b639909aada6f48c3069158 StaticDependenciesID=8c5f2552dcbc485a89f719b72528b029 
Importing 'GUID: 3ae5734e49d646442ad24f37762ebdd2 - Path: Packages/com.unity.inputsystem/Tests/IntegrationTests/Unity.InputSystem.IntegrationTests.asmdef' with importer (AssemblyDefinitionImporter)
Imported 'GUID: 3ae5734e49d646442ad24f37762ebdd2' -> (Import Result ID: '0d0162984f3cbb2276950aa6ba5e7597') in 0.000 seconds [static dependencies only]. Details - ImportResultOutputID=cb169c300c554f9c982101b8bdc69c28 DependenciesID=c44deca26086adf921af7bccfe0e01b0 StaticDependenciesID=9ae8131e947c66d46b9cd8fbf7150198 
Importing 'GUID: dc04f38471c3a459fb4d31124ee9127d - Path: Packages/com.unity.inputsystem/Tests/TestFixture/Unity.InputSystem.TestFramework.asmdef' with importer (AssemblyDefinitionImporter)
Imported 'GUID: dc04f38471c3a459fb4d31124ee9127d' -> (Import Result ID: 'b3a7f125527bd3185ab5f58a3393db27') in 0.000 seconds [static dependencies only]. Details - ImportResultOutputID=3a488c0b21e51427f4839347c8234c90 DependenciesID=694a1d633eff132c22b530ec2a82554a StaticDependenciesID=92170b4384f312c8d318d2d4dae697cd 
Native extension for OSXStandalone target not found
Native extension for WebGL target not found
[MODES] ModeService[none].Initialize
[MODES] ModeService[none].LoadModes
2026-08-27 00:38:30.892 Unity[50702:8275043] NSEventModifierFlagFunction specified to -setKeyEquivalentModifierMask: for item <NSMenuItem: 0x7574e4320 SDF, ke='Command-F12'>, but is only supported for system-provided menu items; will not be used
ScheduleIndexationOnStartup MainProcess:True IndexOnStartup:True
Mono: successfully reloaded assembly
- Finished resetting the current domain, in  0.776 seconds
Domain Reload Profiling: 1011ms
	BeginReloadAssembly (160ms)
		DisableScriptedObjects (32ms)
		CreateAndSetChildDomain (41ms)
	RebuildCommonClasses (4ms)
	RebuildNativeTypeToScriptingClass (7ms)
	initialDomainReloadingComplete (12ms)
	LoadAllAssembliesAndSetupDomain (52ms)
		LoadAssemblies (30ms)
		AnalyzeDomain (14ms)
			TypeCache.Refresh (9ms)
				TypeCache.ScanAssembly (6ms)
			BuildScriptInfoCaches (4ms)
	FinalizeReload (776ms)
		SetupLoadedEditorAssemblies (0ms)
			BeforeProcessingInitializeOnLoad (58ms)
			ProcessInitializeOnLoadAttributes (108ms)
			ProcessInitializeOnLoadMethodAttributes (30ms)
		AwakeInstancesAfterBackupRestoration (358ms)
Importing 'GUID: 006305b616daf47409935f3dc8a172e2 - Path: Packages/com.unity.inputsystem/InputSystem/Editor/Icons/ChevronUp@3x.png' with importer (TextureImporter)
Imported 'GUID: 006305b616daf47409935f3dc8a172e2' -> (Import Result ID: '46bc61da96349ac24ef4fcc2d647eac7') in 0.002 seconds [static and dynamic dependencies]. Details - ImportResultOutputID=7cabf870fb790c0cd614a9bbddc40bee DependenciesID=0708b3dc1f48cde34bbaff7edb0c4d30 StaticDependenciesID=ea7a84e03bfb4f0cd7aa424b6717dd2c 
Importing 'GUID: 0068f400a72d84c92a1b8f5889a574b2 - Path: Packages/com.unity.inputsystem/InputSystem/Editor/Icons/d_ChevronDown@2x.png' with importer (TextureImporter)
Imported 'GUID: 0068f400a72d84c92a1b8f5889a574b2' -> (Import Result ID: '9cc4b63b5717bdd4186227954cab38fc') in 0.001 seconds [static and dynamic dependencies]. Details - ImportResultOutputID=b498ccc252a6395cf58848ca4dca2ee0 DependenciesID=36cb316688652d303e24ba4c93a086cf StaticDependenciesID=801a95ad26e5b521941a3eb8f256829e 
Importing 'GUID: 2027b97fd12d842d7a3169c784502a54 - Path: Packages/com.unity.inputsystem/InputSystem/Editor/Icons/Interactive Binding@2x.png' with importer (TextureImporter)
Imported 'GUID: 2027b97fd12d842d7a3169c784502a54' -> (Import Result ID: 'd37d7614b5e85735c7ed5e1afab8a41b') in 0.000 seconds [static and dynamic dependencies]. Details - ImportResultOutputID=3641b127beca9ffe2ebe7819f32b3799 DependenciesID=2b0dbfef37f6182846f43ea74a382d2d StaticDependenciesID=8fb9d92c06aea1e6fd4ee2d8aed3eaec 
Importing 'GUID: 3028dc075ba8c584d9bc7d1e0255e038 - Path: Packages/com.unity.inputsystem/InputSystem/Editor/Icons/InputSystemUIInputModule@64.png' with importer (TextureImporter)
Imported 'GUID: 3028dc075ba8c584d9bc7d1e0255e038' -> (Import Result ID: '172a19c705363f9d227e6b24e56c2460') in 0.005 seconds [static and dynamic dependencies]. Details - ImportResultOutputID=d51b72c99808f4f23d9d4a21fafc6d47 DependenciesID=45a247edf0edac778ebebc2da5089bbc StaticDependenciesID=05a903fe6e7068fba76c1e3102caf9db 
Importing 'GUID: 40265a896a0f341bb956e90c59025a29 - Path: Packages/com.unity.inputsystem/InputSystem/Editor/Icons/InputAction.png' with importer (TextureImporter)
Imported 'GUID: 40265a896a0f341bb956e90c59025a29' -> (Import Result ID: '7efca521a5f465d3d4173c8ab7c1bc78') in 0.002 seconds [static and dynamic dependencies]. Details - ImportResultOutputID=bd1211369e210de09dbeb9c5d7891bd0 DependenciesID=f833d5560c237e59ef75f41a222a9540 StaticDependenciesID=8320492ad3ee20c6229c3deefdea8828 
Importing 'GUID: a0b78c5ab9d654a9daba91ff774b4931 - Path: Packages/com.unity.inputsystem/InputSystem/Editor/Icons/Mouse@4x.png' with importer (TextureImporter)
Imported 'GUID: a0b78c5ab9d654a9daba91ff774b4931' -> (Import Result ID: 'bbac3a13d687e227248da7eb029cd76e') in 0.001 seconds [static and dynamic dependencies]. Details - ImportResultOutputID=af2719c985ec351992db6e25a5bc9887 DependenciesID=c2082158f29bc39feb5ccf069d3ee8c1 StaticDependenciesID=e3ffd1773c24e4c22dab380076c4932b 
Importing 'GUID: b025a2a0f9e554d1e88a93b5649dfc3f - Path: Packages/com.unity.inputsystem/InputSystem/Editor/Icons/InputActionAsset.png' with importer (TextureImporter)
Imported 'GUID: b025a2a0f9e554d1e88a93b5649dfc3f' -> (Import Result ID: '0c15604ff58f12b7cabaa7d4b1e9a7bb') in 0.001 seconds [static and dynamic dependencies]. Details - ImportResultOutputID=9a2de7b039ecf8b23146d4e0b6431146 DependenciesID=bf5f75f34ce5fa01ed4f31cde20ad75b StaticDependenciesID=194711faf597750535b588750db39e37 
Importing 'GUID: b02e3f0c0798a4f1789a89a7697660be - Path: Packages/com.unity.inputsystem/InputSystem/Editor/AssetEditor/PackageResources/pro/propertiesBackground.png' with importer (TextureImporter)
Imported 'GUID: b02e3f0c0798a4f1789a89a7697660be' -> (Import Result ID: 'cae3d33eabb7e91e0f7f98c293b782e8') in 0.000 seconds [static and dynamic dependencies]. Details - ImportResultOutputID=3542810d2123b80b1cc9185cb140c481 DependenciesID=c04522453274f3a2cf733a0c8df1374a StaticDependenciesID=398602fb4539cd80530ac44e06dbf414 
Importing 'GUID: c0996bc290ff74bf4834f4a8b7dc8c3e - Path: Packages/com.unity.inputsystem/InputSystem/Editor/AssetEditor/PackageResources/pro/foldoutBackground.png' with importer (TextureImporter)
Imported 'GUID: c0996bc290ff74bf4834f4a8b7dc8c3e' -> (Import Result ID: '09b2fbfcd766a09548338719f6438a78') in 0.000 seconds [static and dynamic dependencies]. Details - ImportResultOutputID=b7c4f7280d4a8a3bd0cced6f2c66161e DependenciesID=07e86bd5cb1e8aa8a810b8ffc247ae82 StaticDependenciesID=93fe88fd9342856851368b91731fa224 
Importing 'GUID: d0006d51a864248adba0238883f8c71e - Path: Packages/com.unity.inputsystem/InputSystem/Editor/Icons/Axis@2x.png' with importer (TextureImporter)
Imported 'GUID: d0006d51a864248adba0238883f8c71e' -> (Import Result ID: '9a324ccb2ab883a38f40c160513ae76b') in 0.001 seconds [static and dynamic dependencies]. Details - ImportResultOutputID=0f6918b315509e3af6099f718667d3db DependenciesID=afb74bc63158278baff13a205eb129d4 StaticDependenciesID=53b7860e9052f038fc0b2de400d45e4a 
Importing 'GUID: e01ab4b854c6d4fa3a8d869b67ecd643 - Path: Packages/com.unity.inputsystem/InputSystem/Editor/Icons/d_Axis@4x.png' with importer (TextureImporter)
Imported 'GUID: e01ab4b854c6d4fa3a8d869b67ecd643' -> (Import Result ID: '741c2916035b6754f4ed04895dedefa1') in 0.000 seconds [static and dynamic dependencies]. Details - ImportResultOutputID=f86a4a306422bfaea22fce43627d502e DependenciesID=3a4cbafae09ac8cfbec4a45a984a30b9 StaticDependenciesID=e6a97b782a4750b43a498323fc19ec1b 
Importing 'GUID: 2196c18f03faf4184b1aeb2c61d5571d - Path: Packages/com.unity.inputsystem/InputSystem/Editor/Icons/Interactive Binding.png' with importer (TextureImporter)
Imported 'GUID: 2196c18f03faf4184b1aeb2c61d5571d' -> (Import Result ID: '1aee72ad9e086a626c3e48199b0dc033') in 0.000 seconds [static and dynamic dependencies]. Details - ImportResultOutputID=d808f96fd8df7320b7dca62dbfb68029 DependenciesID=ad20904c38a3675eff095ac8394241e0 StaticDependenciesID=7fa6b900a44d70dd632d629373c2126e 
Importing 'GUID: 41edf25d451a744e6ad1172a677603bd - Path: Packages/com.unity.inputsystem/InputSystem/Editor/Icons/d_Dpad@4x.png' with importer (TextureImporter)
Imported 'GUID: 41edf25d451a744e6ad1172a677603bd' -> (Import Result ID: 'e2842581fdf3f694ec42e0322d547c9a') in 0.000 seconds [static and dynamic dependencies]. Details - ImportResultOutputID=b2a2db8edd88206a42c8e465490233bb DependenciesID=ec408efabd18642c88824a3767e49a1d StaticDependenciesID=d56b65a7822041b94a551f2a7bbb56f4 
Importing 'GUID: 6191a40940a3e46899ecf82fa8389d01 - Path: Packages/com.unity.inputsystem/InputSystem/Editor/Icons/Keyboard@3x.png' with importer (TextureImporter)
Imported 'GUID: 6191a40940a3e46899ecf82fa8389d01' -> (Import Result ID: '4c80808ac0c2b862f96121e06f3e90d3') in 0.000 seconds [static and dynamic dependencies]. Details - ImportResultOutputID=7eacccd7c33247c1d6d256539c5879ec DependenciesID=af6c76964001ae416cc5c7085199b850 StaticDependenciesID=303a0b3776e26eb3af251e8dc22bf864 
Importing 'GUID: 6164e492ad3164525ab8ecd9968c3a64 - Path: Packages/com.unity.inputsystem/InputSystem/Editor/Icons/d_Mouse@3x.png' with importer (TextureImporter)
Imported 'GUID: 6164e492ad3164525ab8ecd9968c3a64' -> (Import Result ID: '28d55a11108f29c38362d2640d470850') in 0.000 seconds [static and dynamic dependencies]. Details - ImportResultOutputID=266952240a5d7928e4fdab0033a164c7 DependenciesID=fadf7c89deae9ce0e3faf75051972693 StaticDependenciesID=f91c6bc9b81bc276aa7509a5f817c17f 
Importing 'GUID: a1b7d9ffed68a47128c5622c13ba4752 - Path: Packages/com.unity.inputsystem/InputSystem/Editor/Icons/d_Dpad@3x.png' with importer (TextureImporter)
Imported 'GUID: a1b7d9ffed68a47128c5622c13ba4752' -> (Import Result ID: 'c61a97e9521dcdc7f3a898a9b3fff50c') in 0.000 seconds [static and dynamic dependencies]. Details - ImportResultOutputID=eda5becd070168b0b99d4bff808000d5 DependenciesID=bf439f8bcfdecf84908ea3613d5c48aa StaticDependenciesID=76656556225f81c69ae7837779efdb7f 
Importing 'GUID: d1acbe0a708dc40dc80254764e67ecfa - Path: Packages/com.unity.inputsystem/InputSystem/Editor/Icons/ChevronDown@4x.png' with importer (TextureImporter)
Imported 'GUID: d1acbe0a708dc40dc80254764e67ecfa' -> (Import Result ID: '0bb286846ae987a2d7bc7c0dd60eaa15') in 0.000 seconds [static and dynamic dependencies]. Details - ImportResultOutputID=07c340b5bc26288eab2eda1e9797e2ec DependenciesID=d3f6c3dce2625338b69b7c47cdc30c65 StaticDependenciesID=0422e0cc29f9669d94e7defc2b0c0c70 
Importing 'GUID: e1da124f7cbda41a4925397406076a42 - Path: Packages/com.unity.inputsystem/InputSystem/Editor/Icons/d_Position@3x.png' with importer (TextureImporter)
Imported 'GUID: e1da124f7cbda41a4925397406076a42' -> (Import Result ID: '0c0c5f92340d9eb29e5b106919213457') in 0.000 seconds [static and dynamic dependencies]. Details - ImportResultOutputID=fc0bcaafe0c992028e1aadab11ae2816 DependenciesID=649b39124bcaf9ac7da8ffc711bd5c94 StaticDependenciesID=61cafb494b584c1e76fbc7f8c8037aa8 
Importing 'GUID: f14e3a4027f834f16b235498ac15bb3f - Path: Packages/com.unity.inputsystem/InputSystem/Editor/Icons/d_Keyboard@2x.png' with importer (TextureImporter)
Imported 'GUID: f14e3a4027f834f16b235498ac15bb3f' -> (Import Result ID: '2baf272f2b507188f2eab75c815e685e') in 0.000 seconds [static and dynamic dependencies]. Details - ImportResultOutputID=2f280aa8698539e5e4b74ad81e0b1118 DependenciesID=41a96904b0cf9eb7e3d597b944c549df StaticDependenciesID=4215ba786e6c9d27b2e5e7aecf32ee66 
Importing 'GUID: 123b6218ad27a41af933311ee524dcdc - Path: Packages/com.unity.inputsystem/InputSystem/Editor/Icons/d_Keyboard@4x.png' with importer (TextureImporter)
Imported 'GUID: 123b6218ad27a41af933311ee524dcdc' -> (Import Result ID: 'e8ee3c19a4ed1a2608fc8711d60a9a58') in 0.000 seconds [static and dynamic dependencies]. Details - ImportResultOutputID=ad111a436a9f383e9ba5ea956223cca0 DependenciesID=52c351d244adcdce76af0c0908fac60b StaticDependenciesID=36a8c912e8b19084821d41224bda2cca 
Importing 'GUID: 424bff4d3ea64400e9b384cb8bebfb96 - Path: Packages/com.unity.inputsystem/InputSystem/Editor/Icons/d_Orientation@3x.png' with importer (TextureImporter)
Imported 'GUID: 424bff4d3ea64400e9b384cb8bebfb96' -> (Import Result ID: '0c027e0be969abdbf83334b14bf99de8') in 0.000 seconds [static and dynamic dependencies]. Details - ImportResultOutputID=09cdfc11be7c43091a1a19f864295f4f DependenciesID=bc8b729992f156eae525b51514e0f4b9 StaticDependenciesID=b250ae2a6d7c9ed0a2ddce6ed51e3efe 
Importing 'GUID: 6234dae5cf6f04acb9a51e04d448e444 - Path: Packages/com.unity.inputsystem/InputSystem/Editor/Icons/Stick.png' with importer (TextureImporter)
Imported 'GUID: 6234dae5cf6f04acb9a51e04d448e444' -> (Import Result ID: 'bbbe4acdaa625cbfa6331f521c513af3') in 0.000 seconds [static and dynamic dependencies]. Details - ImportResultOutputID=9309e1be099b1d05cacbbce88919c49e DependenciesID=075d7f89f5543c71fcc93b865650ec4d StaticDependenciesID=8d2d73d126c334f9412324853873daf3 
Importing 'GUID: 62c846073cb844a2b926e4bbd3189647 - Path: Packages/com.unity.inputsystem/InputSystem/Editor/Icons/d_Axis@3x.png' with importer (TextureImporter)
Imported 'GUID: 62c846073cb844a2b926e4bbd3189647' -> (Import Result ID: '659fed4ea735820c9ec07e35948e24df') in 0.000 seconds [static and dynamic dependencies]. Details - ImportResultOutputID=b28b02ca0496f8d042fb3fd0245e90d3 DependenciesID=e19a0f9cf5ba813c8a82789bf1813fd8 StaticDependenciesID=c11234ad77425294129def9a5256683b 
Importing 'GUID: 62f8dda50382d487597224e197cbd34f - Path: Packages/com.unity.inputsystem/InputSystem/Editor/Icons/Orientation@2x.png' with importer (TextureImporter)
Imported 'GUID: 62f8dda50382d487597224e197cbd34f' -> (Import Result ID: '669e25eb45dea8ae45712fe8fb39d9ea') in 0.000 seconds [static and dynamic dependencies]. Details - ImportResultOutputID=87a503b26e386079cf594fd61d866f49 DependenciesID=bf8d3ab393da8cb91330165b5535d93b StaticDependenciesID=27a367cfe6bdec54c22da8c1de8dfe6e 
Importing 'GUID: 62ce957ca99fe4fcba573a5b141eb113 - Path: Packages/com.unity.inputsystem/InputSystem/Editor/Icons/InputControl@2x.png' with importer (TextureImporter)
Imported 'GUID: 62ce957ca99fe4fcba573a5b141eb113' -> (Import Result ID: '965b1c30a8ea1941797f5c97f62bc962') in 0.000 seconds [static and dynamic dependencies]. Details - ImportResultOutputID=4164641bf726b4fc19150a8a609d5698 DependenciesID=8647e9aa23570fe30b97130bdb13e8ae StaticDependenciesID=0128c67db392845b5438ed545ce50ca8 
Importing 'GUID: 82073a8bfd6b8488a89b8796d500d12d - Path: Packages/com.unity.inputsystem/InputSystem/Editor/Icons/Touch@2x.png' with importer (TextureImporter)
Imported 'GUID: 82073a8bfd6b8488a89b8796d500d12d' -> (Import Result ID: '24d9ee5d4adc97ea7c3837410b961dca') in 0.000 seconds [static and dynamic dependencies]. Details - ImportResultOutputID=71f9212dd3568cbb6b40a9072ed75a76 DependenciesID=266a2867c770fc5247f2ec518b15d1b3 StaticDependenciesID=08dee3d8d7b4a938b4973c28d6f92be8 
Importing 'GUID: c28849deb3e3b45c98965e7efd26f7be - Path: Packages/com.unity.inputsystem/InputSystem/Editor/Icons/Joystick.png' with importer (TextureImporter)
Imported 'GUID: c28849deb3e3b45c98965e7efd26f7be' -> (Import Result ID: '1dd83b2e941e9db236d965e7ba2b3eb0') in 0.000 seconds [static and dynamic dependencies]. Details - ImportResultOutputID=342803cfa211af209493db65ebd9a8dd DependenciesID=d1187cc0bed06d8ce1da0b32cca9a8ea StaticDependenciesID=904ad99cd5bd0953ff451fc5b702677d 
Importing 'GUID: e2078613efd9e410c8771cbd2717f4e7 - Path: Packages/com.unity.inputsystem/InputSystem/Editor/Icons/d_InputControl@4x.png' with importer (TextureImporter)
Imported 'GUID: e2078613efd9e410c8771cbd2717f4e7' -> (Import Result ID: '3bc3de54ffe7b2f00cd84e0970b293c5') in 0.000 seconds [static and dynamic dependencies]. Details - ImportResultOutputID=7f7abce7d7903631f6f28a65bd6d40e7 DependenciesID=e965683429d780c86a2220907712b6c4 StaticDependenciesID=ec3f018fa43f49e0ee102e43a8809b03 
Importing 'GUID: f2fd4d7aa99c94a67a6a137fe979a760 - Path: Packages/com.unity.inputsystem/InputSystem/Editor/Icons/d_Stick@4x.png' with importer (TextureImporter)
Imported 'GUID: f2fd4d7aa99c94a67a6a137fe979a760' -> (Import Result ID: 'efbe0659e5b3c98c7b39572bca9ef337') in 0.000 seconds [static and dynamic dependencies]. Details - ImportResultOutputID=41adc3869ce558ccc9b2cd563e0f8dea DependenciesID=efe127cec071eb54796ed71c74830670 StaticDependenciesID=55744c531a35f16287a3665cb61679e6 
Importing 'GUID: 03c3559bb64164f7785cd1250e475250 - Path: Packages/com.unity.inputsystem/InputSystem/Editor/Icons/d_Stick@3x.png' with importer (TextureImporter)
Imported 'GUID: 03c3559bb64164f7785cd1250e475250' -> (Import Result ID: '0d4581e13ceec819a30ac7679132b582') in 0.000 seconds [static and dynamic dependencies]. Details - ImportResultOutputID=6ff21b23ca7156bd486462324f5629bf DependenciesID=b117829f99c6649d1a9a572db4a13f8f StaticDependenciesID=09cef93cb76aaff63737f88a876b5394 
Importing 'GUID: 0309256f03c114697813e2296f0a1f18 - Path: Packages/com.unity.inputsystem/InputSystem/Editor/Icons/d_Button.png' with importer (TextureImporter)
Imported 'GUID: 0309256f03c114697813e2296f0a1f18' -> (Import Result ID: '49ec245cf64e23eeae182551d17ceedb') in 0.000 seconds [static and dynamic dependencies]. Details - ImportResultOutputID=f8fb2cf13ef82baf918fe7cf135dd197 DependenciesID=2eb677cebde13cf7d274e62900fba85c StaticDependenciesID=c6795920cf55fce5a1617988aeffc3a9 
Importing 'GUID: 13fb345befe624412ac0bd0138d7bcf2 - Path: Packages/com.unity.inputsystem/InputSystem/Editor/Icons/Pen@2x.png' with importer (TextureImporter)
Imported 'GUID: 13fb345befe624412ac0bd0138d7bcf2' -> (Import Result ID: '064a6a5e7e9809a47c42b1ad29bd4eee') in 0.000 seconds [static and dynamic dependencies]. Details - ImportResultOutputID=11c19f1ed3aa54026546a4e1643c9623 DependenciesID=1b2d3f50cbabce49f4643a09acbe0c80 StaticDependenciesID=80c4c723556875c31294fe38e2fa8b94 
Importing 'GUID: 33f32142c2c2d4662be5f5274db27158 - Path: Packages/com.unity.inputsystem/InputSystem/Editor/AssetEditor/PackageResources/blue.png' with importer (TextureImporter)
Imported 'GUID: 33f32142c2c2d4662be5f5274db27158' -> (Import Result ID: '47abc62037ee5d8417d2ddfa0ca76430') in 0.000 seconds [static and dynamic dependencies]. Details - ImportResultOutputID=d4d3c7ffb389df649b8289691b6ae440 DependenciesID=2f438cee406680a99b2b1cd1d96d69a3 StaticDependenciesID=048e1c28a70714c2d4506487ac7134c0 
Importing 'GUID: 83438053370c84456a73f7f95ef821fb - Path: Packages/com.unity.inputsystem/InputSystem/Editor/Icons/d_Gamepad@4x.png' with importer (TextureImporter)
Imported 'GUID: 83438053370c84456a73f7f95ef821fb' -> (Import Result ID: '60184fa3a6a5bd8c9295e35c978aa0c1') in 0.001 seconds [static and dynamic dependencies]. Details - ImportResultOutputID=0aa9ff16f6a8b349667e444745d8ca91 DependenciesID=8d294d2f44cfeb75ed33cdaf779b44bc StaticDependenciesID=1c701453ccbcb7ddc023179704b8ab28 
Importing 'GUID: 83382fb171da648c594229ca6fa7ad94 - Path: Packages/com.unity.inputsystem/InputSystem/Editor/Icons/d_Keyboard.png' with importer (TextureImporter)
Imported 'GUID: 83382fb171da648c594229ca6fa7ad94' -> (Import Result ID: 'e02f0b73f25296cbf87e57c6b3bffb9d') in 0.000 seconds [static and dynamic dependencies]. Details - ImportResultOutputID=9abb014f53e8121f21925e85d4e053fa DependenciesID=b62b88c04737b28a70349e5ec21b7899 StaticDependenciesID=130a2786e788aef625a4dac0a8a2d57f 
Importing 'GUID: a3fa73829479e4b41965e749fcca7c12 - Path: Packages/com.unity.inputsystem/InputSystem/Editor/Icons/Position@2x.png' with importer (TextureImporter)
Imported 'GUID: a3fa73829479e4b41965e749fcca7c12' -> (Import Result ID: '9497bc8df118e52d7fb65ed2a4761e09') in 0.000 seconds [static and dynamic dependencies]. Details - ImportResultOutputID=5aea4be7698236eebbf3ec8999f18c7a DependenciesID=c2997102deb29757bdbe9be8cfc21f14 StaticDependenciesID=cdba043321e7f3a91e2053772b7d6cb9 
Importing 'GUID: 34f9452ba2ee14c0b9c976800caef571 - Path: Packages/com.unity.inputsystem/InputSystem/Editor/Icons/d_Axis.png' with importer (TextureImporter)
Imported 'GUID: 34f9452ba2ee14c0b9c976800caef571' -> (Import Result ID: 'f093e857b9e392f349bcca31518f23ed') in 0.000 seconds [static and dynamic dependencies]. Details - ImportResultOutputID=eaf1968e942f3cc6811199e18d8d798a DependenciesID=68016052f00fa569b52fdd582dc9c521 StaticDependenciesID=7ceb35ad494b79968cf89e9333ab998c 
Importing 'GUID: 542599ad529004327a7b18f7b2a4aeb8 - Path: Packages/com.unity.inputsystem/InputSystem/Editor/Icons/d_Interactive Binding@3x.png' with importer (TextureImporter)
Imported 'GUID: 542599ad529004327a7b18f7b2a4aeb8' -> (Import Result ID: 'd24283239e294005d323a3393126aea3') in 0.000 seconds [static and dynamic dependencies]. Details - ImportResultOutputID=79829f303b7a5c7443a9adaa9d0c7742 DependenciesID=91409317e847fb2c8d5a7dd31185f9c1 StaticDependenciesID=02383dfe6dbc02a8a2ff3ae96b572f5c 
Importing 'GUID: 94fa2e214a138425e8afbbe1329e0b55 - Path: Packages/com.unity.inputsystem/InputSystem/Editor/Icons/d_Touch.png' with importer (TextureImporter)
Imported 'GUID: 94fa2e214a138425e8afbbe1329e0b55' -> (Import Result ID: '4e1fde0923a01dd64be26b22567237e3') in 0.000 seconds [static and dynamic dependencies]. Details - ImportResultOutputID=4ad985ca75e52d5bef90eea387fd845a DependenciesID=82f151a79aad5dca47a6bde719b14496 StaticDependenciesID=43135ebf6a3c0f66ade7eda67a72d38c 
Importing 'GUID: 943deaaee9c9347e0a455aa208526c42 - Path: Packages/com.unity.inputsystem/InputSystem/Editor/AssetEditor/PackageResources/pro/actionTreeBackgroundWithoutBorder.png' with importer (TextureImporter)
Imported 'GUID: 943deaaee9c9347e0a455aa208526c42' -> (Import Result ID: 'd213a2faf31e47f56c773be095915de3') in 0.000 seconds [static and dynamic dependencies]. Details - ImportResultOutputID=00460b514a162dea083adaa0ac531279 DependenciesID=d69034706f925804b48b6c5b482f93a6 StaticDependenciesID=f49aef5aaeb863849a64ee53027c2413 
Importing 'GUID: a4610f64a5a4e4625b1ddbd44b04c5a6 - Path: Packages/com.unity.inputsystem/InputSystem/Editor/Icons/Joystick@3x.png' with importer (TextureImporter)
Imported 'GUID: a4610f64a5a4e4625b1ddbd44b04c5a6' -> (Import Result ID: '81bff7ee1bd0da7885dad85ddf4b1f03') in 0.000 seconds [static and dynamic dependencies]. Details - ImportResultOutputID=f4e3d778f3f01d7e3d334661d1a10980 DependenciesID=34c9c250808fbd3a75324871c5cbfd00 StaticDependenciesID=181d09f6b8ad1429ec0e0fb5e7933560 
Importing 'GUID: a4d5a38cb01e9c54aa75431f797059cb - Path: Packages/com.unity.inputsystem/InputSystem/Editor/Icons/TrackedPoseDriver.png' with importer (TextureImporter)
Imported 'GUID: a4d5a38cb01e9c54aa75431f797059cb' -> (Import Result ID: '2025870811db0dd4e2f05c7445c7e3b6') in 0.000 seconds [static and dynamic dependencies]. Details - ImportResultOutputID=8e4b5517c2faca32c54d90c681fcc051 DependenciesID=d1be3965dcbfbed0d8283ed50ef94f5d StaticDependenciesID=19b301c2cdda2dbde40a4190b800998c 
Importing 'GUID: a4bbff684804d4c84b61cd0256cd2360 - Path: Packages/com.unity.inputsystem/InputSystem/Editor/Icons/d_Add Binding.png' with importer (TextureImporter)
Imported 'GUID: a4bbff684804d4c84b61cd0256cd2360' -> (Import Result ID: 'af29501a39caa06570f0f70318b791c7') in 0.000 seconds [static and dynamic dependencies]. Details - ImportResultOutputID=94c1592d0409cee3aeba647f693e5383 DependenciesID=6da7ed4f942f003ce03235beb49b3c9c StaticDependenciesID=ef70be7e3c66634a7a1d77abc5396a1d 
Importing 'GUID: a43c2c10c85c448b584c8f2840f86915 - Path: Packages/com.unity.inputsystem/InputSystem/Editor/Icons/Position@3x.png' with importer (TextureImporter)
Imported 'GUID: a43c2c10c85c448b584c8f2840f86915' -> (Import Result ID: 'dbb1ef1f03527b17c26800b3d7ce5615') in 0.000 seconds [static and dynamic dependencies]. Details - ImportResultOutputID=054e8cc6c8a0b262ada672a6a208cc92 DependenciesID=a7bc5a3369720c2126c7bf2ee0adedcb StaticDependenciesID=2c4d4100d52d2636fcdaea2ae6a337f5 
Importing 'GUID: a4deca3e01bf64bfc9136f4cb3b41c9f - Path: Packages/com.unity.inputsystem/InputSystem/Editor/Icons/Stick@3x.png' with importer (TextureImporter)
Imported 'GUID: a4deca3e01bf64bfc9136f4cb3b41c9f' -> (Import Result ID: 'd104a2090b025d607913350707aafb42') in 0.000 seconds [static and dynamic dependencies]. Details - ImportResultOutputID=e7c978290887873175675922ce0aedfb DependenciesID=b7657f11b4715293bde9882a6c416c77 StaticDependenciesID=b5c6d65d751708d2fe9fb24fc8573e8c 
Importing 'GUID: c4235c4abfa134435bd4c8c1f8fd8c56 - Path: Packages/com.unity.inputsystem/InputSystem/Editor/Icons/d_InputControl@2x.png' with importer (TextureImporter)
Imported 'GUID: c4235c4abfa134435bd4c8c1f8fd8c56' -> (Import Result ID: '10658d9fc127e74b3187b883228a85a0') in 0.001 seconds [static and dynamic dependencies]. Details - ImportResultOutputID=571e718784330cb8178663814316e123 DependenciesID=7ba82c513f37a18133897c0a8d4a3f2f StaticDependenciesID=084832f7077641c93c8b71851bf4af57 
Importing 'GUID: c4b66e31395c54087a2fbc13ae7e0f3c - Path: Packages/com.unity.inputsystem/InputSystem/Editor/AssetEditor/PackageResources/pro/actionTreeBackground.png' with importer (TextureImporter)
Imported 'GUID: c4b66e31395c54087a2fbc13ae7e0f3c' -> (Import Result ID: '5114658d3ff9a7066b27a2701cab0be3') in 0.000 seconds [static and dynamic dependencies]. Details - ImportResultOutputID=c968c6677fdb6eed1aecf28a5ec64f17 DependenciesID=542ca70e51a0f388242578bc17b04f8a StaticDependenciesID=1e8d5bae4abaa4f917e2aee6713490d7 
Importing 'GUID: c4f7551c56dfb47a7a105b6579646d2f - Path: Packages/com.unity.inputsystem/InputSystem/Editor/Icons/ChevronUp@4x.png' with importer (TextureImporter)
Imported 'GUID: c4f7551c56dfb47a7a105b6579646d2f' -> (Import Result ID: 'ad6408a928b7df024ec0db26bf64d64b') in 0.000 seconds [static and dynamic dependencies]. Details - ImportResultOutputID=45cda5a6417ebb47212657813a269c64 DependenciesID=ac65ec488894762d10dbcd1faf74b17c StaticDependenciesID=50a4cf125325ab5e666328b7c1029782 
Importing 'GUID: e46ad23216d074f828f3437b21912c64 - Path: Packages/com.unity.inputsystem/InputSystem/Editor/Icons/d_ChevronUp@4x.png' with importer (TextureImporter)
Imported 'GUID: e46ad23216d074f828f3437b21912c64' -> (Import Result ID: '38378e25ee8233fd60fa0fc0b9869893') in 0.000 seconds [static and dynamic dependencies]. Details - ImportResultOutputID=80d7263e54aea15104d154a0fea288c3 DependenciesID=8f9c5e449e8c90e08feaafc030da581b StaticDependenciesID=d78dd45c6cd5a3317434bccf6160fc38 
Importing 'GUID: f4e6ca70dd9734da1a812be882c6364e - Path: Packages/com.unity.inputsystem/InputSystem/Editor/Icons/d_Interactive Binding@4x.png' with importer (TextureImporter)
Imported 'GUID: f4e6ca70dd9734da1a812be882c6364e' -> (Import Result ID: '44c480f200ffe8b27cda92d8ca9095a2') in 0.000 seconds [static and dynamic dependencies]. Details - ImportResultOutputID=f80f7bfded8b0015e010802ed994181a DependenciesID=bd7136c5b01d5e9d65a32560a9d68205 StaticDependenciesID=cddca99b3bd133ead68fe116d25b35ec 
Importing 'GUID: 05bbafd21bf3c4cca93cb8ddfbbd4070 - Path: Packages/com.unity.inputsystem/InputSystem/Editor/Icons/Mouse@3x.png' with importer (TextureImporter)
Imported 'GUID: 05bbafd21bf3c4cca93cb8ddfbbd4070' -> (Import Result ID: 'a18f35796c5db9c84247efc44b6f87cb') in 0.000 seconds [static and dynamic dependencies]. Details - ImportResultOutputID=22fbb62e96c7f65950cd756acb0ecede DependenciesID=43b481ef9f37e56ab6ca98d55531b5ec StaticDependenciesID=77db875d789eb9853ba0840fcf2aa274 
Importing 'GUID: 153c8e15f7f6c452ca50f6795813ed39 - Path: Packages/com.unity.inputsystem/InputSystem/Editor/Icons/ChevronDown@2x.png' with importer (TextureImporter)
Imported 'GUID: 153c8e15f7f6c452ca50f6795813ed39' -> (Import Result ID: 'db686eac9304da19ac78bcc5731351e3') in 0.000 seconds [static and dynamic dependencies]. Details - ImportResultOutputID=bf3134bef3168f40842ff0ebb965864d DependenciesID=41cf4846a0319ffe39c898b44c966c93 StaticDependenciesID=5ce35ac146062ea9e469437e744f3904 
Importing 'GUID: 2552e303d22424da2ad62552efbd06e8 - Path: Packages/com.unity.inputsystem/InputSystem/Editor/Icons/d_Position@2x.png' with importer (TextureImporter)
Imported 'GUID: 2552e303d22424da2ad62552efbd06e8' -> (Import Result ID: '3ee4891fccb2272ce913198d2f9ed713') in 0.000 seconds [static and dynamic dependencies]. Details - ImportResultOutputID=a491726795983834f65c89c32f08185d DependenciesID=371670aa0a58d2002b5e5c2406d15d6a StaticDependenciesID=67f7dd7ec529b3e8e4420c75cc007fc1 
Importing 'GUID: 55040e210fa9b426b861a26909ab4de7 - Path: Packages/com.unity.inputsystem/InputSystem/Editor/Icons/d_Stick.png' with importer (TextureImporter)
Imported 'GUID: 55040e210fa9b426b861a26909ab4de7' -> (Import Result ID: 'c92f41d9a3740f30d8cdaf17c6a33704') in 0.000 seconds [static and dynamic dependencies]. Details - ImportResultOutputID=0a443a361f46770080c2970b373e5e27 DependenciesID=c86e7dc664170b33fdfda737cde10fee StaticDependenciesID=9f05cb90f48eb59c3420e3515acaec96 
Importing 'GUID: 7543bb6341c2140f292c8c852e7a3bbf - Path: Packages/com.unity.inputsystem/InputSystem/Editor/Icons/Gamepad@4x.png' with importer (TextureImporter)
Imported 'GUID: 7543bb6341c2140f292c8c852e7a3bbf' -> (Import Result ID: '2e46b1c9dfd9c36be7d38f0ef354c29b') in 0.000 seconds [static and dynamic dependencies]. Details - ImportResultOutputID=260443ca311f7188fe603bbd0b32f77d DependenciesID=76ff14e51aa00acee9009aa0c1dcb99e StaticDependenciesID=818ab2c0f00bd3881a111f9fa0cf68b8 
Importing 'GUID: 958a10dec4f3a4764bb345b0aa03510b - Path: Packages/com.unity.inputsystem/InputSystem/Editor/Icons/Add Binding.png' with importer (TextureImporter)
Imported 'GUID: 958a10dec4f3a4764bb345b0aa03510b' -> (Import Result ID: '4b0ec0c819ab6481c327ebfe54c2f833') in 0.000 seconds [static and dynamic dependencies]. Details - ImportResultOutputID=c21e4cb8d8c726e5a9de3c196397aaa7 DependenciesID=2f12da5e1f6e2c8402845471a95f84ef StaticDependenciesID=579320f18f2c41b8280b7893ff21db02 
Importing 'GUID: c5bdeae4dabac4bf19f7a1afcf5ca678 - Path: Packages/com.unity.inputsystem/InputSystem/Editor/Icons/d_Position.png' with importer (TextureImporter)
Imported 'GUID: c5bdeae4dabac4bf19f7a1afcf5ca678' -> (Import Result ID: '6ceb7bfd4252f074602959de3e302578') in 0.000 seconds [static and dynamic dependencies]. Details - ImportResultOutputID=a919038b7543dcf8f6f744fb524221be DependenciesID=29d7db5ee4630ec41a8248ba0c1ba991 StaticDependenciesID=4627353734f22844157a7cb94c3a4f49 
Importing 'GUID: f58c918f135bd4b8abe5fdb06bda7f4d - Path: Packages/com.unity.inputsystem/InputSystem/Editor/Icons/Joystick@4x.png' with importer (TextureImporter)
Imported 'GUID: f58c918f135bd4b8abe5fdb06bda7f4d' -> (Import Result ID: '6b86e122545f7590b0aa3c5288d5ee79') in 0.000 seconds [static and dynamic dependencies]. Details - ImportResultOutputID=1dbcd52568c3be8b88de16f0637b03e1 DependenciesID=9bd231e23976a875193af490325d1ae7 StaticDependenciesID=f326fd1ee2520d6d78abcc30d4516e0c 
Importing 'GUID: f5ace3d653812436a812bebfe7f9a242 - Path: Packages/com.unity.inputsystem/InputSystem/Editor/Icons/Stick@4x.png' with importer (TextureImporter)
Imported 'GUID: f5ace3d653812436a812bebfe7f9a242' -> (Import Result ID: '85eb84fa43e0fca68565d9e8cba489eb') in 0.000 seconds [static and dynamic dependencies]. Details - ImportResultOutputID=7d2a3746f79451cf64d72766d1ef45e5 DependenciesID=ff94e213854351f2e63001c8c9dd78b3 StaticDependenciesID=f49659ae215e8da0704cdce9f24961d4 
Importing 'GUID: 06ad495fb07444736b59782982d96250 - Path: Packages/com.unity.inputsystem/InputSystem/Editor/Icons/d_ChevronDown.png' with importer (TextureImporter)
Imported 'GUID: 06ad495fb07444736b59782982d96250' -> (Import Result ID: '4c20302e93c56613dda562ff1435c4e2') in 0.000 seconds [static and dynamic dependencies]. Details - ImportResultOutputID=721f4f5a51f1ce3372619eae66abf6c4 DependenciesID=6796881f1cae41c54f4d2167a3388b98 StaticDependenciesID=c5efc7986b30687bf40e6ee6c3283c5b 
Importing 'GUID: 264ffc05d7d2841d5a6065854b6282ca - Path: Packages/com.unity.inputsystem/InputSystem/Editor/Icons/d_Mouse.png' with importer (TextureImporter)
Imported 'GUID: 264ffc05d7d2841d5a6065854b6282ca' -> (Import Result ID: '728cb5b558f7356ea16a2766baae4977') in 0.000 seconds [static and dynamic dependencies]. Details - ImportResultOutputID=ba9573cdba727f8afa51803b4cf7300b DependenciesID=cb127f57459f41a2cbfa8c8134c6d815 StaticDependenciesID=5e23fade7a8394ec15e4e0a210c1b1e9 
Importing 'GUID: 5684eb521fa99491e9061de682d1622e - Path: Packages/com.unity.inputsystem/InputSystem/Editor/Icons/Position.png' with importer (TextureImporter)
Imported 'GUID: 5684eb521fa99491e9061de682d1622e' -> (Import Result ID: 'ee322acbae22da58b3290faf2c58abc6') in 0.000 seconds [static and dynamic dependencies]. Details - ImportResultOutputID=a58ea49a4620f9f97af0347b6e3f37a8 DependenciesID=e79f9d861a932ebca5ca18da091863d0 StaticDependenciesID=13d712925cb87c8aabc5cd50ba952186 
Importing 'GUID: 76dc61ff6c2d84b24b0a2ce01dc2842d - Path: Packages/com.unity.inputsystem/InputSystem/Editor/Icons/d_Gamepad.png' with importer (TextureImporter)
Imported 'GUID: 76dc61ff6c2d84b24b0a2ce01dc2842d' -> (Import Result ID: '002aec55ab4afa4b1cf650d329cf71ae') in 0.000 seconds [static and dynamic dependencies]. Details - ImportResultOutputID=ad5a956884bafd96c6cee52f1b3fd7cb DependenciesID=32592bd44de48da88ffeea8390fe5fed StaticDependenciesID=16812711f6d19a8b6eb752b33017f4a2 
Importing 'GUID: 862c5ca31844d4a6d9aa804af982ce65 - Path: Packages/com.unity.inputsystem/InputSystem/Editor/Icons/Add Binding@4x.png' with importer (TextureImporter)
Imported 'GUID: 862c5ca31844d4a6d9aa804af982ce65' -> (Import Result ID: 'fec54ff94b9a60a8391f903b9d5450ad') in 0.000 seconds [static and dynamic dependencies]. Details - ImportResultOutputID=9088848ee6baed77d465849079864b56 DependenciesID=14f6d62cc5208680aa0fec50a9d012ee StaticDependenciesID=287dbb9ce138eeb8e61e650ca8a0b5fb 
Importing 'GUID: 96f7582a52a6843c09e0c71617e94f2d - Path: Packages/com.unity.inputsystem/InputSystem/Editor/Icons/d_Pen@2x.png' with importer (TextureImporter)
Imported 'GUID: 96f7582a52a6843c09e0c71617e94f2d' -> (Import Result ID: '2755e5d9d136ea8b775de00e04955efb') in 0.000 seconds [static and dynamic dependencies]. Details - ImportResultOutputID=0e33ed9d4fd4a68f6c50bb2542947d44 DependenciesID=a39ce4329b5e120b7b15925e4319d0f2 StaticDependenciesID=e2dc76f3cb3744f829e7e44b7fcc09d5 
Importing 'GUID: b60b9eb0384c345c89435d0982a6e4fd - Path: Packages/com.unity.inputsystem/InputSystem/Editor/Icons/d_Dpad.png' with importer (TextureImporter)
Imported 'GUID: b60b9eb0384c345c89435d0982a6e4fd' -> (Import Result ID: '44e07378665a79f996672bff175d7db6') in 0.000 seconds [static and dynamic dependencies]. Details - ImportResultOutputID=761c57f6dc231978797fa15cbe70a1a3 DependenciesID=daf53561b0b98b34a20674efee4888f6 StaticDependenciesID=8c20dbbeec1d820636d7d28834694d35 
Importing 'GUID: 17b3fef87d666459d860ad88452862da - Path: Packages/com.unity.inputsystem/InputSystem/Editor/Icons/d_Pen@3x.png' with importer (TextureImporter)
Imported 'GUID: 17b3fef87d666459d860ad88452862da' -> (Import Result ID: 'df7cb77c3c07d9806b7b205c2bb9a25e') in 0.000 seconds [static and dynamic dependencies]. Details - ImportResultOutputID=3c03bbcea19fa2f10ce441cb9d1be669 DependenciesID=3b310542c87aa705cf662e243293ef73 StaticDependenciesID=18d52976768b70a4a467e162cc8bdeb9 
Importing 'GUID: 17c8753d0e5e24194b06404851be7f13 - Path: Packages/com.unity.inputsystem/InputSystem/Editor/Icons/Gamepad.png' with importer (TextureImporter)
Imported 'GUID: 17c8753d0e5e24194b06404851be7f13' -> (Import Result ID: 'b50a5afaa2c9422bc5abfc61c26e7759') in 0.000 seconds [static and dynamic dependencies]. Details - ImportResultOutputID=f306a654c2eb54a16b959d78918409f7 DependenciesID=fbc6f5b208e9d9d02403d0a5c655b595 StaticDependenciesID=27caf91a1c769d8cf60889bd34a9edc0 
Importing 'GUID: 27163f3cda5b9431d928f2b33eeb5cf1 - Path: Packages/com.unity.inputsystem/InputSystem/Editor/Icons/d_Axis@2x.png' with importer (TextureImporter)
Imported 'GUID: 27163f3cda5b9431d928f2b33eeb5cf1' -> (Import Result ID: '4787a8e2fcfcfc9fed766efa53124872') in 0.000 seconds [static and dynamic dependencies]. Details - ImportResultOutputID=2c85b918d5c506ca84478a9526fcd995 DependenciesID=50ec17d4f924e619621b179646dc6c67 StaticDependenciesID=afd6c24de804bcfcfab8bdbd7041a885 
Importing 'GUID: 27fa98be5deb54cbf9c11ffc540272b2 - Path: Packages/com.unity.inputsystem/InputSystem/Editor/Icons/d_Joystick@2x.png' with importer (TextureImporter)
Imported 'GUID: 27fa98be5deb54cbf9c11ffc540272b2' -> (Import Result ID: '513e55383b4f3c317114f367f9d320e5') in 0.000 seconds [static and dynamic dependencies]. Details - ImportResultOutputID=855869c4fbef0eb216ca0599d31bace9 DependenciesID=1b43168238ae4e8216e6e5d1eab5995d StaticDependenciesID=2965dc704f699dccaff1252557e6aaf0 
Importing 'GUID: 47cf506b4219343519083fe1c0b8fc9c - Path: Packages/com.unity.inputsystem/InputSystem/Editor/AssetEditor/PackageResources/yellow.png' with importer (TextureImporter)
Imported 'GUID: 47cf506b4219343519083fe1c0b8fc9c' -> (Import Result ID: 'b37e634d57cda0350053bff7aa571cde') in 0.000 seconds [static and dynamic dependencies]. Details - ImportResultOutputID=18f10f21108396fe403d66d76a1b9a83 DependenciesID=cb3c59769a87e65f80ebf7de73d37f23 StaticDependenciesID=49b6deb2f3f2a1b23e89e9e203437dab 
Importing 'GUID: 57dfdce0eaf2f48a9bd9e60e920e446b - Path: Packages/com.unity.inputsystem/InputSystem/Editor/Icons/ChevronUp@2x.png' with importer (TextureImporter)
Imported 'GUID: 57dfdce0eaf2f48a9bd9e60e920e446b' -> (Import Result ID: '3dd97162fb90e6a98d4990443900f299') in 0.000 seconds [static and dynamic dependencies]. Details - ImportResultOutputID=a768d325aa1dfeef0f7c81975d1d63ee DependenciesID=6ca17ad2ea06835125cf694f07ecc53b StaticDependenciesID=6433b6f80bc7e1da52c1129912482ec7 
Importing 'GUID: 87ae93efe5d3b4262995b0acdc987d88 - Path: Packages/com.unity.inputsystem/InputSystem/Editor/Icons/Keyboard@2x.png' with importer (TextureImporter)
Imported 'GUID: 87ae93efe5d3b4262995b0acdc987d88' -> (Import Result ID: '8c51fb1e75df3e448d3d74ce2608c52a') in 0.000 seconds [static and dynamic dependencies]. Details - ImportResultOutputID=9f9b6367bc1f26e16d7ce83800667db3 DependenciesID=2c6e5b68080f7f7ac35f570aece6d9be StaticDependenciesID=25df3f4fd17eadd80f765e3daffc2567 
Importing 'GUID: 9721efa02e520488d96c36460fe7e4a6 - Path: Packages/com.unity.inputsystem/InputSystem/Editor/Icons/Mouse@2x.png' with importer (TextureImporter)
Imported 'GUID: 9721efa02e520488d96c36460fe7e4a6' -> (Import Result ID: 'fb04229da288e0aef56fd4f2a2f16a92') in 0.000 seconds [static and dynamic dependencies]. Details - ImportResultOutputID=166dbc5c5fce8668af56d02892b53b37 DependenciesID=89d45287fb1b43e91bd0fdc387bb8bc8 StaticDependenciesID=3a89d3230808a6f10cc2fd25f87e97dc 
Importing 'GUID: d7b144323984d4298924c65ed071dea1 - Path: Packages/com.unity.inputsystem/InputSystem/Editor/AssetEditor/PackageResources/pink.png' with importer (TextureImporter)
Imported 'GUID: d7b144323984d4298924c65ed071dea1' -> (Import Result ID: '22e9c7835fb8b07587afd9c05d2c1215') in 0.000 seconds [static and dynamic dependencies]. Details - ImportResultOutputID=3ec8134ca3a89fcb75eada55046294cd DependenciesID=0f0744c32b191395162f4544a19cfd66 StaticDependenciesID=0a84b215e8c48b13bde88e92ea5f839b 
Importing 'GUID: d7073cfe15a1a48bfb7ff59225052484 - Path: Packages/com.unity.inputsystem/InputSystem/Editor/Icons/Dpad@4x.png' with importer (TextureImporter)
Imported 'GUID: d7073cfe15a1a48bfb7ff59225052484' -> (Import Result ID: 'db4f0a1b43ab3532da525510a90dc39a') in 0.000 seconds [static and dynamic dependencies]. Details - ImportResultOutputID=15a5164abf2f034182311a5c0a56d7da DependenciesID=09818deeef225e6d9bbbba51a6f4d48a StaticDependenciesID=08b9e087c6d9ddb648eb407660f11318 
Importing 'GUID: e77ee65b5139048949dc0ac5614efeec - Path: Packages/com.unity.inputsystem/InputSystem/Editor/Icons/d_Touch@3x.png' with importer (TextureImporter)
Imported 'GUID: e77ee65b5139048949dc0ac5614efeec' -> (Import Result ID: 'd0805fdd278c5908bef1e7b883e92ba4') in 0.000 seconds [static and dynamic dependencies]. Details - ImportResultOutputID=3c488619bd39b377a178e67d59190c98 DependenciesID=aa0aba1c51ff06329a3747fe0c6ea8d3 StaticDependenciesID=d7709206446630915788454432f03e42 
Importing 'GUID: e76f0489d4db34a2fbc3532e07f2848a - Path: Packages/com.unity.inputsystem/InputSystem/Editor/Icons/Dpad.png' with importer (TextureImporter)
Imported 'GUID: e76f0489d4db34a2fbc3532e07f2848a' -> (Import Result ID: 'c284b4000a221c5777d8b02d4b622b40') in 0.000 seconds [static and dynamic dependencies]. Details - ImportResultOutputID=c323d36879e2a9c29bb4ce2298277480 DependenciesID=c7d3978b9e653a66c7474d96e96dfc1e StaticDependenciesID=9d95ed27637dc9c0c61af3bbb22ace2a 
Importing 'GUID: 08c99f7c2a7fa410d8567323e32ad5f5 - Path: Packages/com.unity.inputsystem/InputSystem/Editor/Icons/InputControl@4x.png' with importer (TextureImporter)
Imported 'GUID: 08c99f7c2a7fa410d8567323e32ad5f5' -> (Import Result ID: '63aca481ca17fbc31b59b30677b6ea58') in 0.000 seconds [static and dynamic dependencies]. Details - ImportResultOutputID=ea56584b6a7b322287d4c97a7c898a8e DependenciesID=162567cc72f8b8515b9be120cd2f84ea StaticDependenciesID=d8a103310d057a58834ffacfdb8df7d6 
Importing 'GUID: 18e45e1f11fae429c80c200cca8e0b4c - Path: Packages/com.unity.inputsystem/InputSystem/Editor/Icons/Joystick@2x.png' with importer (TextureImporter)
Imported 'GUID: 18e45e1f11fae429c80c200cca8e0b4c' -> (Import Result ID: '6dfd5dbb0571b0d0fd0ca3db9aae37f0') in 0.000 seconds [static and dynamic dependencies]. Details - ImportResultOutputID=1d3e8197eecae09beea7cd3f0dbe86d4 DependenciesID=24df21ebfbaf27fddcb18fa697e7ec6b StaticDependenciesID=2070089ae01265b6f9d8a2610d7b6e3e 
Importing 'GUID: 588041e6f0efb43489b38677e0aac58f - Path: Packages/com.unity.inputsystem/InputSystem/Editor/Icons/Touch.png' with importer (TextureImporter)
Imported 'GUID: 588041e6f0efb43489b38677e0aac58f' -> (Import Result ID: '58c7d52d9820b9cbc1cb2401488a4ac2') in 0.000 seconds [static and dynamic dependencies]. Details - ImportResultOutputID=d5ef5da22b67343f3eeed7adfe3ecf43 DependenciesID=f48f07ece080ceee5745bbf52acc0a7b StaticDependenciesID=fe23813d5803d3e44c119e5e55bb3b6e 
Importing 'GUID: 5881d226463a047cb8db57c9cb0ebc0f - Path: Packages/com.unity.inputsystem/InputSystem/Editor/Icons/Stick@2x.png' with importer (TextureImporter)
Imported 'GUID: 5881d226463a047cb8db57c9cb0ebc0f' -> (Import Result ID: '88b57af61e5d22dfc4adc6f0f71e3074') in 0.000 seconds [static and dynamic dependencies]. Details - ImportResultOutputID=0fed3d8af41b453daf25a805c5dd17ba DependenciesID=610c4cde59ec0e1496f8c4fafa063bfd StaticDependenciesID=e76c22e314a810a2f773729af29b0401 
Importing 'GUID: 5806833d077654e5784b7cbf3e722f58 - Path: Packages/com.unity.inputsystem/InputSystem/Editor/Icons/Dpad@2x.png' with importer (TextureImporter)
Imported 'GUID: 5806833d077654e5784b7cbf3e722f58' -> (Import Result ID: '3bccb5054bc610450ce002970be9346d') in 0.000 seconds [static and dynamic dependencies]. Details - ImportResultOutputID=fcc3b997a90bfffb3cc85862d32a8781 DependenciesID=1c036c49fb8ec941a1d5fad12e1cabe1 StaticDependenciesID=92d63017f776f9e3ba47d25c037b7450 
Importing 'GUID: 985cbca1705a64c80b370afdb30b3ee7 - Path: Packages/com.unity.inputsystem/InputSystem/Editor/Icons/ChevronDown@3x.png' with importer (TextureImporter)
Imported 'GUID: 985cbca1705a64c80b370afdb30b3ee7' -> (Import Result ID: 'beb9158569f112aeeffa4fee215f5073') in 0.000 seconds [static and dynamic dependencies]. Details - ImportResultOutputID=b49a372419cc14bc6b62d94f6c1c816a DependenciesID=446139a874863876fd1a7d5d8f860be3 StaticDependenciesID=9e9061c085198461bde7f389442d0619 
Importing 'GUID: a89bfcdeffde84e7ebf930d44b695435 - Path: Packages/com.unity.inputsystem/InputSystem/Editor/Icons/d_ChevronUp@2x.png' with importer (TextureImporter)
Imported 'GUID: a89bfcdeffde84e7ebf930d44b695435' -> (Import Result ID: '3f9b2b12b33c547ef6f513ff56a986d2') in 0.000 seconds [static and dynamic dependencies]. Details - ImportResultOutputID=0d0377ddc0ca59e2aa6ed3aab6e0e5c5 DependenciesID=8c450708926514cec30eabb5f7225f48 StaticDependenciesID=04eaea3bdfd2ae35823d5fd0d6d7c421 
Importing 'GUID: d88596134c72c47b99d7d55583f4c6bf - Path: Packages/com.unity.inputsystem/InputSystem/Editor/Icons/d_Joystick@4x.png' with importer (TextureImporter)
Imported 'GUID: d88596134c72c47b99d7d55583f4c6bf' -> (Import Result ID: 'd524c99f7e9c9037eb224350b1549f14') in 0.000 seconds [static and dynamic dependencies]. Details - ImportResultOutputID=6fe6abeb647654134a156586e41ff218 DependenciesID=f1d403fc468ccc13a770a695a4a2bc7a StaticDependenciesID=3fa14d16e70bf1ef5ed19face3b328d9 
Importing 'GUID: 0962795d1cafc460b9027de55b1c0a80 - Path: Packages/com.unity.inputsystem/InputSystem/Editor/Icons/d_Button@2x.png' with importer (TextureImporter)
Imported 'GUID: 0962795d1cafc460b9027de55b1c0a80' -> (Import Result ID: '91d0931ec5d3e1e954d8856bffa38b31') in 0.000 seconds [static and dynamic dependencies]. Details - ImportResultOutputID=69a079c950a536ad95cd071571215549 DependenciesID=14ff77bbc681df7accb46194695774bb StaticDependenciesID=b406c1af3c088b0ead886305861a6897 
Importing 'GUID: 1918e7bff8ff44878a0003977ca03971 - Path: Packages/com.unity.inputsystem/InputSystem/Editor/Icons/d_Mouse@4x.png' with importer (TextureImporter)
Imported 'GUID: 1918e7bff8ff44878a0003977ca03971' -> (Import Result ID: '015646cf61d49c31f72baabc6fcdc56c') in 0.000 seconds [static and dynamic dependencies]. Details - ImportResultOutputID=44d4b543a47049e41423abe43b7b7880 DependenciesID=3c9cd0c51ed6ca701e17886c73c84523 StaticDependenciesID=94d880a8be1d04408e592b531f0b2fa5 
Importing 'GUID: 399cd90f4e31041e692a7d3a8b1aa4d0 - Path: Packages/com.unity.inputsystem/InputSystem/Editor/Icons/d_InputControl.png' with importer (TextureImporter)
Imported 'GUID: 399cd90f4e31041e692a7d3a8b1aa4d0' -> (Import Result ID: '5e01f2c721c7c9ac33e873d0c0b677dc') in 0.000 seconds [static and dynamic dependencies]. Details - ImportResultOutputID=162b6b580b139a3cc1ba415323e082a8 DependenciesID=d9fc435405aa2226dd204e9ff62118a9 StaticDependenciesID=46907f6d39b65a020d5a9ce7fccd7f09 
Importing 'GUID: a940917cc397643afb071010cb2143d9 - Path: Packages/com.unity.inputsystem/InputSystem/Editor/Icons/Axis@4x.png' with importer (TextureImporter)
Imported 'GUID: a940917cc397643afb071010cb2143d9' -> (Import Result ID: '1779c4a59b87d175a1df44267af1c480') in 0.000 seconds [static and dynamic dependencies]. Details - ImportResultOutputID=9fd6261b4e68d8a26fdba1cc2f709f00 DependenciesID=f9be44b03d161ae6a475ab09b030f706 StaticDependenciesID=13972e1ef5320e6426af89a29f9a6d57 
Importing 'GUID: a9fe7c3d19af4432b9ae2a5172f4ea72 - Path: Packages/com.unity.inputsystem/InputSystem/Editor/Icons/ChevronUp.png' with importer (TextureImporter)
Imported 'GUID: a9fe7c3d19af4432b9ae2a5172f4ea72' -> (Import Result ID: '96c483e0e67501b405509f471bd01cdd') in 0.000 seconds [static and dynamic dependencies]. Details - ImportResultOutputID=7beadb978265332f677363ede8d8015a DependenciesID=cd5a701e0d4eba9cb8e243437aa81a73 StaticDependenciesID=3161d9beaaa4258df0a5b08bafea6463 
Importing 'GUID: c933c2bcad7ef46309fde7c1cf11b39a - Path: Packages/com.unity.inputsystem/InputSystem/Editor/Icons/d_Orientation.png' with importer (TextureImporter)
Imported 'GUID: c933c2bcad7ef46309fde7c1cf11b39a' -> (Import Result ID: '9b20944e85c8a682d732f1722927b686') in 0.000 seconds [static and dynamic dependencies]. Details - ImportResultOutputID=7e68a424242b5622209c42eead5c4c2f DependenciesID=1f5e5368194f55217230d1db373474f0 StaticDependenciesID=d64f397c5605970ccd89b48eed34ecba 
Importing 'GUID: c998b283038914e699477f514ecb31ac - Path: Packages/com.unity.inputsystem/InputSystem/Editor/Icons/Position@4x.png' with importer (TextureImporter)
Imported 'GUID: c998b283038914e699477f514ecb31ac' -> (Import Result ID: '69f137c526f261bc5e9fca186f297f3c') in 0.000 seconds [static and dynamic dependencies]. Details - ImportResultOutputID=59b298fefd2fa5e89d975e88e03135e8 DependenciesID=e4a2cc40eb92d40b077967d38b90cc69 StaticDependenciesID=45cd3e151a4f6c0f740d104bb01a675d 
Importing 'GUID: 0aec7c7bf99354f66bc2a1d18bd0b4d2 - Path: Packages/com.unity.inputsystem/InputSystem/Editor/Icons/d_Pen@4x.png' with importer (TextureImporter)
Imported 'GUID: 0aec7c7bf99354f66bc2a1d18bd0b4d2' -> (Import Result ID: '2b811c60b38c1d80c2c682738cc4c640') in 0.000 seconds [static and dynamic dependencies]. Details - ImportResultOutputID=bce5832ddaf1e088aef849683fc4d07d DependenciesID=9c0c6d32dec3466a4bde9d2ae039c81a StaticDependenciesID=05bcb356785d7e9e46ad010f8c9f5b8a 
Importing 'GUID: 2a5d0a7febdc741039abf135883517e5 - Path: Packages/com.unity.inputsystem/InputSystem/Editor/Icons/Button.png' with importer (TextureImporter)
Imported 'GUID: 2a5d0a7febdc741039abf135883517e5' -> (Import Result ID: '49998b8d06ccaf26d6de02ff68361512') in 0.000 seconds [static and dynamic dependencies]. Details - ImportResultOutputID=5999a0d32cdcabc761be24103968267e DependenciesID=2be283b5280e363414cbf7ea57da8ef6 StaticDependenciesID=fe8265f0a1087517b2a43cf879b05d00 
Importing 'GUID: 4ae0b2f68c2464272b1b10105262b09b - Path: Packages/com.unity.inputsystem/InputSystem/Editor/Icons/Gamepad@3x.png' with importer (TextureImporter)
Imported 'GUID: 4ae0b2f68c2464272b1b10105262b09b' -> (Import Result ID: '72a0dde02d1dedd7799bdd1e7d591fff') in 0.000 seconds [static and dynamic dependencies]. Details - ImportResultOutputID=d2be7a804c008409a2ceb674935a513c DependenciesID=f464ee9e96d01335aa359528550d4171 StaticDependenciesID=2daa44aa804ffce0f56bb18e9e97d70d 
Importing 'GUID: 4a0ce0eda6ee74c669b13104649e1313 - Path: Packages/com.unity.inputsystem/InputSystem/Editor/Icons/d_Add Binding@4x.png' with importer (TextureImporter)
Imported 'GUID: 4a0ce0eda6ee74c669b13104649e1313' -> (Import Result ID: '6a06bb114486ab12f8a25cfeebce5cea') in 0.000 seconds [static and dynamic dependencies]. Details - ImportResultOutputID=c1f5892da0f7a671ecf129a779de4612 DependenciesID=3297cc824da07804f065f3c9fdfc35b5 StaticDependenciesID=967ac463fc058209fc55f003d6353f36 
Importing 'GUID: 5ab69704aa4984b49bc426da72fabbed - Path: Packages/com.unity.inputsystem/InputSystem/Editor/AssetEditor/PackageResources/personal/foldoutBackground.png' with importer (TextureImporter)
Imported 'GUID: 5ab69704aa4984b49bc426da72fabbed' -> (Import Result ID: 'ee42b054541e23a796b842a2a30a879c') in 0.000 seconds [static and dynamic dependencies]. Details - ImportResultOutputID=7fd6fbb991b5c0829d8a4cc99d23f4cf DependenciesID=1d82e5331763cce7a93441ba94534168 StaticDependenciesID=f55d6878d24ba30ae17e0ca017ab280f 
Importing 'GUID: 5a5b9538c3aaa4587856e68a93a92a51 - Path: Packages/com.unity.inputsystem/InputSystem/Editor/Icons/Keyboard.png' with importer (TextureImporter)
Imported 'GUID: 5a5b9538c3aaa4587856e68a93a92a51' -> (Import Result ID: '5ea9ae97db22687779930afdba9dc026') in 0.000 seconds [static and dynamic dependencies]. Details - ImportResultOutputID=0efad009e157b33d965bbeea10c73bb0 DependenciesID=808440dbb907470a19300a0426e16ed5 StaticDependenciesID=0b509201b7193401f9eb7469a80b7b4d 
Importing 'GUID: 6a237171e2346e3458db37eb0f90d42b - Path: Packages/com.unity.inputsystem/InputSystem/Editor/Icons/MultiplayerEventSystem@64.png' with importer (TextureImporter)
Imported 'GUID: 6a237171e2346e3458db37eb0f90d42b' -> (Import Result ID: 'b61d1f049bfc7b8d6effbbd0693e677d') in 0.000 seconds [static and dynamic dependencies]. Details - ImportResultOutputID=57cc19f39c7e33c8d5be479c4c23ca2d DependenciesID=66004cc58bf6b060c1507394d09c7e27 StaticDependenciesID=ac28b247cd77b558bcdde85e84f4f490 
Importing 'GUID: 9ad5d5b6a25b749e78b4950eae0a8ec2 - Path: Packages/com.unity.inputsystem/InputSystem/Editor/Icons/Touch@3x.png' with importer (TextureImporter)
Imported 'GUID: 9ad5d5b6a25b749e78b4950eae0a8ec2' -> (Import Result ID: '4dd03fe2f828ad10842adbe907c5d0ce') in 0.000 seconds [static and dynamic dependencies]. Details - ImportResultOutputID=4e51e923348ccad988ec68b607b4c997 DependenciesID=e51f55357580a39bc5b619f3a65c519f StaticDependenciesID=d06364a0fea2ee015fe4b45b0ffa4fbd 
Importing 'GUID: aa356632480554016ab8f4200032981b - Path: Packages/com.unity.inputsystem/InputSystem/Editor/Icons/Button@4x.png' with importer (TextureImporter)
Imported 'GUID: aa356632480554016ab8f4200032981b' -> (Import Result ID: '25cbab39a7c8e5918c1c765e42239ae9') in 0.000 seconds [static and dynamic dependencies]. Details - ImportResultOutputID=599f53dbe9101c5d489a0a39918be200 DependenciesID=d0dd88fa0a77b54bd093ef8027206951 StaticDependenciesID=15252206096e928be6f1572cbddc6b0d 
Importing 'GUID: aa4c2360f910d46f497f75b4b6677358 - Path: Packages/com.unity.inputsystem/InputSystem/Editor/AssetEditor/PackageResources/personal/propertiesBackground.png' with importer (TextureImporter)
Imported 'GUID: aa4c2360f910d46f497f75b4b6677358' -> (Import Result ID: 'bf8f55ac7f503b91ef6f54fa64758b28') in 0.000 seconds [static and dynamic dependencies]. Details - ImportResultOutputID=16a9664dd086647c4062879ac145d45c DependenciesID=7db0e137594879e333c5ca0a5f656480 StaticDependenciesID=62814cd2897c6e77a95d570b6933ee88 
Importing 'GUID: ba304f5556a3a4fac98d126883083e7e - Path: Packages/com.unity.inputsystem/InputSystem/Editor/Icons/ChevronDown.png' with importer (TextureImporter)
Imported 'GUID: ba304f5556a3a4fac98d126883083e7e' -> (Import Result ID: '0cf738324212b7b02918a4f85bff6f72') in 0.000 seconds [static and dynamic dependencies]. Details - ImportResultOutputID=776468684e3677a6d41f6ff752060572 DependenciesID=1b500202152144511be0786a1c2fd982 StaticDependenciesID=3a65ddafa184aea334423b1bf09c9892 
Importing 'GUID: ca933a91c81734ddd88b17c8481ec1e9 - Path: Packages/com.unity.inputsystem/InputSystem/Editor/Icons/d_Add Binding@3x.png' with importer (TextureImporter)
Imported 'GUID: ca933a91c81734ddd88b17c8481ec1e9' -> (Import Result ID: '4d3f4142d9fb9422c7f38c48a24fc852') in 0.000 seconds [static and dynamic dependencies]. Details - ImportResultOutputID=fc30885ac54b0074e72b7888382241a0 DependenciesID=bb73baf8be7d537ace9a770291190139 StaticDependenciesID=f51df851172448a6f04b49888b87ebdc 
Importing 'GUID: cac8742b1b72b44699fd1663287ca47d - Path: Packages/com.unity.inputsystem/InputSystem/Editor/Icons/Interactive Binding@3x.png' with importer (TextureImporter)
Imported 'GUID: cac8742b1b72b44699fd1663287ca47d' -> (Import Result ID: 'ae059969f7708d40dd95de056713a8ef') in 0.000 seconds [static and dynamic dependencies]. Details - ImportResultOutputID=5bb638f1414d1c34326c757f48f8dd9d DependenciesID=7e968fed6ee887ac0d4e7cf5bf4c1b71 StaticDependenciesID=c2219554c63fee6396818b99089f3dbe 
Importing 'GUID: cae83450c8b18499c8c0239edf8bcc31 - Path: Packages/com.unity.inputsystem/InputSystem/Editor/Icons/d_Orientation@2x.png' with importer (TextureImporter)
Imported 'GUID: cae83450c8b18499c8c0239edf8bcc31' -> (Import Result ID: '091b5194e0d2fb0fbf84aceda9ba948e') in 0.000 seconds [static and dynamic dependencies]. Details - ImportResultOutputID=2fed8611c8b409377f7cc90ac2457d7d DependenciesID=1147e72a8bb2b25f68bdd2a7146e5947 StaticDependenciesID=28d209be55e934eeb3782ed794e2fcd6 
Importing 'GUID: daa9ba527d8a34b218224b8287ce11d3 - Path: Packages/com.unity.inputsystem/InputSystem/Editor/Icons/d_Mouse@2x.png' with importer (TextureImporter)
Imported 'GUID: daa9ba527d8a34b218224b8287ce11d3' -> (Import Result ID: 'c6e6deb0f56e10efc539f3e1d7889f10') in 0.000 seconds [static and dynamic dependencies]. Details - ImportResultOutputID=e9af39204e1089c8be8e26e3be619a13 DependenciesID=6d702a453d96df931ba59c37f902a7b1 StaticDependenciesID=30fe04e39f915002692a4756618d01e0 
Importing 'GUID: ea8b7319643924985a9ee4ca18b8db59 - Path: Packages/com.unity.inputsystem/InputSystem/Editor/Icons/Pen.png' with importer (TextureImporter)
Imported 'GUID: ea8b7319643924985a9ee4ca18b8db59' -> (Import Result ID: 'c01e0482a6075704258cf5f78fd5d689') in 0.000 seconds [static and dynamic dependencies]. Details - ImportResultOutputID=88e7cead6efb793dfa41a97791ab8028 DependenciesID=9fa3dae8c95b69ad885a74fa3146b32c StaticDependenciesID=00e8d073a7f628425819fdbc3367e886 
Importing 'GUID: 1bf9cdd4bc492489c8c7c6190785fc48 - Path: Packages/com.unity.inputsystem/InputSystem/Editor/Icons/Pen@3x.png' with importer (TextureImporter)
Imported 'GUID: 1bf9cdd4bc492489c8c7c6190785fc48' -> (Import Result ID: '20861c0581ab06ead72da9e7fb89fb56') in 0.000 seconds [static and dynamic dependencies]. Details - ImportResultOutputID=66e9adad21681c3bc6a9b3613f0a6e57 DependenciesID=68d5fe7cd83f3eeb710752897eed67ee StaticDependenciesID=24d557f5bb154bc7d6ae262e12200677 
Importing 'GUID: 3b78dc1763429489c9a1c70faf4f9a0e - Path: Packages/com.unity.inputsystem/InputSystem/Editor/Icons/d_Interactive Binding@2x.png' with importer (TextureImporter)
Imported 'GUID: 3b78dc1763429489c9a1c70faf4f9a0e' -> (Import Result ID: '043d2fab56b89225dd91bd1c6ab58170') in 0.000 seconds [static and dynamic dependencies]. Details - ImportResultOutputID=a437cf17549368e4c96e68c870119f2a DependenciesID=2fe00e03475bce9d56ff41cf775ce3ef StaticDependenciesID=a12a433aee85c454dac1460a8a2300c2 
Importing 'GUID: 7b8bfaee8f8631c4789ac62373cbc2d4 - Path: Packages/com.unity.inputsystem/InputSystem/Editor/Icons/TrackedPoseDriver@4x.png' with importer (TextureImporter)
Imported 'GUID: 7b8bfaee8f8631c4789ac62373cbc2d4' -> (Import Result ID: '5e33f4ddabf2fe4182b6cedd3a5d2489') in 0.000 seconds [static and dynamic dependencies]. Details - ImportResultOutputID=2dbf42f07a4489eefd38e095a47897a0 DependenciesID=cf5c9e2b814739f2a51bf206a49e32b9 StaticDependenciesID=00455172644cbab535202c73d0e8b9aa 
Importing 'GUID: 8be1fbf4b24de44c99840805bdae9e40 - Path: Packages/com.unity.inputsystem/InputSystem/Editor/Icons/Add Binding@3x.png' with importer (TextureImporter)
Imported 'GUID: 8be1fbf4b24de44c99840805bdae9e40' -> (Import Result ID: '7b261a25eff736e8703c2288d4f6031f') in 0.000 seconds [static and dynamic dependencies]. Details - ImportResultOutputID=a93b712e19a4423c740df85426c84415 DependenciesID=96eaf78733b402a00bc6634f416eca64 StaticDependenciesID=13f36baa76f74d9d431dda2c04131de7 
Importing 'GUID: ab9b5824ece1d443aa1f3a5672d9da86 - Path: Packages/com.unity.inputsystem/InputSystem/Editor/Icons/d_Dpad@2x.png' with importer (TextureImporter)
Imported 'GUID: ab9b5824ece1d443aa1f3a5672d9da86' -> (Import Result ID: 'c9b4bbc47010305c64067c1ae701e0e0') in 0.000 seconds [static and dynamic dependencies]. Details - ImportResultOutputID=4bbf301d906f27f084daf6257ff8fef1 DependenciesID=deb50d03c1307dd2cbd0d2dc187de3d4 StaticDependenciesID=ca63f4c67e2c058627eddb9e6b7e9b65 
Importing 'GUID: bb42fb9342e9d4e68b6cf39a2e071d9b - Path: Packages/com.unity.inputsystem/InputSystem/Editor/Icons/d_Pen.png' with importer (TextureImporter)
Imported 'GUID: bb42fb9342e9d4e68b6cf39a2e071d9b' -> (Import Result ID: '8a5ce9c3b94f714ad63ee3e5b0bec591') in 0.000 seconds [static and dynamic dependencies]. Details - ImportResultOutputID=17737ceb5a424f77bec9c90820ec90eb DependenciesID=519068ca5aa0beb1724e123e197e55fc StaticDependenciesID=09447578752c0b2c88828f4e829aa7cc 
Importing 'GUID: bb5fa99d6e9434c9ebf101c956021ee1 - Path: Packages/com.unity.inputsystem/InputSystem/Editor/Icons/Add Binding@2x.png' with importer (TextureImporter)
Imported 'GUID: bb5fa99d6e9434c9ebf101c956021ee1' -> (Import Result ID: '3e17bc4bae96ad145b028ffe7f75b6b3') in 0.000 seconds [static and dynamic dependencies]. Details - ImportResultOutputID=5ff62615c791851b360351ca1c0e044c DependenciesID=13ccc51ef34cb1dc6b2c863749bdde07 StaticDependenciesID=62f385651f02158941b7e57a83758e5a 
Importing 'GUID: db3dc7a02ac6d4e90bbe905a44ac265b - Path: Packages/com.unity.inputsystem/InputSystem/Editor/Icons/d_Button@4x.png' with importer (TextureImporter)
Imported 'GUID: db3dc7a02ac6d4e90bbe905a44ac265b' -> (Import Result ID: '3cf98f42b6208af77dbd8f9b4b110b56') in 0.000 seconds [static and dynamic dependencies]. Details - ImportResultOutputID=637b2bf93be4944a8ca6dca992c602dc DependenciesID=ce581e72b1683b2de8a03195676ea6c6 StaticDependenciesID=848d78454796c8ae5670c9023b6b0762 
Importing 'GUID: eb28fd64eacfa495c97193108f1cdf03 - Path: Packages/com.unity.inputsystem/InputSystem/Editor/Icons/d_Interactive Binding.png' with importer (TextureImporter)
Imported 'GUID: eb28fd64eacfa495c97193108f1cdf03' -> (Import Result ID: 'd55742bb6429c33032dfab9205caaf06') in 0.000 seconds [static and dynamic dependencies]. Details - ImportResultOutputID=519c1c526b5e09a6deaca9c1f9bc8ded DependenciesID=bbdb7f9f08b70d4ee92571b9f971d9e1 StaticDependenciesID=d377672e0489baa889e7594fef7d75a9 
Importing 'GUID: 1c751eb104ad5407992e614361d5f81e - Path: Packages/com.unity.inputsystem/InputSystem/Editor/Icons/Orientation@4x.png' with importer (TextureImporter)
Imported 'GUID: 1c751eb104ad5407992e614361d5f81e' -> (Import Result ID: '3961903e5caeacb1b3f212fefeccc7e4') in 0.000 seconds [static and dynamic dependencies]. Details - ImportResultOutputID=0b7cef5c8e62458adc2d3a9565784f51 DependenciesID=9af913e76a75cf21e33d06e5aa6f411a StaticDependenciesID=982ad5c04284af3cf97beb6a37f495ec 
Importing 'GUID: 1c37f00575bd6494ea726be5afee89b9 - Path: Packages/com.unity.inputsystem/InputSystem/Editor/Icons/Button@2x.png' with importer (TextureImporter)
Imported 'GUID: 1c37f00575bd6494ea726be5afee89b9' -> (Import Result ID: '116e9b197232417f7756c284ad7d2925') in 0.000 seconds [static and dynamic dependencies]. Details - ImportResultOutputID=35b6dbea80c03cf125548638f6f1bdff DependenciesID=fafc65d52bcf1e40e992a4db1f9ed091 StaticDependenciesID=d537f9b11bf1f9bbc91616ee6626e618 
Importing 'GUID: 6c1147159d9dc42948601b29dfc9a40c - Path: Packages/com.unity.inputsystem/InputSystem/Editor/Icons/Dpad@3x.png' with importer (TextureImporter)
Imported 'GUID: 6c1147159d9dc42948601b29dfc9a40c' -> (Import Result ID: 'a61928176878998d7f5bc21595de480e') in 0.000 seconds [static and dynamic dependencies]. Details - ImportResultOutputID=dba51331301556014832675a47d51826 DependenciesID=9eb59cca4882da1a60b19b5cdc452ff9 StaticDependenciesID=ec5f30d8ca147ada8432dd8744ab4e62 
Importing 'GUID: acf10446fff184bb98db6350c2c43148 - Path: Packages/com.unity.inputsystem/InputSystem/Editor/Icons/Pen@4x.png' with importer (TextureImporter)
Imported 'GUID: acf10446fff184bb98db6350c2c43148' -> (Import Result ID: '848f954d1495dd56f0e772a1f249aa96') in 0.000 seconds [static and dynamic dependencies]. Details - ImportResultOutputID=e77da312e66a86862b2e9fe76f8a0da8 DependenciesID=81d1674f325d28acaed1f5ba01613fa3 StaticDependenciesID=9ebb8582e188c4141cb6928743328703 
Importing 'GUID: ac4c5ccb2785f4460b2dcfe47010c688 - Path: Packages/com.unity.inputsystem/InputSystem/Editor/Icons/d_Position@4x.png' with importer (TextureImporter)
Imported 'GUID: ac4c5ccb2785f4460b2dcfe47010c688' -> (Import Result ID: 'fdf73beed56323702571dcafce1545c1') in 0.000 seconds [static and dynamic dependencies]. Details - ImportResultOutputID=56567499d316b5b41f4fa94df3cf64c1 DependenciesID=2e8be8fc0c944ecc88e0e5141a738f13 StaticDependenciesID=70c3050bae109d78c9eaf42bb13873a4 
Importing 'GUID: ec85de66fa5b64dd984fdcc82f8f92b3 - Path: Packages/com.unity.inputsystem/InputSystem/Editor/Icons/InputControl.png' with importer (TextureImporter)
Imported 'GUID: ec85de66fa5b64dd984fdcc82f8f92b3' -> (Import Result ID: '6cfd9a6b5c788df155298463c4ff51bd') in 0.000 seconds [static and dynamic dependencies]. Details - ImportResultOutputID=2a7c2d00ad1573f0450a841600a5063c DependenciesID=2548bbaaae56110131d5a4c63fe1c000 StaticDependenciesID=a4d801fe3d5dc7a68342e27efca17c2b 
Importing 'GUID: fcaa0d99df7c74f52afaa17a375dd393 - Path: Packages/com.unity.inputsystem/InputSystem/Editor/Icons/d_Joystick@3x.png' with importer (TextureImporter)
Imported 'GUID: fcaa0d99df7c74f52afaa17a375dd393' -> (Import Result ID: 'aaf5dcb85181ebee9c298841f6ea13ef') in 0.000 seconds [static and dynamic dependencies]. Details - ImportResultOutputID=3f84065db206cdffab305730919b46e9 DependenciesID=00fec6bb09dcdac77d1057e019f5c213 StaticDependenciesID=20a043cd4e5724acbdb781a26cbbd354 
Importing 'GUID: 0de917098a5b848b1a371e570928ce10 - Path: Packages/com.unity.inputsystem/InputSystem/Editor/Icons/d_ChevronDown@4x.png' with importer (TextureImporter)
Imported 'GUID: 0de917098a5b848b1a371e570928ce10' -> (Import Result ID: '960c10529aba631686783ae3278b56bc') in 0.000 seconds [static and dynamic dependencies]. Details - ImportResultOutputID=bf999fcba8b83d2f837ff7ef51ea28e5 DependenciesID=e1a67b7c79b82b412bca69a71a46198e StaticDependenciesID=c9ff2e7ab72c8a954545bc20e5c7fe82 
Importing 'GUID: 3d7dc8d6b9a96490b9aa433645712fdf - Path: Packages/com.unity.inputsystem/InputSystem/Editor/Icons/d_Add Binding@2x.png' with importer (TextureImporter)
Imported 'GUID: 3d7dc8d6b9a96490b9aa433645712fdf' -> (Import Result ID: '683a3744fdfd575b9680a99e941279c4') in 0.000 seconds [static and dynamic dependencies]. Details - ImportResultOutputID=ab3ee6338ea764438a1c0a7f1d4dddfb DependenciesID=802b3f6a1025ef8565f50ba7c0fccd5c StaticDependenciesID=d8759f8dd38e1aaa1ddd1ec333bb5774 
Importing 'GUID: 4defb5292901c41f29313d9c9c87a7eb - Path: Packages/com.unity.inputsystem/InputSystem/Editor/Icons/Gamepad@2x.png' with importer (TextureImporter)
Imported 'GUID: 4defb5292901c41f29313d9c9c87a7eb' -> (Import Result ID: '6baad4faeaccb9c8fcca5576047ba78b') in 0.000 seconds [static and dynamic dependencies]. Details - ImportResultOutputID=f815f0c7456006b4b3f57b8331f4a6e9 DependenciesID=a9f004201a0be1b3dd8202e7db02d02f StaticDependenciesID=b8a0c20dd5c4cf6f4631bfd411d550ff 
Importing 'GUID: 5d96795fd770f47d69d997b053532730 - Path: Packages/com.unity.inputsystem/InputSystem/Editor/Icons/d_ChevronDown@3x.png' with importer (TextureImporter)
Imported 'GUID: 5d96795fd770f47d69d997b053532730' -> (Import Result ID: '9a40d0dccf2ebe7fe01764cf2c247464') in 0.000 seconds [static and dynamic dependencies]. Details - ImportResultOutputID=f7af77a91321aa015be6112529f64b96 DependenciesID=03fbaa325683b439dc4a516c9ae6c6e6 StaticDependenciesID=dc9ac3b25d1eefde531a14979264bc7a 
Importing 'GUID: 5d0b11389336d4b16b96f147c9f912e2 - Path: Packages/com.unity.inputsystem/InputSystem/Editor/Icons/d_Stick@2x.png' with importer (TextureImporter)
Imported 'GUID: 5d0b11389336d4b16b96f147c9f912e2' -> (Import Result ID: 'cd4e128fc7703fa874e7bc3f16ea7348') in 0.000 seconds [static and dynamic dependencies]. Details - ImportResultOutputID=0787cad07e87ed9af09d62f63d4478f7 DependenciesID=72d54f111f65ec3ed199dcae46877777 StaticDependenciesID=a2150c08060828fbc41eb81ca1870dbe 
Importing 'GUID: 6db042035460c4167a6ab8d1ac3c2681 - Path: Packages/com.unity.inputsystem/InputSystem/Editor/Icons/d_Touch@4x.png' with importer (TextureImporter)
Imported 'GUID: 6db042035460c4167a6ab8d1ac3c2681' -> (Import Result ID: '1a3241a15c47f148db3d433ced1df2ab') in 0.000 seconds [static and dynamic dependencies]. Details - ImportResultOutputID=937a2171d64b195003023af350eddbab DependenciesID=b99d2f91fb0f165828039a2c44c39d68 StaticDependenciesID=792c4a74d9bab3104763ea23bfc7051e 
Importing 'GUID: 7d4638131127c4f4382fb36cf16c52fe - Path: Packages/com.unity.inputsystem/InputSystem/Editor/Icons/d_Joystick.png' with importer (TextureImporter)
Imported 'GUID: 7d4638131127c4f4382fb36cf16c52fe' -> (Import Result ID: 'd3bec3789bf3fc140b4e842b61618ed6') in 0.000 seconds [static and dynamic dependencies]. Details - ImportResultOutputID=31063e56b81d0b2cf6b384a7f0c01ccc DependenciesID=e806154a2d377f50f439114ce1732d08 StaticDependenciesID=f81cad454d5546405717836a5561dfad 
Importing 'GUID: 0efecba65ae4341a385cd5d39a2af765 - Path: Packages/com.unity.inputsystem/InputSystem/Editor/Icons/d_ChevronUp@3x.png' with importer (TextureImporter)
Imported 'GUID: 0efecba65ae4341a385cd5d39a2af765' -> (Import Result ID: '4f26d428207ba65878c40ae51f5a5645') in 0.000 seconds [static and dynamic dependencies]. Details - ImportResultOutputID=0d5fbd597952605d8753ed721a9e2f3b DependenciesID=e4dcf35e1a8fee9f87f4e0c4404173dd StaticDependenciesID=1a91eeaa797ec297e82674edeee0aab5 
Importing 'GUID: 2e27a82b5cc4e4ef98cbef2d0b324aed - Path: Packages/com.unity.inputsystem/InputSystem/Editor/Icons/Axis@3x.png' with importer (TextureImporter)
Imported 'GUID: 2e27a82b5cc4e4ef98cbef2d0b324aed' -> (Import Result ID: 'e988879a2c0f4e73d9521825f3243f75') in 0.000 seconds [static and dynamic dependencies]. Details - ImportResultOutputID=37dbb5ec7fc8a81699d45f94c3a6bbd2 DependenciesID=b374b34e4ef28c783dde01487f0d96d6 StaticDependenciesID=8d738dbfb0792f556ec34548a4778931 
Importing 'GUID: 6e9283a12f5b74afbba696cbb82f5e7f - Path: Packages/com.unity.inputsystem/InputSystem/Editor/Icons/Touch@4x.png' with importer (TextureImporter)
Imported 'GUID: 6e9283a12f5b74afbba696cbb82f5e7f' -> (Import Result ID: '9b2aeb48a0a83345066ba7405b404c35') in 0.000 seconds [static and dynamic dependencies]. Details - ImportResultOutputID=d6f688b2adfcd6880046c0f98f91bd4d DependenciesID=1d4fd823bf0cb4eb80380372066894e3 StaticDependenciesID=cff1c397f198fb05e5884fb0eebd4dab 
Importing 'GUID: 7e853779c8fed4ebf917a0de21c79602 - Path: Packages/com.unity.inputsystem/InputSystem/Editor/Icons/Axis.png' with importer (TextureImporter)
Imported 'GUID: 7e853779c8fed4ebf917a0de21c79602' -> (Import Result ID: '0521fcdd3edde7b7aaa3d5b5f62f55f3') in 0.000 seconds [static and dynamic dependencies]. Details - ImportResultOutputID=2b54cd3f79c82986eccb0988f5f967ef DependenciesID=3f647c5c8d2bbe16763fd22ae125ff21 StaticDependenciesID=4d107f60013cffe57818736459aacc8f 
Importing 'GUID: 9eb2b64988cb1443cab6da5dc5300d1c - Path: Packages/com.unity.inputsystem/InputSystem/Editor/Icons/Mouse.png' with importer (TextureImporter)
Imported 'GUID: 9eb2b64988cb1443cab6da5dc5300d1c' -> (Import Result ID: '8d36e9bba26f71ed70f22bbb4d406884') in 0.000 seconds [static and dynamic dependencies]. Details - ImportResultOutputID=3bf66c118b5726c38fa7a9a1c06fcd54 DependenciesID=c8fc5524d1ebea62ac19530b9e4d4e44 StaticDependenciesID=f4f693b805f76d414f36858b41a1599d 
Importing 'GUID: 9ec4e316700da46b88741a8153b33963 - Path: Packages/com.unity.inputsystem/InputSystem/Editor/Icons/d_Keyboard@3x.png' with importer (TextureImporter)
Imported 'GUID: 9ec4e316700da46b88741a8153b33963' -> (Import Result ID: 'c712737f9680c08d2ddfb5029be5d784') in 0.000 seconds [static and dynamic dependencies]. Details - ImportResultOutputID=57068328e1f7e9b2db3948b04cab3e73 DependenciesID=50c22b761a8910f96d541688ca1a39a0 StaticDependenciesID=f9992bf9dcb8ce65a4eb1c565afac0b6 
Importing 'GUID: 9e882b58df0964f5b90ff99cb481ee79 - Path: Packages/com.unity.inputsystem/InputSystem/Editor/Icons/d_Gamepad@3x.png' with importer (TextureImporter)
Imported 'GUID: 9e882b58df0964f5b90ff99cb481ee79' -> (Import Result ID: 'c4d5bc9d48f2b8f3132c66c37428ab41') in 0.000 seconds [static and dynamic dependencies]. Details - ImportResultOutputID=1ef611ebbab1fd08925e634586e20508 DependenciesID=a66bd9a207d8b1d04080406bdbccc0bd StaticDependenciesID=7798735b770cdf722f028c46fff90ef9 
Importing 'GUID: 9e6c9e992a2ee4327bce1d6a8189cedb - Path: Packages/com.unity.inputsystem/InputSystem/Editor/Icons/Interactive Binding@4x.png' with importer (TextureImporter)
Imported 'GUID: 9e6c9e992a2ee4327bce1d6a8189cedb' -> (Import Result ID: '70b4d5a659fe7c36fd27a7b55134f9b0') in 0.000 seconds [static and dynamic dependencies]. Details - ImportResultOutputID=3525724bcd84c7d5bc0e7aa022343a4b DependenciesID=a7e7938e219fd8147274cf3ef93fd6a7 StaticDependenciesID=5fb5a9632808631713961d01473028a3 
Importing 'GUID: bed935caee9524e6780614c2055bfd35 - Path: Packages/com.unity.inputsystem/InputSystem/Editor/Icons/d_Gamepad@2x.png' with importer (TextureImporter)
Imported 'GUID: bed935caee9524e6780614c2055bfd35' -> (Import Result ID: '2361e4f41dbf7ee716ca26b18c5e3ab9') in 0.000 seconds [static and dynamic dependencies]. Details - ImportResultOutputID=5b096c95868f182c474bbeccd43fd28e DependenciesID=c468214700b2a97e1cf31cf9528ef879 StaticDependenciesID=ac9dc2092bde2c35245b8e244a624355 
Importing 'GUID: ceaa885da02f84da195f87de12535da6 - Path: Packages/com.unity.inputsystem/InputSystem/Editor/Icons/d_Touch@2x.png' with importer (TextureImporter)
Imported 'GUID: ceaa885da02f84da195f87de12535da6' -> (Import Result ID: 'eb94664b8f94f011bca7a38665454c2f') in 0.000 seconds [static and dynamic dependencies]. Details - ImportResultOutputID=da1a54b82e2e885af4e2024b70a64dfb DependenciesID=aa41ceee5e5a1dc5e3f1f73d91942467 StaticDependenciesID=3ab12bdfc8c6fe82227dd9ccef675338 
Importing 'GUID: ce5f11cd993284c4f9c54f854bdc8c9c - Path: Packages/com.unity.inputsystem/InputSystem/Editor/AssetEditor/PackageResources/personal/actionTreeBackground.png' with importer (TextureImporter)
Imported 'GUID: ce5f11cd993284c4f9c54f854bdc8c9c' -> (Import Result ID: 'aad9cea269f359df36ae58ff06e71169') in 0.000 seconds [static and dynamic dependencies]. Details - ImportResultOutputID=1dadd910570c18d377c13386cde6b7ae DependenciesID=393550afe1cd087a3893df0e7a9bdc49 StaticDependenciesID=f288eaa546b314fa6349c25183881291 
Importing 'GUID: de98baf415a2c4d7dbe0de74cb6e171c - Path: Packages/com.unity.inputsystem/InputSystem/Editor/Icons/d_Orientation@4x.png' with importer (TextureImporter)
Imported 'GUID: de98baf415a2c4d7dbe0de74cb6e171c' -> (Import Result ID: '74c50c456fe4d9540a233683a490f3f9') in 0.000 seconds [static and dynamic dependencies]. Details - ImportResultOutputID=f76f91275396a4892983132449c11446 DependenciesID=fdd9ecedd1b4570e03c70cf7fa18314b StaticDependenciesID=9a3ffb83375b9dc84b31bb15e7ee3b8e 
Importing 'GUID: 5f09d534eb1414449a2758696bd4dd11 - Path: Packages/com.unity.inputsystem/InputSystem/Editor/Icons/Orientation@3x.png' with importer (TextureImporter)
Imported 'GUID: 5f09d534eb1414449a2758696bd4dd11' -> (Import Result ID: '18f633ee54673a3d97f96a612f3cf365') in 0.000 seconds [static and dynamic dependencies]. Details - ImportResultOutputID=1885978ad263d27f872e4575e6c49fa4 DependenciesID=41f7632cadf02215f48db7140cdd6d10 StaticDependenciesID=beb4f8d18265dc99c0b2f6e729b9c712 
Importing 'GUID: 7fc0926499f7a4500b152d45397c44a4 - Path: Packages/com.unity.inputsystem/InputSystem/Editor/Icons/Keyboard@4x.png' with importer (TextureImporter)
Imported 'GUID: 7fc0926499f7a4500b152d45397c44a4' -> (Import Result ID: 'cdb3b97a8c9d6929a8f47abf59cd6478') in 0.000 seconds [static and dynamic dependencies]. Details - ImportResultOutputID=d5657103c30b2a091f8f10ec9ba1f3e3 DependenciesID=d92836fd03c7573d6a2ed8d7253c15fd StaticDependenciesID=cfcd1cc6acddc565eea0847adaafd6f2 
Importing 'GUID: 7fb7b46a8c63948d2b28dc394281bf5a - Path: Packages/com.unity.inputsystem/InputSystem/Editor/Icons/Orientation.png' with importer (TextureImporter)
Imported 'GUID: 7fb7b46a8c63948d2b28dc394281bf5a' -> (Import Result ID: 'bf7ace270a31ff1b7872699da0ea823f') in 0.000 seconds [static and dynamic dependencies]. Details - ImportResultOutputID=224acc0ef318678953b5ce2d8d6790f5 DependenciesID=8136e7cb151f49e217144dcb3eebc63c StaticDependenciesID=17807206f6d5a31cb06fae17d32b2da7 
Importing 'GUID: 7fad89501bb5c408e956934bf2eb8ae3 - Path: Packages/com.unity.inputsystem/InputSystem/Editor/Icons/d_ChevronUp.png' with importer (TextureImporter)
Imported 'GUID: 7fad89501bb5c408e956934bf2eb8ae3' -> (Import Result ID: '41a6a6fc216cf5fc18fd2032f1dca267') in 0.000 seconds [static and dynamic dependencies]. Details - ImportResultOutputID=e20b950829ad4451e6abdcc130ca8b3f DependenciesID=bfb07105e517253b02c1d144ac460a72 StaticDependenciesID=4f3bcbc1349109fcc15f2c9e74b0c75c 
Importing 'GUID: cf632ed80bf1f46c980de6b1b8b903ef - Path: Packages/com.unity.inputsystem/InputSystem/Editor/AssetEditor/PackageResources/personal/actionTreeBackgroundWithoutBorder.png' with importer (TextureImporter)
Imported 'GUID: cf632ed80bf1f46c980de6b1b8b903ef' -> (Import Result ID: '750a0a85f3d57f0bac0ccfe8cd87026a') in 0.000 seconds [static and dynamic dependencies]. Details - ImportResultOutputID=4b8db21398b2ebad8cb3768375fc15c9 DependenciesID=dc6c6934868ce226976e2632680df964 StaticDependenciesID=465930a11e0e83826915735c876182a8 
Importing 'GUID: ff8479815905ce84e9ef610d926f28c8 - Path: Packages/com.unity.inputsystem/InputSystem/Editor/Icons/TrackedPoseDriver@2x.png' with importer (TextureImporter)
Imported 'GUID: ff8479815905ce84e9ef610d926f28c8' -> (Import Result ID: 'bc702c8eb49a0bcc7c4e2171c4dddfbd') in 0.000 seconds [static and dynamic dependencies]. Details - ImportResultOutputID=fd7bcbefb74df9fa2df7d1ac05c50155 DependenciesID=e5842f4b883e765932b62f2c4e02c915 StaticDependenciesID=fe44ece3be08ea7d83653cd832f3e9ef 
Importing 'GUID: ffeba93637e654de6a5906b48520dc94 - Path: Packages/com.unity.inputsystem/InputSystem/Editor/AssetEditor/PackageResources/green.png' with importer (TextureImporter)
Imported 'GUID: ffeba93637e654de6a5906b48520dc94' -> (Import Result ID: 'd0953fe47bd8a5003eaeb6814a60fe14') in 0.000 seconds [static and dynamic dependencies]. Details - ImportResultOutputID=4b797bb10fc5c5c98082cc5d7147666e DependenciesID=041968e132aa8e10c534ef38fb5ff875 StaticDependenciesID=331b23cd51c0bbc84cf89120fe729307 
Importing 'GUID: f0e14ea80f96b445f97b1c83650d5733 - Path: Packages/com.unity.inputsystem/package.json' with importer (PackageManifestImporter)
Imported 'GUID: f0e14ea80f96b445f97b1c83650d5733' -> (Import Result ID: 'eeede35811be045a8b883c470a114e53') in 0.000 seconds [static dependencies only]. Details - ImportResultOutputID=c4ccef6d92068620ce40e457dcbbde85 DependenciesID=d088e84edb557b172e5f136fa470402d StaticDependenciesID=ed37bcd92cea72e7a2b9a6d4443b069f 
Importing 'GUID: 21e367e100361604f9ad6287fd367d4a - Path: Packages/com.unity.inputsystem/ValidationConfig.json' with importer (TextScriptImporter)
Imported 'GUID: 21e367e100361604f9ad6287fd367d4a' -> (Import Result ID: 'cafdfee40970a150b0bda5079cd5867a') in 0.000 seconds [static dependencies only]. Details - ImportResultOutputID=5d10eb38f29d6e1e4ab5ca6e11b9fcbb DependenciesID=10cbc5f7330ff96ed49cc9d78d08bbc9 StaticDependenciesID=6cf2bc9ee5dd910d86c85048cb46d30f 
Importing 'GUID: 9166eed4756114bdaa498aca2df93e19 - Path: Packages/com.unity.inputsystem/LICENSE.md' with importer (TextScriptImporter)
Imported 'GUID: 9166eed4756114bdaa498aca2df93e19' -> (Import Result ID: 'ead1f00c2b9b723fd8fc5eb05275a56d') in 0.000 seconds [static dependencies only]. Details - ImportResultOutputID=c67e824444ec5f0f8ed1d368fae3b3f5 DependenciesID=ac2a8740f84fa81276ee6a6b8e72b476 StaticDependenciesID=f23cfbc90ef98c3753de68bc202b9d1e 
Importing 'GUID: a3e12f7b92d6e49c0b430ae7813c2398 - Path: Packages/com.unity.inputsystem/CHANGELOG.md' with importer (TextScriptImporter)
Imported 'GUID: a3e12f7b92d6e49c0b430ae7813c2398' -> (Import Result ID: '7a8eea45cd6aa8aa1be12191a76675a1') in 0.001 seconds [static dependencies only]. Details - ImportResultOutputID=c1ec9415c5acbef26ef575ae062145ef DependenciesID=085b7ce0d26d18b68399db74e377498c StaticDependenciesID=c39156f7f5ae5461a70e57d817fc88ac 
Importing 'GUID: f747a892239fb40f9a9b9e2acf9929ee - Path: Packages/com.unity.inputsystem/README.md' with importer (TextScriptImporter)
Imported 'GUID: f747a892239fb40f9a9b9e2acf9929ee' -> (Import Result ID: '17493887ec7be07137fb5115904c13cd') in 0.000 seconds [static dependencies only]. Details - ImportResultOutputID=4cc47d840e852b85e257d12d69e2419d DependenciesID=e9c6a00c6c4c38187009765b6073c6dc StaticDependenciesID=f87570c76f6373d0264c883d371a1681 
Importing 'GUID: d9fe79419851eee4e8c90f7d0f934859 - Path: Packages/com.unity.inputsystem/ValidationExceptions.json' with importer (TextScriptImporter)
Imported 'GUID: d9fe79419851eee4e8c90f7d0f934859' -> (Import Result ID: '1bafa2e283c3347fe90f0da94f0da108') in 0.000 seconds [static dependencies only]. Details - ImportResultOutputID=d973207c9d212eaf1f1018d55a22336c DependenciesID=0c8698440cec7a519291c193675bd1fe StaticDependenciesID=683d88e3b84fe82c6951b671fe8a2614 
Importing 'GUID: 8a190d472354bb845973412ac9c5c477 - Path: Packages/com.unity.inputsystem/InputSystem/Editor/ProjectWideActions/ProjectWideActionsTemplate.json' with importer (TextScriptImporter)
Imported 'GUID: 8a190d472354bb845973412ac9c5c477' -> (Import Result ID: '2b3dc8b5c48cdd5e405081bd001746a6') in 0.000 seconds [static dependencies only]. Details - ImportResultOutputID=22d280abbafe8acf6664bcd017ced929 DependenciesID=0b7b01f71c119bdc1086dc2109741cd2 StaticDependenciesID=a66633e89bfa16b01f0041ca5841cfef 
Importing 'GUID: ca9f5fa95ffab41fb9a615ab714db018 - Path: Packages/com.unity.inputsystem/InputSystem/Plugins/PlayerInput/DefaultInputActions.inputactions' with importer (ScriptedImporter : Unity.InputSystem:UnityEngine.InputSystem.Editor:InputActionImporter)
Imported 'GUID: ca9f5fa95ffab41fb9a615ab714db018' -> (Import Result ID: 'dabd144a392d82331974c2a21361c322') in 0.010 seconds [static and dynamic dependencies]. Details - ImportResultOutputID=38408ea9dcdcaf28f0581bd06c9896f3 DependenciesID=20a980d9c9f3bcc7528b8088aae15734 StaticDependenciesID=07c1ba13c87773d981b6ab8a2f2a6024 
Importing 'GUID: cca9ce0c8554d5244930f14c21489ac1 - Path: Packages/com.unity.inputsystem/InputSystem/Editor/UITKAssetEditor/PackageResources/InputAssetEditorDark.uss' with importer (ScriptedImporter : UnityEditor.CoreModule:UnityEditor.UIElements.StyleSheets:StyleSheetImporter)
Imported 'GUID: cca9ce0c8554d5244930f14c21489ac1' -> (Import Result ID: 'baa27d94ee42340ab47aeb9e659be48a') in 0.004 seconds [static and dynamic dependencies]. Details - ImportResultOutputID=f63aae595608200dd1f09bdbd596fe45 DependenciesID=513a71df9319cf93af5d2a30cb8a3909 StaticDependenciesID=c301c3126b5cb6c8cbeb723145932d69 
Importing 'GUID: 7dac9c49a90bca4499371d0adc9b617b - Path: Packages/com.unity.inputsystem/InputSystem/Editor/UITKAssetEditor/PackageResources/InputActionsEditorStyles.uss' with importer (ScriptedImporter : UnityEditor.CoreModule:UnityEditor.UIElements.StyleSheets:StyleSheetImporter)
Imported 'GUID: 7dac9c49a90bca4499371d0adc9b617b' -> (Import Result ID: 'e0c6ff99ed28d2688c972e6a8d53455c') in 0.012 seconds [static and dynamic dependencies]. Details - ImportResultOutputID=31d714513c0752b71eb817a8eb50866b DependenciesID=564ba10e8d38bfa7321e7666d5e1b459 StaticDependenciesID=cdffe18f8dd631a0b48981db8296474a 
Importing 'GUID: 5e7024ed0fd03984289320d04507bc0c - Path: Packages/com.unity.inputsystem/InputSystem/Editor/UITKAssetEditor/PackageResources/InputAssetEditorLight.uss' with importer (ScriptedImporter : UnityEditor.CoreModule:UnityEditor.UIElements.StyleSheets:StyleSheetImporter)
Imported 'GUID: 5e7024ed0fd03984289320d04507bc0c' -> (Import Result ID: '013bd66963b5926940f2ed61ca47efeb') in 0.001 seconds [static and dynamic dependencies]. Details - ImportResultOutputID=cd6be7af2b55523ae9a62e9f781fca07 DependenciesID=1e4b74106bb985327f0fd0528a89a778 StaticDependenciesID=be9f0d77260739ec95dc76f51d37c6b0 
Importing 'GUID: 303ef5b13740f9a4db252c50122d2c62 - Path: Packages/com.unity.inputsystem/InputSystem/Editor/UITKAssetEditor/PackageResources/ControlSchemeEditor.uxml' with importer (ScriptedImporter : UnityEditor.UIElementsModule:UnityEditor.UIElements:UIElementsViewImporter)
Imported 'GUID: 303ef5b13740f9a4db252c50122d2c62' -> (Import Result ID: 'f0424d9520c30e01ac885508b0583546') in 0.009 seconds [static and dynamic dependencies]. Details - ImportResultOutputID=86a912233fd5af4ecb1ce6b8afc5fe4e DependenciesID=6ebe266a0531fef340b5b808f877c716 StaticDependenciesID=aa234e0a050f231e8ff5b0e5ffcb76ca 
Importing 'GUID: 449c8e5ca27af8e4a9db710c8be5e4df - Path: Packages/com.unity.inputsystem/InputSystem/Editor/UITKAssetEditor/PackageResources/BindingPanelRowTemplate.uxml' with importer (ScriptedImporter : UnityEditor.UIElementsModule:UnityEditor.UIElements:UIElementsViewImporter)
Imported 'GUID: 449c8e5ca27af8e4a9db710c8be5e4df' -> (Import Result ID: '953ad0aea629206169eb3a651f4807da') in 0.005 seconds [static and dynamic dependencies]. Details - ImportResultOutputID=4ea4d811b4cedf38319a46fa4ca229be DependenciesID=2161feb4c1c4e89ee627f5ab754fc1d7 StaticDependenciesID=4e5139f3e985c1c09ca8de46fc16ca7c 
Importing 'GUID: 452df07a8ad0c944c879a484d5890e61 - Path: Packages/com.unity.inputsystem/InputSystem/Editor/UITKAssetEditor/PackageResources/InputActionsTreeViewItem.uxml' with importer (ScriptedImporter : UnityEditor.UIElementsModule:UnityEditor.UIElements:UIElementsViewImporter)
Imported 'GUID: 452df07a8ad0c944c879a484d5890e61' -> (Import Result ID: '75d31399bb3353dce2e080935d6037ca') in 0.002 seconds [static and dynamic dependencies]. Details - ImportResultOutputID=0feab1b66ef25d5b6ed10e66b545879f DependenciesID=0efda38196e27323c77b6411c5d39f5b StaticDependenciesID=1412786672007cc18a32c3ab536efa4d 
Importing 'GUID: 75a33987e21d5ac449deecea3dcd864f - Path: Packages/com.unity.inputsystem/InputSystem/Editor/UITKAssetEditor/PackageResources/InputActionsProjectSettings.uxml' with importer (ScriptedImporter : UnityEditor.UIElementsModule:UnityEditor.UIElements:UIElementsViewImporter)
Imported 'GUID: 75a33987e21d5ac449deecea3dcd864f' -> (Import Result ID: '856198abbcfc04666f12db32ef1c6216') in 0.001 seconds [static and dynamic dependencies]. Details - ImportResultOutputID=7790e0426353636a4cae3299f69f2616 DependenciesID=4fed0cda8a99ffbdfd9fc18fca729970 StaticDependenciesID=a42c94e472092af5ee5a5330941f6573 
Importing 'GUID: c662e0d3cc3c4f948808f9847f715ef2 - Path: Packages/com.unity.inputsystem/InputSystem/Editor/UITKAssetEditor/PackageResources/InputActionsEditor.uxml' with importer (ScriptedImporter : UnityEditor.UIElementsModule:UnityEditor.UIElements:UIElementsViewImporter)
Imported 'GUID: c662e0d3cc3c4f948808f9847f715ef2' -> (Import Result ID: '2f2ae2250e70b4bcfe4d6db63ce57474') in 0.003 seconds [static and dynamic dependencies]. Details - ImportResultOutputID=523bec4527f3bb340a6a6a34cdff8aba DependenciesID=dce2c80ee3a6a10ede31ffc7568a8fd1 StaticDependenciesID=59d57f5b79b60ab9d76d20ddc8ea014b 
Importing 'GUID: 2bd2d0548382d58489e8c2999daf4139 - Path: Packages/com.unity.inputsystem/InputSystem/Editor/UITKAssetEditor/PackageResources/CompositeBindingPropertiesEditor.uxml' with importer (ScriptedImporter : UnityEditor.UIElementsModule:UnityEditor.UIElements:UIElementsViewImporter)
Imported 'GUID: 2bd2d0548382d58489e8c2999daf4139' -> (Import Result ID: '42abfc1df1fe107ac407bee8d4d2805a') in 0.001 seconds [static and dynamic dependencies]. Details - ImportResultOutputID=4ca7c38bb5f7ef49c1f669df7665a9a7 DependenciesID=55c46dd91ca68278d344afc000951d34 StaticDependenciesID=4ebbbabdca0fca6d448119749c7eb275 
Importing 'GUID: 9cbd73d51dc491b4888055ae65cd9545 - Path: Packages/com.unity.inputsystem/InputSystem/Editor/UITKAssetEditor/PackageResources/NameAndParameterListViewItemTemplate.uxml' with importer (ScriptedImporter : UnityEditor.UIElementsModule:UnityEditor.UIElements:UIElementsViewImporter)
Imported 'GUID: 9cbd73d51dc491b4888055ae65cd9545' -> (Import Result ID: 'fb17018462f3f1ca13c09b1425279821') in 0.001 seconds [static and dynamic dependencies]. Details - ImportResultOutputID=f1ed98ab454162fccf8730c12b24f3a9 DependenciesID=a114e949cd6f47abab86f5e8b0986800 StaticDependenciesID=30783537835d939b5c9f95ce781b3ae2 
Importing 'GUID: acfae125fa5d7904987a696b3993d432 - Path: Packages/com.unity.inputsystem/InputSystem/Editor/UITKAssetEditor/PackageResources/CompositePartBindingPropertiesEditor.uxml' with importer (ScriptedImporter : UnityEditor.UIElementsModule:UnityEditor.UIElements:UIElementsViewImporter)
Imported 'GUID: acfae125fa5d7904987a696b3993d432' -> (Import Result ID: '652d2e6aca62db997a80db96f438f728') in 0.001 seconds [static and dynamic dependencies]. Details - ImportResultOutputID=767ec129f694505ac58f809f946f5ebf DependenciesID=8bf7997e0a8aec83d8f088bc958eeba5 StaticDependenciesID=b9fdb58c4a0bb2c6ca7cbe9a1f7883bd 
Importing 'GUID: 3fa44185ed614414ebab354dfe5a06b6 - Path: Packages/com.unity.inputsystem/InputSystem/Editor/UITKAssetEditor/PackageResources/InputActionMapsTreeViewItem.uxml' with importer (ScriptedImporter : UnityEditor.UIElementsModule:UnityEditor.UIElements:UIElementsViewImporter)
Imported 'GUID: 3fa44185ed614414ebab354dfe5a06b6' -> (Import Result ID: '7becbd86fd71133a42b065ee8a8fed77') in 0.001 seconds [static and dynamic dependencies]. Details - ImportResultOutputID=1c059077d9466012888b5f37454d7c5e DependenciesID=6f39beaee70cbf94af3b316e9adff09d StaticDependenciesID=21b2770c38921bb3f279a0dfa5cd507d 

Asset Pipeline Refresh (id=a952def50c79b4e9e8e3e99cb5360d25): Total: 4.889 seconds - Initiated by RefreshV2(ForceSynchronousImport)
	(Values over 0.05ms)
	Summary:
		Imports: total=240 (actual=240, local cache=0, cache server=0)
		Asset DB Process Time: managed=3 ms, native=1094 ms
		Asset DB Callback time: managed=44 ms, native=135 ms
		Scripting: domain reloads=1, domain reload time=242 ms, compile time=3367 ms, other=0 ms
		Project Asset Count: scripts=272, non-scripts=294
		Asset File Changes: new=655, changed=655, moved=0, deleted=0
		Scan Filter Count: 1
	InvokePackagesCallback: 128.242ms
	ApplyChangesToAssetFolders: 0.167ms
	Scan: 83.866ms
	Collect global state as custom dependencies: 0.086ms
	OnSourceAssetsModified: 1.100ms
	CategorizeScriptCompilationAssets: 1.033ms
	ProcessAssetsWithTransientArtifactChanges: 2.962ms
	CategorizeAssets: 1.617ms
	CompileScripts: 3367.010ms
	ImportOutOfDateAssets: 989.173ms (778.154ms without children)
		ImportManagerImport: 209.211ms (60.496ms without children)
			UpdateCategorizedAssets: 0.512ms
		UnloadImportedAssets: 0.644ms
		ImportSchedulerStart: 1.116ms
	PostProcessAllAssets: 50.400ms
		AssemblyValidation.PostprocessAllAssets 0.892ms
		ShaderAssetModifiedCallback 0.818ms
		PostProcessCallbackCreateDeferredMaterials 0.601ms
		VersionControlSettings.HiddenFilePostprocess 0.447ms
		RaytracingShaderImportPostprocess 0.445ms
		ComputeShaderImportPostprocess 0.441ms
		LocalizationDatabase.AssetDatabasePostprocessCallback 0.304ms
		SpeedTreeImporter.PostprocessAllAssets 0.303ms
		BlockShaderImporter.PostprocessAllAssets 0.160ms
		MonoPostProcessAllAssets: 43.172ms
			RetainedModeAssetPostprocessor.OnPostprocessAllAssets 19.278ms
			WindowAssetPostprocessingWatcher.OnPostprocessAllAssets 3.212ms
			AssetChangedListener.OnPostprocessAllAssets 3.123ms
			BuilderAssetPostprocessor.OnPostprocessAllAssets 2.663ms
			InputActionJsonNameModifierAssetProcessor.OnPostprocessAllAssets 2.500ms
			AssetPostprocessor.OnPostprocessAllAssets 2.269ms
			InputActionAssetPostprocessor.OnPostprocessAllAssets 1.799ms
			TextAssetPostProcessor.OnPostprocessAllAssets 1.308ms
			SyncVS.PostprocessSyncProject 0.596ms
			SpeedTree9Postprocessor.OnPostprocessAllAssets 0.334ms
			ArtifactBrowserPostProcessor.OnPostprocessAllAssets 0.220ms
			TMPro_TexturePostProcessor.OnPostprocessAllAssets 0.185ms
			ProjectSettingsPostprocessor.OnPostprocessAllAssets 0.130ms
			AudioMixerPostprocessor.OnPostprocessAllAssets 0.122ms
			ReferencedClipsPostProcessor.OnPostprocessAllAssets 0.118ms
			StyleCatalogPostProcessor.OnPostprocessAllAssets 0.108ms
			SpeedTreePostProcessor.OnPostprocessAllAssets 0.086ms
			AssetEvents.OnPostprocessAllAssets 0.079ms
			TerrainToolbarOverlayPostProcessor.OnPostprocessAllAssets 0.062ms
	PostAssetChangesProfiler: 1.980ms
	PersistCurrentRevisions: 0.140ms
	GenerateScriptTypeHashes: 0.345ms
	GenerateScriptTypeSerializationHashes: 0.653ms
	Untracked: 260.161ms

[MODES] ModeService[default].LoadModes
[Licensing::Client] Successfully resolved entitlement details
[Licensing::Client] Successfully resolved entitlement details
Asset Pipeline Refresh (id=a823b92273f8e437ba76487cb9ff2bac): Total: 0.025 seconds - Initiated by RefreshV2(AllowForceSynchronousImport)
Asset Pipeline Refresh (id=01a741b0253784f36b8b0330604238fa): Total: 0.031 seconds - Initiated by RefreshV2(AllowForceSynchronousImport)
Asset Pipeline Refresh (id=717deee6e2330451aafca6103d5f6fa6): Total: 0.017 seconds - Initiated by RefreshV2(AllowForceSynchronousImport)
Asset Pipeline Refresh (id=31b274c7275d14cda8f06ec802a5982b): Total: 0.026 seconds - Initiated by RefreshV2(AllowForceSynchronousImport)
Asset Pipeline Refresh (id=61febed3ddd924b58a2cfd33b57da430): Total: 0.025 seconds - Initiated by RefreshV2(AllowForceSynchronousImport)
Asset Pipeline Refresh (id=40bcee6f7731f47419a310a19aad578c): Total: 0.015 seconds - Initiated by RefreshV2(AllowForceSynchronousImport)
Asset Pipeline Refresh (id=613b3bec1fa7649f48df95c76affe9de): Total: 0.017 seconds - Initiated by RefreshV2(AllowForceSynchronousImport)
Asset Pipeline Refresh (id=952a8ce8e472c458eaa1a4795ad7ed0a): Total: 0.015 seconds - Initiated by RefreshV2(AllowForceSynchronousImport)
2026-08-27 00:59:43.738 Unity[50702:8275043] NSEventModifierFlagFunction specified to -setKeyEquivalentModifierMask: for item <NSMenuItem: 0x7574e46e0 SDF, ke='Command-F12'>, but is only supported for system-provided menu items; will not be used
Asset Pipeline Refresh (id=5ca2ca08f10c84b46a0feb5298ea8588): Total: 0.013 seconds - Initiated by RefreshV2(AllowForceSynchronousImport)
[Licensing::Client] Successfully resolved entitlement details
[Licensing::Client] Successfully updated the access token
[Licensing::Module] Successfully updated access token: "Jm04mmcl"... (expires: 2026-08-27T08:37:17Z)
[ScriptCompilation] Requested script compilation because: AssetDatabase observed changes in script compilation related files
[Licensing::Client] Successfully resolved entitlement details
info: Microsoft.AspNetCore.Hosting.Diagnostics[1]
      Request starting HTTP/2 POST http://ilpp/UnityILPP.PostProcessing/Ping - application/grpc -
info: Microsoft.AspNetCore.Routing.EndpointMiddleware[0]
      Executing endpoint 'gRPC - /UnityILPP.PostProcessing/Ping'
info: Microsoft.AspNetCore.Routing.EndpointMiddleware[1]
      Executed endpoint 'gRPC - /UnityILPP.PostProcessing/Ping'
info: Microsoft.AspNetCore.Hosting.Diagnostics[2]
      Request finished HTTP/2 POST http://ilpp/UnityILPP.PostProcessing/Ping - 200 - application/grpc 1.0095ms
Starting: /Applications/Unity/Hub/Editor/6000.5.2f1/Unity.app/Contents/Resources/BuildPipeline/bee_backend --ipc --defer-dag-verification --dagfile="Library/Bee/200b0aE.dag" --continue-on-failure --profile="Library/Bee/backend1.traceevents" ScriptAssemblies
WorkingDir: /Users/andrew/ProyectosPersonales/Umbra/My project
ExitCode: 4 Duration: 0s47ms
Rebuilding DAG because FileSignature timestamp changed: Library/Bee/200b0aE-inputdata.json
*** Tundra requires additional run (0.03 seconds), 0 items updated, 259 evaluated
Starting: /Applications/Unity/Hub/Editor/6000.5.2f1/Unity.app/Contents/Resources/Scripting/netcorerun/netcorerun "/Applications/Unity/Hub/Editor/6000.5.2f1/Unity.app/Contents/Resources/BuildPipeline/ScriptCompilationBuildProgram.exe" "Library/Bee/200b0aE.dag.json" "Library/Bee/200b0aE-inputdata.json" "Library/Bee/buildprogram0.traceevents"
WorkingDir: /Users/andrew/ProyectosPersonales/Umbra/My project
ExitCode: 0 Duration: 0s402ms
Starting: /Applications/Unity/Hub/Editor/6000.5.2f1/Unity.app/Contents/Resources/BuildPipeline/bee_backend --ipc --defer-dag-verification --dagfile="Library/Bee/200b0aE.dag" --continue-on-failure --dagfilejson="Library/Bee/200b0aE.dag.json" --profile="Library/Bee/backend2.traceevents" ScriptAssemblies
WorkingDir: /Users/andrew/ProyectosPersonales/Umbra/My project
ExitCode: 3 Duration: 1s712ms
Finished compiling graph: 270 nodes, 2774 flattened edges (2610 ToBuild, 26 ToUse), maximum node priority 133
[201/267    0s] WriteText Library/Bee/artifacts/200b0aE.dag/Assembly-CSharp-Editor.UnityAdditionalFile.txt
[202/267    0s] WriteText Library/Bee/artifacts/200b0aE.dag/Assembly-CSharp-Editor.rsp2
[203/267    0s] WriteText Library/Bee/artifacts/200b0aE.dag/Assembly-CSharp-Editor.rsp
[204/267    0s] WriteText Library/Bee/artifacts/200b0aE.dag/Assembly-CSharp-Editor.dll.mvfrm.rsp
[263/267    0s] MovedFromExtractor-Combine Library/Bee/artifacts/200b0aE.dag/Assembly-CSharp-Editor.dll.mvfrm
[264/267    1s] Csc Library/Bee/artifacts/200b0aE.dag/Assembly-CSharp-Editor.dll (+2 others)
##### CommandLine
"/Applications/Unity/Hub/Editor/6000.5.2f1/Unity.app/Contents/Resources/Scripting/DotNetSdk/dotnet" exec "/Applications/Unity/Hub/Editor/6000.5.2f1/Unity.app/Contents/Resources/Scripting/DotNetSdk/sdk/8.0.318/Roslyn/bincore/csc.dll" /nostdlib /noconfig /shared "@Library/Bee/artifacts/200b0aE.dag/Assembly-CSharp-Editor.rsp" "@Library/Bee/artifacts/200b0aE.dag/Assembly-CSharp-Editor.rsp2"
##### Contents of Library/Bee/artifacts/200b0aE.dag/Assembly-CSharp-Editor.rsp
-target:library
-out:"Library/Bee/artifacts/200b0aE.dag/Assembly-CSharp-Editor.dll"
-refout:"Library/Bee/artifacts/200b0aE.dag/Assembly-CSharp-Editor.ref.dll"
-define:UNITY_6000_5_2
-define:UNITY_6000_5
-define:UNITY_6000
-define:UNITY_5_3_OR_NEWER
-define:UNITY_5_4_OR_NEWER
-define:UNITY_5_5_OR_NEWER
-define:UNITY_5_6_OR_NEWER
-define:UNITY_2017_1_OR_NEWER
-define:UNITY_2017_2_OR_NEWER
-define:UNITY_2017_3_OR_NEWER
-define:UNITY_2017_4_OR_NEWER
-define:UNITY_2018_1_OR_NEWER
-define:UNITY_2018_2_OR_NEWER
-define:UNITY_2018_3_OR_NEWER
-define:UNITY_2018_4_OR_NEWER
-define:UNITY_2019_1_OR_NEWER
-define:UNITY_2019_2_OR_NEWER
-define:UNITY_2019_3_OR_NEWER
-define:UNITY_2019_4_OR_NEWER
-define:UNITY_2020_1_OR_NEWER
-define:UNITY_2020_2_OR_NEWER
-define:UNITY_2020_3_OR_NEWER
-define:UNITY_2021_1_OR_NEWER
-define:UNITY_2021_2_OR_NEWER
-define:UNITY_2021_3_OR_NEWER
-define:UNITY_2022_1_OR_NEWER
-define:UNITY_2022_2_OR_NEWER
-define:UNITY_2022_3_OR_NEWER
-define:UNITY_2023_1_OR_NEWER
-define:UNITY_2023_2_OR_NEWER
-define:UNITY_2023_3_OR_NEWER
-define:UNITY_6000_0_OR_NEWER
-define:UNITY_6000_1_OR_NEWER
-define:UNITY_6000_2_OR_NEWER
-define:UNITY_6000_3_OR_NEWER
-define:UNITY_6000_4_OR_NEWER
-define:UNITY_6000_5_OR_NEWER
-define:PLATFORM_ARCH_64
-define:UNITY_64
-define:UNITY_INCLUDE_TESTS
-define:ENABLE_AR
-define:ENABLE_AUDIO
-define:ENABLE_AUDIO_SCRIPTABLE_PIPELINE
-define:ENABLE_CACHING
-define:ENABLE_CLOTH
-define:ENABLE_MICROPHONE
-define:ENABLE_MULTIPLE_DISPLAYS
-define:ENABLE_PHYSICS
-define:ENABLE_TEXTURE_STREAMING
-define:ENABLE_VIRTUALTEXTURING
-define:ENABLE_LZMA
-define:ENABLE_UNITYEVENTS
-define:ENABLE_VR
-define:ENABLE_WEBCAM
-define:ENABLE_UNITYWEBREQUEST
-define:ENABLE_WWW
-define:ENABLE_CLOUD_SERVICES
-define:ENABLE_CLOUD_SERVICES_ADS
-define:ENABLE_CLOUD_SERVICES_USE_WEBREQUEST
-define:ENABLE_UNITY_CONSENT
-define:ENABLE_UNITY_CLOUD_IDENTIFIERS
-define:ENABLE_CLOUD_SERVICES_CRASH_REPORTING
-define:ENABLE_CLOUD_SERVICES_NATIVE_CRASH_REPORTING
-define:ENABLE_CLOUD_SERVICES_PURCHASING
-define:ENABLE_CLOUD_SERVICES_ANALYTICS
-define:ENABLE_CLOUD_SERVICES_BUILD
-define:ENABLE_EDITOR_GAME_SERVICES
-define:ENABLE_UNITY_GAME_SERVICES_ANALYTICS_SUPPORT
-define:ENABLE_CLOUD_LICENSE
-define:ENABLE_EDITOR_HUB_LICENSE
-define:ENABLE_WEBSOCKET_CLIENT
-define:ENABLE_GENERATE_NATIVE_PLUGINS_FOR_ASSEMBLIES_API
-define:ENABLE_DIRECTOR_AUDIO
-define:ENABLE_DIRECTOR_TEXTURE
-define:ENABLE_MANAGED_JOBS
-define:ENABLE_MANAGED_TRANSFORM_JOBS
-define:ENABLE_MANAGED_ANIMATION_JOBS
-define:ENABLE_MANAGED_AUDIO_JOBS
-define:ENABLE_MANAGED_UNITYTLS
-define:INCLUDE_DYNAMIC_GI
-define:ENABLE_SCRIPTING_GC_WBARRIERS
-define:PLATFORM_SUPPORTS_MONO
-define:RENDER_SOFTWARE_CURSOR
-define:ENABLE_MARSHALLING_TESTS
-define:ENABLE_VIDEO
-define:ENABLE_NAVIGATION_OFFMESHLINK_TO_NAVMESHLINK
-define:ENABLE_ACCELERATOR_CLIENT_DEBUGGING
-define:ENABLE_ACCESSIBILITY_SCREEN_READER
-define:TEXTCORE_1_0_OR_NEWER
-define:EDITOR_ONLY_NAVMESH_BUILDER_DEPRECATED
-define:PLATFORM_STANDALONE_OSX
-define:PLATFORM_STANDALONE
-define:UNITY_STANDALONE_OSX
-define:UNITY_STANDALONE
-define:ENABLE_GAMECENTER
-define:ENABLE_RUNTIME_GI
-define:ENABLE_MOVIES
-define:ENABLE_NETWORK
-define:ENABLE_CRUNCH_TEXTURE_COMPRESSION
-define:ENABLE_CLOUD_SERVICES_ENGINE_DIAGNOSTICS
-define:ENABLE_CLUSTER_SYNC
-define:ENABLE_CLUSTERINPUT
-define:ENABLE_SPATIALTRACKING
-define:PLATFORM_HAS_CUSTOM_MUTEX
-define:PLATFORM_UPDATES_TIME_OUTSIDE_OF_PLAYER_LOOP
-define:PLATFORM_SUPPORTS_SPLIT_GRAPHICS_JOBS
-define:PLATFORM_REQUIRES_PATH_NORMALIZATION
-define:ENABLE_MONO
-define:NET_4_6
-define:NET_UNITY_4_8
-define:ENABLE_PROFILER
-define:DEBUG
-define:TRACE
-define:UNITY_ASSERTIONS
-define:UNITY_EDITOR
-define:UNITY_EDITOR_64
-define:UNITY_EDITOR_OSX
-define:ENABLE_UNITY_COLLECTIONS_CHECKS
-define:ENABLE_BURST_AOT
-define:UNITY_TEAM_LICENSE
-define:UNITY_PRO_LICENSE
-define:ENABLE_CUSTOM_RENDER_TEXTURE
-define:ENABLE_DIRECTOR
-define:ENABLE_LOCALIZATION
-define:ENABLE_SPRITES
-define:ENABLE_TERRAIN
-define:ENABLE_TILEMAP
-define:ENABLE_TIMELINE
-define:ENABLE_INPUT_SYSTEM
-define:ENABLE_LEGACY_INPUT_MANAGER
-define:TEXTCORE_FONT_ENGINE_1_5_OR_NEWER
-define:TEXTCORE_TEXT_ENGINE_1_5_OR_NEWER
-define:TEXTCORE_FONT_ENGINE_1_6_OR_NEWER
-define:CSHARP_7_OR_LATER
-define:CSHARP_7_3_OR_NEWER
-define:UNITY_EDITOR_ONLY_COMPILATION
-r:"/Applications/Unity/Hub/Editor/6000.5.2f1/Unity.app/Contents/Resources/Scripting/BCLExtensions/TargetingPacks/netstandard2.1/ref/Microsoft.Bcl.AsyncInterfaces.dll"
-r:"/Applications/Unity/Hub/Editor/6000.5.2f1/Unity.app/Contents/Resources/Scripting/BCLExtensions/TargetingPacks/netstandard2.1/ref/Microsoft.Extensions.DependencyInjection.Abstractions.dll"
-r:"/Applications/Unity/Hub/Editor/6000.5.2f1/Unity.app/Contents/Resources/Scripting/BCLExtensions/TargetingPacks/netstandard2.1/ref/Microsoft.Extensions.Logging.Abstractions.dll"
-r:"/Applications/Unity/Hub/Editor/6000.5.2f1/Unity.app/Contents/Resources/Scripting/BCLExtensions/TargetingPacks/netstandard2.1/ref/System.Collections.Immutable.dll"
-r:"/Applications/Unity/Hub/Editor/6000.5.2f1/Unity.app/Contents/Resources/Scripting/BCLExtensions/TargetingPacks/netstandard2.1/ref/System.Diagnostics.DiagnosticSource.dll"
-r:"/Applications/Unity/Hub/Editor/6000.5.2f1/Unity.app/Contents/Resources/Scripting/BCLExtensions/TargetingPacks/netstandard2.1/ref/System.IO.Hashing.dll"
-r:"/Applications/Unity/Hub/Editor/6000.5.2f1/Unity.app/Contents/Resources/Scripting/BCLExtensions/TargetingPacks/netstandard2.1/ref/System.Reflection.Metadata.dll"
-r:"/Applications/Unity/Hub/Editor/6000.5.2f1/Unity.app/Contents/Resources/Scripting/BCLExtensions/TargetingPacks/netstandard2.1/ref/System.Runtime.CompilerServices.Unsafe.dll"
-r:"/Applications/Unity/Hub/Editor/6000.5.2f1/Unity.app/Contents/Resources/Scripting/BCLExtensions/TargetingPacks/netstandard2.1/ref/System.Text.Encodings.Web.dll"
-r:"/Applications/Unity/Hub/Editor/6000.5.2f1/Unity.app/Contents/Resources/Scripting/BCLExtensions/TargetingPacks/netstandard2.1/ref/System.Text.Json.dll"
-r:"/Applications/Unity/Hub/Editor/6000.5.2f1/PlaybackEngines/MacStandaloneSupport/UnityEditor.OSXStandalone.Extensions.dll"
-r:"/Applications/Unity/Hub/Editor/6000.5.2f1/PlaybackEngines/MacStandaloneSupport/UnityEditor.iOS.Extensions.Xcode.dll"
-r:"/Applications/Unity/Hub/Editor/6000.5.2f1/PlaybackEngines/WebGLSupport/UnityEditor.WebGL.Extensions.dll"
-r:"/Applications/Unity/Hub/Editor/6000.5.2f1/Unity.app/Contents/Resources/Scripting/Managed/UnityEditor.Graphs.dll"
-r:"/Applications/Unity/Hub/Editor/6000.5.2f1/Unity.app/Contents/Resources/Scripting/Managed/UnityEngine/Unity.Scripting.dll"
-r:"/Applications/Unity/Hub/Editor/6000.5.2f1/Unity.app/Contents/Resources/Scripting/Managed/UnityEngine/UnityEditor.AIModule.dll"
-r:"/Applications/Unity/Hub/Editor/6000.5.2f1/Unity.app/Contents/Resources/Scripting/Managed/UnityEngine/UnityEditor.AccessibilityModule.dll"
-r:"/Applications/Unity/Hub/Editor/6000.5.2f1/Unity.app/Contents/Resources/Scripting/Managed/UnityEngine/UnityEditor.AdaptivePerformanceModule.dll"
-r:"/Applications/Unity/Hub/Editor/6000.5.2f1/Unity.app/Contents/Resources/Scripting/Managed/UnityEngine/UnityEditor.AssetComplianceModule.dll"
-r:"/Applications/Unity/Hub/Editor/6000.5.2f1/Unity.app/Contents/Resources/Scripting/Managed/UnityEngine/UnityEditor.BuildProfileModule.dll"
-r:"/Applications/Unity/Hub/Editor/6000.5.2f1/Unity.app/Contents/Resources/Scripting/Managed/UnityEngine/UnityEditor.ClothModule.dll"
-r:"/Applications/Unity/Hub/Editor/6000.5.2f1/Unity.app/Contents/Resources/Scripting/Managed/UnityEngine/UnityEditor.ContentLoadModule.dll"
-r:"/Applications/Unity/Hub/Editor/6000.5.2f1/Unity.app/Contents/Resources/Scripting/Managed/UnityEngine/UnityEditor.CoreBusinessMetricsModule.dll"
-r:"/Applications/Unity/Hub/Editor/6000.5.2f1/Unity.app/Contents/Resources/Scripting/Managed/UnityEngine/UnityEditor.CoreModule.dll"
-r:"/Applications/Unity/Hub/Editor/6000.5.2f1/Unity.app/Contents/Resources/Scripting/Managed/UnityEngine/UnityEditor.DeviceSimulatorModule.dll"
-r:"/Applications/Unity/Hub/Editor/6000.5.2f1/Unity.app/Contents/Resources/Scripting/Managed/UnityEngine/UnityEditor.DiagnosticsModule.dll"
-r:"/Applications/Unity/Hub/Editor/6000.5.2f1/Unity.app/Contents/Resources/Scripting/Managed/UnityEngine/UnityEditor.EditorToolbarModule.dll"
-r:"/Applications/Unity/Hub/Editor/6000.5.2f1/Unity.app/Contents/Resources/Scripting/Managed/UnityEngine/UnityEditor.EmbreeModule.dll"
-r:"/Applications/Unity/Hub/Editor/6000.5.2f1/Unity.app/Contents/Resources/Scripting/Managed/UnityEngine/UnityEditor.GIModule.dll"
-r:"/Applications/Unity/Hub/Editor/6000.5.2f1/Unity.app/Contents/Resources/Scripting/Managed/UnityEngine/UnityEditor.GenericRemoteModule.dll"
-r:"/Applications/Unity/Hub/Editor/6000.5.2f1/Unity.app/Contents/Resources/Scripting/Managed/UnityEngine/UnityEditor.GraphToolkitModule.dll"
-r:"/Applications/Unity/Hub/Editor/6000.5.2f1/Unity.app/Contents/Resources/Scripting/Managed/UnityEngine/UnityEditor.GraphViewModule.dll"
-r:"/Applications/Unity/Hub/Editor/6000.5.2f1/Unity.app/Contents/Resources/Scripting/Managed/UnityEngine/UnityEditor.GraphicsStateCollectionSerializerModule.dll"
-r:"/Applications/Unity/Hub/Editor/6000.5.2f1/Unity.app/Contents/Resources/Scripting/Managed/UnityEngine/UnityEditor.GridAndSnapModule.dll"
-r:"/Applications/Unity/Hub/Editor/6000.5.2f1/Unity.app/Contents/Resources/Scripting/Managed/UnityEngine/UnityEditor.GridModule.dll"
-r:"/Applications/Unity/Hub/Editor/6000.5.2f1/Unity.app/Contents/Resources/Scripting/Managed/UnityEngine/UnityEditor.HierarchyModule.dll"
-r:"/Applications/Unity/Hub/Editor/6000.5.2f1/Unity.app/Contents/Resources/Scripting/Managed/UnityEngine/UnityEditor.LightingModule.dll"
-r:"/Applications/Unity/Hub/Editor/6000.5.2f1/Unity.app/Contents/Resources/Scripting/Managed/UnityEngine/UnityEditor.MathematicsModule.dll"
-r:"/Applications/Unity/Hub/Editor/6000.5.2f1/Unity.app/Contents/Resources/Scripting/Managed/UnityEngine/UnityEditor.MediaModule.dll"
-r:"/Applications/Unity/Hub/Editor/6000.5.2f1/Unity.app/Contents/Resources/Scripting/Managed/UnityEngine/UnityEditor.MultiplayerModule.dll"
-r:"/Applications/Unity/Hub/Editor/6000.5.2f1/Unity.app/Contents/Resources/Scripting/Managed/UnityEngine/UnityEditor.Physics2DModule.dll"
-r:"/Applications/Unity/Hub/Editor/6000.5.2f1/Unity.app/Contents/Resources/Scripting/Managed/UnityEngine/UnityEditor.PhysicsCore2DModule.dll"
-r:"/Applications/Unity/Hub/Editor/6000.5.2f1/Unity.app/Contents/Resources/Scripting/Managed/UnityEngine/UnityEditor.PhysicsModule.dll"
-r:"/Applications/Unity/Hub/Editor/6000.5.2f1/Unity.app/Contents/Resources/Scripting/Managed/UnityEngine/UnityEditor.PlayModeModule.dll"
-r:"/Applications/Unity/Hub/Editor/6000.5.2f1/Unity.app/Contents/Resources/Scripting/Managed/UnityEngine/UnityEditor.PresetsUIModule.dll"
-r:"/Applications/Unity/Hub/Editor/6000.5.2f1/Unity.app/Contents/Resources/Scripting/Managed/UnityEngine/UnityEditor.ProjectAuditorModule.dll"
-r:"/Applications/Unity/Hub/Editor/6000.5.2f1/Unity.app/Contents/Resources/Scripting/Managed/UnityEngine/UnityEditor.PropertiesModule.dll"
-r:"/Applications/Unity/Hub/Editor/6000.5.2f1/Unity.app/Contents/Resources/Scripting/Managed/UnityEngine/UnityEditor.QuickInstallModule.dll"
-r:"/Applications/Unity/Hub/Editor/6000.5.2f1/Unity.app/Contents/Resources/Scripting/Managed/UnityEngine/UnityEditor.QuickSearchModule.dll"
-r:"/Applications/Unity/Hub/Editor/6000.5.2f1/Unity.app/Contents/Resources/Scripting/Managed/UnityEngine/UnityEditor.SafeModeModule.dll"
-r:"/Applications/Unity/Hub/Editor/6000.5.2f1/Unity.app/Contents/Resources/Scripting/Managed/UnityEngine/UnityEditor.SceneTemplateModule.dll"
-r:"/Applications/Unity/Hub/Editor/6000.5.2f1/Unity.app/Contents/Resources/Scripting/Managed/UnityEngine/UnityEditor.SceneViewModule.dll"
-r:"/Applications/Unity/Hub/Editor/6000.5.2f1/Unity.app/Contents/Resources/Scripting/Managed/UnityEngine/UnityEditor.ShaderBuildSettingsModule.dll"
-r:"/Applications/Unity/Hub/Editor/6000.5.2f1/Unity.app/Contents/Resources/Scripting/Managed/UnityEngine/UnityEditor.ShaderCompilationModule.dll"
-r:"/Applications/Unity/Hub/Editor/6000.5.2f1/Unity.app/Contents/Resources/Scripting/Managed/UnityEngine/UnityEditor.ShaderFoundryModule.dll"
-r:"/Applications/Unity/Hub/Editor/6000.5.2f1/Unity.app/Contents/Resources/Scripting/Managed/UnityEngine/UnityEditor.SketchUpModule.dll"
-r:"/Applications/Unity/Hub/Editor/6000.5.2f1/Unity.app/Contents/Resources/Scripting/Managed/UnityEngine/UnityEditor.SpriteMaskModule.dll"
-r:"/Applications/Unity/Hub/Editor/6000.5.2f1/Unity.app/Contents/Resources/Scripting/Managed/UnityEngine/UnityEditor.SpriteShapeModule.dll"
-r:"/Applications/Unity/Hub/Editor/6000.5.2f1/Unity.app/Contents/Resources/Scripting/Managed/UnityEngine/UnityEditor.SubstanceModule.dll"
-r:"/Applications/Unity/Hub/Editor/6000.5.2f1/Unity.app/Contents/Resources/Scripting/Managed/UnityEngine/UnityEditor.TerrainModule.dll"
-r:"/Applications/Unity/Hub/Editor/6000.5.2f1/Unity.app/Contents/Resources/Scripting/Managed/UnityEngine/UnityEditor.TextCoreFontEngineModule.dll"
-r:"/Applications/Unity/Hub/Editor/6000.5.2f1/Unity.app/Contents/Resources/Scripting/Managed/UnityEngine/UnityEditor.TextCoreTextEngineModule.dll"
-r:"/Applications/Unity/Hub/Editor/6000.5.2f1/Unity.app/Contents/Resources/Scripting/Managed/UnityEngine/UnityEditor.TextRenderingModule.dll"
-r:"/Applications/Unity/Hub/Editor/6000.5.2f1/Unity.app/Contents/Resources/Scripting/Managed/UnityEngine/UnityEditor.TilemapModule.dll"
-r:"/Applications/Unity/Hub/Editor/6000.5.2f1/Unity.app/Contents/Resources/Scripting/Managed/UnityEngine/UnityEditor.TreeModule.dll"
-r:"/Applications/Unity/Hub/Editor/6000.5.2f1/Unity.app/Contents/Resources/Scripting/Managed/UnityEngine/UnityEditor.U2DModule.dll"
-r:"/Applications/Unity/Hub/Editor/6000.5.2f1/Unity.app/Contents/Resources/Scripting/Managed/UnityEngine/UnityEditor.UIAutomationModule.dll"
-r:"/Applications/Unity/Hub/Editor/6000.5.2f1/Unity.app/Contents/Resources/Scripting/Managed/UnityEngine/UnityEditor.UIBuilderModule.dll"
-r:"/Applications/Unity/Hub/Editor/6000.5.2f1/Unity.app/Contents/Resources/Scripting/Managed/UnityEngine/UnityEditor.UIElementsModule.dll"
-r:"/Applications/Unity/Hub/Editor/6000.5.2f1/Unity.app/Contents/Resources/Scripting/Managed/UnityEngine/UnityEditor.UIElementsSamplesModule.dll"
-r:"/Applications/Unity/Hub/Editor/6000.5.2f1/Unity.app/Contents/Resources/Scripting/Managed/UnityEngine/UnityEditor.UIToolkitAuthoringModule.dll"
-r:"/Applications/Unity/Hub/Editor/6000.5.2f1/Unity.app/Contents/Resources/Scripting/Managed/UnityEngine/UnityEditor.UmbraModule.dll"
-r:"/Applications/Unity/Hub/Editor/6000.5.2f1/Unity.app/Contents/Resources/Scripting/Managed/UnityEngine/UnityEditor.UnityConnectModule.dll"
-r:"/Applications/Unity/Hub/Editor/6000.5.2f1/Unity.app/Contents/Resources/Scripting/Managed/UnityEngine/UnityEditor.VFXModule.dll"
-r:"/Applications/Unity/Hub/Editor/6000.5.2f1/Unity.app/Contents/Resources/Scripting/Managed/UnityEngine/UnityEditor.VectorGraphicsModule.dll"
-r:"/Applications/Unity/Hub/Editor/6000.5.2f1/Unity.app/Contents/Resources/Scripting/Managed/UnityEngine/UnityEditor.VideoModule.dll"
-r:"/Applications/Unity/Hub/Editor/6000.5.2f1/Unity.app/Contents/Resources/Scripting/Managed/UnityEngine/UnityEditor.XRModule.dll"
-r:"/Applications/Unity/Hub/Editor/6000.5.2f1/Unity.app/Contents/Resources/Scripting/Managed/UnityEngine/UnityEditor.dll"
-r:"/Applications/Unity/Hub/Editor/6000.5.2f1/Unity.app/Contents/Resources/Scripting/Managed/UnityEngine/UnityEngine.AIModule.dll"
-r:"/Applications/Unity/Hub/Editor/6000.5.2f1/Unity.app/Contents/Resources/Scripting/Managed/UnityEngine/UnityEngine.AMDModule.dll"
-r:"/Applications/Unity/Hub/Editor/6000.5.2f1/Unity.app/Contents/Resources/Scripting/Managed/UnityEngine/UnityEngine.ARModule.dll"
-r:"/Applications/Unity/Hub/Editor/6000.5.2f1/Unity.app/Contents/Resources/Scripting/Managed/UnityEngine/UnityEngine.AccessibilityModule.dll"
-r:"/Applications/Unity/Hub/Editor/6000.5.2f1/Unity.app/Contents/Resources/Scripting/Managed/UnityEngine/UnityEngine.AdaptivePerformanceModule.dll"
-r:"/Applications/Unity/Hub/Editor/6000.5.2f1/Unity.app/Contents/Resources/Scripting/Managed/UnityEngine/UnityEngine.AndroidJNIModule.dll"
-r:"/Applications/Unity/Hub/Editor/6000.5.2f1/Unity.app/Contents/Resources/Scripting/Managed/UnityEngine/UnityEngine.AnimationModule.dll"
-r:"/Applications/Unity/Hub/Editor/6000.5.2f1/Unity.app/Contents/Resources/Scripting/Managed/UnityEngine/UnityEngine.AssetBundleModule.dll"
-r:"/Applications/Unity/Hub/Editor/6000.5.2f1/Unity.app/Contents/Resources/Scripting/Managed/UnityEngine/UnityEngine.AudioModule.dll"
-r:"/Applications/Unity/Hub/Editor/6000.5.2f1/Unity.app/Contents/Resources/Scripting/Managed/UnityEngine/UnityEngine.ClothModule.dll"
-r:"/Applications/Unity/Hub/Editor/6000.5.2f1/Unity.app/Contents/Resources/Scripting/Managed/UnityEngine/UnityEngine.ClusterInputModule.dll"
-r:"/Applications/Unity/Hub/Editor/6000.5.2f1/Unity.app/Contents/Resources/Scripting/Managed/UnityEngine/UnityEngine.ClusterRendererModule.dll"
-r:"/Applications/Unity/Hub/Editor/6000.5.2f1/Unity.app/Contents/Resources/Scripting/Managed/UnityEngine/UnityEngine.ContentLoadModule.dll"
-r:"/Applications/Unity/Hub/Editor/6000.5.2f1/Unity.app/Contents/Resources/Scripting/Managed/UnityEngine/UnityEngine.CoreModule.dll"
-r:"/Applications/Unity/Hub/Editor/6000.5.2f1/Unity.app/Contents/Resources/Scripting/Managed/UnityEngine/UnityEngine.CrashReportingModule.dll"
-r:"/Applications/Unity/Hub/Editor/6000.5.2f1/Unity.app/Contents/Resources/Scripting/Managed/UnityEngine/UnityEngine.DSPGraphModule.dll"
-r:"/Applications/Unity/Hub/Editor/6000.5.2f1/Unity.app/Contents/Resources/Scripting/Managed/UnityEngine/UnityEngine.DirectorModule.dll"
-r:"/Applications/Unity/Hub/Editor/6000.5.2f1/Unity.app/Contents/Resources/Scripting/Managed/UnityEngine/UnityEngine.GIModule.dll"
-r:"/Applications/Unity/Hub/Editor/6000.5.2f1/Unity.app/Contents/Resources/Scripting/Managed/UnityEngine/UnityEngine.GameCenterModule.dll"
-r:"/Applications/Unity/Hub/Editor/6000.5.2f1/Unity.app/Contents/Resources/Scripting/Managed/UnityEngine/UnityEngine.GraphicsStateCollectionSerializerModule.dll"
-r:"/Applications/Unity/Hub/Editor/6000.5.2f1/Unity.app/Contents/Resources/Scripting/Managed/UnityEngine/UnityEngine.GridModule.dll"
-r:"/Applications/Unity/Hub/Editor/6000.5.2f1/Unity.app/Contents/Resources/Scripting/Managed/UnityEngine/UnityEngine.HierarchyCoreModule.dll"
-r:"/Applications/Unity/Hub/Editor/6000.5.2f1/Unity.app/Contents/Resources/Scripting/Managed/UnityEngine/UnityEngine.HierarchyModule.dll"
-r:"/Applications/Unity/Hub/Editor/6000.5.2f1/Unity.app/Contents/Resources/Scripting/Managed/UnityEngine/UnityEngine.HotReloadModule.dll"
-r:"/Applications/Unity/Hub/Editor/6000.5.2f1/Unity.app/Contents/Resources/Scripting/Managed/UnityEngine/UnityEngine.IMGUIModule.dll"
-r:"/Applications/Unity/Hub/Editor/6000.5.2f1/Unity.app/Contents/Resources/Scripting/Managed/UnityEngine/UnityEngine.IdentifiersModule.dll"
-r:"/Applications/Unity/Hub/Editor/6000.5.2f1/Unity.app/Contents/Resources/Scripting/Managed/UnityEngine/UnityEngine.ImageConversionModule.dll"
-r:"/Applications/Unity/Hub/Editor/6000.5.2f1/Unity.app/Contents/Resources/Scripting/Managed/UnityEngine/UnityEngine.InputForUIModule.dll"
-r:"/Applications/Unity/Hub/Editor/6000.5.2f1/Unity.app/Contents/Resources/Scripting/Managed/UnityEngine/UnityEngine.InputLegacyModule.dll"
-r:"/Applications/Unity/Hub/Editor/6000.5.2f1/Unity.app/Contents/Resources/Scripting/Managed/UnityEngine/UnityEngine.InputModule.dll"
-r:"/Applications/Unity/Hub/Editor/6000.5.2f1/Unity.app/Contents/Resources/Scripting/Managed/UnityEngine/UnityEngine.InsightsModule.dll"
-r:"/Applications/Unity/Hub/Editor/6000.5.2f1/Unity.app/Contents/Resources/Scripting/Managed/UnityEngine/UnityEngine.JSONSerializeModule.dll"
-r:"/Applications/Unity/Hub/Editor/6000.5.2f1/Unity.app/Contents/Resources/Scripting/Managed/UnityEngine/UnityEngine.LocalizationModule.dll"
-r:"/Applications/Unity/Hub/Editor/6000.5.2f1/Unity.app/Contents/Resources/Scripting/Managed/UnityEngine/UnityEngine.MarshallingModule.dll"
-r:"/Applications/Unity/Hub/Editor/6000.5.2f1/Unity.app/Contents/Resources/Scripting/Managed/UnityEngine/UnityEngine.MathematicsModule.dll"
-r:"/Applications/Unity/Hub/Editor/6000.5.2f1/Unity.app/Contents/Resources/Scripting/Managed/UnityEngine/UnityEngine.MultiplayerModule.dll"
-r:"/Applications/Unity/Hub/Editor/6000.5.2f1/Unity.app/Contents/Resources/Scripting/Managed/UnityEngine/UnityEngine.NVIDIAModule.dll"
-r:"/Applications/Unity/Hub/Editor/6000.5.2f1/Unity.app/Contents/Resources/Scripting/Managed/UnityEngine/UnityEngine.ParticleSystemModule.dll"
-r:"/Applications/Unity/Hub/Editor/6000.5.2f1/Unity.app/Contents/Resources/Scripting/Managed/UnityEngine/UnityEngine.PerformanceReportingModule.dll"
-r:"/Applications/Unity/Hub/Editor/6000.5.2f1/Unity.app/Contents/Resources/Scripting/Managed/UnityEngine/UnityEngine.Physics2DModule.dll"
-r:"/Applications/Unity/Hub/Editor/6000.5.2f1/Unity.app/Contents/Resources/Scripting/Managed/UnityEngine/UnityEngine.PhysicsBackendPhysXModule.dll"
-r:"/Applications/Unity/Hub/Editor/6000.5.2f1/Unity.app/Contents/Resources/Scripting/Managed/UnityEngine/UnityEngine.PhysicsCore2DModule.dll"
-r:"/Applications/Unity/Hub/Editor/6000.5.2f1/Unity.app/Contents/Resources/Scripting/Managed/UnityEngine/UnityEngine.PhysicsModule.dll"
-r:"/Applications/Unity/Hub/Editor/6000.5.2f1/Unity.app/Contents/Resources/Scripting/Managed/UnityEngine/UnityEngine.PropertiesModule.dll"
-r:"/Applications/Unity/Hub/Editor/6000.5.2f1/Unity.app/Contents/Resources/Scripting/Managed/UnityEngine/UnityEngine.RenderAs2DModule.dll"
-r:"/Applications/Unity/Hub/Editor/6000.5.2f1/Unity.app/Contents/Resources/Scripting/Managed/UnityEngine/UnityEngine.RuntimeInitializeOnLoadManagerInitializerModule.dll"
-r:"/Applications/Unity/Hub/Editor/6000.5.2f1/Unity.app/Contents/Resources/Scripting/Managed/UnityEngine/UnityEngine.ScreenCaptureModule.dll"
-r:"/Applications/Unity/Hub/Editor/6000.5.2f1/Unity.app/Contents/Resources/Scripting/Managed/UnityEngine/UnityEngine.ScriptingModule.dll"
-r:"/Applications/Unity/Hub/Editor/6000.5.2f1/Unity.app/Contents/Resources/Scripting/Managed/UnityEngine/UnityEngine.ShaderVariantAnalyticsModule.dll"
-r:"/Applications/Unity/Hub/Editor/6000.5.2f1/Unity.app/Contents/Resources/Scripting/Managed/UnityEngine/UnityEngine.SharedInternalsModule.dll"
-r:"/Applications/Unity/Hub/Editor/6000.5.2f1/Unity.app/Contents/Resources/Scripting/Managed/UnityEngine/UnityEngine.SpriteMaskModule.dll"
-r:"/Applications/Unity/Hub/Editor/6000.5.2f1/Unity.app/Contents/Resources/Scripting/Managed/UnityEngine/UnityEngine.SpriteShapeModule.dll"
-r:"/Applications/Unity/Hub/Editor/6000.5.2f1/Unity.app/Contents/Resources/Scripting/Managed/UnityEngine/UnityEngine.StreamingModule.dll"
-r:"/Applications/Unity/Hub/Editor/6000.5.2f1/Unity.app/Contents/Resources/Scripting/Managed/UnityEngine/UnityEngine.SubstanceModule.dll"
-r:"/Applications/Unity/Hub/Editor/6000.5.2f1/Unity.app/Contents/Resources/Scripting/Managed/UnityEngine/UnityEngine.SubsystemsModule.dll"
-r:"/Applications/Unity/Hub/Editor/6000.5.2f1/Unity.app/Contents/Resources/Scripting/Managed/UnityEngine/UnityEngine.TLSModule.dll"
-r:"/Applications/Unity/Hub/Editor/6000.5.2f1/Unity.app/Contents/Resources/Scripting/Managed/UnityEngine/UnityEngine.TerrainModule.dll"
-r:"/Applications/Unity/Hub/Editor/6000.5.2f1/Unity.app/Contents/Resources/Scripting/Managed/UnityEngine/UnityEngine.TerrainPhysicsModule.dll"
-r:"/Applications/Unity/Hub/Editor/6000.5.2f1/Unity.app/Contents/Resources/Scripting/Managed/UnityEngine/UnityEngine.TextCoreFontEngineModule.dll"
-r:"/Applications/Unity/Hub/Editor/6000.5.2f1/Unity.app/Contents/Resources/Scripting/Managed/UnityEngine/UnityEngine.TextCoreTextEngineModule.dll"
-r:"/Applications/Unity/Hub/Editor/6000.5.2f1/Unity.app/Contents/Resources/Scripting/Managed/UnityEngine/UnityEngine.TextRenderingModule.dll"
-r:"/Applications/Unity/Hub/Editor/6000.5.2f1/Unity.app/Contents/Resources/Scripting/Managed/UnityEngine/UnityEngine.TilemapModule.dll"
-r:"/Applications/Unity/Hub/Editor/6000.5.2f1/Unity.app/Contents/Resources/Scripting/Managed/UnityEngine/UnityEngine.U2DRuntimeModule.dll"
-r:"/Applications/Unity/Hub/Editor/6000.5.2f1/Unity.app/Contents/Resources/Scripting/Managed/UnityEngine/UnityEngine.UIElementsModule.dll"
-r:"/Applications/Unity/Hub/Editor/6000.5.2f1/Unity.app/Contents/Resources/Scripting/Managed/UnityEngine/UnityEngine.UIModule.dll"
-r:"/Applications/Unity/Hub/Editor/6000.5.2f1/Unity.app/Contents/Resources/Scripting/Managed/UnityEngine/UnityEngine.UmbraModule.dll"
-r:"/Applications/Unity/Hub/Editor/6000.5.2f1/Unity.app/Contents/Resources/Scripting/Managed/UnityEngine/UnityEngine.UnityAnalyticsCommonModule.dll"
-r:"/Applications/Unity/Hub/Editor/6000.5.2f1/Unity.app/Contents/Resources/Scripting/Managed/UnityEngine/UnityEngine.UnityAnalyticsModule.dll"
-r:"/Applications/Unity/Hub/Editor/6000.5.2f1/Unity.app/Contents/Resources/Scripting/Managed/UnityEngine/UnityEngine.UnityConnectModule.dll"
-r:"/Applications/Unity/Hub/Editor/6000.5.2f1/Unity.app/Contents/Resources/Scripting/Managed/UnityEngine/UnityEngine.UnityConsentModule.dll"
-r:"/Applications/Unity/Hub/Editor/6000.5.2f1/Unity.app/Contents/Resources/Scripting/Managed/UnityEngine/UnityEngine.UnityCurlModule.dll"
-r:"/Applications/Unity/Hub/Editor/6000.5.2f1/Unity.app/Contents/Resources/Scripting/Managed/UnityEngine/UnityEngine.UnityWebRequestAssetBundleModule.dll"
-r:"/Applications/Unity/Hub/Editor/6000.5.2f1/Unity.app/Contents/Resources/Scripting/Managed/UnityEngine/UnityEngine.UnityWebRequestAudioModule.dll"
-r:"/Applications/Unity/Hub/Editor/6000.5.2f1/Unity.app/Contents/Resources/Scripting/Managed/UnityEngine/UnityEngine.UnityWebRequestModule.dll"
-r:"/Applications/Unity/Hub/Editor/6000.5.2f1/Unity.app/Contents/Resources/Scripting/Managed/UnityEngine/UnityEngine.UnityWebRequestTextureModule.dll"
-r:"/Applications/Unity/Hub/Editor/6000.5.2f1/Unity.app/Contents/Resources/Scripting/Managed/UnityEngine/UnityEngine.UnityWebRequestWWWModule.dll"
-r:"/Applications/Unity/Hub/Editor/6000.5.2f1/Unity.app/Contents/Resources/Scripting/Managed/UnityEngine/UnityEngine.VFXModule.dll"
-r:"/Applications/Unity/Hub/Editor/6000.5.2f1/Unity.app/Contents/Resources/Scripting/Managed/UnityEngine/UnityEngine.VectorGraphicsModule.dll"
-r:"/Applications/Unity/Hub/Editor/6000.5.2f1/Unity.app/Contents/Resources/Scripting/Managed/UnityEngine/UnityEngine.VehiclesModule.dll"
-r:"/Applications/Unity/Hub/Editor/6000.5.2f1/Unity.app/Contents/Resources/Scripting/Managed/UnityEngine/UnityEngine.VideoModule.dll"
-r:"/Applications/Unity/Hub/Editor/6000.5.2f1/Unity.app/Contents/Resources/Scripting/Managed/UnityEngine/UnityEngine.VirtualTexturingModule.dll"
-r:"/Applications/Unity/Hub/Editor/6000.5.2f1/Unity.app/Contents/Resources/Scripting/Managed/UnityEngine/UnityEngine.WindModule.dll"
-r:"/Applications/Unity/Hub/Editor/6000.5.2f1/Unity.app/Contents/Resources/Scripting/Managed/UnityEngine/UnityEngine.XRModule.dll"
-r:"/Applications/Unity/Hub/Editor/6000.5.2f1/Unity.app/Contents/Resources/Scripting/Managed/UnityEngine/UnityEngine.dll"
-r:"/Applications/Unity/Hub/Editor/6000.5.2f1/Unity.app/Contents/Resources/Scripting/UnityReferenceAssemblies/unity-4.8-api/Facades/Microsoft.Win32.Primitives.dll"
-r:"/Applications/Unity/Hub/Editor/6000.5.2f1/Unity.app/Contents/Resources/Scripting/UnityReferenceAssemblies/unity-4.8-api/Facades/System.AppContext.dll"
-r:"/Applications/Unity/Hub/Editor/6000.5.2f1/Unity.app/Contents/Resources/Scripting/UnityReferenceAssemblies/unity-4.8-api/Facades/System.Buffers.dll"
-r:"/Applications/Unity/Hub/Editor/6000.5.2f1/Unity.app/Contents/Resources/Scripting/UnityReferenceAssemblies/unity-4.8-api/Facades/System.Collections.Concurrent.dll"
-r:"/Applications/Unity/Hub/Editor/6000.5.2f1/Unity.app/Contents/Resources/Scripting/UnityReferenceAssemblies/unity-4.8-api/Facades/System.Collections.NonGeneric.dll"
-r:"/Applications/Unity/Hub/Editor/6000.5.2f1/Unity.app/Contents/Resources/Scripting/UnityReferenceAssemblies/unity-4.8-api/Facades/System.Collections.Specialized.dll"
-r:"/Applications/Unity/Hub/Editor/6000.5.2f1/Unity.app/Contents/Resources/Scripting/UnityReferenceAssemblies/unity-4.8-api/Facades/System.Collections.dll"
-r:"/Applications/Unity/Hub/Editor/6000.5.2f1/Unity.app/Contents/Resources/Scripting/UnityReferenceAssemblies/unity-4.8-api/Facades/System.ComponentModel.Annotations.dll"
-r:"/Applications/Unity/Hub/Editor/6000.5.2f1/Unity.app/Contents/Resources/Scripting/UnityReferenceAssemblies/unity-4.8-api/Facades/System.ComponentModel.EventBasedAsync.dll"
-r:"/Applications/Unity/Hub/Editor/6000.5.2f1/Unity.app/Contents/Resources/Scripting/UnityReferenceAssemblies/unity-4.8-api/Facades/System.ComponentModel.Primitives.dll"
-r:"/Applications/Unity/Hub/Editor/6000.5.2f1/Unity.app/Contents/Resources/Scripting/UnityReferenceAssemblies/unity-4.8-api/Facades/System.ComponentModel.TypeConverter.dll"
-r:"/Applications/Unity/Hub/Editor/6000.5.2f1/Unity.app/Contents/Resources/Scripting/UnityReferenceAssemblies/unity-4.8-api/Facades/System.ComponentModel.dll"
-r:"/Applications/Unity/Hub/Editor/6000.5.2f1/Unity.app/Contents/Resources/Scripting/UnityReferenceAssemblies/unity-4.8-api/Facades/System.Console.dll"
-r:"/Applications/Unity/Hub/Editor/6000.5.2f1/Unity.app/Contents/Resources/Scripting/UnityReferenceAssemblies/unity-4.8-api/Facades/System.Data.Common.dll"
-r:"/Applications/Unity/Hub/Editor/6000.5.2f1/Unity.app/Contents/Resources/Scripting/UnityReferenceAssemblies/unity-4.8-api/Facades/System.Diagnostics.Contracts.dll"
-r:"/Applications/Unity/Hub/Editor/6000.5.2f1/Unity.app/Contents/Resources/Scripting/UnityReferenceAssemblies/unity-4.8-api/Facades/System.Diagnostics.Debug.dll"
-r:"/Applications/Unity/Hub/Editor/6000.5.2f1/Unity.app/Contents/Resources/Scripting/UnityReferenceAssemblies/unity-4.8-api/Facades/System.Diagnostics.FileVersionInfo.dll"
-r:"/Applications/Unity/Hub/Editor/6000.5.2f1/Unity.app/Contents/Resources/Scripting/UnityReferenceAssemblies/unity-4.8-api/Facades/System.Diagnostics.Process.dll"
-r:"/Applications/Unity/Hub/Editor/6000.5.2f1/Unity.app/Contents/Resources/Scripting/UnityReferenceAssemblies/unity-4.8-api/Facades/System.Diagnostics.StackTrace.dll"
-r:"/Applications/Unity/Hub/Editor/6000.5.2f1/Unity.app/Contents/Resources/Scripting/UnityReferenceAssemblies/unity-4.8-api/Facades/System.Diagnostics.TextWriterTraceListener.dll"
-r:"/Applications/Unity/Hub/Editor/6000.5.2f1/Unity.app/Contents/Resources/Scripting/UnityReferenceAssemblies/unity-4.8-api/Facades/System.Diagnostics.Tools.dll"
-r:"/Applications/Unity/Hub/Editor/6000.5.2f1/Unity.app/Contents/Resources/Scripting/UnityReferenceAssemblies/unity-4.8-api/Facades/System.Diagnostics.TraceSource.dll"
-r:"/Applications/Unity/Hub/Editor/6000.5.2f1/Unity.app/Contents/Resources/Scripting/UnityReferenceAssemblies/unity-4.8-api/Facades/System.Drawing.Primitives.dll"
-r:"/Applications/Unity/Hub/Editor/6000.5.2f1/Unity.app/Contents/Resources/Scripting/UnityReferenceAssemblies/unity-4.8-api/Facades/System.Dynamic.Runtime.dll"
-r:"/Applications/Unity/Hub/Editor/6000.5.2f1/Unity.app/Contents/Resources/Scripting/UnityReferenceAssemblies/unity-4.8-api/Facades/System.Globalization.Calendars.dll"
-r:"/Applications/Unity/Hub/Editor/6000.5.2f1/Unity.app/Contents/Resources/Scripting/UnityReferenceAssemblies/unity-4.8-api/Facades/System.Globalization.Extensions.dll"
-r:"/Applications/Unity/Hub/Editor/6000.5.2f1/Unity.app/Contents/Resources/Scripting/UnityReferenceAssemblies/unity-4.8-api/Facades/System.Globalization.dll"
-r:"/Applications/Unity/Hub/Editor/6000.5.2f1/Unity.app/Contents/Resources/Scripting/UnityReferenceAssemblies/unity-4.8-api/Facades/System.IO.Compression.ZipFile.dll"
-r:"/Applications/Unity/Hub/Editor/6000.5.2f1/Unity.app/Contents/Resources/Scripting/UnityReferenceAssemblies/unity-4.8-api/Facades/System.IO.FileSystem.DriveInfo.dll"
-r:"/Applications/Unity/Hub/Editor/6000.5.2f1/Unity.app/Contents/Resources/Scripting/UnityReferenceAssemblies/unity-4.8-api/Facades/System.IO.FileSystem.Primitives.dll"
-r:"/Applications/Unity/Hub/Editor/6000.5.2f1/Unity.app/Contents/Resources/Scripting/UnityReferenceAssemblies/unity-4.8-api/Facades/System.IO.FileSystem.Watcher.dll"
-r:"/Applications/Unity/Hub/Editor/6000.5.2f1/Unity.app/Contents/Resources/Scripting/UnityReferenceAssemblies/unity-4.8-api/Facades/System.IO.FileSystem.dll"
-r:"/Applications/Unity/Hub/Editor/6000.5.2f1/Unity.app/Contents/Resources/Scripting/UnityReferenceAssemblies/unity-4.8-api/Facades/System.IO.IsolatedStorage.dll"
-r:"/Applications/Unity/Hub/Editor/6000.5.2f1/Unity.app/Contents/Resources/Scripting/UnityReferenceAssemblies/unity-4.8-api/Facades/System.IO.MemoryMappedFiles.dll"
-r:"/Applications/Unity/Hub/Editor/6000.5.2f1/Unity.app/Contents/Resources/Scripting/UnityReferenceAssemblies/unity-4.8-api/Facades/System.IO.Pipes.dll"
-r:"/Applications/Unity/Hub/Editor/6000.5.2f1/Unity.app/Contents/Resources/Scripting/UnityReferenceAssemblies/unity-4.8-api/Facades/System.IO.UnmanagedMemoryStream.dll"
-r:"/Applications/Unity/Hub/Editor/6000.5.2f1/Unity.app/Contents/Resources/Scripting/UnityReferenceAssemblies/unity-4.8-api/Facades/System.IO.dll"
-r:"/Applications/Unity/Hub/Editor/6000.5.2f1/Unity.app/Contents/Resources/Scripting/UnityReferenceAssemblies/unity-4.8-api/Facades/System.Linq.Expressions.dll"
-r:"/Applications/Unity/Hub/Editor/6000.5.2f1/Unity.app/Contents/Resources/Scripting/UnityReferenceAssemblies/unity-4.8-api/Facades/System.Linq.Parallel.dll"
-r:"/Applications/Unity/Hub/Editor/6000.5.2f1/Unity.app/Contents/Resources/Scripting/UnityReferenceAssemblies/unity-4.8-api/Facades/System.Linq.Queryable.dll"
-r:"/Applications/Unity/Hub/Editor/6000.5.2f1/Unity.app/Contents/Resources/Scripting/UnityReferenceAssemblies/unity-4.8-api/Facades/System.Linq.dll"
-r:"/Applications/Unity/Hub/Editor/6000.5.2f1/Unity.app/Contents/Resources/Scripting/UnityReferenceAssemblies/unity-4.8-api/Facades/System.Memory.dll"
-r:"/Applications/Unity/Hub/Editor/6000.5.2f1/Unity.app/Contents/Resources/Scripting/UnityReferenceAssemblies/unity-4.8-api/Facades/System.Net.Http.Rtc.dll"
-r:"/Applications/Unity/Hub/Editor/6000.5.2f1/Unity.app/Contents/Resources/Scripting/UnityReferenceAssemblies/unity-4.8-api/Facades/System.Net.NameResolution.dll"
-r:"/Applications/Unity/Hub/Editor/6000.5.2f1/Unity.app/Contents/Resources/Scripting/UnityReferenceAssemblies/unity-4.8-api/Facades/System.Net.NetworkInformation.dll"
-r:"/Applications/Unity/Hub/Editor/6000.5.2f1/Unity.app/Contents/Resources/Scripting/UnityReferenceAssemblies/unity-4.8-api/Facades/System.Net.Ping.dll"
-r:"/Applications/Unity/Hub/Editor/6000.5.2f1/Unity.app/Contents/Resources/Scripting/UnityReferenceAssemblies/unity-4.8-api/Facades/System.Net.Primitives.dll"
-r:"/Applications/Unity/Hub/Editor/6000.5.2f1/Unity.app/Contents/Resources/Scripting/UnityReferenceAssemblies/unity-4.8-api/Facades/System.Net.Requests.dll"
-r:"/Applications/Unity/Hub/Editor/6000.5.2f1/Unity.app/Contents/Resources/Scripting/UnityReferenceAssemblies/unity-4.8-api/Facades/System.Net.Security.dll"
-r:"/Applications/Unity/Hub/Editor/6000.5.2f1/Unity.app/Contents/Resources/Scripting/UnityReferenceAssemblies/unity-4.8-api/Facades/System.Net.Sockets.dll"
-r:"/Applications/Unity/Hub/Editor/6000.5.2f1/Unity.app/Contents/Resources/Scripting/UnityReferenceAssemblies/unity-4.8-api/Facades/System.Net.WebHeaderCollection.dll"
-r:"/Applications/Unity/Hub/Editor/6000.5.2f1/Unity.app/Contents/Resources/Scripting/UnityReferenceAssemblies/unity-4.8-api/Facades/System.Net.WebSockets.Client.dll"
-r:"/Applications/Unity/Hub/Editor/6000.5.2f1/Unity.app/Contents/Resources/Scripting/UnityReferenceAssemblies/unity-4.8-api/Facades/System.Net.WebSockets.dll"
-r:"/Applications/Unity/Hub/Editor/6000.5.2f1/Unity.app/Contents/Resources/Scripting/UnityReferenceAssemblies/unity-4.8-api/Facades/System.ObjectModel.dll"
-r:"/Applications/Unity/Hub/Editor/6000.5.2f1/Unity.app/Contents/Resources/Scripting/UnityReferenceAssemblies/unity-4.8-api/Facades/System.Reflection.DispatchProxy.dll"
-r:"/Applications/Unity/Hub/Editor/6000.5.2f1/Unity.app/Contents/Resources/Scripting/UnityReferenceAssemblies/unity-4.8-api/Facades/System.Reflection.Emit.ILGeneration.dll"
-r:"/Applications/Unity/Hub/Editor/6000.5.2f1/Unity.app/Contents/Resources/Scripting/UnityReferenceAssemblies/unity-4.8-api/Facades/System.Reflection.Emit.Lightweight.dll"
-r:"/Applications/Unity/Hub/Editor/6000.5.2f1/Unity.app/Contents/Resources/Scripting/UnityReferenceAssemblies/unity-4.8-api/Facades/System.Reflection.Emit.dll"
-r:"/Applications/Unity/Hub/Editor/6000.5.2f1/Unity.app/Contents/Resources/Scripting/UnityReferenceAssemblies/unity-4.8-api/Facades/System.Reflection.Extensions.dll"
-r:"/Applications/Unity/Hub/Editor/6000.5.2f1/Unity.app/Contents/Resources/Scripting/UnityReferenceAssemblies/unity-4.8-api/Facades/System.Reflection.Primitives.dll"
-r:"/Applications/Unity/Hub/Editor/6000.5.2f1/Unity.app/Contents/Resources/Scripting/UnityReferenceAssemblies/unity-4.8-api/Facades/System.Reflection.dll"
-r:"/Applications/Unity/Hub/Editor/6000.5.2f1/Unity.app/Contents/Resources/Scripting/UnityReferenceAssemblies/unity-4.8-api/Facades/System.Resources.Reader.dll"
-r:"/Applications/Unity/Hub/Editor/6000.5.2f1/Unity.app/Contents/Resources/Scripting/UnityReferenceAssemblies/unity-4.8-api/Facades/System.Resources.ResourceManager.dll"
-r:"/Applications/Unity/Hub/Editor/6000.5.2f1/Unity.app/Contents/Resources/Scripting/UnityReferenceAssemblies/unity-4.8-api/Facades/System.Resources.Writer.dll"
-r:"/Applications/Unity/Hub/Editor/6000.5.2f1/Unity.app/Contents/Resources/Scripting/UnityReferenceAssemblies/unity-4.8-api/Facades/System.Runtime.CompilerServices.VisualC.dll"
-r:"/Applications/Unity/Hub/Editor/6000.5.2f1/Unity.app/Contents/Resources/Scripting/UnityReferenceAssemblies/unity-4.8-api/Facades/System.Runtime.Extensions.dll"
-r:"/Applications/Unity/Hub/Editor/6000.5.2f1/Unity.app/Contents/Resources/Scripting/UnityReferenceAssemblies/unity-4.8-api/Facades/System.Runtime.Handles.dll"
-r:"/Applications/Unity/Hub/Editor/6000.5.2f1/Unity.app/Contents/Resources/Scripting/UnityReferenceAssemblies/unity-4.8-api/Facades/System.Runtime.InteropServices.RuntimeInformation.dll"
-r:"/Applications/Unity/Hub/Editor/6000.5.2f1/Unity.app/Contents/Resources/Scripting/UnityReferenceAssemblies/unity-4.8-api/Facades/System.Runtime.InteropServices.WindowsRuntime.dll"
-r:"/Applications/Unity/Hub/Editor/6000.5.2f1/Unity.app/Contents/Resources/Scripting/UnityReferenceAssemblies/unity-4.8-api/Facades/System.Runtime.InteropServices.dll"
-r:"/Applications/Unity/Hub/Editor/6000.5.2f1/Unity.app/Contents/Resources/Scripting/UnityReferenceAssemblies/unity-4.8-api/Facades/System.Runtime.Numerics.dll"
-r:"/Applications/Unity/Hub/Editor/6000.5.2f1/Unity.app/Contents/Resources/Scripting/UnityReferenceAssemblies/unity-4.8-api/Facades/System.Runtime.Serialization.Formatters.dll"
-r:"/Applications/Unity/Hub/Editor/6000.5.2f1/Unity.app/Contents/Resources/Scripting/UnityReferenceAssemblies/unity-4.8-api/Facades/System.Runtime.Serialization.Json.dll"
-r:"/Applications/Unity/Hub/Editor/6000.5.2f1/Unity.app/Contents/Resources/Scripting/UnityReferenceAssemblies/unity-4.8-api/Facades/System.Runtime.Serialization.Primitives.dll"
-r:"/Applications/Unity/Hub/Editor/6000.5.2f1/Unity.app/Contents/Resources/Scripting/UnityReferenceAssemblies/unity-4.8-api/Facades/System.Runtime.Serialization.Xml.dll"
-r:"/Applications/Unity/Hub/Editor/6000.5.2f1/Unity.app/Contents/Resources/Scripting/UnityReferenceAssemblies/unity-4.8-api/Facades/System.Runtime.dll"
-r:"/Applications/Unity/Hub/Editor/6000.5.2f1/Unity.app/Contents/Resources/Scripting/UnityReferenceAssemblies/unity-4.8-api/Facades/System.Security.Claims.dll"
-r:"/Applications/Unity/Hub/Editor/6000.5.2f1/Unity.app/Contents/Resources/Scripting/UnityReferenceAssemblies/unity-4.8-api/Facades/System.Security.Cryptography.Algorithms.dll"
-r:"/Applications/Unity/Hub/Editor/6000.5.2f1/Unity.app/Contents/Resources/Scripting/UnityReferenceAssemblies/unity-4.8-api/Facades/System.Security.Cryptography.Csp.dll"
-r:"/Applications/Unity/Hub/Editor/6000.5.2f1/Unity.app/Contents/Resources/Scripting/UnityReferenceAssemblies/unity-4.8-api/Facades/System.Security.Cryptography.Encoding.dll"
-r:"/Applications/Unity/Hub/Editor/6000.5.2f1/Unity.app/Contents/Resources/Scripting/UnityReferenceAssemblies/unity-4.8-api/Facades/System.Security.Cryptography.Primitives.dll"
-r:"/Applications/Unity/Hub/Editor/6000.5.2f1/Unity.app/Contents/Resources/Scripting/UnityReferenceAssemblies/unity-4.8-api/Facades/System.Security.Cryptography.X509Certificates.dll"
-r:"/Applications/Unity/Hub/Editor/6000.5.2f1/Unity.app/Contents/Resources/Scripting/UnityReferenceAssemblies/unity-4.8-api/Facades/System.Security.Principal.dll"
-r:"/Applications/Unity/Hub/Editor/6000.5.2f1/Unity.app/Contents/Resources/Scripting/UnityReferenceAssemblies/unity-4.8-api/Facades/System.Security.SecureString.dll"
-r:"/Applications/Unity/Hub/Editor/6000.5.2f1/Unity.app/Contents/Resources/Scripting/UnityReferenceAssemblies/unity-4.8-api/Facades/System.ServiceModel.Duplex.dll"
-r:"/Applications/Unity/Hub/Editor/6000.5.2f1/Unity.app/Contents/Resources/Scripting/UnityReferenceAssemblies/unity-4.8-api/Facades/System.ServiceModel.Http.dll"
-r:"/Applications/Unity/Hub/Editor/6000.5.2f1/Unity.app/Contents/Resources/Scripting/UnityReferenceAssemblies/unity-4.8-api/Facades/System.ServiceModel.NetTcp.dll"
-r:"/Applications/Unity/Hub/Editor/6000.5.2f1/Unity.app/Contents/Resources/Scripting/UnityReferenceAssemblies/unity-4.8-api/Facades/System.ServiceModel.Primitives.dll"
-r:"/Applications/Unity/Hub/Editor/6000.5.2f1/Unity.app/Contents/Resources/Scripting/UnityReferenceAssemblies/unity-4.8-api/Facades/System.ServiceModel.Security.dll"
-r:"/Applications/Unity/Hub/Editor/6000.5.2f1/Unity.app/Contents/Resources/Scripting/UnityReferenceAssemblies/unity-4.8-api/Facades/System.Text.Encoding.Extensions.dll"
-r:"/Applications/Unity/Hub/Editor/6000.5.2f1/Unity.app/Contents/Resources/Scripting/UnityReferenceAssemblies/unity-4.8-api/Facades/System.Text.Encoding.dll"
-r:"/Applications/Unity/Hub/Editor/6000.5.2f1/Unity.app/Contents/Resources/Scripting/UnityReferenceAssemblies/unity-4.8-api/Facades/System.Text.RegularExpressions.dll"
-r:"/Applications/Unity/Hub/Editor/6000.5.2f1/Unity.app/Contents/Resources/Scripting/UnityReferenceAssemblies/unity-4.8-api/Facades/System.Threading.Overlapped.dll"
-r:"/Applications/Unity/Hub/Editor/6000.5.2f1/Unity.app/Contents/Resources/Scripting/UnityReferenceAssemblies/unity-4.8-api/Facades/System.Threading.Tasks.Extensions.dll"
-r:"/Applications/Unity/Hub/Editor/6000.5.2f1/Unity.app/Contents/Resources/Scripting/UnityReferenceAssemblies/unity-4.8-api/Facades/System.Threading.Tasks.Parallel.dll"
-r:"/Applications/Unity/Hub/Editor/6000.5.2f1/Unity.app/Contents/Resources/Scripting/UnityReferenceAssemblies/unity-4.8-api/Facades/System.Threading.Tasks.dll"
-r:"/Applications/Unity/Hub/Editor/6000.5.2f1/Unity.app/Contents/Resources/Scripting/UnityReferenceAssemblies/unity-4.8-api/Facades/System.Threading.Thread.dll"
-r:"/Applications/Unity/Hub/Editor/6000.5.2f1/Unity.app/Contents/Resources/Scripting/UnityReferenceAssemblies/unity-4.8-api/Facades/System.Threading.ThreadPool.dll"
-r:"/Applications/Unity/Hub/Editor/6000.5.2f1/Unity.app/Contents/Resources/Scripting/UnityReferenceAssemblies/unity-4.8-api/Facades/System.Threading.Timer.dll"
-r:"/Applications/Unity/Hub/Editor/6000.5.2f1/Unity.app/Contents/Resources/Scripting/UnityReferenceAssemblies/unity-4.8-api/Facades/System.Threading.dll"
-r:"/Applications/Unity/Hub/Editor/6000.5.2f1/Unity.app/Contents/Resources/Scripting/UnityReferenceAssemblies/unity-4.8-api/Facades/System.ValueTuple.dll"
-r:"/Applications/Unity/Hub/Editor/6000.5.2f1/Unity.app/Contents/Resources/Scripting/UnityReferenceAssemblies/unity-4.8-api/Facades/System.Xml.ReaderWriter.dll"
-r:"/Applications/Unity/Hub/Editor/6000.5.2f1/Unity.app/Contents/Resources/Scripting/UnityReferenceAssemblies/unity-4.8-api/Facades/System.Xml.XDocument.dll"
-r:"/Applications/Unity/Hub/Editor/6000.5.2f1/Unity.app/Contents/Resources/Scripting/UnityReferenceAssemblies/unity-4.8-api/Facades/System.Xml.XPath.XDocument.dll"
-r:"/Applications/Unity/Hub/Editor/6000.5.2f1/Unity.app/Contents/Resources/Scripting/UnityReferenceAssemblies/unity-4.8-api/Facades/System.Xml.XPath.dll"
-r:"/Applications/Unity/Hub/Editor/6000.5.2f1/Unity.app/Contents/Resources/Scripting/UnityReferenceAssemblies/unity-4.8-api/Facades/System.Xml.XmlDocument.dll"
-r:"/Applications/Unity/Hub/Editor/6000.5.2f1/Unity.app/Contents/Resources/Scripting/UnityReferenceAssemblies/unity-4.8-api/Facades/System.Xml.XmlSerializer.dll"
-r:"/Applications/Unity/Hub/Editor/6000.5.2f1/Unity.app/Contents/Resources/Scripting/UnityReferenceAssemblies/unity-4.8-api/Facades/netstandard.dll"
-r:"/Applications/Unity/Hub/Editor/6000.5.2f1/Unity.app/Contents/Resources/Scripting/UnityReferenceAssemblies/unity-4.8-api/Microsoft.CSharp.dll"
-r:"/Applications/Unity/Hub/Editor/6000.5.2f1/Unity.app/Contents/Resources/Scripting/UnityReferenceAssemblies/unity-4.8-api/System.ComponentModel.Composition.dll"
-r:"/Applications/Unity/Hub/Editor/6000.5.2f1/Unity.app/Contents/Resources/Scripting/UnityReferenceAssemblies/unity-4.8-api/System.Core.dll"
-r:"/Applications/Unity/Hub/Editor/6000.5.2f1/Unity.app/Contents/Resources/Scripting/UnityReferenceAssemblies/unity-4.8-api/System.Data.DataSetExtensions.dll"
-r:"/Applications/Unity/Hub/Editor/6000.5.2f1/Unity.app/Contents/Resources/Scripting/UnityReferenceAssemblies/unity-4.8-api/System.Data.dll"
-r:"/Applications/Unity/Hub/Editor/6000.5.2f1/Unity.app/Contents/Resources/Scripting/UnityReferenceAssemblies/unity-4.8-api/System.Drawing.dll"
-r:"/Applications/Unity/Hub/Editor/6000.5.2f1/Unity.app/Contents/Resources/Scripting/UnityReferenceAssemblies/unity-4.8-api/System.IO.Compression.FileSystem.dll"
-r:"/Applications/Unity/Hub/Editor/6000.5.2f1/Unity.app/Contents/Resources/Scripting/UnityReferenceAssemblies/unity-4.8-api/System.IO.Compression.dll"
-r:"/Applications/Unity/Hub/Editor/6000.5.2f1/Unity.app/Contents/Resources/Scripting/UnityReferenceAssemblies/unity-4.8-api/System.Net.Http.dll"
-r:"/Applications/Unity/Hub/Editor/6000.5.2f1/Unity.app/Contents/Resources/Scripting/UnityReferenceAssemblies/unity-4.8-api/System.Numerics.Vectors.dll"
-r:"/Applications/Unity/Hub/Editor/6000.5.2f1/Unity.app/Contents/Resources/Scripting/UnityReferenceAssemblies/unity-4.8-api/System.Numerics.dll"
-r:"/Applications/Unity/Hub/Editor/6000.5.2f1/Unity.app/Contents/Resources/Scripting/UnityReferenceAssemblies/unity-4.8-api/System.Runtime.Serialization.dll"
-r:"/Applications/Unity/Hub/Editor/6000.5.2f1/Unity.app/Contents/Resources/Scripting/UnityReferenceAssemblies/unity-4.8-api/System.Transactions.dll"
-r:"/Applications/Unity/Hub/Editor/6000.5.2f1/Unity.app/Contents/Resources/Scripting/UnityReferenceAssemblies/unity-4.8-api/System.Xml.Linq.dll"
-r:"/Applications/Unity/Hub/Editor/6000.5.2f1/Unity.app/Contents/Resources/Scripting/UnityReferenceAssemblies/unity-4.8-api/System.Xml.dll"
-r:"/Applications/Unity/Hub/Editor/6000.5.2f1/Unity.app/Contents/Resources/Scripting/UnityReferenceAssemblies/unity-4.8-api/System.dll"
-r:"/Applications/Unity/Hub/Editor/6000.5.2f1/Unity.app/Contents/Resources/Scripting/UnityReferenceAssemblies/unity-4.8-api/mscorlib.dll"
-r:"Library/Bee/artifacts/200b0aE.dag/Assembly-CSharp.ref.dll"
-r:"Library/Bee/artifacts/200b0aE.dag/Unity.InputSystem.ForUI.ref.dll"
-r:"Library/Bee/artifacts/200b0aE.dag/Unity.InputSystem.ref.dll"
-r:"Library/Bee/artifacts/200b0aE.dag/Unity.InternalAPIEngineBridge.004.ref.dll"
-r:"Library/Bee/artifacts/200b0aE.dag/Unity.Multiplayer.Center.Common.ref.dll"
-r:"Library/Bee/artifacts/200b0aE.dag/Unity.Multiplayer.Center.Editor.ref.dll"
-r:"Library/Bee/artifacts/200b0aE.dag/Unity.TextMeshPro.Editor.ref.dll"
-r:"Library/Bee/artifacts/200b0aE.dag/Unity.TextMeshPro.ref.dll"
-r:"Library/Bee/artifacts/200b0aE.dag/UnityEditor.UI.Analytics.ref.dll"
-r:"Library/Bee/artifacts/200b0aE.dag/UnityEditor.UI.ref.dll"
-r:"Library/Bee/artifacts/200b0aE.dag/UnityEngine.UI.ref.dll"
-analyzer:"/Applications/Unity/Hub/Editor/6000.5.2f1/Unity.app/Contents/Resources/BuildPipeline/Unity.Analyzers.Common/Unity.Analyzers.Common.dll"
-analyzer:"/Applications/Unity/Hub/Editor/6000.5.2f1/Unity.app/Contents/Resources/BuildPipeline/Unity.Analyzers.LongLiving/Unity.Analyzers.LongLiving.dll"
-analyzer:"/Applications/Unity/Hub/Editor/6000.5.2f1/Unity.app/Contents/Resources/BuildPipeline/Unity.SourceGenerators/Unity.Properties.SourceGenerator.dll"
-analyzer:"/Applications/Unity/Hub/Editor/6000.5.2f1/Unity.app/Contents/Resources/BuildPipeline/Unity.SourceGenerators/Unity.SourceGenerators.dll"
-analyzer:"/Applications/Unity/Hub/Editor/6000.5.2f1/Unity.app/Contents/Resources/BuildPipeline/Unity.SourceGenerators/Unity.UIToolkit.SourceGenerator.dll"
-analyzer:"/Applications/Unity/Hub/Editor/6000.5.2f1/Unity.app/Contents/Resources/Scripting/BCLExtensions/TargetingPacks/netstandard2.1/analyzers/dotnet/roslyn4.0/cs/Microsoft.Extensions.Logging.Generators.dll"
-analyzer:"/Applications/Unity/Hub/Editor/6000.5.2f1/Unity.app/Contents/Resources/Scripting/BCLExtensions/TargetingPacks/netstandard2.1/analyzers/dotnet/roslyn4.0/cs/System.Text.Json.SourceGeneration.dll"
"Assets/Editor/UmbraLevelBuilder.cs"
-langversion:9.0
/deterministic
/optimize+
/debug:portable
/nologo
/RuntimeMetadataVersion:v4.0.30319
/nowarn:0169
/nowarn:0649
/nowarn:0282
/nowarn:1701
/nowarn:1702
/utf8output
/preferreduilang:en-US
/additionalfile:"Library/Bee/artifacts/200b0aE.dag/Assembly-CSharp-Editor.UnityAdditionalFile.txt"
##### Custom Environment Variables
DOTNET_HOST_PATH=/Applications/Unity/Hub/Editor/6000.5.2f1/Unity.app/Contents/Resources/Scripting/DotNetSdk/dotnet
DOTNET_MULTILEVEL_LOOKUP=0
##### ExitCode
1
##### Output
Assets/Editor/UmbraLevelBuilder.cs(112,9): error CS0246: The type or namespace name 'Image' could not be found (are you missing a using directive or an assembly reference?)
Assets/Editor/UmbraLevelBuilder.cs(112,63): error CS0246: The type or namespace name 'Image' could not be found (are you missing a using directive or an assembly reference?)
*** Tundra build failed (1.69 seconds), 6 items updated, 267 evaluated
## Script Compilation Error for: Csc Library/Bee/artifacts/200b0aE.dag/Assembly-CSharp-Editor.dll (+2 others)
## CmdLine: "/Applications/Unity/Hub/Editor/6000.5.2f1/Unity.app/Contents/Resources/Scripting/DotNetSdk/dotnet" exec "/Applications/Unity/Hub/Editor/6000.5.2f1/Unity.app/Contents/Resources/Scripting/DotNetSdk/sdk/8.0.318/Roslyn/bincore/csc.dll" /nostdlib /noconfig /shared "@Library/Bee/artifacts/200b0aE.dag/Assembly-CSharp-Editor.rsp" "@Library/Bee/artifacts/200b0aE.dag/Assembly-CSharp-Editor.rsp2"
## Output:
Assets/Editor/UmbraLevelBuilder.cs(112,9): error CS0246: The type or namespace name 'Image' could not be found (are you missing a using directive or an assembly reference?)
Assets/Editor/UmbraLevelBuilder.cs(112,63): error CS0246: The type or namespace name 'Image' could not be found (are you missing a using directive or an assembly reference?)

Assets/Editor/UmbraLevelBuilder.cs(112,9): error CS0246: The type or namespace name 'Image' could not be found (are you missing a using directive or an assembly reference?)
Assets/Editor/UmbraLevelBuilder.cs(112,63): error CS0246: The type or namespace name 'Image' could not be found (are you missing a using directive or an assembly reference?)
Importing 'GUID: d09b647cbe6a34b61a86d63fe01504b3 - Path: Assets/Editor' with importer (DefaultImporter)
Imported 'GUID: d09b647cbe6a34b61a86d63fe01504b3' -> (Import Result ID: '07e0a7cbba882c0271cde82f3df4f517') in 0.001 seconds [static dependencies only]. Details - ImportResultOutputID=80e8f1e2b57c347bfd692b462e203d25 DependenciesID=5d095c4b07d6a9067034282a253c4889 StaticDependenciesID=68c517991a533595c40e201c961e5234 
Importing 'GUID: 70f56ff96fe2647bd97b5a6c07dc194c - Path: Assets/Sprites/Box.png' with importer (TextureImporter)
Imported 'GUID: 70f56ff96fe2647bd97b5a6c07dc194c' -> (Import Result ID: 'daa4ac32274e7a96002d26290940a5ee') in 0.004 seconds [static and dynamic dependencies]. Details - ImportResultOutputID=6304941eaa82b092ce1587e69f5ad792 DependenciesID=51dbf8ac119542d86255c5afb8e6afa6 StaticDependenciesID=613b63a67bd8561d872f95e2ca3a44c4 
Importing 'GUID: c4d706f0363fb48d99d70236ea243e49 - Path: Assets/Sprites/Crystal.png' with importer (TextureImporter)
Imported 'GUID: c4d706f0363fb48d99d70236ea243e49' -> (Import Result ID: '83a192e74427ab31c8ed1a22d4051861') in 0.001 seconds [static and dynamic dependencies]. Details - ImportResultOutputID=5bb250c43446aec0bf5e3b1086b60274 DependenciesID=4e7bb3b22cf9956916ab2ded61ec862d StaticDependenciesID=5d17b3f2a7f18bb4aaa0673d865c7b6f 
Importing 'GUID: f4aad3caed1cc4627bd9b2763c2dd98e - Path: Assets/Sprites/Ground.png' with importer (TextureImporter)
Imported 'GUID: f4aad3caed1cc4627bd9b2763c2dd98e' -> (Import Result ID: 'fb77b688b266461acf00540b35665e9c') in 0.001 seconds [static and dynamic dependencies]. Details - ImportResultOutputID=40b1ceb3cbe0680a43ed2c627c4be101 DependenciesID=c516f69d51badc1a54b6b72e71e751f8 StaticDependenciesID=491ee4b61a94a2a3eddecf6be0405afa 
Importing 'GUID: 16d9da7caddbf4772911a8341cbdc370 - Path: Assets/Sprites/Player.png' with importer (TextureImporter)
Imported 'GUID: 16d9da7caddbf4772911a8341cbdc370' -> (Import Result ID: '39ad6bf55a780cdd61a22ac5a093c344') in 0.001 seconds [static and dynamic dependencies]. Details - ImportResultOutputID=7d0259d6346a42e84dc6e87231963872 DependenciesID=425d894c6dc864ea4091824572e499cf StaticDependenciesID=711db3d88a91eeb12fe74e7f54dc6aec 
Importing 'GUID: 7b68264611f07452688dec2f79a5d942 - Path: Assets/Sprites/Hazard.png' with importer (TextureImporter)
Imported 'GUID: 7b68264611f07452688dec2f79a5d942' -> (Import Result ID: '0249c4150f1ffa666f353493293972e6') in 0.001 seconds [static and dynamic dependencies]. Details - ImportResultOutputID=c7884ad847da478544bdf23e2a5c7559 DependenciesID=cb19b17fb305f782d1cb93504c82300b StaticDependenciesID=126dd8264c72bc3d975957ab645a3bd1 
Importing 'GUID: 7f7d79a325939429ea8b37e018fa903d - Path: Assets/Sprites/Fog.png' with importer (TextureImporter)
Imported 'GUID: 7f7d79a325939429ea8b37e018fa903d' -> (Import Result ID: '83b60a00d854aebf0df3892764ad3daf') in 0.001 seconds [static and dynamic dependencies]. Details - ImportResultOutputID=f70ffb546721150dfeee110661b6e927 DependenciesID=461cf79224edcd7567a9d848307af395 StaticDependenciesID=e667318248bb0a62e187209a720a513a 

Asset Pipeline Refresh (id=453d1f6d6841a4371967bdf62c098d5e): Total: 2.400 seconds - Initiated by RefreshV2(AllowForceSynchronousImport)
	(Values over 0.05ms)
	Summary:
		Imports: total=7 (actual=7, local cache=0, cache server=0)
		Asset DB Process Time: managed=0 ms, native=58 ms
		Asset DB Callback time: managed=2 ms, native=1 ms
		Scripting: domain reloads=0, domain reload time=0 ms, compile time=0 ms, other=0 ms
		Project Asset Count: scripts=273, non-scripts=300
		Asset File Changes: new=8, changed=8, moved=0, deleted=0
		Scan Filter Count: 1
	InvokePackagesCallback: 0.174ms
	ApplyChangesToAssetFolders: 0.137ms
	Scan: 12.265ms
	ProcessAssetsWithTransientArtifactChanges: 0.107ms
	CategorizeAssets: 0.828ms
	ImportOutOfDateAssets: 17.197ms (3.070ms without children)
		ImportManagerImport: 12.570ms (0.118ms without children)
		UnloadImportedAssets: 0.221ms
		ImportSchedulerStart: 1.286ms
	PostProcessAllAssets: 1.892ms
		ShaderAssetModifiedCallback 0.142ms
		MonoPostProcessAllAssets: 1.558ms
			TMPro_TexturePostProcessor.OnPostprocessAllAssets 0.833ms
			AssetChangedListener.OnPostprocessAllAssets 0.140ms
			ProjectSettingsPostprocessor.OnPostprocessAllAssets 0.119ms
			AssetPostprocessor.OnPostprocessAllAssets 0.095ms
			InputActionJsonNameModifierAssetProcessor.OnPostprocessAllAssets 0.066ms
	PostAssetChangesProfiler: 0.825ms
	Untracked: 7.104ms

Total cache size 157736056
Total cache size after purge 157736056, took 00:00:00.0755502
[ScriptCompilation] Requested script compilation because: AssetDatabase observed changes in script compilation related files
[Licensing::Client] Successfully resolved entitlement details
info: Microsoft.AspNetCore.Hosting.Diagnostics[1]
      Request starting HTTP/2 POST http://ilpp/UnityILPP.PostProcessing/Ping - application/grpc -
info: Microsoft.AspNetCore.Routing.EndpointMiddleware[0]
      Executing endpoint 'gRPC - /UnityILPP.PostProcessing/Ping'
info: Microsoft.AspNetCore.Routing.EndpointMiddleware[1]
      Executed endpoint 'gRPC - /UnityILPP.PostProcessing/Ping'
info: Microsoft.AspNetCore.Hosting.Diagnostics[2]
      Request finished HTTP/2 POST http://ilpp/UnityILPP.PostProcessing/Ping - 200 - application/grpc 0.1915ms
Starting: /Applications/Unity/Hub/Editor/6000.5.2f1/Unity.app/Contents/Resources/BuildPipeline/bee_backend --ipc --defer-dag-verification --dagfile="Library/Bee/200b0aE.dag" --continue-on-failure --profile="Library/Bee/backend1.traceevents" ScriptAssemblies
WorkingDir: /Users/andrew/ProyectosPersonales/Umbra/My project
ExitCode: 3 Duration: 0s113ms
[264/267    0s] Csc Library/Bee/artifacts/200b0aE.dag/Assembly-CSharp-Editor.dll (+2 others)
##### CommandLine
"/Applications/Unity/Hub/Editor/6000.5.2f1/Unity.app/Contents/Resources/Scripting/DotNetSdk/dotnet" exec "/Applications/Unity/Hub/Editor/6000.5.2f1/Unity.app/Contents/Resources/Scripting/DotNetSdk/sdk/8.0.318/Roslyn/bincore/csc.dll" /nostdlib /noconfig /shared "@Library/Bee/artifacts/200b0aE.dag/Assembly-CSharp-Editor.rsp" "@Library/Bee/artifacts/200b0aE.dag/Assembly-CSharp-Editor.rsp2"
##### Contents of Library/Bee/artifacts/200b0aE.dag/Assembly-CSharp-Editor.rsp
-target:library
-out:"Library/Bee/artifacts/200b0aE.dag/Assembly-CSharp-Editor.dll"
-refout:"Library/Bee/artifacts/200b0aE.dag/Assembly-CSharp-Editor.ref.dll"
-define:UNITY_6000_5_2
-define:UNITY_6000_5
-define:UNITY_6000
-define:UNITY_5_3_OR_NEWER
-define:UNITY_5_4_OR_NEWER
-define:UNITY_5_5_OR_NEWER
-define:UNITY_5_6_OR_NEWER
-define:UNITY_2017_1_OR_NEWER
-define:UNITY_2017_2_OR_NEWER
-define:UNITY_2017_3_OR_NEWER
-define:UNITY_2017_4_OR_NEWER
-define:UNITY_2018_1_OR_NEWER
-define:UNITY_2018_2_OR_NEWER
-define:UNITY_2018_3_OR_NEWER
-define:UNITY_2018_4_OR_NEWER
-define:UNITY_2019_1_OR_NEWER
-define:UNITY_2019_2_OR_NEWER
-define:UNITY_2019_3_OR_NEWER
-define:UNITY_2019_4_OR_NEWER
-define:UNITY_2020_1_OR_NEWER
-define:UNITY_2020_2_OR_NEWER
-define:UNITY_2020_3_OR_NEWER
-define:UNITY_2021_1_OR_NEWER
-define:UNITY_2021_2_OR_NEWER
-define:UNITY_2021_3_OR_NEWER
-define:UNITY_2022_1_OR_NEWER
-define:UNITY_2022_2_OR_NEWER
-define:UNITY_2022_3_OR_NEWER
-define:UNITY_2023_1_OR_NEWER
-define:UNITY_2023_2_OR_NEWER
-define:UNITY_2023_3_OR_NEWER
-define:UNITY_6000_0_OR_NEWER
-define:UNITY_6000_1_OR_NEWER
-define:UNITY_6000_2_OR_NEWER
-define:UNITY_6000_3_OR_NEWER
-define:UNITY_6000_4_OR_NEWER
-define:UNITY_6000_5_OR_NEWER
-define:PLATFORM_ARCH_64
-define:UNITY_64
-define:UNITY_INCLUDE_TESTS
-define:ENABLE_AR
-define:ENABLE_AUDIO
-define:ENABLE_AUDIO_SCRIPTABLE_PIPELINE
-define:ENABLE_CACHING
-define:ENABLE_CLOTH
-define:ENABLE_MICROPHONE
-define:ENABLE_MULTIPLE_DISPLAYS
-define:ENABLE_PHYSICS
-define:ENABLE_TEXTURE_STREAMING
-define:ENABLE_VIRTUALTEXTURING
-define:ENABLE_LZMA
-define:ENABLE_UNITYEVENTS
-define:ENABLE_VR
-define:ENABLE_WEBCAM
-define:ENABLE_UNITYWEBREQUEST
-define:ENABLE_WWW
-define:ENABLE_CLOUD_SERVICES
-define:ENABLE_CLOUD_SERVICES_ADS
-define:ENABLE_CLOUD_SERVICES_USE_WEBREQUEST
-define:ENABLE_UNITY_CONSENT
-define:ENABLE_UNITY_CLOUD_IDENTIFIERS
-define:ENABLE_CLOUD_SERVICES_CRASH_REPORTING
-define:ENABLE_CLOUD_SERVICES_NATIVE_CRASH_REPORTING
-define:ENABLE_CLOUD_SERVICES_PURCHASING
-define:ENABLE_CLOUD_SERVICES_ANALYTICS
-define:ENABLE_CLOUD_SERVICES_BUILD
-define:ENABLE_EDITOR_GAME_SERVICES
-define:ENABLE_UNITY_GAME_SERVICES_ANALYTICS_SUPPORT
-define:ENABLE_CLOUD_LICENSE
-define:ENABLE_EDITOR_HUB_LICENSE
-define:ENABLE_WEBSOCKET_CLIENT
-define:ENABLE_GENERATE_NATIVE_PLUGINS_FOR_ASSEMBLIES_API
-define:ENABLE_DIRECTOR_AUDIO
-define:ENABLE_DIRECTOR_TEXTURE
-define:ENABLE_MANAGED_JOBS
-define:ENABLE_MANAGED_TRANSFORM_JOBS
-define:ENABLE_MANAGED_ANIMATION_JOBS
-define:ENABLE_MANAGED_AUDIO_JOBS
-define:ENABLE_MANAGED_UNITYTLS
-define:INCLUDE_DYNAMIC_GI
-define:ENABLE_SCRIPTING_GC_WBARRIERS
-define:PLATFORM_SUPPORTS_MONO
-define:RENDER_SOFTWARE_CURSOR
-define:ENABLE_MARSHALLING_TESTS
-define:ENABLE_VIDEO
-define:ENABLE_NAVIGATION_OFFMESHLINK_TO_NAVMESHLINK
-define:ENABLE_ACCELERATOR_CLIENT_DEBUGGING
-define:ENABLE_ACCESSIBILITY_SCREEN_READER
-define:TEXTCORE_1_0_OR_NEWER
-define:EDITOR_ONLY_NAVMESH_BUILDER_DEPRECATED
-define:PLATFORM_STANDALONE_OSX
-define:PLATFORM_STANDALONE
-define:UNITY_STANDALONE_OSX
-define:UNITY_STANDALONE
-define:ENABLE_GAMECENTER
-define:ENABLE_RUNTIME_GI
-define:ENABLE_MOVIES
-define:ENABLE_NETWORK
-define:ENABLE_CRUNCH_TEXTURE_COMPRESSION
-define:ENABLE_CLOUD_SERVICES_ENGINE_DIAGNOSTICS
-define:ENABLE_CLUSTER_SYNC
-define:ENABLE_CLUSTERINPUT
-define:ENABLE_SPATIALTRACKING
-define:PLATFORM_HAS_CUSTOM_MUTEX
-define:PLATFORM_UPDATES_TIME_OUTSIDE_OF_PLAYER_LOOP
-define:PLATFORM_SUPPORTS_SPLIT_GRAPHICS_JOBS
-define:PLATFORM_REQUIRES_PATH_NORMALIZATION
-define:ENABLE_MONO
-define:NET_4_6
-define:NET_UNITY_4_8
-define:ENABLE_PROFILER
-define:DEBUG
-define:TRACE
-define:UNITY_ASSERTIONS
-define:UNITY_EDITOR
-define:UNITY_EDITOR_64
-define:UNITY_EDITOR_OSX
-define:ENABLE_UNITY_COLLECTIONS_CHECKS
-define:ENABLE_BURST_AOT
-define:UNITY_TEAM_LICENSE
-define:UNITY_PRO_LICENSE
-define:ENABLE_CUSTOM_RENDER_TEXTURE
-define:ENABLE_DIRECTOR
-define:ENABLE_LOCALIZATION
-define:ENABLE_SPRITES
-define:ENABLE_TERRAIN
-define:ENABLE_TILEMAP
-define:ENABLE_TIMELINE
-define:ENABLE_INPUT_SYSTEM
-define:ENABLE_LEGACY_INPUT_MANAGER
-define:TEXTCORE_FONT_ENGINE_1_5_OR_NEWER
-define:TEXTCORE_TEXT_ENGINE_1_5_OR_NEWER
-define:TEXTCORE_FONT_ENGINE_1_6_OR_NEWER
-define:CSHARP_7_OR_LATER
-define:CSHARP_7_3_OR_NEWER
-define:UNITY_EDITOR_ONLY_COMPILATION
-r:"/Applications/Unity/Hub/Editor/6000.5.2f1/Unity.app/Contents/Resources/Scripting/BCLExtensions/TargetingPacks/netstandard2.1/ref/Microsoft.Bcl.AsyncInterfaces.dll"
-r:"/Applications/Unity/Hub/Editor/6000.5.2f1/Unity.app/Contents/Resources/Scripting/BCLExtensions/TargetingPacks/netstandard2.1/ref/Microsoft.Extensions.DependencyInjection.Abstractions.dll"
-r:"/Applications/Unity/Hub/Editor/6000.5.2f1/Unity.app/Contents/Resources/Scripting/BCLExtensions/TargetingPacks/netstandard2.1/ref/Microsoft.Extensions.Logging.Abstractions.dll"
-r:"/Applications/Unity/Hub/Editor/6000.5.2f1/Unity.app/Contents/Resources/Scripting/BCLExtensions/TargetingPacks/netstandard2.1/ref/System.Collections.Immutable.dll"
-r:"/Applications/Unity/Hub/Editor/6000.5.2f1/Unity.app/Contents/Resources/Scripting/BCLExtensions/TargetingPacks/netstandard2.1/ref/System.Diagnostics.DiagnosticSource.dll"
-r:"/Applications/Unity/Hub/Editor/6000.5.2f1/Unity.app/Contents/Resources/Scripting/BCLExtensions/TargetingPacks/netstandard2.1/ref/System.IO.Hashing.dll"
-r:"/Applications/Unity/Hub/Editor/6000.5.2f1/Unity.app/Contents/Resources/Scripting/BCLExtensions/TargetingPacks/netstandard2.1/ref/System.Reflection.Metadata.dll"
-r:"/Applications/Unity/Hub/Editor/6000.5.2f1/Unity.app/Contents/Resources/Scripting/BCLExtensions/TargetingPacks/netstandard2.1/ref/System.Runtime.CompilerServices.Unsafe.dll"
-r:"/Applications/Unity/Hub/Editor/6000.5.2f1/Unity.app/Contents/Resources/Scripting/BCLExtensions/TargetingPacks/netstandard2.1/ref/System.Text.Encodings.Web.dll"
-r:"/Applications/Unity/Hub/Editor/6000.5.2f1/Unity.app/Contents/Resources/Scripting/BCLExtensions/TargetingPacks/netstandard2.1/ref/System.Text.Json.dll"
-r:"/Applications/Unity/Hub/Editor/6000.5.2f1/PlaybackEngines/MacStandaloneSupport/UnityEditor.OSXStandalone.Extensions.dll"
-r:"/Applications/Unity/Hub/Editor/6000.5.2f1/PlaybackEngines/MacStandaloneSupport/UnityEditor.iOS.Extensions.Xcode.dll"
-r:"/Applications/Unity/Hub/Editor/6000.5.2f1/PlaybackEngines/WebGLSupport/UnityEditor.WebGL.Extensions.dll"
-r:"/Applications/Unity/Hub/Editor/6000.5.2f1/Unity.app/Contents/Resources/Scripting/Managed/UnityEditor.Graphs.dll"
-r:"/Applications/Unity/Hub/Editor/6000.5.2f1/Unity.app/Contents/Resources/Scripting/Managed/UnityEngine/Unity.Scripting.dll"
-r:"/Applications/Unity/Hub/Editor/6000.5.2f1/Unity.app/Contents/Resources/Scripting/Managed/UnityEngine/UnityEditor.AIModule.dll"
-r:"/Applications/Unity/Hub/Editor/6000.5.2f1/Unity.app/Contents/Resources/Scripting/Managed/UnityEngine/UnityEditor.AccessibilityModule.dll"
-r:"/Applications/Unity/Hub/Editor/6000.5.2f1/Unity.app/Contents/Resources/Scripting/Managed/UnityEngine/UnityEditor.AdaptivePerformanceModule.dll"
-r:"/Applications/Unity/Hub/Editor/6000.5.2f1/Unity.app/Contents/Resources/Scripting/Managed/UnityEngine/UnityEditor.AssetComplianceModule.dll"
-r:"/Applications/Unity/Hub/Editor/6000.5.2f1/Unity.app/Contents/Resources/Scripting/Managed/UnityEngine/UnityEditor.BuildProfileModule.dll"
-r:"/Applications/Unity/Hub/Editor/6000.5.2f1/Unity.app/Contents/Resources/Scripting/Managed/UnityEngine/UnityEditor.ClothModule.dll"
-r:"/Applications/Unity/Hub/Editor/6000.5.2f1/Unity.app/Contents/Resources/Scripting/Managed/UnityEngine/UnityEditor.ContentLoadModule.dll"
-r:"/Applications/Unity/Hub/Editor/6000.5.2f1/Unity.app/Contents/Resources/Scripting/Managed/UnityEngine/UnityEditor.CoreBusinessMetricsModule.dll"
-r:"/Applications/Unity/Hub/Editor/6000.5.2f1/Unity.app/Contents/Resources/Scripting/Managed/UnityEngine/UnityEditor.CoreModule.dll"
-r:"/Applications/Unity/Hub/Editor/6000.5.2f1/Unity.app/Contents/Resources/Scripting/Managed/UnityEngine/UnityEditor.DeviceSimulatorModule.dll"
-r:"/Applications/Unity/Hub/Editor/6000.5.2f1/Unity.app/Contents/Resources/Scripting/Managed/UnityEngine/UnityEditor.DiagnosticsModule.dll"
-r:"/Applications/Unity/Hub/Editor/6000.5.2f1/Unity.app/Contents/Resources/Scripting/Managed/UnityEngine/UnityEditor.EditorToolbarModule.dll"
-r:"/Applications/Unity/Hub/Editor/6000.5.2f1/Unity.app/Contents/Resources/Scripting/Managed/UnityEngine/UnityEditor.EmbreeModule.dll"
-r:"/Applications/Unity/Hub/Editor/6000.5.2f1/Unity.app/Contents/Resources/Scripting/Managed/UnityEngine/UnityEditor.GIModule.dll"
-r:"/Applications/Unity/Hub/Editor/6000.5.2f1/Unity.app/Contents/Resources/Scripting/Managed/UnityEngine/UnityEditor.GenericRemoteModule.dll"
-r:"/Applications/Unity/Hub/Editor/6000.5.2f1/Unity.app/Contents/Resources/Scripting/Managed/UnityEngine/UnityEditor.GraphToolkitModule.dll"
-r:"/Applications/Unity/Hub/Editor/6000.5.2f1/Unity.app/Contents/Resources/Scripting/Managed/UnityEngine/UnityEditor.GraphViewModule.dll"
-r:"/Applications/Unity/Hub/Editor/6000.5.2f1/Unity.app/Contents/Resources/Scripting/Managed/UnityEngine/UnityEditor.GraphicsStateCollectionSerializerModule.dll"
-r:"/Applications/Unity/Hub/Editor/6000.5.2f1/Unity.app/Contents/Resources/Scripting/Managed/UnityEngine/UnityEditor.GridAndSnapModule.dll"
-r:"/Applications/Unity/Hub/Editor/6000.5.2f1/Unity.app/Contents/Resources/Scripting/Managed/UnityEngine/UnityEditor.GridModule.dll"
-r:"/Applications/Unity/Hub/Editor/6000.5.2f1/Unity.app/Contents/Resources/Scripting/Managed/UnityEngine/UnityEditor.HierarchyModule.dll"
-r:"/Applications/Unity/Hub/Editor/6000.5.2f1/Unity.app/Contents/Resources/Scripting/Managed/UnityEngine/UnityEditor.LightingModule.dll"
-r:"/Applications/Unity/Hub/Editor/6000.5.2f1/Unity.app/Contents/Resources/Scripting/Managed/UnityEngine/UnityEditor.MathematicsModule.dll"
-r:"/Applications/Unity/Hub/Editor/6000.5.2f1/Unity.app/Contents/Resources/Scripting/Managed/UnityEngine/UnityEditor.MediaModule.dll"
-r:"/Applications/Unity/Hub/Editor/6000.5.2f1/Unity.app/Contents/Resources/Scripting/Managed/UnityEngine/UnityEditor.MultiplayerModule.dll"
-r:"/Applications/Unity/Hub/Editor/6000.5.2f1/Unity.app/Contents/Resources/Scripting/Managed/UnityEngine/UnityEditor.Physics2DModule.dll"
-r:"/Applications/Unity/Hub/Editor/6000.5.2f1/Unity.app/Contents/Resources/Scripting/Managed/UnityEngine/UnityEditor.PhysicsCore2DModule.dll"
-r:"/Applications/Unity/Hub/Editor/6000.5.2f1/Unity.app/Contents/Resources/Scripting/Managed/UnityEngine/UnityEditor.PhysicsModule.dll"
-r:"/Applications/Unity/Hub/Editor/6000.5.2f1/Unity.app/Contents/Resources/Scripting/Managed/UnityEngine/UnityEditor.PlayModeModule.dll"
-r:"/Applications/Unity/Hub/Editor/6000.5.2f1/Unity.app/Contents/Resources/Scripting/Managed/UnityEngine/UnityEditor.PresetsUIModule.dll"
-r:"/Applications/Unity/Hub/Editor/6000.5.2f1/Unity.app/Contents/Resources/Scripting/Managed/UnityEngine/UnityEditor.ProjectAuditorModule.dll"
-r:"/Applications/Unity/Hub/Editor/6000.5.2f1/Unity.app/Contents/Resources/Scripting/Managed/UnityEngine/UnityEditor.PropertiesModule.dll"
-r:"/Applications/Unity/Hub/Editor/6000.5.2f1/Unity.app/Contents/Resources/Scripting/Managed/UnityEngine/UnityEditor.QuickInstallModule.dll"
-r:"/Applications/Unity/Hub/Editor/6000.5.2f1/Unity.app/Contents/Resources/Scripting/Managed/UnityEngine/UnityEditor.QuickSearchModule.dll"
-r:"/Applications/Unity/Hub/Editor/6000.5.2f1/Unity.app/Contents/Resources/Scripting/Managed/UnityEngine/UnityEditor.SafeModeModule.dll"
-r:"/Applications/Unity/Hub/Editor/6000.5.2f1/Unity.app/Contents/Resources/Scripting/Managed/UnityEngine/UnityEditor.SceneTemplateModule.dll"
-r:"/Applications/Unity/Hub/Editor/6000.5.2f1/Unity.app/Contents/Resources/Scripting/Managed/UnityEngine/UnityEditor.SceneViewModule.dll"
-r:"/Applications/Unity/Hub/Editor/6000.5.2f1/Unity.app/Contents/Resources/Scripting/Managed/UnityEngine/UnityEditor.ShaderBuildSettingsModule.dll"
-r:"/Applications/Unity/Hub/Editor/6000.5.2f1/Unity.app/Contents/Resources/Scripting/Managed/UnityEngine/UnityEditor.ShaderCompilationModule.dll"
-r:"/Applications/Unity/Hub/Editor/6000.5.2f1/Unity.app/Contents/Resources/Scripting/Managed/UnityEngine/UnityEditor.ShaderFoundryModule.dll"
-r:"/Applications/Unity/Hub/Editor/6000.5.2f1/Unity.app/Contents/Resources/Scripting/Managed/UnityEngine/UnityEditor.SketchUpModule.dll"
-r:"/Applications/Unity/Hub/Editor/6000.5.2f1/Unity.app/Contents/Resources/Scripting/Managed/UnityEngine/UnityEditor.SpriteMaskModule.dll"
-r:"/Applications/Unity/Hub/Editor/6000.5.2f1/Unity.app/Contents/Resources/Scripting/Managed/UnityEngine/UnityEditor.SpriteShapeModule.dll"
-r:"/Applications/Unity/Hub/Editor/6000.5.2f1/Unity.app/Contents/Resources/Scripting/Managed/UnityEngine/UnityEditor.SubstanceModule.dll"
-r:"/Applications/Unity/Hub/Editor/6000.5.2f1/Unity.app/Contents/Resources/Scripting/Managed/UnityEngine/UnityEditor.TerrainModule.dll"
-r:"/Applications/Unity/Hub/Editor/6000.5.2f1/Unity.app/Contents/Resources/Scripting/Managed/UnityEngine/UnityEditor.TextCoreFontEngineModule.dll"
-r:"/Applications/Unity/Hub/Editor/6000.5.2f1/Unity.app/Contents/Resources/Scripting/Managed/UnityEngine/UnityEditor.TextCoreTextEngineModule.dll"
-r:"/Applications/Unity/Hub/Editor/6000.5.2f1/Unity.app/Contents/Resources/Scripting/Managed/UnityEngine/UnityEditor.TextRenderingModule.dll"
-r:"/Applications/Unity/Hub/Editor/6000.5.2f1/Unity.app/Contents/Resources/Scripting/Managed/UnityEngine/UnityEditor.TilemapModule.dll"
-r:"/Applications/Unity/Hub/Editor/6000.5.2f1/Unity.app/Contents/Resources/Scripting/Managed/UnityEngine/UnityEditor.TreeModule.dll"
-r:"/Applications/Unity/Hub/Editor/6000.5.2f1/Unity.app/Contents/Resources/Scripting/Managed/UnityEngine/UnityEditor.U2DModule.dll"
-r:"/Applications/Unity/Hub/Editor/6000.5.2f1/Unity.app/Contents/Resources/Scripting/Managed/UnityEngine/UnityEditor.UIAutomationModule.dll"
-r:"/Applications/Unity/Hub/Editor/6000.5.2f1/Unity.app/Contents/Resources/Scripting/Managed/UnityEngine/UnityEditor.UIBuilderModule.dll"
-r:"/Applications/Unity/Hub/Editor/6000.5.2f1/Unity.app/Contents/Resources/Scripting/Managed/UnityEngine/UnityEditor.UIElementsModule.dll"
-r:"/Applications/Unity/Hub/Editor/6000.5.2f1/Unity.app/Contents/Resources/Scripting/Managed/UnityEngine/UnityEditor.UIElementsSamplesModule.dll"
-r:"/Applications/Unity/Hub/Editor/6000.5.2f1/Unity.app/Contents/Resources/Scripting/Managed/UnityEngine/UnityEditor.UIToolkitAuthoringModule.dll"
-r:"/Applications/Unity/Hub/Editor/6000.5.2f1/Unity.app/Contents/Resources/Scripting/Managed/UnityEngine/UnityEditor.UmbraModule.dll"
-r:"/Applications/Unity/Hub/Editor/6000.5.2f1/Unity.app/Contents/Resources/Scripting/Managed/UnityEngine/UnityEditor.UnityConnectModule.dll"
-r:"/Applications/Unity/Hub/Editor/6000.5.2f1/Unity.app/Contents/Resources/Scripting/Managed/UnityEngine/UnityEditor.VFXModule.dll"
-r:"/Applications/Unity/Hub/Editor/6000.5.2f1/Unity.app/Contents/Resources/Scripting/Managed/UnityEngine/UnityEditor.VectorGraphicsModule.dll"
-r:"/Applications/Unity/Hub/Editor/6000.5.2f1/Unity.app/Contents/Resources/Scripting/Managed/UnityEngine/UnityEditor.VideoModule.dll"
-r:"/Applications/Unity/Hub/Editor/6000.5.2f1/Unity.app/Contents/Resources/Scripting/Managed/UnityEngine/UnityEditor.XRModule.dll"
-r:"/Applications/Unity/Hub/Editor/6000.5.2f1/Unity.app/Contents/Resources/Scripting/Managed/UnityEngine/UnityEditor.dll"
-r:"/Applications/Unity/Hub/Editor/6000.5.2f1/Unity.app/Contents/Resources/Scripting/Managed/UnityEngine/UnityEngine.AIModule.dll"
-r:"/Applications/Unity/Hub/Editor/6000.5.2f1/Unity.app/Contents/Resources/Scripting/Managed/UnityEngine/UnityEngine.AMDModule.dll"
-r:"/Applications/Unity/Hub/Editor/6000.5.2f1/Unity.app/Contents/Resources/Scripting/Managed/UnityEngine/UnityEngine.ARModule.dll"
-r:"/Applications/Unity/Hub/Editor/6000.5.2f1/Unity.app/Contents/Resources/Scripting/Managed/UnityEngine/UnityEngine.AccessibilityModule.dll"
-r:"/Applications/Unity/Hub/Editor/6000.5.2f1/Unity.app/Contents/Resources/Scripting/Managed/UnityEngine/UnityEngine.AdaptivePerformanceModule.dll"
-r:"/Applications/Unity/Hub/Editor/6000.5.2f1/Unity.app/Contents/Resources/Scripting/Managed/UnityEngine/UnityEngine.AndroidJNIModule.dll"
-r:"/Applications/Unity/Hub/Editor/6000.5.2f1/Unity.app/Contents/Resources/Scripting/Managed/UnityEngine/UnityEngine.AnimationModule.dll"
-r:"/Applications/Unity/Hub/Editor/6000.5.2f1/Unity.app/Contents/Resources/Scripting/Managed/UnityEngine/UnityEngine.AssetBundleModule.dll"
-r:"/Applications/Unity/Hub/Editor/6000.5.2f1/Unity.app/Contents/Resources/Scripting/Managed/UnityEngine/UnityEngine.AudioModule.dll"
-r:"/Applications/Unity/Hub/Editor/6000.5.2f1/Unity.app/Contents/Resources/Scripting/Managed/UnityEngine/UnityEngine.ClothModule.dll"
-r:"/Applications/Unity/Hub/Editor/6000.5.2f1/Unity.app/Contents/Resources/Scripting/Managed/UnityEngine/UnityEngine.ClusterInputModule.dll"
-r:"/Applications/Unity/Hub/Editor/6000.5.2f1/Unity.app/Contents/Resources/Scripting/Managed/UnityEngine/UnityEngine.ClusterRendererModule.dll"
-r:"/Applications/Unity/Hub/Editor/6000.5.2f1/Unity.app/Contents/Resources/Scripting/Managed/UnityEngine/UnityEngine.ContentLoadModule.dll"
-r:"/Applications/Unity/Hub/Editor/6000.5.2f1/Unity.app/Contents/Resources/Scripting/Managed/UnityEngine/UnityEngine.CoreModule.dll"
-r:"/Applications/Unity/Hub/Editor/6000.5.2f1/Unity.app/Contents/Resources/Scripting/Managed/UnityEngine/UnityEngine.CrashReportingModule.dll"
-r:"/Applications/Unity/Hub/Editor/6000.5.2f1/Unity.app/Contents/Resources/Scripting/Managed/UnityEngine/UnityEngine.DSPGraphModule.dll"
-r:"/Applications/Unity/Hub/Editor/6000.5.2f1/Unity.app/Contents/Resources/Scripting/Managed/UnityEngine/UnityEngine.DirectorModule.dll"
-r:"/Applications/Unity/Hub/Editor/6000.5.2f1/Unity.app/Contents/Resources/Scripting/Managed/UnityEngine/UnityEngine.GIModule.dll"
-r:"/Applications/Unity/Hub/Editor/6000.5.2f1/Unity.app/Contents/Resources/Scripting/Managed/UnityEngine/UnityEngine.GameCenterModule.dll"
-r:"/Applications/Unity/Hub/Editor/6000.5.2f1/Unity.app/Contents/Resources/Scripting/Managed/UnityEngine/UnityEngine.GraphicsStateCollectionSerializerModule.dll"
-r:"/Applications/Unity/Hub/Editor/6000.5.2f1/Unity.app/Contents/Resources/Scripting/Managed/UnityEngine/UnityEngine.GridModule.dll"
-r:"/Applications/Unity/Hub/Editor/6000.5.2f1/Unity.app/Contents/Resources/Scripting/Managed/UnityEngine/UnityEngine.HierarchyCoreModule.dll"
-r:"/Applications/Unity/Hub/Editor/6000.5.2f1/Unity.app/Contents/Resources/Scripting/Managed/UnityEngine/UnityEngine.HierarchyModule.dll"
-r:"/Applications/Unity/Hub/Editor/6000.5.2f1/Unity.app/Contents/Resources/Scripting/Managed/UnityEngine/UnityEngine.HotReloadModule.dll"
-r:"/Applications/Unity/Hub/Editor/6000.5.2f1/Unity.app/Contents/Resources/Scripting/Managed/UnityEngine/UnityEngine.IMGUIModule.dll"
-r:"/Applications/Unity/Hub/Editor/6000.5.2f1/Unity.app/Contents/Resources/Scripting/Managed/UnityEngine/UnityEngine.IdentifiersModule.dll"
-r:"/Applications/Unity/Hub/Editor/6000.5.2f1/Unity.app/Contents/Resources/Scripting/Managed/UnityEngine/UnityEngine.ImageConversionModule.dll"
-r:"/Applications/Unity/Hub/Editor/6000.5.2f1/Unity.app/Contents/Resources/Scripting/Managed/UnityEngine/UnityEngine.InputForUIModule.dll"
-r:"/Applications/Unity/Hub/Editor/6000.5.2f1/Unity.app/Contents/Resources/Scripting/Managed/UnityEngine/UnityEngine.InputLegacyModule.dll"
-r:"/Applications/Unity/Hub/Editor/6000.5.2f1/Unity.app/Contents/Resources/Scripting/Managed/UnityEngine/UnityEngine.InputModule.dll"
-r:"/Applications/Unity/Hub/Editor/6000.5.2f1/Unity.app/Contents/Resources/Scripting/Managed/UnityEngine/UnityEngine.InsightsModule.dll"
-r:"/Applications/Unity/Hub/Editor/6000.5.2f1/Unity.app/Contents/Resources/Scripting/Managed/UnityEngine/UnityEngine.JSONSerializeModule.dll"
-r:"/Applications/Unity/Hub/Editor/6000.5.2f1/Unity.app/Contents/Resources/Scripting/Managed/UnityEngine/UnityEngine.LocalizationModule.dll"
-r:"/Applications/Unity/Hub/Editor/6000.5.2f1/Unity.app/Contents/Resources/Scripting/Managed/UnityEngine/UnityEngine.MarshallingModule.dll"
-r:"/Applications/Unity/Hub/Editor/6000.5.2f1/Unity.app/Contents/Resources/Scripting/Managed/UnityEngine/UnityEngine.MathematicsModule.dll"
-r:"/Applications/Unity/Hub/Editor/6000.5.2f1/Unity.app/Contents/Resources/Scripting/Managed/UnityEngine/UnityEngine.MultiplayerModule.dll"
-r:"/Applications/Unity/Hub/Editor/6000.5.2f1/Unity.app/Contents/Resources/Scripting/Managed/UnityEngine/UnityEngine.NVIDIAModule.dll"
-r:"/Applications/Unity/Hub/Editor/6000.5.2f1/Unity.app/Contents/Resources/Scripting/Managed/UnityEngine/UnityEngine.ParticleSystemModule.dll"
-r:"/Applications/Unity/Hub/Editor/6000.5.2f1/Unity.app/Contents/Resources/Scripting/Managed/UnityEngine/UnityEngine.PerformanceReportingModule.dll"
-r:"/Applications/Unity/Hub/Editor/6000.5.2f1/Unity.app/Contents/Resources/Scripting/Managed/UnityEngine/UnityEngine.Physics2DModule.dll"
-r:"/Applications/Unity/Hub/Editor/6000.5.2f1/Unity.app/Contents/Resources/Scripting/Managed/UnityEngine/UnityEngine.PhysicsBackendPhysXModule.dll"
-r:"/Applications/Unity/Hub/Editor/6000.5.2f1/Unity.app/Contents/Resources/Scripting/Managed/UnityEngine/UnityEngine.PhysicsCore2DModule.dll"
-r:"/Applications/Unity/Hub/Editor/6000.5.2f1/Unity.app/Contents/Resources/Scripting/Managed/UnityEngine/UnityEngine.PhysicsModule.dll"
-r:"/Applications/Unity/Hub/Editor/6000.5.2f1/Unity.app/Contents/Resources/Scripting/Managed/UnityEngine/UnityEngine.PropertiesModule.dll"
-r:"/Applications/Unity/Hub/Editor/6000.5.2f1/Unity.app/Contents/Resources/Scripting/Managed/UnityEngine/UnityEngine.RenderAs2DModule.dll"
-r:"/Applications/Unity/Hub/Editor/6000.5.2f1/Unity.app/Contents/Resources/Scripting/Managed/UnityEngine/UnityEngine.RuntimeInitializeOnLoadManagerInitializerModule.dll"
-r:"/Applications/Unity/Hub/Editor/6000.5.2f1/Unity.app/Contents/Resources/Scripting/Managed/UnityEngine/UnityEngine.ScreenCaptureModule.dll"
-r:"/Applications/Unity/Hub/Editor/6000.5.2f1/Unity.app/Contents/Resources/Scripting/Managed/UnityEngine/UnityEngine.ScriptingModule.dll"
-r:"/Applications/Unity/Hub/Editor/6000.5.2f1/Unity.app/Contents/Resources/Scripting/Managed/UnityEngine/UnityEngine.ShaderVariantAnalyticsModule.dll"
-r:"/Applications/Unity/Hub/Editor/6000.5.2f1/Unity.app/Contents/Resources/Scripting/Managed/UnityEngine/UnityEngine.SharedInternalsModule.dll"
-r:"/Applications/Unity/Hub/Editor/6000.5.2f1/Unity.app/Contents/Resources/Scripting/Managed/UnityEngine/UnityEngine.SpriteMaskModule.dll"
-r:"/Applications/Unity/Hub/Editor/6000.5.2f1/Unity.app/Contents/Resources/Scripting/Managed/UnityEngine/UnityEngine.SpriteShapeModule.dll"
-r:"/Applications/Unity/Hub/Editor/6000.5.2f1/Unity.app/Contents/Resources/Scripting/Managed/UnityEngine/UnityEngine.StreamingModule.dll"
-r:"/Applications/Unity/Hub/Editor/6000.5.2f1/Unity.app/Contents/Resources/Scripting/Managed/UnityEngine/UnityEngine.SubstanceModule.dll"
-r:"/Applications/Unity/Hub/Editor/6000.5.2f1/Unity.app/Contents/Resources/Scripting/Managed/UnityEngine/UnityEngine.SubsystemsModule.dll"
-r:"/Applications/Unity/Hub/Editor/6000.5.2f1/Unity.app/Contents/Resources/Scripting/Managed/UnityEngine/UnityEngine.TLSModule.dll"
-r:"/Applications/Unity/Hub/Editor/6000.5.2f1/Unity.app/Contents/Resources/Scripting/Managed/UnityEngine/UnityEngine.TerrainModule.dll"
-r:"/Applications/Unity/Hub/Editor/6000.5.2f1/Unity.app/Contents/Resources/Scripting/Managed/UnityEngine/UnityEngine.TerrainPhysicsModule.dll"
-r:"/Applications/Unity/Hub/Editor/6000.5.2f1/Unity.app/Contents/Resources/Scripting/Managed/UnityEngine/UnityEngine.TextCoreFontEngineModule.dll"
-r:"/Applications/Unity/Hub/Editor/6000.5.2f1/Unity.app/Contents/Resources/Scripting/Managed/UnityEngine/UnityEngine.TextCoreTextEngineModule.dll"
-r:"/Applications/Unity/Hub/Editor/6000.5.2f1/Unity.app/Contents/Resources/Scripting/Managed/UnityEngine/UnityEngine.TextRenderingModule.dll"
-r:"/Applications/Unity/Hub/Editor/6000.5.2f1/Unity.app/Contents/Resources/Scripting/Managed/UnityEngine/UnityEngine.TilemapModule.dll"
-r:"/Applications/Unity/Hub/Editor/6000.5.2f1/Unity.app/Contents/Resources/Scripting/Managed/UnityEngine/UnityEngine.U2DRuntimeModule.dll"
-r:"/Applications/Unity/Hub/Editor/6000.5.2f1/Unity.app/Contents/Resources/Scripting/Managed/UnityEngine/UnityEngine.UIElementsModule.dll"
-r:"/Applications/Unity/Hub/Editor/6000.5.2f1/Unity.app/Contents/Resources/Scripting/Managed/UnityEngine/UnityEngine.UIModule.dll"
-r:"/Applications/Unity/Hub/Editor/6000.5.2f1/Unity.app/Contents/Resources/Scripting/Managed/UnityEngine/UnityEngine.UmbraModule.dll"
-r:"/Applications/Unity/Hub/Editor/6000.5.2f1/Unity.app/Contents/Resources/Scripting/Managed/UnityEngine/UnityEngine.UnityAnalyticsCommonModule.dll"
-r:"/Applications/Unity/Hub/Editor/6000.5.2f1/Unity.app/Contents/Resources/Scripting/Managed/UnityEngine/UnityEngine.UnityAnalyticsModule.dll"
-r:"/Applications/Unity/Hub/Editor/6000.5.2f1/Unity.app/Contents/Resources/Scripting/Managed/UnityEngine/UnityEngine.UnityConnectModule.dll"
-r:"/Applications/Unity/Hub/Editor/6000.5.2f1/Unity.app/Contents/Resources/Scripting/Managed/UnityEngine/UnityEngine.UnityConsentModule.dll"
-r:"/Applications/Unity/Hub/Editor/6000.5.2f1/Unity.app/Contents/Resources/Scripting/Managed/UnityEngine/UnityEngine.UnityCurlModule.dll"
-r:"/Applications/Unity/Hub/Editor/6000.5.2f1/Unity.app/Contents/Resources/Scripting/Managed/UnityEngine/UnityEngine.UnityWebRequestAssetBundleModule.dll"
-r:"/Applications/Unity/Hub/Editor/6000.5.2f1/Unity.app/Contents/Resources/Scripting/Managed/UnityEngine/UnityEngine.UnityWebRequestAudioModule.dll"
-r:"/Applications/Unity/Hub/Editor/6000.5.2f1/Unity.app/Contents/Resources/Scripting/Managed/UnityEngine/UnityEngine.UnityWebRequestModule.dll"
-r:"/Applications/Unity/Hub/Editor/6000.5.2f1/Unity.app/Contents/Resources/Scripting/Managed/UnityEngine/UnityEngine.UnityWebRequestTextureModule.dll"
-r:"/Applications/Unity/Hub/Editor/6000.5.2f1/Unity.app/Contents/Resources/Scripting/Managed/UnityEngine/UnityEngine.UnityWebRequestWWWModule.dll"
-r:"/Applications/Unity/Hub/Editor/6000.5.2f1/Unity.app/Contents/Resources/Scripting/Managed/UnityEngine/UnityEngine.VFXModule.dll"
-r:"/Applications/Unity/Hub/Editor/6000.5.2f1/Unity.app/Contents/Resources/Scripting/Managed/UnityEngine/UnityEngine.VectorGraphicsModule.dll"
-r:"/Applications/Unity/Hub/Editor/6000.5.2f1/Unity.app/Contents/Resources/Scripting/Managed/UnityEngine/UnityEngine.VehiclesModule.dll"
-r:"/Applications/Unity/Hub/Editor/6000.5.2f1/Unity.app/Contents/Resources/Scripting/Managed/UnityEngine/UnityEngine.VideoModule.dll"
-r:"/Applications/Unity/Hub/Editor/6000.5.2f1/Unity.app/Contents/Resources/Scripting/Managed/UnityEngine/UnityEngine.VirtualTexturingModule.dll"
-r:"/Applications/Unity/Hub/Editor/6000.5.2f1/Unity.app/Contents/Resources/Scripting/Managed/UnityEngine/UnityEngine.WindModule.dll"
-r:"/Applications/Unity/Hub/Editor/6000.5.2f1/Unity.app/Contents/Resources/Scripting/Managed/UnityEngine/UnityEngine.XRModule.dll"
-r:"/Applications/Unity/Hub/Editor/6000.5.2f1/Unity.app/Contents/Resources/Scripting/Managed/UnityEngine/UnityEngine.dll"
-r:"/Applications/Unity/Hub/Editor/6000.5.2f1/Unity.app/Contents/Resources/Scripting/UnityReferenceAssemblies/unity-4.8-api/Facades/Microsoft.Win32.Primitives.dll"
-r:"/Applications/Unity/Hub/Editor/6000.5.2f1/Unity.app/Contents/Resources/Scripting/UnityReferenceAssemblies/unity-4.8-api/Facades/System.AppContext.dll"
-r:"/Applications/Unity/Hub/Editor/6000.5.2f1/Unity.app/Contents/Resources/Scripting/UnityReferenceAssemblies/unity-4.8-api/Facades/System.Buffers.dll"
-r:"/Applications/Unity/Hub/Editor/6000.5.2f1/Unity.app/Contents/Resources/Scripting/UnityReferenceAssemblies/unity-4.8-api/Facades/System.Collections.Concurrent.dll"
-r:"/Applications/Unity/Hub/Editor/6000.5.2f1/Unity.app/Contents/Resources/Scripting/UnityReferenceAssemblies/unity-4.8-api/Facades/System.Collections.NonGeneric.dll"
-r:"/Applications/Unity/Hub/Editor/6000.5.2f1/Unity.app/Contents/Resources/Scripting/UnityReferenceAssemblies/unity-4.8-api/Facades/System.Collections.Specialized.dll"
-r:"/Applications/Unity/Hub/Editor/6000.5.2f1/Unity.app/Contents/Resources/Scripting/UnityReferenceAssemblies/unity-4.8-api/Facades/System.Collections.dll"
-r:"/Applications/Unity/Hub/Editor/6000.5.2f1/Unity.app/Contents/Resources/Scripting/UnityReferenceAssemblies/unity-4.8-api/Facades/System.ComponentModel.Annotations.dll"
-r:"/Applications/Unity/Hub/Editor/6000.5.2f1/Unity.app/Contents/Resources/Scripting/UnityReferenceAssemblies/unity-4.8-api/Facades/System.ComponentModel.EventBasedAsync.dll"
-r:"/Applications/Unity/Hub/Editor/6000.5.2f1/Unity.app/Contents/Resources/Scripting/UnityReferenceAssemblies/unity-4.8-api/Facades/System.ComponentModel.Primitives.dll"
-r:"/Applications/Unity/Hub/Editor/6000.5.2f1/Unity.app/Contents/Resources/Scripting/UnityReferenceAssemblies/unity-4.8-api/Facades/System.ComponentModel.TypeConverter.dll"
-r:"/Applications/Unity/Hub/Editor/6000.5.2f1/Unity.app/Contents/Resources/Scripting/UnityReferenceAssemblies/unity-4.8-api/Facades/System.ComponentModel.dll"
-r:"/Applications/Unity/Hub/Editor/6000.5.2f1/Unity.app/Contents/Resources/Scripting/UnityReferenceAssemblies/unity-4.8-api/Facades/System.Console.dll"
-r:"/Applications/Unity/Hub/Editor/6000.5.2f1/Unity.app/Contents/Resources/Scripting/UnityReferenceAssemblies/unity-4.8-api/Facades/System.Data.Common.dll"
-r:"/Applications/Unity/Hub/Editor/6000.5.2f1/Unity.app/Contents/Resources/Scripting/UnityReferenceAssemblies/unity-4.8-api/Facades/System.Diagnostics.Contracts.dll"
-r:"/Applications/Unity/Hub/Editor/6000.5.2f1/Unity.app/Contents/Resources/Scripting/UnityReferenceAssemblies/unity-4.8-api/Facades/System.Diagnostics.Debug.dll"
-r:"/Applications/Unity/Hub/Editor/6000.5.2f1/Unity.app/Contents/Resources/Scripting/UnityReferenceAssemblies/unity-4.8-api/Facades/System.Diagnostics.FileVersionInfo.dll"
-r:"/Applications/Unity/Hub/Editor/6000.5.2f1/Unity.app/Contents/Resources/Scripting/UnityReferenceAssemblies/unity-4.8-api/Facades/System.Diagnostics.Process.dll"
-r:"/Applications/Unity/Hub/Editor/6000.5.2f1/Unity.app/Contents/Resources/Scripting/UnityReferenceAssemblies/unity-4.8-api/Facades/System.Diagnostics.StackTrace.dll"
-r:"/Applications/Unity/Hub/Editor/6000.5.2f1/Unity.app/Contents/Resources/Scripting/UnityReferenceAssemblies/unity-4.8-api/Facades/System.Diagnostics.TextWriterTraceListener.dll"
-r:"/Applications/Unity/Hub/Editor/6000.5.2f1/Unity.app/Contents/Resources/Scripting/UnityReferenceAssemblies/unity-4.8-api/Facades/System.Diagnostics.Tools.dll"
-r:"/Applications/Unity/Hub/Editor/6000.5.2f1/Unity.app/Contents/Resources/Scripting/UnityReferenceAssemblies/unity-4.8-api/Facades/System.Diagnostics.TraceSource.dll"
-r:"/Applications/Unity/Hub/Editor/6000.5.2f1/Unity.app/Contents/Resources/Scripting/UnityReferenceAssemblies/unity-4.8-api/Facades/System.Drawing.Primitives.dll"
-r:"/Applications/Unity/Hub/Editor/6000.5.2f1/Unity.app/Contents/Resources/Scripting/UnityReferenceAssemblies/unity-4.8-api/Facades/System.Dynamic.Runtime.dll"
-r:"/Applications/Unity/Hub/Editor/6000.5.2f1/Unity.app/Contents/Resources/Scripting/UnityReferenceAssemblies/unity-4.8-api/Facades/System.Globalization.Calendars.dll"
-r:"/Applications/Unity/Hub/Editor/6000.5.2f1/Unity.app/Contents/Resources/Scripting/UnityReferenceAssemblies/unity-4.8-api/Facades/System.Globalization.Extensions.dll"
-r:"/Applications/Unity/Hub/Editor/6000.5.2f1/Unity.app/Contents/Resources/Scripting/UnityReferenceAssemblies/unity-4.8-api/Facades/System.Globalization.dll"
-r:"/Applications/Unity/Hub/Editor/6000.5.2f1/Unity.app/Contents/Resources/Scripting/UnityReferenceAssemblies/unity-4.8-api/Facades/System.IO.Compression.ZipFile.dll"
-r:"/Applications/Unity/Hub/Editor/6000.5.2f1/Unity.app/Contents/Resources/Scripting/UnityReferenceAssemblies/unity-4.8-api/Facades/System.IO.FileSystem.DriveInfo.dll"
-r:"/Applications/Unity/Hub/Editor/6000.5.2f1/Unity.app/Contents/Resources/Scripting/UnityReferenceAssemblies/unity-4.8-api/Facades/System.IO.FileSystem.Primitives.dll"
-r:"/Applications/Unity/Hub/Editor/6000.5.2f1/Unity.app/Contents/Resources/Scripting/UnityReferenceAssemblies/unity-4.8-api/Facades/System.IO.FileSystem.Watcher.dll"
-r:"/Applications/Unity/Hub/Editor/6000.5.2f1/Unity.app/Contents/Resources/Scripting/UnityReferenceAssemblies/unity-4.8-api/Facades/System.IO.FileSystem.dll"
-r:"/Applications/Unity/Hub/Editor/6000.5.2f1/Unity.app/Contents/Resources/Scripting/UnityReferenceAssemblies/unity-4.8-api/Facades/System.IO.IsolatedStorage.dll"
-r:"/Applications/Unity/Hub/Editor/6000.5.2f1/Unity.app/Contents/Resources/Scripting/UnityReferenceAssemblies/unity-4.8-api/Facades/System.IO.MemoryMappedFiles.dll"
-r:"/Applications/Unity/Hub/Editor/6000.5.2f1/Unity.app/Contents/Resources/Scripting/UnityReferenceAssemblies/unity-4.8-api/Facades/System.IO.Pipes.dll"
-r:"/Applications/Unity/Hub/Editor/6000.5.2f1/Unity.app/Contents/Resources/Scripting/UnityReferenceAssemblies/unity-4.8-api/Facades/System.IO.UnmanagedMemoryStream.dll"
-r:"/Applications/Unity/Hub/Editor/6000.5.2f1/Unity.app/Contents/Resources/Scripting/UnityReferenceAssemblies/unity-4.8-api/Facades/System.IO.dll"
-r:"/Applications/Unity/Hub/Editor/6000.5.2f1/Unity.app/Contents/Resources/Scripting/UnityReferenceAssemblies/unity-4.8-api/Facades/System.Linq.Expressions.dll"
-r:"/Applications/Unity/Hub/Editor/6000.5.2f1/Unity.app/Contents/Resources/Scripting/UnityReferenceAssemblies/unity-4.8-api/Facades/System.Linq.Parallel.dll"
-r:"/Applications/Unity/Hub/Editor/6000.5.2f1/Unity.app/Contents/Resources/Scripting/UnityReferenceAssemblies/unity-4.8-api/Facades/System.Linq.Queryable.dll"
-r:"/Applications/Unity/Hub/Editor/6000.5.2f1/Unity.app/Contents/Resources/Scripting/UnityReferenceAssemblies/unity-4.8-api/Facades/System.Linq.dll"
-r:"/Applications/Unity/Hub/Editor/6000.5.2f1/Unity.app/Contents/Resources/Scripting/UnityReferenceAssemblies/unity-4.8-api/Facades/System.Memory.dll"
-r:"/Applications/Unity/Hub/Editor/6000.5.2f1/Unity.app/Contents/Resources/Scripting/UnityReferenceAssemblies/unity-4.8-api/Facades/System.Net.Http.Rtc.dll"
-r:"/Applications/Unity/Hub/Editor/6000.5.2f1/Unity.app/Contents/Resources/Scripting/UnityReferenceAssemblies/unity-4.8-api/Facades/System.Net.NameResolution.dll"
-r:"/Applications/Unity/Hub/Editor/6000.5.2f1/Unity.app/Contents/Resources/Scripting/UnityReferenceAssemblies/unity-4.8-api/Facades/System.Net.NetworkInformation.dll"
-r:"/Applications/Unity/Hub/Editor/6000.5.2f1/Unity.app/Contents/Resources/Scripting/UnityReferenceAssemblies/unity-4.8-api/Facades/System.Net.Ping.dll"
-r:"/Applications/Unity/Hub/Editor/6000.5.2f1/Unity.app/Contents/Resources/Scripting/UnityReferenceAssemblies/unity-4.8-api/Facades/System.Net.Primitives.dll"
-r:"/Applications/Unity/Hub/Editor/6000.5.2f1/Unity.app/Contents/Resources/Scripting/UnityReferenceAssemblies/unity-4.8-api/Facades/System.Net.Requests.dll"
-r:"/Applications/Unity/Hub/Editor/6000.5.2f1/Unity.app/Contents/Resources/Scripting/UnityReferenceAssemblies/unity-4.8-api/Facades/System.Net.Security.dll"
-r:"/Applications/Unity/Hub/Editor/6000.5.2f1/Unity.app/Contents/Resources/Scripting/UnityReferenceAssemblies/unity-4.8-api/Facades/System.Net.Sockets.dll"
-r:"/Applications/Unity/Hub/Editor/6000.5.2f1/Unity.app/Contents/Resources/Scripting/UnityReferenceAssemblies/unity-4.8-api/Facades/System.Net.WebHeaderCollection.dll"
-r:"/Applications/Unity/Hub/Editor/6000.5.2f1/Unity.app/Contents/Resources/Scripting/UnityReferenceAssemblies/unity-4.8-api/Facades/System.Net.WebSockets.Client.dll"
-r:"/Applications/Unity/Hub/Editor/6000.5.2f1/Unity.app/Contents/Resources/Scripting/UnityReferenceAssemblies/unity-4.8-api/Facades/System.Net.WebSockets.dll"
-r:"/Applications/Unity/Hub/Editor/6000.5.2f1/Unity.app/Contents/Resources/Scripting/UnityReferenceAssemblies/unity-4.8-api/Facades/System.ObjectModel.dll"
-r:"/Applications/Unity/Hub/Editor/6000.5.2f1/Unity.app/Contents/Resources/Scripting/UnityReferenceAssemblies/unity-4.8-api/Facades/System.Reflection.DispatchProxy.dll"
-r:"/Applications/Unity/Hub/Editor/6000.5.2f1/Unity.app/Contents/Resources/Scripting/UnityReferenceAssemblies/unity-4.8-api/Facades/System.Reflection.Emit.ILGeneration.dll"
-r:"/Applications/Unity/Hub/Editor/6000.5.2f1/Unity.app/Contents/Resources/Scripting/UnityReferenceAssemblies/unity-4.8-api/Facades/System.Reflection.Emit.Lightweight.dll"
-r:"/Applications/Unity/Hub/Editor/6000.5.2f1/Unity.app/Contents/Resources/Scripting/UnityReferenceAssemblies/unity-4.8-api/Facades/System.Reflection.Emit.dll"
-r:"/Applications/Unity/Hub/Editor/6000.5.2f1/Unity.app/Contents/Resources/Scripting/UnityReferenceAssemblies/unity-4.8-api/Facades/System.Reflection.Extensions.dll"
-r:"/Applications/Unity/Hub/Editor/6000.5.2f1/Unity.app/Contents/Resources/Scripting/UnityReferenceAssemblies/unity-4.8-api/Facades/System.Reflection.Primitives.dll"
-r:"/Applications/Unity/Hub/Editor/6000.5.2f1/Unity.app/Contents/Resources/Scripting/UnityReferenceAssemblies/unity-4.8-api/Facades/System.Reflection.dll"
-r:"/Applications/Unity/Hub/Editor/6000.5.2f1/Unity.app/Contents/Resources/Scripting/UnityReferenceAssemblies/unity-4.8-api/Facades/System.Resources.Reader.dll"
-r:"/Applications/Unity/Hub/Editor/6000.5.2f1/Unity.app/Contents/Resources/Scripting/UnityReferenceAssemblies/unity-4.8-api/Facades/System.Resources.ResourceManager.dll"
-r:"/Applications/Unity/Hub/Editor/6000.5.2f1/Unity.app/Contents/Resources/Scripting/UnityReferenceAssemblies/unity-4.8-api/Facades/System.Resources.Writer.dll"
-r:"/Applications/Unity/Hub/Editor/6000.5.2f1/Unity.app/Contents/Resources/Scripting/UnityReferenceAssemblies/unity-4.8-api/Facades/System.Runtime.CompilerServices.VisualC.dll"
-r:"/Applications/Unity/Hub/Editor/6000.5.2f1/Unity.app/Contents/Resources/Scripting/UnityReferenceAssemblies/unity-4.8-api/Facades/System.Runtime.Extensions.dll"
-r:"/Applications/Unity/Hub/Editor/6000.5.2f1/Unity.app/Contents/Resources/Scripting/UnityReferenceAssemblies/unity-4.8-api/Facades/System.Runtime.Handles.dll"
-r:"/Applications/Unity/Hub/Editor/6000.5.2f1/Unity.app/Contents/Resources/Scripting/UnityReferenceAssemblies/unity-4.8-api/Facades/System.Runtime.InteropServices.RuntimeInformation.dll"
-r:"/Applications/Unity/Hub/Editor/6000.5.2f1/Unity.app/Contents/Resources/Scripting/UnityReferenceAssemblies/unity-4.8-api/Facades/System.Runtime.InteropServices.WindowsRuntime.dll"
-r:"/Applications/Unity/Hub/Editor/6000.5.2f1/Unity.app/Contents/Resources/Scripting/UnityReferenceAssemblies/unity-4.8-api/Facades/System.Runtime.InteropServices.dll"
-r:"/Applications/Unity/Hub/Editor/6000.5.2f1/Unity.app/Contents/Resources/Scripting/UnityReferenceAssemblies/unity-4.8-api/Facades/System.Runtime.Numerics.dll"
-r:"/Applications/Unity/Hub/Editor/6000.5.2f1/Unity.app/Contents/Resources/Scripting/UnityReferenceAssemblies/unity-4.8-api/Facades/System.Runtime.Serialization.Formatters.dll"
-r:"/Applications/Unity/Hub/Editor/6000.5.2f1/Unity.app/Contents/Resources/Scripting/UnityReferenceAssemblies/unity-4.8-api/Facades/System.Runtime.Serialization.Json.dll"
-r:"/Applications/Unity/Hub/Editor/6000.5.2f1/Unity.app/Contents/Resources/Scripting/UnityReferenceAssemblies/unity-4.8-api/Facades/System.Runtime.Serialization.Primitives.dll"
-r:"/Applications/Unity/Hub/Editor/6000.5.2f1/Unity.app/Contents/Resources/Scripting/UnityReferenceAssemblies/unity-4.8-api/Facades/System.Runtime.Serialization.Xml.dll"
-r:"/Applications/Unity/Hub/Editor/6000.5.2f1/Unity.app/Contents/Resources/Scripting/UnityReferenceAssemblies/unity-4.8-api/Facades/System.Runtime.dll"
-r:"/Applications/Unity/Hub/Editor/6000.5.2f1/Unity.app/Contents/Resources/Scripting/UnityReferenceAssemblies/unity-4.8-api/Facades/System.Security.Claims.dll"
-r:"/Applications/Unity/Hub/Editor/6000.5.2f1/Unity.app/Contents/Resources/Scripting/UnityReferenceAssemblies/unity-4.8-api/Facades/System.Security.Cryptography.Algorithms.dll"
-r:"/Applications/Unity/Hub/Editor/6000.5.2f1/Unity.app/Contents/Resources/Scripting/UnityReferenceAssemblies/unity-4.8-api/Facades/System.Security.Cryptography.Csp.dll"
-r:"/Applications/Unity/Hub/Editor/6000.5.2f1/Unity.app/Contents/Resources/Scripting/UnityReferenceAssemblies/unity-4.8-api/Facades/System.Security.Cryptography.Encoding.dll"
-r:"/Applications/Unity/Hub/Editor/6000.5.2f1/Unity.app/Contents/Resources/Scripting/UnityReferenceAssemblies/unity-4.8-api/Facades/System.Security.Cryptography.Primitives.dll"
-r:"/Applications/Unity/Hub/Editor/6000.5.2f1/Unity.app/Contents/Resources/Scripting/UnityReferenceAssemblies/unity-4.8-api/Facades/System.Security.Cryptography.X509Certificates.dll"
-r:"/Applications/Unity/Hub/Editor/6000.5.2f1/Unity.app/Contents/Resources/Scripting/UnityReferenceAssemblies/unity-4.8-api/Facades/System.Security.Principal.dll"
-r:"/Applications/Unity/Hub/Editor/6000.5.2f1/Unity.app/Contents/Resources/Scripting/UnityReferenceAssemblies/unity-4.8-api/Facades/System.Security.SecureString.dll"
-r:"/Applications/Unity/Hub/Editor/6000.5.2f1/Unity.app/Contents/Resources/Scripting/UnityReferenceAssemblies/unity-4.8-api/Facades/System.ServiceModel.Duplex.dll"
-r:"/Applications/Unity/Hub/Editor/6000.5.2f1/Unity.app/Contents/Resources/Scripting/UnityReferenceAssemblies/unity-4.8-api/Facades/System.ServiceModel.Http.dll"
-r:"/Applications/Unity/Hub/Editor/6000.5.2f1/Unity.app/Contents/Resources/Scripting/UnityReferenceAssemblies/unity-4.8-api/Facades/System.ServiceModel.NetTcp.dll"
-r:"/Applications/Unity/Hub/Editor/6000.5.2f1/Unity.app/Contents/Resources/Scripting/UnityReferenceAssemblies/unity-4.8-api/Facades/System.ServiceModel.Primitives.dll"
-r:"/Applications/Unity/Hub/Editor/6000.5.2f1/Unity.app/Contents/Resources/Scripting/UnityReferenceAssemblies/unity-4.8-api/Facades/System.ServiceModel.Security.dll"
-r:"/Applications/Unity/Hub/Editor/6000.5.2f1/Unity.app/Contents/Resources/Scripting/UnityReferenceAssemblies/unity-4.8-api/Facades/System.Text.Encoding.Extensions.dll"
-r:"/Applications/Unity/Hub/Editor/6000.5.2f1/Unity.app/Contents/Resources/Scripting/UnityReferenceAssemblies/unity-4.8-api/Facades/System.Text.Encoding.dll"
-r:"/Applications/Unity/Hub/Editor/6000.5.2f1/Unity.app/Contents/Resources/Scripting/UnityReferenceAssemblies/unity-4.8-api/Facades/System.Text.RegularExpressions.dll"
-r:"/Applications/Unity/Hub/Editor/6000.5.2f1/Unity.app/Contents/Resources/Scripting/UnityReferenceAssemblies/unity-4.8-api/Facades/System.Threading.Overlapped.dll"
-r:"/Applications/Unity/Hub/Editor/6000.5.2f1/Unity.app/Contents/Resources/Scripting/UnityReferenceAssemblies/unity-4.8-api/Facades/System.Threading.Tasks.Extensions.dll"
-r:"/Applications/Unity/Hub/Editor/6000.5.2f1/Unity.app/Contents/Resources/Scripting/UnityReferenceAssemblies/unity-4.8-api/Facades/System.Threading.Tasks.Parallel.dll"
-r:"/Applications/Unity/Hub/Editor/6000.5.2f1/Unity.app/Contents/Resources/Scripting/UnityReferenceAssemblies/unity-4.8-api/Facades/System.Threading.Tasks.dll"
-r:"/Applications/Unity/Hub/Editor/6000.5.2f1/Unity.app/Contents/Resources/Scripting/UnityReferenceAssemblies/unity-4.8-api/Facades/System.Threading.Thread.dll"
-r:"/Applications/Unity/Hub/Editor/6000.5.2f1/Unity.app/Contents/Resources/Scripting/UnityReferenceAssemblies/unity-4.8-api/Facades/System.Threading.ThreadPool.dll"
-r:"/Applications/Unity/Hub/Editor/6000.5.2f1/Unity.app/Contents/Resources/Scripting/UnityReferenceAssemblies/unity-4.8-api/Facades/System.Threading.Timer.dll"
-r:"/Applications/Unity/Hub/Editor/6000.5.2f1/Unity.app/Contents/Resources/Scripting/UnityReferenceAssemblies/unity-4.8-api/Facades/System.Threading.dll"
-r:"/Applications/Unity/Hub/Editor/6000.5.2f1/Unity.app/Contents/Resources/Scripting/UnityReferenceAssemblies/unity-4.8-api/Facades/System.ValueTuple.dll"
-r:"/Applications/Unity/Hub/Editor/6000.5.2f1/Unity.app/Contents/Resources/Scripting/UnityReferenceAssemblies/unity-4.8-api/Facades/System.Xml.ReaderWriter.dll"
-r:"/Applications/Unity/Hub/Editor/6000.5.2f1/Unity.app/Contents/Resources/Scripting/UnityReferenceAssemblies/unity-4.8-api/Facades/System.Xml.XDocument.dll"
-r:"/Applications/Unity/Hub/Editor/6000.5.2f1/Unity.app/Contents/Resources/Scripting/UnityReferenceAssemblies/unity-4.8-api/Facades/System.Xml.XPath.XDocument.dll"
-r:"/Applications/Unity/Hub/Editor/6000.5.2f1/Unity.app/Contents/Resources/Scripting/UnityReferenceAssemblies/unity-4.8-api/Facades/System.Xml.XPath.dll"
-r:"/Applications/Unity/Hub/Editor/6000.5.2f1/Unity.app/Contents/Resources/Scripting/UnityReferenceAssemblies/unity-4.8-api/Facades/System.Xml.XmlDocument.dll"
-r:"/Applications/Unity/Hub/Editor/6000.5.2f1/Unity.app/Contents/Resources/Scripting/UnityReferenceAssemblies/unity-4.8-api/Facades/System.Xml.XmlSerializer.dll"
-r:"/Applications/Unity/Hub/Editor/6000.5.2f1/Unity.app/Contents/Resources/Scripting/UnityReferenceAssemblies/unity-4.8-api/Facades/netstandard.dll"
-r:"/Applications/Unity/Hub/Editor/6000.5.2f1/Unity.app/Contents/Resources/Scripting/UnityReferenceAssemblies/unity-4.8-api/Microsoft.CSharp.dll"
-r:"/Applications/Unity/Hub/Editor/6000.5.2f1/Unity.app/Contents/Resources/Scripting/UnityReferenceAssemblies/unity-4.8-api/System.ComponentModel.Composition.dll"
-r:"/Applications/Unity/Hub/Editor/6000.5.2f1/Unity.app/Contents/Resources/Scripting/UnityReferenceAssemblies/unity-4.8-api/System.Core.dll"
-r:"/Applications/Unity/Hub/Editor/6000.5.2f1/Unity.app/Contents/Resources/Scripting/UnityReferenceAssemblies/unity-4.8-api/System.Data.DataSetExtensions.dll"
-r:"/Applications/Unity/Hub/Editor/6000.5.2f1/Unity.app/Contents/Resources/Scripting/UnityReferenceAssemblies/unity-4.8-api/System.Data.dll"
-r:"/Applications/Unity/Hub/Editor/6000.5.2f1/Unity.app/Contents/Resources/Scripting/UnityReferenceAssemblies/unity-4.8-api/System.Drawing.dll"
-r:"/Applications/Unity/Hub/Editor/6000.5.2f1/Unity.app/Contents/Resources/Scripting/UnityReferenceAssemblies/unity-4.8-api/System.IO.Compression.FileSystem.dll"
-r:"/Applications/Unity/Hub/Editor/6000.5.2f1/Unity.app/Contents/Resources/Scripting/UnityReferenceAssemblies/unity-4.8-api/System.IO.Compression.dll"
-r:"/Applications/Unity/Hub/Editor/6000.5.2f1/Unity.app/Contents/Resources/Scripting/UnityReferenceAssemblies/unity-4.8-api/System.Net.Http.dll"
-r:"/Applications/Unity/Hub/Editor/6000.5.2f1/Unity.app/Contents/Resources/Scripting/UnityReferenceAssemblies/unity-4.8-api/System.Numerics.Vectors.dll"
-r:"/Applications/Unity/Hub/Editor/6000.5.2f1/Unity.app/Contents/Resources/Scripting/UnityReferenceAssemblies/unity-4.8-api/System.Numerics.dll"
-r:"/Applications/Unity/Hub/Editor/6000.5.2f1/Unity.app/Contents/Resources/Scripting/UnityReferenceAssemblies/unity-4.8-api/System.Runtime.Serialization.dll"
-r:"/Applications/Unity/Hub/Editor/6000.5.2f1/Unity.app/Contents/Resources/Scripting/UnityReferenceAssemblies/unity-4.8-api/System.Transactions.dll"
-r:"/Applications/Unity/Hub/Editor/6000.5.2f1/Unity.app/Contents/Resources/Scripting/UnityReferenceAssemblies/unity-4.8-api/System.Xml.Linq.dll"
-r:"/Applications/Unity/Hub/Editor/6000.5.2f1/Unity.app/Contents/Resources/Scripting/UnityReferenceAssemblies/unity-4.8-api/System.Xml.dll"
-r:"/Applications/Unity/Hub/Editor/6000.5.2f1/Unity.app/Contents/Resources/Scripting/UnityReferenceAssemblies/unity-4.8-api/System.dll"
-r:"/Applications/Unity/Hub/Editor/6000.5.2f1/Unity.app/Contents/Resources/Scripting/UnityReferenceAssemblies/unity-4.8-api/mscorlib.dll"
-r:"Library/Bee/artifacts/200b0aE.dag/Assembly-CSharp.ref.dll"
-r:"Library/Bee/artifacts/200b0aE.dag/Unity.InputSystem.ForUI.ref.dll"
-r:"Library/Bee/artifacts/200b0aE.dag/Unity.InputSystem.ref.dll"
-r:"Library/Bee/artifacts/200b0aE.dag/Unity.InternalAPIEngineBridge.004.ref.dll"
-r:"Library/Bee/artifacts/200b0aE.dag/Unity.Multiplayer.Center.Common.ref.dll"
-r:"Library/Bee/artifacts/200b0aE.dag/Unity.Multiplayer.Center.Editor.ref.dll"
-r:"Library/Bee/artifacts/200b0aE.dag/Unity.TextMeshPro.Editor.ref.dll"
-r:"Library/Bee/artifacts/200b0aE.dag/Unity.TextMeshPro.ref.dll"
-r:"Library/Bee/artifacts/200b0aE.dag/UnityEditor.UI.Analytics.ref.dll"
-r:"Library/Bee/artifacts/200b0aE.dag/UnityEditor.UI.ref.dll"
-r:"Library/Bee/artifacts/200b0aE.dag/UnityEngine.UI.ref.dll"
-analyzer:"/Applications/Unity/Hub/Editor/6000.5.2f1/Unity.app/Contents/Resources/BuildPipeline/Unity.Analyzers.Common/Unity.Analyzers.Common.dll"
-analyzer:"/Applications/Unity/Hub/Editor/6000.5.2f1/Unity.app/Contents/Resources/BuildPipeline/Unity.Analyzers.LongLiving/Unity.Analyzers.LongLiving.dll"
-analyzer:"/Applications/Unity/Hub/Editor/6000.5.2f1/Unity.app/Contents/Resources/BuildPipeline/Unity.SourceGenerators/Unity.Properties.SourceGenerator.dll"
-analyzer:"/Applications/Unity/Hub/Editor/6000.5.2f1/Unity.app/Contents/Resources/BuildPipeline/Unity.SourceGenerators/Unity.SourceGenerators.dll"
-analyzer:"/Applications/Unity/Hub/Editor/6000.5.2f1/Unity.app/Contents/Resources/BuildPipeline/Unity.SourceGenerators/Unity.UIToolkit.SourceGenerator.dll"
-analyzer:"/Applications/Unity/Hub/Editor/6000.5.2f1/Unity.app/Contents/Resources/Scripting/BCLExtensions/TargetingPacks/netstandard2.1/analyzers/dotnet/roslyn4.0/cs/Microsoft.Extensions.Logging.Generators.dll"
-analyzer:"/Applications/Unity/Hub/Editor/6000.5.2f1/Unity.app/Contents/Resources/Scripting/BCLExtensions/TargetingPacks/netstandard2.1/analyzers/dotnet/roslyn4.0/cs/System.Text.Json.SourceGeneration.dll"
"Assets/Editor/UmbraLevelBuilder.cs"
-langversion:9.0
/deterministic
/optimize+
/debug:portable
/nologo
/RuntimeMetadataVersion:v4.0.30319
/nowarn:0169
/nowarn:0649
/nowarn:0282
/nowarn:1701
/nowarn:1702
/utf8output
/preferreduilang:en-US
/additionalfile:"Library/Bee/artifacts/200b0aE.dag/Assembly-CSharp-Editor.UnityAdditionalFile.txt"
##### Custom Environment Variables
DOTNET_HOST_PATH=/Applications/Unity/Hub/Editor/6000.5.2f1/Unity.app/Contents/Resources/Scripting/DotNetSdk/dotnet
DOTNET_MULTILEVEL_LOOKUP=0
##### ExitCode
1
##### Output
Assets/Editor/UmbraLevelBuilder.cs(26,33): error CS0246: The type or namespace name 'GameObject' could not be found (are you missing a using directive or an assembly reference?)
Assets/Editor/UmbraLevelBuilder.cs(26,12): error CS0246: The type or namespace name 'GameObject' could not be found (are you missing a using directive or an assembly reference?)
Assets/Editor/UmbraLevelBuilder.cs(126,33): error CS0246: The type or namespace name 'Vector2' could not be found (are you missing a using directive or an assembly reference?)
Assets/Editor/UmbraLevelBuilder.cs(126,12): error CS0246: The type or namespace name 'GameObject' could not be found (are you missing a using directive or an assembly reference?)
Assets/Editor/UmbraLevelBuilder.cs(149,46): error CS0246: The type or namespace name 'Vector2' could not be found (are you missing a using directive or an assembly reference?)
Assets/Editor/UmbraLevelBuilder.cs(149,59): error CS0246: The type or namespace name 'Vector2' could not be found (are you missing a using directive or an assembly reference?)
Assets/Editor/UmbraLevelBuilder.cs(149,12): error CS0246: The type or namespace name 'GameObject' could not be found (are you missing a using directive or an assembly reference?)
Assets/Editor/UmbraLevelBuilder.cs(159,47): error CS0246: The type or namespace name 'Vector2' could not be found (are you missing a using directive or an assembly reference?)
Assets/Editor/UmbraLevelBuilder.cs(159,60): error CS0246: The type or namespace name 'Vector2' could not be found (are you missing a using directive or an assembly reference?)
Assets/Editor/UmbraLevelBuilder.cs(159,12): error CS0246: The type or namespace name 'GameObject' could not be found (are you missing a using directive or an assembly reference?)
Assets/Editor/UmbraLevelBuilder.cs(171,51): error CS0246: The type or namespace name 'Vector2' could not be found (are you missing a using directive or an assembly reference?)
Assets/Editor/UmbraLevelBuilder.cs(171,12): error CS0246: The type or namespace name 'GameObject' could not be found (are you missing a using directive or an assembly reference?)
Assets/Editor/UmbraLevelBuilder.cs(186,54): error CS0246: The type or namespace name 'Vector2' could not be found (are you missing a using directive or an assembly reference?)
Assets/Editor/UmbraLevelBuilder.cs(186,12): error CS0246: The type or namespace name 'GameObject' could not be found (are you missing a using directive or an assembly reference?)
Assets/Editor/UmbraLevelBuilder.cs(197,54): error CS0246: The type or namespace name 'Vector2' could not be found (are you missing a using directive or an assembly reference?)
Assets/Editor/UmbraLevelBuilder.cs(197,12): error CS0246: The type or namespace name 'GameObject' could not be found (are you missing a using directive or an assembly reference?)
Assets/Editor/UmbraLevelBuilder.cs(209,53): error CS0246: The type or namespace name 'Vector2' could not be found (are you missing a using directive or an assembly reference?)
Assets/Editor/UmbraLevelBuilder.cs(209,12): error CS0246: The type or namespace name 'GameObject' could not be found (are you missing a using directive or an assembly reference?)
Assets/Editor/UmbraLevelBuilder.cs(220,45): error CS0246: The type or namespace name 'Vector2' could not be found (are you missing a using directive or an assembly reference?)
Assets/Editor/UmbraLevelBuilder.cs(220,12): error CS0246: The type or namespace name 'GameObject' could not be found (are you missing a using directive or an assembly reference?)
Assets/Editor/UmbraLevelBuilder.cs(19,31): error CS0246: The type or namespace name 'Sprite' could not be found (are you missing a using directive or an assembly reference?)
*** Tundra build failed (0.10 seconds), 1 items updated, 267 evaluated
## Script Compilation Error for: Csc Library/Bee/artifacts/200b0aE.dag/Assembly-CSharp-Editor.dll (+2 others)
## CmdLine: "/Applications/Unity/Hub/Editor/6000.5.2f1/Unity.app/Contents/Resources/Scripting/DotNetSdk/dotnet" exec "/Applications/Unity/Hub/Editor/6000.5.2f1/Unity.app/Contents/Resources/Scripting/DotNetSdk/sdk/8.0.318/Roslyn/bincore/csc.dll" /nostdlib /noconfig /shared "@Library/Bee/artifacts/200b0aE.dag/Assembly-CSharp-Editor.rsp" "@Library/Bee/artifacts/200b0aE.dag/Assembly-CSharp-Editor.rsp2"
## Output:
Assets/Editor/UmbraLevelBuilder.cs(26,33): error CS0246: The type or namespace name 'GameObject' could not be found (are you missing a using directive or an assembly reference?)
Assets/Editor/UmbraLevelBuilder.cs(26,12): error CS0246: The type or namespace name 'GameObject' could not be found (are you missing a using directive or an assembly reference?)
Assets/Editor/UmbraLevelBuilder.cs(126,33): error CS0246: The type or namespace name 'Vector2' could not be found (are you missing a using directive or an assembly reference?)
Assets/Editor/UmbraLevelBuilder.cs(126,12): error CS0246: The type or namespace name 'GameObject' could not be found (are you missing a using directive or an assembly reference?)
Assets/Editor/UmbraLevelBuilder.cs(149,46): error CS0246: The type or namespace name 'Vector2' could not be found (are you missing a using directive or an assembly reference?)
Assets/Editor/UmbraLevelBuilder.cs(149,59): error CS0246: The type or namespace name 'Vector2' could not be found (are you missing a using directive or an assembly reference?)
Assets/Editor/UmbraLevelBuilder.cs(149,12): error CS0246: The type or namespace name 'GameObject' could not be found (are you missing a using directive or an assembly reference?)
Assets/Editor/UmbraLevelBuilder.cs(159,47): error CS0246: The type or namespace name 'Vector2' could not be found (are you missing a using directive or an assembly reference?)
Assets/Editor/UmbraLevelBuilder.cs(159,60): error CS0246: The type or namespace name 'Vector2' could not be found (are you missing a using directive or an assembly reference?)
Assets/Editor/UmbraLevelBuilder.cs(159,12): error CS0246: The type or namespace name 'GameObject' could not be found (are you missing a using directive or an assembly reference?)
Assets/Editor/UmbraLevelBuilder.cs(171,51): error CS0246: The type or namespace name 'Vector2' could not be found (are you missing a using directive or an assembly reference?)
Assets/Editor/UmbraLevelBuilder.cs(171,12): error CS0246: The type or namespace name 'GameObject' could not be found (are you missing a using directive or an assembly reference?)
Assets/Editor/UmbraLevelBuilder.cs(186,54): error CS0246: The type or namespace name 'Vector2' could not be found (are you missing a using directive or an assembly reference?)
Assets/Editor/UmbraLevelBuilder.cs(186,12): error CS0246: The type or namespace name 'GameObject' could not be found (are you missing a using directive or an assembly reference?)
Assets/Editor/UmbraLevelBuilder.cs(197,54): error CS0246: The type or namespace name 'Vector2' could not be found (are you missing a using directive or an assembly reference?)
Assets/Editor/UmbraLevelBuilder.cs(197,12): error CS0246: The type or namespace name 'GameObject' could not be found (are you missing a using directive or an assembly reference?)
Assets/Editor/UmbraLevelBuilder.cs(209,53): error CS0246: The type or namespace name 'Vector2' could not be found (are you missing a using directive or an assembly reference?)
Assets/Editor/UmbraLevelBuilder.cs(209,12): error CS0246: The type or namespace name 'GameObject' could not be found (are you missing a using directive or an assembly reference?)
Assets/Editor/UmbraLevelBuilder.cs(220,45): error CS0246: The type or namespace name 'Vector2' could not be found (are you missing a using directive or an assembly reference?)
Assets/Editor/UmbraLevelBuilder.cs(220,12): error CS0246: The type or namespace name 'GameObject' could not be found (are you missing a using directive or an assembly reference?)
Assets/Editor/UmbraLevelBuilder.cs(19,31): error CS0246: The type or namespace name 'Sprite' could not be found (are you missing a using directive or an assembly reference?)

Assets/Editor/UmbraLevelBuilder.cs(26,33): error CS0246: The type or namespace name 'GameObject' could not be found (are you missing a using directive or an assembly reference?)
Assets/Editor/UmbraLevelBuilder.cs(26,12): error CS0246: The type or namespace name 'GameObject' could not be found (are you missing a using directive or an assembly reference?)
Assets/Editor/UmbraLevelBuilder.cs(126,33): error CS0246: The type or namespace name 'Vector2' could not be found (are you missing a using directive or an assembly reference?)
Assets/Editor/UmbraLevelBuilder.cs(126,12): error CS0246: The type or namespace name 'GameObject' could not be found (are you missing a using directive or an assembly reference?)
Assets/Editor/UmbraLevelBuilder.cs(149,46): error CS0246: The type or namespace name 'Vector2' could not be found (are you missing a using directive or an assembly reference?)
Assets/Editor/UmbraLevelBuilder.cs(149,59): error CS0246: The type or namespace name 'Vector2' could not be found (are you missing a using directive or an assembly reference?)
Assets/Editor/UmbraLevelBuilder.cs(149,12): error CS0246: The type or namespace name 'GameObject' could not be found (are you missing a using directive or an assembly reference?)
Assets/Editor/UmbraLevelBuilder.cs(159,47): error CS0246: The type or namespace name 'Vector2' could not be found (are you missing a using directive or an assembly reference?)
Assets/Editor/UmbraLevelBuilder.cs(159,60): error CS0246: The type or namespace name 'Vector2' could not be found (are you missing a using directive or an assembly reference?)
Assets/Editor/UmbraLevelBuilder.cs(159,12): error CS0246: The type or namespace name 'GameObject' could not be found (are you missing a using directive or an assembly reference?)
Assets/Editor/UmbraLevelBuilder.cs(171,51): error CS0246: The type or namespace name 'Vector2' could not be found (are you missing a using directive or an assembly reference?)
Assets/Editor/UmbraLevelBuilder.cs(171,12): error CS0246: The type or namespace name 'GameObject' could not be found (are you missing a using directive or an assembly reference?)
Assets/Editor/UmbraLevelBuilder.cs(186,54): error CS0246: The type or namespace name 'Vector2' could not be found (are you missing a using directive or an assembly reference?)
Assets/Editor/UmbraLevelBuilder.cs(186,12): error CS0246: The type or namespace name 'GameObject' could not be found (are you missing a using directive or an assembly reference?)
Assets/Editor/UmbraLevelBuilder.cs(197,54): error CS0246: The type or namespace name 'Vector2' could not be found (are you missing a using directive or an assembly reference?)
Assets/Editor/UmbraLevelBuilder.cs(197,12): error CS0246: The type or namespace name 'GameObject' could not be found (are you missing a using directive or an assembly reference?)
Assets/Editor/UmbraLevelBuilder.cs(209,53): error CS0246: The type or namespace name 'Vector2' could not be found (are you missing a using directive or an assembly reference?)
Assets/Editor/UmbraLevelBuilder.cs(209,12): error CS0246: The type or namespace name 'GameObject' could not be found (are you missing a using directive or an assembly reference?)
Assets/Editor/UmbraLevelBuilder.cs(220,45): error CS0246: The type or namespace name 'Vector2' could not be found (are you missing a using directive or an assembly reference?)
Assets/Editor/UmbraLevelBuilder.cs(220,12): error CS0246: The type or namespace name 'GameObject' could not be found (are you missing a using directive or an assembly reference?)
Assets/Editor/UmbraLevelBuilder.cs(19,31): error CS0246: The type or namespace name 'Sprite' could not be found (are you missing a using directive or an assembly reference?)
Asset Pipeline Refresh (id=ffaa92786019f49e78a5fc743ae9d705): Total: 0.227 seconds - Initiated by RefreshV2(AllowForceSynchronousImport)
Total cache size 157736056
Total cache size after purge 157736056, took 00:00:00.0373222
[ScriptCompilation] Requested script compilation because: AssetDatabase observed changes in script compilation related files
[Licensing::Client] Successfully resolved entitlement details
info: Microsoft.AspNetCore.Hosting.Diagnostics[1]
      Request starting HTTP/2 POST http://ilpp/UnityILPP.PostProcessing/Ping - application/grpc -
info: Microsoft.AspNetCore.Routing.EndpointMiddleware[0]
      Executing endpoint 'gRPC - /UnityILPP.PostProcessing/Ping'
info: Microsoft.AspNetCore.Routing.EndpointMiddleware[1]
      Executed endpoint 'gRPC - /UnityILPP.PostProcessing/Ping'
info: Microsoft.AspNetCore.Hosting.Diagnostics[2]
      Request finished HTTP/2 POST http://ilpp/UnityILPP.PostProcessing/Ping - 200 - application/grpc 0.1548ms
Starting: /Applications/Unity/Hub/Editor/6000.5.2f1/Unity.app/Contents/Resources/BuildPipeline/bee_backend --ipc --defer-dag-verification --dagfile="Library/Bee/200b0aE.dag" --continue-on-failure --profile="Library/Bee/backend1.traceevents" ScriptAssemblies
WorkingDir: /Users/andrew/ProyectosPersonales/Umbra/My project
## Script Compilation Error for: Csc Library/Bee/artifacts/200b0aE.dag/Assembly-CSharp-Editor.dll (+2 others)
## CmdLine: "/Applications/Unity/Hub/Editor/6000.5.2f1/Unity.app/Contents/Resources/Scripting/DotNetSdk/dotnet" exec "/Applications/Unity/Hub/Editor/6000.5.2f1/Unity.app/Contents/Resources/Scripting/DotNetSdk/sdk/8.0.318/Roslyn/bincore/csc.dll" /nostdlib /noconfig /shared "@Library/Bee/artifacts/200b0aE.dag/Assembly-CSharp-Editor.rsp" "@Library/Bee/artifacts/200b0aE.dag/Assembly-CSharp-Editor.rsp2"
## Output:
Assets/Editor/UmbraLevelBuilder.cs(112,9): error CS0246: The type or namespace name 'Image' could not be found (are you missing a using directive or an assembly reference?)
Assets/Editor/UmbraLevelBuilder.cs(112,63): error CS0246: The type or namespace name 'Image' could not be found (are you missing a using directive or an assembly reference?)

Assets/Editor/UmbraLevelBuilder.cs(112,9): error CS0246: The type or namespace name 'Image' could not be found (are you missing a using directive or an assembly reference?)
Assets/Editor/UmbraLevelBuilder.cs(112,63): error CS0246: The type or namespace name 'Image' could not be found (are you missing a using directive or an assembly reference?)
Total cache size 157736056
Total cache size after purge 157736056, took 00:00:00.0294669
ExitCode: 3 Duration: 0s263ms
[264/267    0s] Csc Library/Bee/artifacts/200b0aE.dag/Assembly-CSharp-Editor.dll (+2 others)
##### CommandLine
"/Applications/Unity/Hub/Editor/6000.5.2f1/Unity.app/Contents/Resources/Scripting/DotNetSdk/dotnet" exec "/Applications/Unity/Hub/Editor/6000.5.2f1/Unity.app/Contents/Resources/Scripting/DotNetSdk/sdk/8.0.318/Roslyn/bincore/csc.dll" /nostdlib /noconfig /shared "@Library/Bee/artifacts/200b0aE.dag/Assembly-CSharp-Editor.rsp" "@Library/Bee/artifacts/200b0aE.dag/Assembly-CSharp-Editor.rsp2"
##### Contents of Library/Bee/artifacts/200b0aE.dag/Assembly-CSharp-Editor.rsp
-target:library
-out:"Library/Bee/artifacts/200b0aE.dag/Assembly-CSharp-Editor.dll"
-refout:"Library/Bee/artifacts/200b0aE.dag/Assembly-CSharp-Editor.ref.dll"
-define:UNITY_6000_5_2
-define:UNITY_6000_5
-define:UNITY_6000
-define:UNITY_5_3_OR_NEWER
-define:UNITY_5_4_OR_NEWER
-define:UNITY_5_5_OR_NEWER
-define:UNITY_5_6_OR_NEWER
-define:UNITY_2017_1_OR_NEWER
-define:UNITY_2017_2_OR_NEWER
-define:UNITY_2017_3_OR_NEWER
-define:UNITY_2017_4_OR_NEWER
-define:UNITY_2018_1_OR_NEWER
-define:UNITY_2018_2_OR_NEWER
-define:UNITY_2018_3_OR_NEWER
-define:UNITY_2018_4_OR_NEWER
-define:UNITY_2019_1_OR_NEWER
-define:UNITY_2019_2_OR_NEWER
-define:UNITY_2019_3_OR_NEWER
-define:UNITY_2019_4_OR_NEWER
-define:UNITY_2020_1_OR_NEWER
-define:UNITY_2020_2_OR_NEWER
-define:UNITY_2020_3_OR_NEWER
-define:UNITY_2021_1_OR_NEWER
-define:UNITY_2021_2_OR_NEWER
-define:UNITY_2021_3_OR_NEWER
-define:UNITY_2022_1_OR_NEWER
-define:UNITY_2022_2_OR_NEWER
-define:UNITY_2022_3_OR_NEWER
-define:UNITY_2023_1_OR_NEWER
-define:UNITY_2023_2_OR_NEWER
-define:UNITY_2023_3_OR_NEWER
-define:UNITY_6000_0_OR_NEWER
-define:UNITY_6000_1_OR_NEWER
-define:UNITY_6000_2_OR_NEWER
-define:UNITY_6000_3_OR_NEWER
-define:UNITY_6000_4_OR_NEWER
-define:UNITY_6000_5_OR_NEWER
-define:PLATFORM_ARCH_64
-define:UNITY_64
-define:UNITY_INCLUDE_TESTS
-define:ENABLE_AR
-define:ENABLE_AUDIO
-define:ENABLE_AUDIO_SCRIPTABLE_PIPELINE
-define:ENABLE_CACHING
-define:ENABLE_CLOTH
-define:ENABLE_MICROPHONE
-define:ENABLE_MULTIPLE_DISPLAYS
-define:ENABLE_PHYSICS
-define:ENABLE_TEXTURE_STREAMING
-define:ENABLE_VIRTUALTEXTURING
-define:ENABLE_LZMA
-define:ENABLE_UNITYEVENTS
-define:ENABLE_VR
-define:ENABLE_WEBCAM
-define:ENABLE_UNITYWEBREQUEST
-define:ENABLE_WWW
-define:ENABLE_CLOUD_SERVICES
-define:ENABLE_CLOUD_SERVICES_ADS
-define:ENABLE_CLOUD_SERVICES_USE_WEBREQUEST
-define:ENABLE_UNITY_CONSENT
-define:ENABLE_UNITY_CLOUD_IDENTIFIERS
-define:ENABLE_CLOUD_SERVICES_CRASH_REPORTING
-define:ENABLE_CLOUD_SERVICES_NATIVE_CRASH_REPORTING
-define:ENABLE_CLOUD_SERVICES_PURCHASING
-define:ENABLE_CLOUD_SERVICES_ANALYTICS
-define:ENABLE_CLOUD_SERVICES_BUILD
-define:ENABLE_EDITOR_GAME_SERVICES
-define:ENABLE_UNITY_GAME_SERVICES_ANALYTICS_SUPPORT
-define:ENABLE_CLOUD_LICENSE
-define:ENABLE_EDITOR_HUB_LICENSE
-define:ENABLE_WEBSOCKET_CLIENT
-define:ENABLE_GENERATE_NATIVE_PLUGINS_FOR_ASSEMBLIES_API
-define:ENABLE_DIRECTOR_AUDIO
-define:ENABLE_DIRECTOR_TEXTURE
-define:ENABLE_MANAGED_JOBS
-define:ENABLE_MANAGED_TRANSFORM_JOBS
-define:ENABLE_MANAGED_ANIMATION_JOBS
-define:ENABLE_MANAGED_AUDIO_JOBS
-define:ENABLE_MANAGED_UNITYTLS
-define:INCLUDE_DYNAMIC_GI
-define:ENABLE_SCRIPTING_GC_WBARRIERS
-define:PLATFORM_SUPPORTS_MONO
-define:RENDER_SOFTWARE_CURSOR
-define:ENABLE_MARSHALLING_TESTS
-define:ENABLE_VIDEO
-define:ENABLE_NAVIGATION_OFFMESHLINK_TO_NAVMESHLINK
-define:ENABLE_ACCELERATOR_CLIENT_DEBUGGING
-define:ENABLE_ACCESSIBILITY_SCREEN_READER
-define:TEXTCORE_1_0_OR_NEWER
-define:EDITOR_ONLY_NAVMESH_BUILDER_DEPRECATED
-define:PLATFORM_STANDALONE_OSX
-define:PLATFORM_STANDALONE
-define:UNITY_STANDALONE_OSX
-define:UNITY_STANDALONE
-define:ENABLE_GAMECENTER
-define:ENABLE_RUNTIME_GI
-define:ENABLE_MOVIES
-define:ENABLE_NETWORK
-define:ENABLE_CRUNCH_TEXTURE_COMPRESSION
-define:ENABLE_CLOUD_SERVICES_ENGINE_DIAGNOSTICS
-define:ENABLE_CLUSTER_SYNC
-define:ENABLE_CLUSTERINPUT
-define:ENABLE_SPATIALTRACKING
-define:PLATFORM_HAS_CUSTOM_MUTEX
-define:PLATFORM_UPDATES_TIME_OUTSIDE_OF_PLAYER_LOOP
-define:PLATFORM_SUPPORTS_SPLIT_GRAPHICS_JOBS
-define:PLATFORM_REQUIRES_PATH_NORMALIZATION
-define:ENABLE_MONO
-define:NET_4_6
-define:NET_UNITY_4_8
-define:ENABLE_PROFILER
-define:DEBUG
-define:TRACE
-define:UNITY_ASSERTIONS
-define:UNITY_EDITOR
-define:UNITY_EDITOR_64
-define:UNITY_EDITOR_OSX
-define:ENABLE_UNITY_COLLECTIONS_CHECKS
-define:ENABLE_BURST_AOT
-define:UNITY_TEAM_LICENSE
-define:UNITY_PRO_LICENSE
-define:ENABLE_CUSTOM_RENDER_TEXTURE
-define:ENABLE_DIRECTOR
-define:ENABLE_LOCALIZATION
-define:ENABLE_SPRITES
-define:ENABLE_TERRAIN
-define:ENABLE_TILEMAP
-define:ENABLE_TIMELINE
-define:ENABLE_INPUT_SYSTEM
-define:ENABLE_LEGACY_INPUT_MANAGER
-define:TEXTCORE_FONT_ENGINE_1_5_OR_NEWER
-define:TEXTCORE_TEXT_ENGINE_1_5_OR_NEWER
-define:TEXTCORE_FONT_ENGINE_1_6_OR_NEWER
-define:CSHARP_7_OR_LATER
-define:CSHARP_7_3_OR_NEWER
-define:UNITY_EDITOR_ONLY_COMPILATION
-r:"/Applications/Unity/Hub/Editor/6000.5.2f1/Unity.app/Contents/Resources/Scripting/BCLExtensions/TargetingPacks/netstandard2.1/ref/Microsoft.Bcl.AsyncInterfaces.dll"
-r:"/Applications/Unity/Hub/Editor/6000.5.2f1/Unity.app/Contents/Resources/Scripting/BCLExtensions/TargetingPacks/netstandard2.1/ref/Microsoft.Extensions.DependencyInjection.Abstractions.dll"
-r:"/Applications/Unity/Hub/Editor/6000.5.2f1/Unity.app/Contents/Resources/Scripting/BCLExtensions/TargetingPacks/netstandard2.1/ref/Microsoft.Extensions.Logging.Abstractions.dll"
-r:"/Applications/Unity/Hub/Editor/6000.5.2f1/Unity.app/Contents/Resources/Scripting/BCLExtensions/TargetingPacks/netstandard2.1/ref/System.Collections.Immutable.dll"
-r:"/Applications/Unity/Hub/Editor/6000.5.2f1/Unity.app/Contents/Resources/Scripting/BCLExtensions/TargetingPacks/netstandard2.1/ref/System.Diagnostics.DiagnosticSource.dll"
-r:"/Applications/Unity/Hub/Editor/6000.5.2f1/Unity.app/Contents/Resources/Scripting/BCLExtensions/TargetingPacks/netstandard2.1/ref/System.IO.Hashing.dll"
-r:"/Applications/Unity/Hub/Editor/6000.5.2f1/Unity.app/Contents/Resources/Scripting/BCLExtensions/TargetingPacks/netstandard2.1/ref/System.Reflection.Metadata.dll"
-r:"/Applications/Unity/Hub/Editor/6000.5.2f1/Unity.app/Contents/Resources/Scripting/BCLExtensions/TargetingPacks/netstandard2.1/ref/System.Runtime.CompilerServices.Unsafe.dll"
-r:"/Applications/Unity/Hub/Editor/6000.5.2f1/Unity.app/Contents/Resources/Scripting/BCLExtensions/TargetingPacks/netstandard2.1/ref/System.Text.Encodings.Web.dll"
-r:"/Applications/Unity/Hub/Editor/6000.5.2f1/Unity.app/Contents/Resources/Scripting/BCLExtensions/TargetingPacks/netstandard2.1/ref/System.Text.Json.dll"
-r:"/Applications/Unity/Hub/Editor/6000.5.2f1/PlaybackEngines/MacStandaloneSupport/UnityEditor.OSXStandalone.Extensions.dll"
-r:"/Applications/Unity/Hub/Editor/6000.5.2f1/PlaybackEngines/MacStandaloneSupport/UnityEditor.iOS.Extensions.Xcode.dll"
-r:"/Applications/Unity/Hub/Editor/6000.5.2f1/PlaybackEngines/WebGLSupport/UnityEditor.WebGL.Extensions.dll"
-r:"/Applications/Unity/Hub/Editor/6000.5.2f1/Unity.app/Contents/Resources/Scripting/Managed/UnityEditor.Graphs.dll"
-r:"/Applications/Unity/Hub/Editor/6000.5.2f1/Unity.app/Contents/Resources/Scripting/Managed/UnityEngine/Unity.Scripting.dll"
-r:"/Applications/Unity/Hub/Editor/6000.5.2f1/Unity.app/Contents/Resources/Scripting/Managed/UnityEngine/UnityEditor.AIModule.dll"
-r:"/Applications/Unity/Hub/Editor/6000.5.2f1/Unity.app/Contents/Resources/Scripting/Managed/UnityEngine/UnityEditor.AccessibilityModule.dll"
-r:"/Applications/Unity/Hub/Editor/6000.5.2f1/Unity.app/Contents/Resources/Scripting/Managed/UnityEngine/UnityEditor.AdaptivePerformanceModule.dll"
-r:"/Applications/Unity/Hub/Editor/6000.5.2f1/Unity.app/Contents/Resources/Scripting/Managed/UnityEngine/UnityEditor.AssetComplianceModule.dll"
-r:"/Applications/Unity/Hub/Editor/6000.5.2f1/Unity.app/Contents/Resources/Scripting/Managed/UnityEngine/UnityEditor.BuildProfileModule.dll"
-r:"/Applications/Unity/Hub/Editor/6000.5.2f1/Unity.app/Contents/Resources/Scripting/Managed/UnityEngine/UnityEditor.ClothModule.dll"
-r:"/Applications/Unity/Hub/Editor/6000.5.2f1/Unity.app/Contents/Resources/Scripting/Managed/UnityEngine/UnityEditor.ContentLoadModule.dll"
-r:"/Applications/Unity/Hub/Editor/6000.5.2f1/Unity.app/Contents/Resources/Scripting/Managed/UnityEngine/UnityEditor.CoreBusinessMetricsModule.dll"
-r:"/Applications/Unity/Hub/Editor/6000.5.2f1/Unity.app/Contents/Resources/Scripting/Managed/UnityEngine/UnityEditor.CoreModule.dll"
-r:"/Applications/Unity/Hub/Editor/6000.5.2f1/Unity.app/Contents/Resources/Scripting/Managed/UnityEngine/UnityEditor.DeviceSimulatorModule.dll"
-r:"/Applications/Unity/Hub/Editor/6000.5.2f1/Unity.app/Contents/Resources/Scripting/Managed/UnityEngine/UnityEditor.DiagnosticsModule.dll"
-r:"/Applications/Unity/Hub/Editor/6000.5.2f1/Unity.app/Contents/Resources/Scripting/Managed/UnityEngine/UnityEditor.EditorToolbarModule.dll"
-r:"/Applications/Unity/Hub/Editor/6000.5.2f1/Unity.app/Contents/Resources/Scripting/Managed/UnityEngine/UnityEditor.EmbreeModule.dll"
-r:"/Applications/Unity/Hub/Editor/6000.5.2f1/Unity.app/Contents/Resources/Scripting/Managed/UnityEngine/UnityEditor.GIModule.dll"
-r:"/Applications/Unity/Hub/Editor/6000.5.2f1/Unity.app/Contents/Resources/Scripting/Managed/UnityEngine/UnityEditor.GenericRemoteModule.dll"
-r:"/Applications/Unity/Hub/Editor/6000.5.2f1/Unity.app/Contents/Resources/Scripting/Managed/UnityEngine/UnityEditor.GraphToolkitModule.dll"
-r:"/Applications/Unity/Hub/Editor/6000.5.2f1/Unity.app/Contents/Resources/Scripting/Managed/UnityEngine/UnityEditor.GraphViewModule.dll"
-r:"/Applications/Unity/Hub/Editor/6000.5.2f1/Unity.app/Contents/Resources/Scripting/Managed/UnityEngine/UnityEditor.GraphicsStateCollectionSerializerModule.dll"
-r:"/Applications/Unity/Hub/Editor/6000.5.2f1/Unity.app/Contents/Resources/Scripting/Managed/UnityEngine/UnityEditor.GridAndSnapModule.dll"
-r:"/Applications/Unity/Hub/Editor/6000.5.2f1/Unity.app/Contents/Resources/Scripting/Managed/UnityEngine/UnityEditor.GridModule.dll"
-r:"/Applications/Unity/Hub/Editor/6000.5.2f1/Unity.app/Contents/Resources/Scripting/Managed/UnityEngine/UnityEditor.HierarchyModule.dll"
-r:"/Applications/Unity/Hub/Editor/6000.5.2f1/Unity.app/Contents/Resources/Scripting/Managed/UnityEngine/UnityEditor.LightingModule.dll"
-r:"/Applications/Unity/Hub/Editor/6000.5.2f1/Unity.app/Contents/Resources/Scripting/Managed/UnityEngine/UnityEditor.MathematicsModule.dll"
-r:"/Applications/Unity/Hub/Editor/6000.5.2f1/Unity.app/Contents/Resources/Scripting/Managed/UnityEngine/UnityEditor.MediaModule.dll"
-r:"/Applications/Unity/Hub/Editor/6000.5.2f1/Unity.app/Contents/Resources/Scripting/Managed/UnityEngine/UnityEditor.MultiplayerModule.dll"
-r:"/Applications/Unity/Hub/Editor/6000.5.2f1/Unity.app/Contents/Resources/Scripting/Managed/UnityEngine/UnityEditor.Physics2DModule.dll"
-r:"/Applications/Unity/Hub/Editor/6000.5.2f1/Unity.app/Contents/Resources/Scripting/Managed/UnityEngine/UnityEditor.PhysicsCore2DModule.dll"
-r:"/Applications/Unity/Hub/Editor/6000.5.2f1/Unity.app/Contents/Resources/Scripting/Managed/UnityEngine/UnityEditor.PhysicsModule.dll"
-r:"/Applications/Unity/Hub/Editor/6000.5.2f1/Unity.app/Contents/Resources/Scripting/Managed/UnityEngine/UnityEditor.PlayModeModule.dll"
-r:"/Applications/Unity/Hub/Editor/6000.5.2f1/Unity.app/Contents/Resources/Scripting/Managed/UnityEngine/UnityEditor.PresetsUIModule.dll"
-r:"/Applications/Unity/Hub/Editor/6000.5.2f1/Unity.app/Contents/Resources/Scripting/Managed/UnityEngine/UnityEditor.ProjectAuditorModule.dll"
-r:"/Applications/Unity/Hub/Editor/6000.5.2f1/Unity.app/Contents/Resources/Scripting/Managed/UnityEngine/UnityEditor.PropertiesModule.dll"
-r:"/Applications/Unity/Hub/Editor/6000.5.2f1/Unity.app/Contents/Resources/Scripting/Managed/UnityEngine/UnityEditor.QuickInstallModule.dll"
-r:"/Applications/Unity/Hub/Editor/6000.5.2f1/Unity.app/Contents/Resources/Scripting/Managed/UnityEngine/UnityEditor.QuickSearchModule.dll"
-r:"/Applications/Unity/Hub/Editor/6000.5.2f1/Unity.app/Contents/Resources/Scripting/Managed/UnityEngine/UnityEditor.SafeModeModule.dll"
-r:"/Applications/Unity/Hub/Editor/6000.5.2f1/Unity.app/Contents/Resources/Scripting/Managed/UnityEngine/UnityEditor.SceneTemplateModule.dll"
-r:"/Applications/Unity/Hub/Editor/6000.5.2f1/Unity.app/Contents/Resources/Scripting/Managed/UnityEngine/UnityEditor.SceneViewModule.dll"
-r:"/Applications/Unity/Hub/Editor/6000.5.2f1/Unity.app/Contents/Resources/Scripting/Managed/UnityEngine/UnityEditor.ShaderBuildSettingsModule.dll"
-r:"/Applications/Unity/Hub/Editor/6000.5.2f1/Unity.app/Contents/Resources/Scripting/Managed/UnityEngine/UnityEditor.ShaderCompilationModule.dll"
-r:"/Applications/Unity/Hub/Editor/6000.5.2f1/Unity.app/Contents/Resources/Scripting/Managed/UnityEngine/UnityEditor.ShaderFoundryModule.dll"
-r:"/Applications/Unity/Hub/Editor/6000.5.2f1/Unity.app/Contents/Resources/Scripting/Managed/UnityEngine/UnityEditor.SketchUpModule.dll"
-r:"/Applications/Unity/Hub/Editor/6000.5.2f1/Unity.app/Contents/Resources/Scripting/Managed/UnityEngine/UnityEditor.SpriteMaskModule.dll"
-r:"/Applications/Unity/Hub/Editor/6000.5.2f1/Unity.app/Contents/Resources/Scripting/Managed/UnityEngine/UnityEditor.SpriteShapeModule.dll"
-r:"/Applications/Unity/Hub/Editor/6000.5.2f1/Unity.app/Contents/Resources/Scripting/Managed/UnityEngine/UnityEditor.SubstanceModule.dll"
-r:"/Applications/Unity/Hub/Editor/6000.5.2f1/Unity.app/Contents/Resources/Scripting/Managed/UnityEngine/UnityEditor.TerrainModule.dll"
-r:"/Applications/Unity/Hub/Editor/6000.5.2f1/Unity.app/Contents/Resources/Scripting/Managed/UnityEngine/UnityEditor.TextCoreFontEngineModule.dll"
-r:"/Applications/Unity/Hub/Editor/6000.5.2f1/Unity.app/Contents/Resources/Scripting/Managed/UnityEngine/UnityEditor.TextCoreTextEngineModule.dll"
-r:"/Applications/Unity/Hub/Editor/6000.5.2f1/Unity.app/Contents/Resources/Scripting/Managed/UnityEngine/UnityEditor.TextRenderingModule.dll"
-r:"/Applications/Unity/Hub/Editor/6000.5.2f1/Unity.app/Contents/Resources/Scripting/Managed/UnityEngine/UnityEditor.TilemapModule.dll"
-r:"/Applications/Unity/Hub/Editor/6000.5.2f1/Unity.app/Contents/Resources/Scripting/Managed/UnityEngine/UnityEditor.TreeModule.dll"
-r:"/Applications/Unity/Hub/Editor/6000.5.2f1/Unity.app/Contents/Resources/Scripting/Managed/UnityEngine/UnityEditor.U2DModule.dll"
-r:"/Applications/Unity/Hub/Editor/6000.5.2f1/Unity.app/Contents/Resources/Scripting/Managed/UnityEngine/UnityEditor.UIAutomationModule.dll"
-r:"/Applications/Unity/Hub/Editor/6000.5.2f1/Unity.app/Contents/Resources/Scripting/Managed/UnityEngine/UnityEditor.UIBuilderModule.dll"
-r:"/Applications/Unity/Hub/Editor/6000.5.2f1/Unity.app/Contents/Resources/Scripting/Managed/UnityEngine/UnityEditor.UIElementsModule.dll"
-r:"/Applications/Unity/Hub/Editor/6000.5.2f1/Unity.app/Contents/Resources/Scripting/Managed/UnityEngine/UnityEditor.UIElementsSamplesModule.dll"
-r:"/Applications/Unity/Hub/Editor/6000.5.2f1/Unity.app/Contents/Resources/Scripting/Managed/UnityEngine/UnityEditor.UIToolkitAuthoringModule.dll"
-r:"/Applications/Unity/Hub/Editor/6000.5.2f1/Unity.app/Contents/Resources/Scripting/Managed/UnityEngine/UnityEditor.UmbraModule.dll"
-r:"/Applications/Unity/Hub/Editor/6000.5.2f1/Unity.app/Contents/Resources/Scripting/Managed/UnityEngine/UnityEditor.UnityConnectModule.dll"
-r:"/Applications/Unity/Hub/Editor/6000.5.2f1/Unity.app/Contents/Resources/Scripting/Managed/UnityEngine/UnityEditor.VFXModule.dll"
-r:"/Applications/Unity/Hub/Editor/6000.5.2f1/Unity.app/Contents/Resources/Scripting/Managed/UnityEngine/UnityEditor.VectorGraphicsModule.dll"
-r:"/Applications/Unity/Hub/Editor/6000.5.2f1/Unity.app/Contents/Resources/Scripting/Managed/UnityEngine/UnityEditor.VideoModule.dll"
-r:"/Applications/Unity/Hub/Editor/6000.5.2f1/Unity.app/Contents/Resources/Scripting/Managed/UnityEngine/UnityEditor.XRModule.dll"
-r:"/Applications/Unity/Hub/Editor/6000.5.2f1/Unity.app/Contents/Resources/Scripting/Managed/UnityEngine/UnityEditor.dll"
-r:"/Applications/Unity/Hub/Editor/6000.5.2f1/Unity.app/Contents/Resources/Scripting/Managed/UnityEngine/UnityEngine.AIModule.dll"
-r:"/Applications/Unity/Hub/Editor/6000.5.2f1/Unity.app/Contents/Resources/Scripting/Managed/UnityEngine/UnityEngine.AMDModule.dll"
-r:"/Applications/Unity/Hub/Editor/6000.5.2f1/Unity.app/Contents/Resources/Scripting/Managed/UnityEngine/UnityEngine.ARModule.dll"
-r:"/Applications/Unity/Hub/Editor/6000.5.2f1/Unity.app/Contents/Resources/Scripting/Managed/UnityEngine/UnityEngine.AccessibilityModule.dll"
-r:"/Applications/Unity/Hub/Editor/6000.5.2f1/Unity.app/Contents/Resources/Scripting/Managed/UnityEngine/UnityEngine.AdaptivePerformanceModule.dll"
-r:"/Applications/Unity/Hub/Editor/6000.5.2f1/Unity.app/Contents/Resources/Scripting/Managed/UnityEngine/UnityEngine.AndroidJNIModule.dll"
-r:"/Applications/Unity/Hub/Editor/6000.5.2f1/Unity.app/Contents/Resources/Scripting/Managed/UnityEngine/UnityEngine.AnimationModule.dll"
-r:"/Applications/Unity/Hub/Editor/6000.5.2f1/Unity.app/Contents/Resources/Scripting/Managed/UnityEngine/UnityEngine.AssetBundleModule.dll"
-r:"/Applications/Unity/Hub/Editor/6000.5.2f1/Unity.app/Contents/Resources/Scripting/Managed/UnityEngine/UnityEngine.AudioModule.dll"
-r:"/Applications/Unity/Hub/Editor/6000.5.2f1/Unity.app/Contents/Resources/Scripting/Managed/UnityEngine/UnityEngine.ClothModule.dll"
-r:"/Applications/Unity/Hub/Editor/6000.5.2f1/Unity.app/Contents/Resources/Scripting/Managed/UnityEngine/UnityEngine.ClusterInputModule.dll"
-r:"/Applications/Unity/Hub/Editor/6000.5.2f1/Unity.app/Contents/Resources/Scripting/Managed/UnityEngine/UnityEngine.ClusterRendererModule.dll"
-r:"/Applications/Unity/Hub/Editor/6000.5.2f1/Unity.app/Contents/Resources/Scripting/Managed/UnityEngine/UnityEngine.ContentLoadModule.dll"
-r:"/Applications/Unity/Hub/Editor/6000.5.2f1/Unity.app/Contents/Resources/Scripting/Managed/UnityEngine/UnityEngine.CoreModule.dll"
-r:"/Applications/Unity/Hub/Editor/6000.5.2f1/Unity.app/Contents/Resources/Scripting/Managed/UnityEngine/UnityEngine.CrashReportingModule.dll"
-r:"/Applications/Unity/Hub/Editor/6000.5.2f1/Unity.app/Contents/Resources/Scripting/Managed/UnityEngine/UnityEngine.DSPGraphModule.dll"
-r:"/Applications/Unity/Hub/Editor/6000.5.2f1/Unity.app/Contents/Resources/Scripting/Managed/UnityEngine/UnityEngine.DirectorModule.dll"
-r:"/Applications/Unity/Hub/Editor/6000.5.2f1/Unity.app/Contents/Resources/Scripting/Managed/UnityEngine/UnityEngine.GIModule.dll"
-r:"/Applications/Unity/Hub/Editor/6000.5.2f1/Unity.app/Contents/Resources/Scripting/Managed/UnityEngine/UnityEngine.GameCenterModule.dll"
-r:"/Applications/Unity/Hub/Editor/6000.5.2f1/Unity.app/Contents/Resources/Scripting/Managed/UnityEngine/UnityEngine.GraphicsStateCollectionSerializerModule.dll"
-r:"/Applications/Unity/Hub/Editor/6000.5.2f1/Unity.app/Contents/Resources/Scripting/Managed/UnityEngine/UnityEngine.GridModule.dll"
-r:"/Applications/Unity/Hub/Editor/6000.5.2f1/Unity.app/Contents/Resources/Scripting/Managed/UnityEngine/UnityEngine.HierarchyCoreModule.dll"
-r:"/Applications/Unity/Hub/Editor/6000.5.2f1/Unity.app/Contents/Resources/Scripting/Managed/UnityEngine/UnityEngine.HierarchyModule.dll"
-r:"/Applications/Unity/Hub/Editor/6000.5.2f1/Unity.app/Contents/Resources/Scripting/Managed/UnityEngine/UnityEngine.HotReloadModule.dll"
-r:"/Applications/Unity/Hub/Editor/6000.5.2f1/Unity.app/Contents/Resources/Scripting/Managed/UnityEngine/UnityEngine.IMGUIModule.dll"
-r:"/Applications/Unity/Hub/Editor/6000.5.2f1/Unity.app/Contents/Resources/Scripting/Managed/UnityEngine/UnityEngine.IdentifiersModule.dll"
-r:"/Applications/Unity/Hub/Editor/6000.5.2f1/Unity.app/Contents/Resources/Scripting/Managed/UnityEngine/UnityEngine.ImageConversionModule.dll"
-r:"/Applications/Unity/Hub/Editor/6000.5.2f1/Unity.app/Contents/Resources/Scripting/Managed/UnityEngine/UnityEngine.InputForUIModule.dll"
-r:"/Applications/Unity/Hub/Editor/6000.5.2f1/Unity.app/Contents/Resources/Scripting/Managed/UnityEngine/UnityEngine.InputLegacyModule.dll"
-r:"/Applications/Unity/Hub/Editor/6000.5.2f1/Unity.app/Contents/Resources/Scripting/Managed/UnityEngine/UnityEngine.InputModule.dll"
-r:"/Applications/Unity/Hub/Editor/6000.5.2f1/Unity.app/Contents/Resources/Scripting/Managed/UnityEngine/UnityEngine.InsightsModule.dll"
-r:"/Applications/Unity/Hub/Editor/6000.5.2f1/Unity.app/Contents/Resources/Scripting/Managed/UnityEngine/UnityEngine.JSONSerializeModule.dll"
-r:"/Applications/Unity/Hub/Editor/6000.5.2f1/Unity.app/Contents/Resources/Scripting/Managed/UnityEngine/UnityEngine.LocalizationModule.dll"
-r:"/Applications/Unity/Hub/Editor/6000.5.2f1/Unity.app/Contents/Resources/Scripting/Managed/UnityEngine/UnityEngine.MarshallingModule.dll"
-r:"/Applications/Unity/Hub/Editor/6000.5.2f1/Unity.app/Contents/Resources/Scripting/Managed/UnityEngine/UnityEngine.MathematicsModule.dll"
-r:"/Applications/Unity/Hub/Editor/6000.5.2f1/Unity.app/Contents/Resources/Scripting/Managed/UnityEngine/UnityEngine.MultiplayerModule.dll"
-r:"/Applications/Unity/Hub/Editor/6000.5.2f1/Unity.app/Contents/Resources/Scripting/Managed/UnityEngine/UnityEngine.NVIDIAModule.dll"
-r:"/Applications/Unity/Hub/Editor/6000.5.2f1/Unity.app/Contents/Resources/Scripting/Managed/UnityEngine/UnityEngine.ParticleSystemModule.dll"
-r:"/Applications/Unity/Hub/Editor/6000.5.2f1/Unity.app/Contents/Resources/Scripting/Managed/UnityEngine/UnityEngine.PerformanceReportingModule.dll"
-r:"/Applications/Unity/Hub/Editor/6000.5.2f1/Unity.app/Contents/Resources/Scripting/Managed/UnityEngine/UnityEngine.Physics2DModule.dll"
-r:"/Applications/Unity/Hub/Editor/6000.5.2f1/Unity.app/Contents/Resources/Scripting/Managed/UnityEngine/UnityEngine.PhysicsBackendPhysXModule.dll"
-r:"/Applications/Unity/Hub/Editor/6000.5.2f1/Unity.app/Contents/Resources/Scripting/Managed/UnityEngine/UnityEngine.PhysicsCore2DModule.dll"
-r:"/Applications/Unity/Hub/Editor/6000.5.2f1/Unity.app/Contents/Resources/Scripting/Managed/UnityEngine/UnityEngine.PhysicsModule.dll"
-r:"/Applications/Unity/Hub/Editor/6000.5.2f1/Unity.app/Contents/Resources/Scripting/Managed/UnityEngine/UnityEngine.PropertiesModule.dll"
-r:"/Applications/Unity/Hub/Editor/6000.5.2f1/Unity.app/Contents/Resources/Scripting/Managed/UnityEngine/UnityEngine.RenderAs2DModule.dll"
-r:"/Applications/Unity/Hub/Editor/6000.5.2f1/Unity.app/Contents/Resources/Scripting/Managed/UnityEngine/UnityEngine.RuntimeInitializeOnLoadManagerInitializerModule.dll"
-r:"/Applications/Unity/Hub/Editor/6000.5.2f1/Unity.app/Contents/Resources/Scripting/Managed/UnityEngine/UnityEngine.ScreenCaptureModule.dll"
-r:"/Applications/Unity/Hub/Editor/6000.5.2f1/Unity.app/Contents/Resources/Scripting/Managed/UnityEngine/UnityEngine.ScriptingModule.dll"
-r:"/Applications/Unity/Hub/Editor/6000.5.2f1/Unity.app/Contents/Resources/Scripting/Managed/UnityEngine/UnityEngine.ShaderVariantAnalyticsModule.dll"
-r:"/Applications/Unity/Hub/Editor/6000.5.2f1/Unity.app/Contents/Resources/Scripting/Managed/UnityEngine/UnityEngine.SharedInternalsModule.dll"
-r:"/Applications/Unity/Hub/Editor/6000.5.2f1/Unity.app/Contents/Resources/Scripting/Managed/UnityEngine/UnityEngine.SpriteMaskModule.dll"
-r:"/Applications/Unity/Hub/Editor/6000.5.2f1/Unity.app/Contents/Resources/Scripting/Managed/UnityEngine/UnityEngine.SpriteShapeModule.dll"
-r:"/Applications/Unity/Hub/Editor/6000.5.2f1/Unity.app/Contents/Resources/Scripting/Managed/UnityEngine/UnityEngine.StreamingModule.dll"
-r:"/Applications/Unity/Hub/Editor/6000.5.2f1/Unity.app/Contents/Resources/Scripting/Managed/UnityEngine/UnityEngine.SubstanceModule.dll"
-r:"/Applications/Unity/Hub/Editor/6000.5.2f1/Unity.app/Contents/Resources/Scripting/Managed/UnityEngine/UnityEngine.SubsystemsModule.dll"
-r:"/Applications/Unity/Hub/Editor/6000.5.2f1/Unity.app/Contents/Resources/Scripting/Managed/UnityEngine/UnityEngine.TLSModule.dll"
-r:"/Applications/Unity/Hub/Editor/6000.5.2f1/Unity.app/Contents/Resources/Scripting/Managed/UnityEngine/UnityEngine.TerrainModule.dll"
-r:"/Applications/Unity/Hub/Editor/6000.5.2f1/Unity.app/Contents/Resources/Scripting/Managed/UnityEngine/UnityEngine.TerrainPhysicsModule.dll"
-r:"/Applications/Unity/Hub/Editor/6000.5.2f1/Unity.app/Contents/Resources/Scripting/Managed/UnityEngine/UnityEngine.TextCoreFontEngineModule.dll"
-r:"/Applications/Unity/Hub/Editor/6000.5.2f1/Unity.app/Contents/Resources/Scripting/Managed/UnityEngine/UnityEngine.TextCoreTextEngineModule.dll"
-r:"/Applications/Unity/Hub/Editor/6000.5.2f1/Unity.app/Contents/Resources/Scripting/Managed/UnityEngine/UnityEngine.TextRenderingModule.dll"
-r:"/Applications/Unity/Hub/Editor/6000.5.2f1/Unity.app/Contents/Resources/Scripting/Managed/UnityEngine/UnityEngine.TilemapModule.dll"
-r:"/Applications/Unity/Hub/Editor/6000.5.2f1/Unity.app/Contents/Resources/Scripting/Managed/UnityEngine/UnityEngine.U2DRuntimeModule.dll"
-r:"/Applications/Unity/Hub/Editor/6000.5.2f1/Unity.app/Contents/Resources/Scripting/Managed/UnityEngine/UnityEngine.UIElementsModule.dll"
-r:"/Applications/Unity/Hub/Editor/6000.5.2f1/Unity.app/Contents/Resources/Scripting/Managed/UnityEngine/UnityEngine.UIModule.dll"
-r:"/Applications/Unity/Hub/Editor/6000.5.2f1/Unity.app/Contents/Resources/Scripting/Managed/UnityEngine/UnityEngine.UmbraModule.dll"
-r:"/Applications/Unity/Hub/Editor/6000.5.2f1/Unity.app/Contents/Resources/Scripting/Managed/UnityEngine/UnityEngine.UnityAnalyticsCommonModule.dll"
-r:"/Applications/Unity/Hub/Editor/6000.5.2f1/Unity.app/Contents/Resources/Scripting/Managed/UnityEngine/UnityEngine.UnityAnalyticsModule.dll"
-r:"/Applications/Unity/Hub/Editor/6000.5.2f1/Unity.app/Contents/Resources/Scripting/Managed/UnityEngine/UnityEngine.UnityConnectModule.dll"
-r:"/Applications/Unity/Hub/Editor/6000.5.2f1/Unity.app/Contents/Resources/Scripting/Managed/UnityEngine/UnityEngine.UnityConsentModule.dll"
-r:"/Applications/Unity/Hub/Editor/6000.5.2f1/Unity.app/Contents/Resources/Scripting/Managed/UnityEngine/UnityEngine.UnityCurlModule.dll"
-r:"/Applications/Unity/Hub/Editor/6000.5.2f1/Unity.app/Contents/Resources/Scripting/Managed/UnityEngine/UnityEngine.UnityWebRequestAssetBundleModule.dll"
-r:"/Applications/Unity/Hub/Editor/6000.5.2f1/Unity.app/Contents/Resources/Scripting/Managed/UnityEngine/UnityEngine.UnityWebRequestAudioModule.dll"
-r:"/Applications/Unity/Hub/Editor/6000.5.2f1/Unity.app/Contents/Resources/Scripting/Managed/UnityEngine/UnityEngine.UnityWebRequestModule.dll"
-r:"/Applications/Unity/Hub/Editor/6000.5.2f1/Unity.app/Contents/Resources/Scripting/Managed/UnityEngine/UnityEngine.UnityWebRequestTextureModule.dll"
-r:"/Applications/Unity/Hub/Editor/6000.5.2f1/Unity.app/Contents/Resources/Scripting/Managed/UnityEngine/UnityEngine.UnityWebRequestWWWModule.dll"
-r:"/Applications/Unity/Hub/Editor/6000.5.2f1/Unity.app/Contents/Resources/Scripting/Managed/UnityEngine/UnityEngine.VFXModule.dll"
-r:"/Applications/Unity/Hub/Editor/6000.5.2f1/Unity.app/Contents/Resources/Scripting/Managed/UnityEngine/UnityEngine.VectorGraphicsModule.dll"
-r:"/Applications/Unity/Hub/Editor/6000.5.2f1/Unity.app/Contents/Resources/Scripting/Managed/UnityEngine/UnityEngine.VehiclesModule.dll"
-r:"/Applications/Unity/Hub/Editor/6000.5.2f1/Unity.app/Contents/Resources/Scripting/Managed/UnityEngine/UnityEngine.VideoModule.dll"
-r:"/Applications/Unity/Hub/Editor/6000.5.2f1/Unity.app/Contents/Resources/Scripting/Managed/UnityEngine/UnityEngine.VirtualTexturingModule.dll"
-r:"/Applications/Unity/Hub/Editor/6000.5.2f1/Unity.app/Contents/Resources/Scripting/Managed/UnityEngine/UnityEngine.WindModule.dll"
-r:"/Applications/Unity/Hub/Editor/6000.5.2f1/Unity.app/Contents/Resources/Scripting/Managed/UnityEngine/UnityEngine.XRModule.dll"
-r:"/Applications/Unity/Hub/Editor/6000.5.2f1/Unity.app/Contents/Resources/Scripting/Managed/UnityEngine/UnityEngine.dll"
-r:"/Applications/Unity/Hub/Editor/6000.5.2f1/Unity.app/Contents/Resources/Scripting/UnityReferenceAssemblies/unity-4.8-api/Facades/Microsoft.Win32.Primitives.dll"
-r:"/Applications/Unity/Hub/Editor/6000.5.2f1/Unity.app/Contents/Resources/Scripting/UnityReferenceAssemblies/unity-4.8-api/Facades/System.AppContext.dll"
-r:"/Applications/Unity/Hub/Editor/6000.5.2f1/Unity.app/Contents/Resources/Scripting/UnityReferenceAssemblies/unity-4.8-api/Facades/System.Buffers.dll"
-r:"/Applications/Unity/Hub/Editor/6000.5.2f1/Unity.app/Contents/Resources/Scripting/UnityReferenceAssemblies/unity-4.8-api/Facades/System.Collections.Concurrent.dll"
-r:"/Applications/Unity/Hub/Editor/6000.5.2f1/Unity.app/Contents/Resources/Scripting/UnityReferenceAssemblies/unity-4.8-api/Facades/System.Collections.NonGeneric.dll"
-r:"/Applications/Unity/Hub/Editor/6000.5.2f1/Unity.app/Contents/Resources/Scripting/UnityReferenceAssemblies/unity-4.8-api/Facades/System.Collections.Specialized.dll"
-r:"/Applications/Unity/Hub/Editor/6000.5.2f1/Unity.app/Contents/Resources/Scripting/UnityReferenceAssemblies/unity-4.8-api/Facades/System.Collections.dll"
-r:"/Applications/Unity/Hub/Editor/6000.5.2f1/Unity.app/Contents/Resources/Scripting/UnityReferenceAssemblies/unity-4.8-api/Facades/System.ComponentModel.Annotations.dll"
-r:"/Applications/Unity/Hub/Editor/6000.5.2f1/Unity.app/Contents/Resources/Scripting/UnityReferenceAssemblies/unity-4.8-api/Facades/System.ComponentModel.EventBasedAsync.dll"
-r:"/Applications/Unity/Hub/Editor/6000.5.2f1/Unity.app/Contents/Resources/Scripting/UnityReferenceAssemblies/unity-4.8-api/Facades/System.ComponentModel.Primitives.dll"
-r:"/Applications/Unity/Hub/Editor/6000.5.2f1/Unity.app/Contents/Resources/Scripting/UnityReferenceAssemblies/unity-4.8-api/Facades/System.ComponentModel.TypeConverter.dll"
-r:"/Applications/Unity/Hub/Editor/6000.5.2f1/Unity.app/Contents/Resources/Scripting/UnityReferenceAssemblies/unity-4.8-api/Facades/System.ComponentModel.dll"
-r:"/Applications/Unity/Hub/Editor/6000.5.2f1/Unity.app/Contents/Resources/Scripting/UnityReferenceAssemblies/unity-4.8-api/Facades/System.Console.dll"
-r:"/Applications/Unity/Hub/Editor/6000.5.2f1/Unity.app/Contents/Resources/Scripting/UnityReferenceAssemblies/unity-4.8-api/Facades/System.Data.Common.dll"
-r:"/Applications/Unity/Hub/Editor/6000.5.2f1/Unity.app/Contents/Resources/Scripting/UnityReferenceAssemblies/unity-4.8-api/Facades/System.Diagnostics.Contracts.dll"
-r:"/Applications/Unity/Hub/Editor/6000.5.2f1/Unity.app/Contents/Resources/Scripting/UnityReferenceAssemblies/unity-4.8-api/Facades/System.Diagnostics.Debug.dll"
-r:"/Applications/Unity/Hub/Editor/6000.5.2f1/Unity.app/Contents/Resources/Scripting/UnityReferenceAssemblies/unity-4.8-api/Facades/System.Diagnostics.FileVersionInfo.dll"
-r:"/Applications/Unity/Hub/Editor/6000.5.2f1/Unity.app/Contents/Resources/Scripting/UnityReferenceAssemblies/unity-4.8-api/Facades/System.Diagnostics.Process.dll"
-r:"/Applications/Unity/Hub/Editor/6000.5.2f1/Unity.app/Contents/Resources/Scripting/UnityReferenceAssemblies/unity-4.8-api/Facades/System.Diagnostics.StackTrace.dll"
-r:"/Applications/Unity/Hub/Editor/6000.5.2f1/Unity.app/Contents/Resources/Scripting/UnityReferenceAssemblies/unity-4.8-api/Facades/System.Diagnostics.TextWriterTraceListener.dll"
-r:"/Applications/Unity/Hub/Editor/6000.5.2f1/Unity.app/Contents/Resources/Scripting/UnityReferenceAssemblies/unity-4.8-api/Facades/System.Diagnostics.Tools.dll"
-r:"/Applications/Unity/Hub/Editor/6000.5.2f1/Unity.app/Contents/Resources/Scripting/UnityReferenceAssemblies/unity-4.8-api/Facades/System.Diagnostics.TraceSource.dll"
-r:"/Applications/Unity/Hub/Editor/6000.5.2f1/Unity.app/Contents/Resources/Scripting/UnityReferenceAssemblies/unity-4.8-api/Facades/System.Drawing.Primitives.dll"
-r:"/Applications/Unity/Hub/Editor/6000.5.2f1/Unity.app/Contents/Resources/Scripting/UnityReferenceAssemblies/unity-4.8-api/Facades/System.Dynamic.Runtime.dll"
-r:"/Applications/Unity/Hub/Editor/6000.5.2f1/Unity.app/Contents/Resources/Scripting/UnityReferenceAssemblies/unity-4.8-api/Facades/System.Globalization.Calendars.dll"
-r:"/Applications/Unity/Hub/Editor/6000.5.2f1/Unity.app/Contents/Resources/Scripting/UnityReferenceAssemblies/unity-4.8-api/Facades/System.Globalization.Extensions.dll"
-r:"/Applications/Unity/Hub/Editor/6000.5.2f1/Unity.app/Contents/Resources/Scripting/UnityReferenceAssemblies/unity-4.8-api/Facades/System.Globalization.dll"
-r:"/Applications/Unity/Hub/Editor/6000.5.2f1/Unity.app/Contents/Resources/Scripting/UnityReferenceAssemblies/unity-4.8-api/Facades/System.IO.Compression.ZipFile.dll"
-r:"/Applications/Unity/Hub/Editor/6000.5.2f1/Unity.app/Contents/Resources/Scripting/UnityReferenceAssemblies/unity-4.8-api/Facades/System.IO.FileSystem.DriveInfo.dll"
-r:"/Applications/Unity/Hub/Editor/6000.5.2f1/Unity.app/Contents/Resources/Scripting/UnityReferenceAssemblies/unity-4.8-api/Facades/System.IO.FileSystem.Primitives.dll"
-r:"/Applications/Unity/Hub/Editor/6000.5.2f1/Unity.app/Contents/Resources/Scripting/UnityReferenceAssemblies/unity-4.8-api/Facades/System.IO.FileSystem.Watcher.dll"
-r:"/Applications/Unity/Hub/Editor/6000.5.2f1/Unity.app/Contents/Resources/Scripting/UnityReferenceAssemblies/unity-4.8-api/Facades/System.IO.FileSystem.dll"
-r:"/Applications/Unity/Hub/Editor/6000.5.2f1/Unity.app/Contents/Resources/Scripting/UnityReferenceAssemblies/unity-4.8-api/Facades/System.IO.IsolatedStorage.dll"
-r:"/Applications/Unity/Hub/Editor/6000.5.2f1/Unity.app/Contents/Resources/Scripting/UnityReferenceAssemblies/unity-4.8-api/Facades/System.IO.MemoryMappedFiles.dll"
-r:"/Applications/Unity/Hub/Editor/6000.5.2f1/Unity.app/Contents/Resources/Scripting/UnityReferenceAssemblies/unity-4.8-api/Facades/System.IO.Pipes.dll"
-r:"/Applications/Unity/Hub/Editor/6000.5.2f1/Unity.app/Contents/Resources/Scripting/UnityReferenceAssemblies/unity-4.8-api/Facades/System.IO.UnmanagedMemoryStream.dll"
-r:"/Applications/Unity/Hub/Editor/6000.5.2f1/Unity.app/Contents/Resources/Scripting/UnityReferenceAssemblies/unity-4.8-api/Facades/System.IO.dll"
-r:"/Applications/Unity/Hub/Editor/6000.5.2f1/Unity.app/Contents/Resources/Scripting/UnityReferenceAssemblies/unity-4.8-api/Facades/System.Linq.Expressions.dll"
-r:"/Applications/Unity/Hub/Editor/6000.5.2f1/Unity.app/Contents/Resources/Scripting/UnityReferenceAssemblies/unity-4.8-api/Facades/System.Linq.Parallel.dll"
-r:"/Applications/Unity/Hub/Editor/6000.5.2f1/Unity.app/Contents/Resources/Scripting/UnityReferenceAssemblies/unity-4.8-api/Facades/System.Linq.Queryable.dll"
-r:"/Applications/Unity/Hub/Editor/6000.5.2f1/Unity.app/Contents/Resources/Scripting/UnityReferenceAssemblies/unity-4.8-api/Facades/System.Linq.dll"
-r:"/Applications/Unity/Hub/Editor/6000.5.2f1/Unity.app/Contents/Resources/Scripting/UnityReferenceAssemblies/unity-4.8-api/Facades/System.Memory.dll"
-r:"/Applications/Unity/Hub/Editor/6000.5.2f1/Unity.app/Contents/Resources/Scripting/UnityReferenceAssemblies/unity-4.8-api/Facades/System.Net.Http.Rtc.dll"
-r:"/Applications/Unity/Hub/Editor/6000.5.2f1/Unity.app/Contents/Resources/Scripting/UnityReferenceAssemblies/unity-4.8-api/Facades/System.Net.NameResolution.dll"
-r:"/Applications/Unity/Hub/Editor/6000.5.2f1/Unity.app/Contents/Resources/Scripting/UnityReferenceAssemblies/unity-4.8-api/Facades/System.Net.NetworkInformation.dll"
-r:"/Applications/Unity/Hub/Editor/6000.5.2f1/Unity.app/Contents/Resources/Scripting/UnityReferenceAssemblies/unity-4.8-api/Facades/System.Net.Ping.dll"
-r:"/Applications/Unity/Hub/Editor/6000.5.2f1/Unity.app/Contents/Resources/Scripting/UnityReferenceAssemblies/unity-4.8-api/Facades/System.Net.Primitives.dll"
-r:"/Applications/Unity/Hub/Editor/6000.5.2f1/Unity.app/Contents/Resources/Scripting/UnityReferenceAssemblies/unity-4.8-api/Facades/System.Net.Requests.dll"
-r:"/Applications/Unity/Hub/Editor/6000.5.2f1/Unity.app/Contents/Resources/Scripting/UnityReferenceAssemblies/unity-4.8-api/Facades/System.Net.Security.dll"
-r:"/Applications/Unity/Hub/Editor/6000.5.2f1/Unity.app/Contents/Resources/Scripting/UnityReferenceAssemblies/unity-4.8-api/Facades/System.Net.Sockets.dll"
-r:"/Applications/Unity/Hub/Editor/6000.5.2f1/Unity.app/Contents/Resources/Scripting/UnityReferenceAssemblies/unity-4.8-api/Facades/System.Net.WebHeaderCollection.dll"
-r:"/Applications/Unity/Hub/Editor/6000.5.2f1/Unity.app/Contents/Resources/Scripting/UnityReferenceAssemblies/unity-4.8-api/Facades/System.Net.WebSockets.Client.dll"
-r:"/Applications/Unity/Hub/Editor/6000.5.2f1/Unity.app/Contents/Resources/Scripting/UnityReferenceAssemblies/unity-4.8-api/Facades/System.Net.WebSockets.dll"
-r:"/Applications/Unity/Hub/Editor/6000.5.2f1/Unity.app/Contents/Resources/Scripting/UnityReferenceAssemblies/unity-4.8-api/Facades/System.ObjectModel.dll"
-r:"/Applications/Unity/Hub/Editor/6000.5.2f1/Unity.app/Contents/Resources/Scripting/UnityReferenceAssemblies/unity-4.8-api/Facades/System.Reflection.DispatchProxy.dll"
-r:"/Applications/Unity/Hub/Editor/6000.5.2f1/Unity.app/Contents/Resources/Scripting/UnityReferenceAssemblies/unity-4.8-api/Facades/System.Reflection.Emit.ILGeneration.dll"
-r:"/Applications/Unity/Hub/Editor/6000.5.2f1/Unity.app/Contents/Resources/Scripting/UnityReferenceAssemblies/unity-4.8-api/Facades/System.Reflection.Emit.Lightweight.dll"
-r:"/Applications/Unity/Hub/Editor/6000.5.2f1/Unity.app/Contents/Resources/Scripting/UnityReferenceAssemblies/unity-4.8-api/Facades/System.Reflection.Emit.dll"
-r:"/Applications/Unity/Hub/Editor/6000.5.2f1/Unity.app/Contents/Resources/Scripting/UnityReferenceAssemblies/unity-4.8-api/Facades/System.Reflection.Extensions.dll"
-r:"/Applications/Unity/Hub/Editor/6000.5.2f1/Unity.app/Contents/Resources/Scripting/UnityReferenceAssemblies/unity-4.8-api/Facades/System.Reflection.Primitives.dll"
-r:"/Applications/Unity/Hub/Editor/6000.5.2f1/Unity.app/Contents/Resources/Scripting/UnityReferenceAssemblies/unity-4.8-api/Facades/System.Reflection.dll"
-r:"/Applications/Unity/Hub/Editor/6000.5.2f1/Unity.app/Contents/Resources/Scripting/UnityReferenceAssemblies/unity-4.8-api/Facades/System.Resources.Reader.dll"
-r:"/Applications/Unity/Hub/Editor/6000.5.2f1/Unity.app/Contents/Resources/Scripting/UnityReferenceAssemblies/unity-4.8-api/Facades/System.Resources.ResourceManager.dll"
-r:"/Applications/Unity/Hub/Editor/6000.5.2f1/Unity.app/Contents/Resources/Scripting/UnityReferenceAssemblies/unity-4.8-api/Facades/System.Resources.Writer.dll"
-r:"/Applications/Unity/Hub/Editor/6000.5.2f1/Unity.app/Contents/Resources/Scripting/UnityReferenceAssemblies/unity-4.8-api/Facades/System.Runtime.CompilerServices.VisualC.dll"
-r:"/Applications/Unity/Hub/Editor/6000.5.2f1/Unity.app/Contents/Resources/Scripting/UnityReferenceAssemblies/unity-4.8-api/Facades/System.Runtime.Extensions.dll"
-r:"/Applications/Unity/Hub/Editor/6000.5.2f1/Unity.app/Contents/Resources/Scripting/UnityReferenceAssemblies/unity-4.8-api/Facades/System.Runtime.Handles.dll"
-r:"/Applications/Unity/Hub/Editor/6000.5.2f1/Unity.app/Contents/Resources/Scripting/UnityReferenceAssemblies/unity-4.8-api/Facades/System.Runtime.InteropServices.RuntimeInformation.dll"
-r:"/Applications/Unity/Hub/Editor/6000.5.2f1/Unity.app/Contents/Resources/Scripting/UnityReferenceAssemblies/unity-4.8-api/Facades/System.Runtime.InteropServices.WindowsRuntime.dll"
-r:"/Applications/Unity/Hub/Editor/6000.5.2f1/Unity.app/Contents/Resources/Scripting/UnityReferenceAssemblies/unity-4.8-api/Facades/System.Runtime.InteropServices.dll"
-r:"/Applications/Unity/Hub/Editor/6000.5.2f1/Unity.app/Contents/Resources/Scripting/UnityReferenceAssemblies/unity-4.8-api/Facades/System.Runtime.Numerics.dll"
-r:"/Applications/Unity/Hub/Editor/6000.5.2f1/Unity.app/Contents/Resources/Scripting/UnityReferenceAssemblies/unity-4.8-api/Facades/System.Runtime.Serialization.Formatters.dll"
-r:"/Applications/Unity/Hub/Editor/6000.5.2f1/Unity.app/Contents/Resources/Scripting/UnityReferenceAssemblies/unity-4.8-api/Facades/System.Runtime.Serialization.Json.dll"
-r:"/Applications/Unity/Hub/Editor/6000.5.2f1/Unity.app/Contents/Resources/Scripting/UnityReferenceAssemblies/unity-4.8-api/Facades/System.Runtime.Serialization.Primitives.dll"
-r:"/Applications/Unity/Hub/Editor/6000.5.2f1/Unity.app/Contents/Resources/Scripting/UnityReferenceAssemblies/unity-4.8-api/Facades/System.Runtime.Serialization.Xml.dll"
-r:"/Applications/Unity/Hub/Editor/6000.5.2f1/Unity.app/Contents/Resources/Scripting/UnityReferenceAssemblies/unity-4.8-api/Facades/System.Runtime.dll"
-r:"/Applications/Unity/Hub/Editor/6000.5.2f1/Unity.app/Contents/Resources/Scripting/UnityReferenceAssemblies/unity-4.8-api/Facades/System.Security.Claims.dll"
-r:"/Applications/Unity/Hub/Editor/6000.5.2f1/Unity.app/Contents/Resources/Scripting/UnityReferenceAssemblies/unity-4.8-api/Facades/System.Security.Cryptography.Algorithms.dll"
-r:"/Applications/Unity/Hub/Editor/6000.5.2f1/Unity.app/Contents/Resources/Scripting/UnityReferenceAssemblies/unity-4.8-api/Facades/System.Security.Cryptography.Csp.dll"
-r:"/Applications/Unity/Hub/Editor/6000.5.2f1/Unity.app/Contents/Resources/Scripting/UnityReferenceAssemblies/unity-4.8-api/Facades/System.Security.Cryptography.Encoding.dll"
-r:"/Applications/Unity/Hub/Editor/6000.5.2f1/Unity.app/Contents/Resources/Scripting/UnityReferenceAssemblies/unity-4.8-api/Facades/System.Security.Cryptography.Primitives.dll"
-r:"/Applications/Unity/Hub/Editor/6000.5.2f1/Unity.app/Contents/Resources/Scripting/UnityReferenceAssemblies/unity-4.8-api/Facades/System.Security.Cryptography.X509Certificates.dll"
-r:"/Applications/Unity/Hub/Editor/6000.5.2f1/Unity.app/Contents/Resources/Scripting/UnityReferenceAssemblies/unity-4.8-api/Facades/System.Security.Principal.dll"
-r:"/Applications/Unity/Hub/Editor/6000.5.2f1/Unity.app/Contents/Resources/Scripting/UnityReferenceAssemblies/unity-4.8-api/Facades/System.Security.SecureString.dll"
-r:"/Applications/Unity/Hub/Editor/6000.5.2f1/Unity.app/Contents/Resources/Scripting/UnityReferenceAssemblies/unity-4.8-api/Facades/System.ServiceModel.Duplex.dll"
-r:"/Applications/Unity/Hub/Editor/6000.5.2f1/Unity.app/Contents/Resources/Scripting/UnityReferenceAssemblies/unity-4.8-api/Facades/System.ServiceModel.Http.dll"
-r:"/Applications/Unity/Hub/Editor/6000.5.2f1/Unity.app/Contents/Resources/Scripting/UnityReferenceAssemblies/unity-4.8-api/Facades/System.ServiceModel.NetTcp.dll"
-r:"/Applications/Unity/Hub/Editor/6000.5.2f1/Unity.app/Contents/Resources/Scripting/UnityReferenceAssemblies/unity-4.8-api/Facades/System.ServiceModel.Primitives.dll"
-r:"/Applications/Unity/Hub/Editor/6000.5.2f1/Unity.app/Contents/Resources/Scripting/UnityReferenceAssemblies/unity-4.8-api/Facades/System.ServiceModel.Security.dll"
-r:"/Applications/Unity/Hub/Editor/6000.5.2f1/Unity.app/Contents/Resources/Scripting/UnityReferenceAssemblies/unity-4.8-api/Facades/System.Text.Encoding.Extensions.dll"
-r:"/Applications/Unity/Hub/Editor/6000.5.2f1/Unity.app/Contents/Resources/Scripting/UnityReferenceAssemblies/unity-4.8-api/Facades/System.Text.Encoding.dll"
-r:"/Applications/Unity/Hub/Editor/6000.5.2f1/Unity.app/Contents/Resources/Scripting/UnityReferenceAssemblies/unity-4.8-api/Facades/System.Text.RegularExpressions.dll"
-r:"/Applications/Unity/Hub/Editor/6000.5.2f1/Unity.app/Contents/Resources/Scripting/UnityReferenceAssemblies/unity-4.8-api/Facades/System.Threading.Overlapped.dll"
-r:"/Applications/Unity/Hub/Editor/6000.5.2f1/Unity.app/Contents/Resources/Scripting/UnityReferenceAssemblies/unity-4.8-api/Facades/System.Threading.Tasks.Extensions.dll"
-r:"/Applications/Unity/Hub/Editor/6000.5.2f1/Unity.app/Contents/Resources/Scripting/UnityReferenceAssemblies/unity-4.8-api/Facades/System.Threading.Tasks.Parallel.dll"
-r:"/Applications/Unity/Hub/Editor/6000.5.2f1/Unity.app/Contents/Resources/Scripting/UnityReferenceAssemblies/unity-4.8-api/Facades/System.Threading.Tasks.dll"
-r:"/Applications/Unity/Hub/Editor/6000.5.2f1/Unity.app/Contents/Resources/Scripting/UnityReferenceAssemblies/unity-4.8-api/Facades/System.Threading.Thread.dll"
-r:"/Applications/Unity/Hub/Editor/6000.5.2f1/Unity.app/Contents/Resources/Scripting/UnityReferenceAssemblies/unity-4.8-api/Facades/System.Threading.ThreadPool.dll"
-r:"/Applications/Unity/Hub/Editor/6000.5.2f1/Unity.app/Contents/Resources/Scripting/UnityReferenceAssemblies/unity-4.8-api/Facades/System.Threading.Timer.dll"
-r:"/Applications/Unity/Hub/Editor/6000.5.2f1/Unity.app/Contents/Resources/Scripting/UnityReferenceAssemblies/unity-4.8-api/Facades/System.Threading.dll"
-r:"/Applications/Unity/Hub/Editor/6000.5.2f1/Unity.app/Contents/Resources/Scripting/UnityReferenceAssemblies/unity-4.8-api/Facades/System.ValueTuple.dll"
-r:"/Applications/Unity/Hub/Editor/6000.5.2f1/Unity.app/Contents/Resources/Scripting/UnityReferenceAssemblies/unity-4.8-api/Facades/System.Xml.ReaderWriter.dll"
-r:"/Applications/Unity/Hub/Editor/6000.5.2f1/Unity.app/Contents/Resources/Scripting/UnityReferenceAssemblies/unity-4.8-api/Facades/System.Xml.XDocument.dll"
-r:"/Applications/Unity/Hub/Editor/6000.5.2f1/Unity.app/Contents/Resources/Scripting/UnityReferenceAssemblies/unity-4.8-api/Facades/System.Xml.XPath.XDocument.dll"
-r:"/Applications/Unity/Hub/Editor/6000.5.2f1/Unity.app/Contents/Resources/Scripting/UnityReferenceAssemblies/unity-4.8-api/Facades/System.Xml.XPath.dll"
-r:"/Applications/Unity/Hub/Editor/6000.5.2f1/Unity.app/Contents/Resources/Scripting/UnityReferenceAssemblies/unity-4.8-api/Facades/System.Xml.XmlDocument.dll"
-r:"/Applications/Unity/Hub/Editor/6000.5.2f1/Unity.app/Contents/Resources/Scripting/UnityReferenceAssemblies/unity-4.8-api/Facades/System.Xml.XmlSerializer.dll"
-r:"/Applications/Unity/Hub/Editor/6000.5.2f1/Unity.app/Contents/Resources/Scripting/UnityReferenceAssemblies/unity-4.8-api/Facades/netstandard.dll"
-r:"/Applications/Unity/Hub/Editor/6000.5.2f1/Unity.app/Contents/Resources/Scripting/UnityReferenceAssemblies/unity-4.8-api/Microsoft.CSharp.dll"
-r:"/Applications/Unity/Hub/Editor/6000.5.2f1/Unity.app/Contents/Resources/Scripting/UnityReferenceAssemblies/unity-4.8-api/System.ComponentModel.Composition.dll"
-r:"/Applications/Unity/Hub/Editor/6000.5.2f1/Unity.app/Contents/Resources/Scripting/UnityReferenceAssemblies/unity-4.8-api/System.Core.dll"
-r:"/Applications/Unity/Hub/Editor/6000.5.2f1/Unity.app/Contents/Resources/Scripting/UnityReferenceAssemblies/unity-4.8-api/System.Data.DataSetExtensions.dll"
-r:"/Applications/Unity/Hub/Editor/6000.5.2f1/Unity.app/Contents/Resources/Scripting/UnityReferenceAssemblies/unity-4.8-api/System.Data.dll"
-r:"/Applications/Unity/Hub/Editor/6000.5.2f1/Unity.app/Contents/Resources/Scripting/UnityReferenceAssemblies/unity-4.8-api/System.Drawing.dll"
-r:"/Applications/Unity/Hub/Editor/6000.5.2f1/Unity.app/Contents/Resources/Scripting/UnityReferenceAssemblies/unity-4.8-api/System.IO.Compression.FileSystem.dll"
-r:"/Applications/Unity/Hub/Editor/6000.5.2f1/Unity.app/Contents/Resources/Scripting/UnityReferenceAssemblies/unity-4.8-api/System.IO.Compression.dll"
-r:"/Applications/Unity/Hub/Editor/6000.5.2f1/Unity.app/Contents/Resources/Scripting/UnityReferenceAssemblies/unity-4.8-api/System.Net.Http.dll"
-r:"/Applications/Unity/Hub/Editor/6000.5.2f1/Unity.app/Contents/Resources/Scripting/UnityReferenceAssemblies/unity-4.8-api/System.Numerics.Vectors.dll"
-r:"/Applications/Unity/Hub/Editor/6000.5.2f1/Unity.app/Contents/Resources/Scripting/UnityReferenceAssemblies/unity-4.8-api/System.Numerics.dll"
-r:"/Applications/Unity/Hub/Editor/6000.5.2f1/Unity.app/Contents/Resources/Scripting/UnityReferenceAssemblies/unity-4.8-api/System.Runtime.Serialization.dll"
-r:"/Applications/Unity/Hub/Editor/6000.5.2f1/Unity.app/Contents/Resources/Scripting/UnityReferenceAssemblies/unity-4.8-api/System.Transactions.dll"
-r:"/Applications/Unity/Hub/Editor/6000.5.2f1/Unity.app/Contents/Resources/Scripting/UnityReferenceAssemblies/unity-4.8-api/System.Xml.Linq.dll"
-r:"/Applications/Unity/Hub/Editor/6000.5.2f1/Unity.app/Contents/Resources/Scripting/UnityReferenceAssemblies/unity-4.8-api/System.Xml.dll"
-r:"/Applications/Unity/Hub/Editor/6000.5.2f1/Unity.app/Contents/Resources/Scripting/UnityReferenceAssemblies/unity-4.8-api/System.dll"
-r:"/Applications/Unity/Hub/Editor/6000.5.2f1/Unity.app/Contents/Resources/Scripting/UnityReferenceAssemblies/unity-4.8-api/mscorlib.dll"
-r:"Library/Bee/artifacts/200b0aE.dag/Assembly-CSharp.ref.dll"
-r:"Library/Bee/artifacts/200b0aE.dag/Unity.InputSystem.ForUI.ref.dll"
-r:"Library/Bee/artifacts/200b0aE.dag/Unity.InputSystem.ref.dll"
-r:"Library/Bee/artifacts/200b0aE.dag/Unity.InternalAPIEngineBridge.004.ref.dll"
-r:"Library/Bee/artifacts/200b0aE.dag/Unity.Multiplayer.Center.Common.ref.dll"
-r:"Library/Bee/artifacts/200b0aE.dag/Unity.Multiplayer.Center.Editor.ref.dll"
-r:"Library/Bee/artifacts/200b0aE.dag/Unity.TextMeshPro.Editor.ref.dll"
-r:"Library/Bee/artifacts/200b0aE.dag/Unity.TextMeshPro.ref.dll"
-r:"Library/Bee/artifacts/200b0aE.dag/UnityEditor.UI.Analytics.ref.dll"
-r:"Library/Bee/artifacts/200b0aE.dag/UnityEditor.UI.ref.dll"
-r:"Library/Bee/artifacts/200b0aE.dag/UnityEngine.UI.ref.dll"
-analyzer:"/Applications/Unity/Hub/Editor/6000.5.2f1/Unity.app/Contents/Resources/BuildPipeline/Unity.Analyzers.Common/Unity.Analyzers.Common.dll"
-analyzer:"/Applications/Unity/Hub/Editor/6000.5.2f1/Unity.app/Contents/Resources/BuildPipeline/Unity.Analyzers.LongLiving/Unity.Analyzers.LongLiving.dll"
-analyzer:"/Applications/Unity/Hub/Editor/6000.5.2f1/Unity.app/Contents/Resources/BuildPipeline/Unity.SourceGenerators/Unity.Properties.SourceGenerator.dll"
-analyzer:"/Applications/Unity/Hub/Editor/6000.5.2f1/Unity.app/Contents/Resources/BuildPipeline/Unity.SourceGenerators/Unity.SourceGenerators.dll"
-analyzer:"/Applications/Unity/Hub/Editor/6000.5.2f1/Unity.app/Contents/Resources/BuildPipeline/Unity.SourceGenerators/Unity.UIToolkit.SourceGenerator.dll"
-analyzer:"/Applications/Unity/Hub/Editor/6000.5.2f1/Unity.app/Contents/Resources/Scripting/BCLExtensions/TargetingPacks/netstandard2.1/analyzers/dotnet/roslyn4.0/cs/Microsoft.Extensions.Logging.Generators.dll"
-analyzer:"/Applications/Unity/Hub/Editor/6000.5.2f1/Unity.app/Contents/Resources/Scripting/BCLExtensions/TargetingPacks/netstandard2.1/analyzers/dotnet/roslyn4.0/cs/System.Text.Json.SourceGeneration.dll"
"Assets/Editor/UmbraLevelBuilder.cs"
-langversion:9.0
/deterministic
/optimize+
/debug:portable
/nologo
/RuntimeMetadataVersion:v4.0.30319
/nowarn:0169
/nowarn:0649
/nowarn:0282
/nowarn:1701
/nowarn:1702
/utf8output
/preferreduilang:en-US
/additionalfile:"Library/Bee/artifacts/200b0aE.dag/Assembly-CSharp-Editor.UnityAdditionalFile.txt"
##### Custom Environment Variables
DOTNET_HOST_PATH=/Applications/Unity/Hub/Editor/6000.5.2f1/Unity.app/Contents/Resources/Scripting/DotNetSdk/dotnet
DOTNET_MULTILEVEL_LOOKUP=0
##### ExitCode
1
##### Output
Assets/Editor/UmbraLevelBuilder.cs(112,9): error CS0246: The type or namespace name 'Image' could not be found (are you missing a using directive or an assembly reference?)
Assets/Editor/UmbraLevelBuilder.cs(112,63): error CS0246: The type or namespace name 'Image' could not be found (are you missing a using directive or an assembly reference?)
*** Tundra build failed (0.15 seconds), 1 items updated, 267 evaluated

Asset Pipeline Refresh (id=0c1cff7437c3d4ce8b2d5763a340b84d): Total: 0.382 seconds - Initiated by RefreshV2(AllowForceSynchronousImport)
	(Values over 0.05ms)
	Summary:
		Imports: total=0 (actual=0, local cache=0, cache server=0)
		Asset DB Process Time: managed=0 ms, native=37 ms
		Asset DB Callback time: managed=0 ms, native=1 ms
		Scripting: domain reloads=0, domain reload time=0 ms, compile time=0 ms, other=0 ms
		Project Asset Count: scripts=273, non-scripts=300
		Asset File Changes: new=0, changed=1, moved=0, deleted=0
		Scan Filter Count: 1
	InvokePackagesCallback: 0.142ms
	ApplyChangesToAssetFolders: 0.066ms
	Scan: 10.339ms
	ProcessAssetsWithTransientArtifactChanges: 0.108ms
	CategorizeAssets: 0.140ms
	ImportOutOfDateAssets: 2.075ms (0.844ms without children)
		UnloadImportedAssets: 0.186ms
		ImportSchedulerStart: 1.007ms
	PostProcessAllAssets: 0.357ms
		MonoPostProcessAllAssets: 0.234ms
	PostAssetChangesProfiler: 1.181ms
	Untracked: 0.852ms

[ScriptCompilation] Requested script compilation because: AssetDatabase observed changes in script compilation related files
[Licensing::Client] Successfully resolved entitlement details
info: Microsoft.AspNetCore.Hosting.Diagnostics[1]
      Request starting HTTP/2 POST http://ilpp/UnityILPP.PostProcessing/Ping - application/grpc -
info: Microsoft.AspNetCore.Routing.EndpointMiddleware[0]
      Executing endpoint 'gRPC - /UnityILPP.PostProcessing/Ping'
info: Microsoft.AspNetCore.Routing.EndpointMiddleware[1]
      Executed endpoint 'gRPC - /UnityILPP.PostProcessing/Ping'
info: Microsoft.AspNetCore.Hosting.Diagnostics[2]
      Request finished HTTP/2 POST http://ilpp/UnityILPP.PostProcessing/Ping - 200 - application/grpc 0.1317ms
Starting: /Applications/Unity/Hub/Editor/6000.5.2f1/Unity.app/Contents/Resources/BuildPipeline/bee_backend --ipc --defer-dag-verification --dagfile="Library/Bee/200b0aE.dag" --continue-on-failure --profile="Library/Bee/backend1.traceevents" ScriptAssemblies
WorkingDir: /Users/andrew/ProyectosPersonales/Umbra/My project
Total cache size 157736056
Total cache size after purge 157736056, took 00:00:00.0278788
ExitCode: 0 Duration: 0s228ms
[264/267    0s] Csc Library/Bee/artifacts/200b0aE.dag/Assembly-CSharp-Editor.dll (+2 others)
[265/267    0s] CopyFiles Library/ScriptAssemblies/Assembly-CSharp-Editor.dll
[266/267    0s] CopyFiles Library/ScriptAssemblies/Assembly-CSharp-Editor.pdb
*** Tundra build success (0.11 seconds), 3 items updated, 267 evaluated
Reloading assemblies after forced synchronous recompile.
Begin MonoManager ReloadAssembly
2026-08-27 02:07:46.755 Unity[50702:8275043] NSEventModifierFlagFunction specified to -setKeyEquivalentModifierMask: for item <NSMenuItem: 0x760e66440 SDF, ke='Command-F12'>, but is only supported for system-provided menu items; will not be used
2026-08-27 02:07:46.757 Unity[50702:8275043] NSEventModifierFlagFunction specified to -setKeyEquivalentModifierMask: for item <NSMenuItem: 0x760e66620 SDF, ke='Command-F12'>, but is only supported for system-provided menu items; will not be used
2026-08-27 02:07:46.759 Unity[50702:8275043] NSEventModifierFlagFunction specified to -setKeyEquivalentModifierMask: for item <NSMenuItem: 0x760e66300 SDF, ke='Command-F12'>, but is only supported for system-provided menu items; will not be used
2026-08-27 02:07:46.761 Unity[50702:8275043] NSEventModifierFlagFunction specified to -setKeyEquivalentModifierMask: for item <NSMenuItem: 0x760e66620 SDF, ke='Command-F12'>, but is only supported for system-provided menu items; will not be used
Native extension for OSXStandalone target not found
Native extension for WebGL target not found
[MODES] ModeService[none].Initialize
[MODES] ModeService[none].LoadModes
2026-08-27 02:07:47.323 Unity[50702:8275043] NSEventModifierFlagFunction specified to -setKeyEquivalentModifierMask: for item <NSMenuItem: 0x760e64d20 SDF, ke='Command-F12'>, but is only supported for system-provided menu items; will not be used
ScheduleIndexationOnStartup MainProcess:True IndexOnStartup:True
Mono: successfully reloaded assembly
- Finished resetting the current domain, in  0.635 seconds
Domain Reload Profiling: 899ms
	BeginReloadAssembly (186ms)
		DisableScriptedObjects (25ms)
		CreateAndSetChildDomain (49ms)
	RebuildCommonClasses (4ms)
	RebuildNativeTypeToScriptingClass (8ms)
	initialDomainReloadingComplete (14ms)
	LoadAllAssembliesAndSetupDomain (53ms)
		LoadAssemblies (58ms)
		AnalyzeDomain (12ms)
			TypeCache.Refresh (3ms)
			BuildScriptInfoCaches (8ms)
	FinalizeReload (635ms)
		SetupLoadedEditorAssemblies (0ms)
			InitializePlatformSupportModulesInManaged (3ms)
			BeforeProcessingInitializeOnLoad (72ms)
			ProcessInitializeOnLoadAttributes (84ms)
			ProcessInitializeOnLoadMethodAttributes (50ms)
		AwakeInstancesAfterBackupRestoration (191ms)

Asset Pipeline Refresh (id=d48f9b125d28d4740b6e8f93b389cfb5): Total: 1.309 seconds - Initiated by RefreshV2(AllowForceSynchronousImport)
	(Values over 0.05ms)
	Summary:
		Imports: total=0 (actual=0, local cache=0, cache server=0)
		Asset DB Process Time: managed=0 ms, native=701 ms
		Asset DB Callback time: managed=15 ms, native=2 ms
		Scripting: domain reloads=1, domain reload time=280 ms, compile time=1 ms, other=0 ms
		Project Asset Count: scripts=273, non-scripts=300
		Asset File Changes: new=0, changed=1, moved=0, deleted=0
		Scan Filter Count: 1
	InvokePackagesCallback: 0.443ms
	ApplyChangesToAssetFolders: 0.146ms
	Scan: 38.509ms
	Collect global state as custom dependencies: 0.058ms
	ProcessAssetsWithTransientArtifactChanges: 0.309ms
	CategorizeAssets: 2.100ms
	CompileScripts: 0.689ms
	ImportOutOfDateAssets: 638.192ms (637.149ms without children)
		UnloadImportedAssets: 0.095ms
		ImportSchedulerStart: 0.893ms
	PostProcessAllAssets: 15.704ms
		MonoPostProcessAllAssets: 15.571ms
			WindowAssetPostprocessingWatcher.OnPostprocessAllAssets 2.861ms
			BuilderAssetPostprocessor.OnPostprocessAllAssets 2.524ms
			AssetChangedListener.OnPostprocessAllAssets 2.341ms
			AssetPostprocessor.OnPostprocessAllAssets 1.477ms
			SyncVS.PostprocessSyncProject 0.583ms
			RetainedModeAssetPostprocessor.OnPostprocessAllAssets 0.414ms
			SpeedTree9Postprocessor.OnPostprocessAllAssets 0.389ms
			TMPro_TexturePostProcessor.OnPostprocessAllAssets 0.264ms
			ArtifactBrowserPostProcessor.OnPostprocessAllAssets 0.198ms
			AudioMixerPostprocessor.OnPostprocessAllAssets 0.154ms
			TextAssetPostProcessor.OnPostprocessAllAssets 0.144ms
			ProjectSettingsPostprocessor.OnPostprocessAllAssets 0.136ms
			InputActionAssetPostprocessor.OnPostprocessAllAssets 0.134ms
			ReferencedClipsPostProcessor.OnPostprocessAllAssets 0.134ms
			InputActionJsonNameModifierAssetProcessor.OnPostprocessAllAssets 0.119ms
			SpeedTreePostProcessor.OnPostprocessAllAssets 0.083ms
			TerrainToolbarOverlayPostProcessor.OnPostprocessAllAssets 0.081ms
			StyleCatalogPostProcessor.OnPostprocessAllAssets 0.080ms
			AssetEvents.OnPostprocessAllAssets 0.079ms
	PostAssetChangesProfiler: 2.441ms
	GenerateScriptTypeHashes: 0.352ms
	GenerateScriptTypeSerializationHashes: 0.735ms
	Untracked: 288.392ms

[Licensing::Client] Successfully resolved entitlement details
Starting new worker id: 1 with log in /Users/andrew/ProyectosPersonales/Umbra/My project/Logs/AssetImportWorkerHW1.log
[Worker0] Imported GUID: 9470562ff84594911835283af87dfade - Path: Assets/Scripts - Importer: PreviewImporter -> (ImportResultId: '6de574907f3702e3910bb892a9f37208') in 0.002159541 seconds
Worker ready: AssetImportWorkerHW1 1
[Worker0] Imported GUID: 70f56ff96fe2647bd97b5a6c07dc194c - Path: Assets/Sprites/Box.png - Importer: PreviewImporter -> (ImportResultId: '1cd1df7ddf160dccd5ff5251985e9ec9') in 0.094621875 seconds
[Worker1] Imported GUID: c4d706f0363fb48d99d70236ea243e49 - Path: Assets/Sprites/Crystal.png - Importer: PreviewImporter -> (ImportResultId: 'b471fc1208c2e1ccb1a3bf8b8e99969f') in 0.093141583 seconds
[Worker1] Imported GUID: f4aad3caed1cc4627bd9b2763c2dd98e - Path: Assets/Sprites/Ground.png - Importer: PreviewImporter -> (ImportResultId: 'e99b02bef1299a450ce386868fa9335f') in 0.001866917 seconds
[Worker0] Imported GUID: 7f7d79a325939429ea8b37e018fa903d - Path: Assets/Sprites/Fog.png - Importer: PreviewImporter -> (ImportResultId: '9bf8e51ab558198fd28bdacef95dce27') in 0.002267625 seconds
[Worker0] Imported GUID: 16d9da7caddbf4772911a8341cbdc370 - Path: Assets/Sprites/Player.png - Importer: PreviewImporter -> (ImportResultId: 'c4393a80097c9bf51d2ca8b042c99efc') in 0.001549458 seconds
[Worker1] Imported GUID: 7b68264611f07452688dec2f79a5d942 - Path: Assets/Sprites/Hazard.png - Importer: PreviewImporter -> (ImportResultId: '72eff3cfd7cb32c9c2fde095521928e3') in 0.002004916 seconds
Asset Pipeline Refresh (id=d0eeeee6319e84df684cd34c1ec801f9): Total: 0.019 seconds - Initiated by RefreshV2(AllowForceSynchronousImport)
Reloading assemblies for play mode.
Reloading assemblies after forced synchronous recompile.
Begin MonoManager ReloadAssembly
[Licensing::Client] Successfully resolved entitlement details
2026-08-27 02:10:04.472 Unity[50702:8275043] NSEventModifierFlagFunction specified to -setKeyEquivalentModifierMask: for item <NSMenuItem: 0x75e4f35c0 SDF, ke='Command-F12'>, but is only supported for system-provided menu items; will not be used
2026-08-27 02:10:04.474 Unity[50702:8275043] NSEventModifierFlagFunction specified to -setKeyEquivalentModifierMask: for item <NSMenuItem: 0x75e4f03c0 SDF, ke='Command-F12'>, but is only supported for system-provided menu items; will not be used
2026-08-27 02:10:04.475 Unity[50702:8275043] NSEventModifierFlagFunction specified to -setKeyEquivalentModifierMask: for item <NSMenuItem: 0x760e67700 SDF, ke='Command-F12'>, but is only supported for system-provided menu items; will not be used
2026-08-27 02:10:04.477 Unity[50702:8275043] NSEventModifierFlagFunction specified to -setKeyEquivalentModifierMask: for item <NSMenuItem: 0x760e66120 SDF, ke='Command-F12'>, but is only supported for system-provided menu items; will not be used
Native extension for OSXStandalone target not found
Native extension for WebGL target not found
ScheduleIndexationOnStartup MainProcess:True IndexOnStartup:True
[MODES] ModeService[none].Initialize
[MODES] ModeService[none].LoadModes
Mono: successfully reloaded assembly
- Finished resetting the current domain, in  0.543 seconds
Domain Reload Profiling: 724ms
	BeginReloadAssembly (121ms)
		DisableScriptedObjects (25ms)
		CreateAndSetChildDomain (30ms)
	RebuildCommonClasses (3ms)
	RebuildNativeTypeToScriptingClass (7ms)
	initialDomainReloadingComplete (12ms)
	LoadAllAssembliesAndSetupDomain (38ms)
		LoadAssemblies (24ms)
		AnalyzeDomain (3ms)
			TypeCache.Refresh (2ms)
	FinalizeReload (544ms)
		SetupLoadedEditorAssemblies (0ms)
			BeforeProcessingInitializeOnLoad (33ms)
			ProcessInitializeOnLoadAttributes (77ms)
			ProcessInitializeOnLoadMethodAttributes (51ms)
		AwakeInstancesAfterBackupRestoration (205ms)

Asset Pipeline Refresh (id=3a87f78c067774281b39d58323fc4b22): Total: 0.759 seconds - Initiated by StopAssetImportingV2(ForceSynchronousImport | ForceDomainReload)
	(Values over 0.05ms)
	Summary:
		Imports: total=0 (actual=0, local cache=0, cache server=0)
		Asset DB Process Time: managed=0 ms, native=564 ms
		Asset DB Callback time: managed=7 ms, native=0 ms
		Scripting: domain reloads=1, domain reload time=186 ms, compile time=1 ms, other=0 ms
		Project Asset Count: scripts=273, non-scripts=300
		Asset File Changes: new=0, changed=0, moved=0, deleted=0
		Scan Filter Count: 0
	InvokePackagesCallback: 0.432ms
	ApplyChangesToAssetFolders: 0.094ms
	CategorizeAssets: 1.996ms
	CompileScripts: 0.559ms
	ImportOutOfDateAssets: 546.744ms (544.621ms without children)
		UnloadImportedAssets: 1.204ms
		ImportSchedulerStart: 0.872ms
	PostProcessAllAssets: 7.243ms
		MonoPostProcessAllAssets: 7.242ms
			WindowAssetPostprocessingWatcher.OnPostprocessAllAssets 2.845ms
			BuilderAssetPostprocessor.OnPostprocessAllAssets 2.524ms
			AssetChangedListener.OnPostprocessAllAssets 2.341ms
			AssetPostprocessor.OnPostprocessAllAssets 1.477ms
			SyncVS.PostprocessSyncProject 0.471ms
			SpeedTree9Postprocessor.OnPostprocessAllAssets 0.462ms
			RetainedModeAssetPostprocessor.OnPostprocessAllAssets 0.414ms
			TMPro_TexturePostProcessor.OnPostprocessAllAssets 0.264ms
			ArtifactBrowserPostProcessor.OnPostprocessAllAssets 0.198ms
			AudioMixerPostprocessor.OnPostprocessAllAssets 0.154ms
			TextAssetPostProcessor.OnPostprocessAllAssets 0.144ms
			InputActionJsonNameModifierAssetProcessor.OnPostprocessAllAssets 0.119ms
			ReferencedClipsPostProcessor.OnPostprocessAllAssets 0.117ms
			ProjectSettingsPostprocessor.OnPostprocessAllAssets 0.100ms
			InputActionAssetPostprocessor.OnPostprocessAllAssets 0.097ms
			SpeedTreePostProcessor.OnPostprocessAllAssets 0.083ms
			StyleCatalogPostProcessor.OnPostprocessAllAssets 0.080ms
			AssetEvents.OnPostprocessAllAssets 0.079ms
	UnloadStreamsBegin: 0.618ms
	GenerateScriptTypeHashes: 0.328ms
	GenerateScriptTypeSerializationHashes: 0.690ms
	Untracked: 200.422ms

Loaded scene 'Temp/__Backupscenes/0.backup'
	Deserialize:            0.245 ms
	Integration:            14.672 ms
	Integration of assets:  0.001 ms
	Thread Wait Time:       0.005 ms
	Total Operation Time:   14.922 ms
[Licensing::Client] Successfully resolved entitlement details
Asset Pipeline Refresh (id=da653967b19544d9aa0f2a6019fc8294): Total: 0.020 seconds - Initiated by RefreshV2(NoUpdateAssetOptions)
2026-08-27 02:11:52.017 Unity[50702:8275043] NSEventModifierFlagFunction specified to -setKeyEquivalentModifierMask: for item <NSMenuItem: 0x760e66a80 SDF, ke='Command-F12'>, but is only supported for system-provided menu items; will not be used
InvalidOperationException: This cannot be used during play mode.
  at (wrapper managed-to-native) UnityEditor.SceneManagement.EditorSceneManager.SaveCurrentModifiedScenesIfUserWantsTo_Injected(UnityEngine.Bindings.ManagedSpanWrapper&)
  at UnityEditor.SceneManagement.EditorSceneManager.SaveCurrentModifiedScenesIfUserWantsTo (System.String message) [0x0002a] in <8f435c95e2f34aed9008a3127c52f69f>:0 
  at UnityEditor.SceneManagement.EditorSceneManager.SaveCurrentModifiedScenesIfUserWantsTo () [0x00000] in /Users/bokken/build/output/unity/unity/Editor/Mono/EditorSceneManager.cs:56 
  at UmbraLevelBuilder.BuildAll () [0x00005] in /Users/andrew/ProyectosPersonales/Umbra/My project/Assets/Editor/UmbraLevelBuilder.cs:62 

(Filename: /Users/bokken/build/output/unity/unity/Editor/Mono/EditorSceneManager.cs Line: 56)

InvalidOperationException: This cannot be used during play mode.
  at (wrapper managed-to-native) UnityEditor.SceneManagement.EditorSceneManager.SaveCurrentModifiedScenesIfUserWantsTo_Injected(UnityEngine.Bindings.ManagedSpanWrapper&)
  at UnityEditor.SceneManagement.EditorSceneManager.SaveCurrentModifiedScenesIfUserWantsTo (System.String message) [0x0002a] in <8f435c95e2f34aed9008a3127c52f69f>:0 
  at UnityEditor.SceneManagement.EditorSceneManager.SaveCurrentModifiedScenesIfUserWantsTo () [0x00000] in /Users/bokken/build/output/unity/unity/Editor/Mono/EditorSceneManager.cs:56 
  at UmbraLevelBuilder.BuildAll () [0x00005] in /Users/andrew/ProyectosPersonales/Umbra/My project/Assets/Editor/UmbraLevelBuilder.cs:62 

(Filename: /Users/bokken/build/output/unity/unity/Editor/Mono/EditorSceneManager.cs Line: 56)

Asset Pipeline Refresh (id=2a48252c277d1477980e859eb8da74df): Total: 0.024 seconds - Initiated by RefreshV2(NoUpdateAssetOptions)
InvalidOperationException: This cannot be used during play mode.
  at (wrapper managed-to-native) UnityEditor.SceneManagement.EditorSceneManager.SaveCurrentModifiedScenesIfUserWantsTo_Injected(UnityEngine.Bindings.ManagedSpanWrapper&)
  at UnityEditor.SceneManagement.EditorSceneManager.SaveCurrentModifiedScenesIfUserWantsTo (System.String message) [0x0002a] in <8f435c95e2f34aed9008a3127c52f69f>:0 
  at UnityEditor.SceneManagement.EditorSceneManager.SaveCurrentModifiedScenesIfUserWantsTo () [0x00000] in /Users/bokken/build/output/unity/unity/Editor/Mono/EditorSceneManager.cs:56 
  at UmbraLevelBuilder.BuildAll () [0x00005] in /Users/andrew/ProyectosPersonales/Umbra/My project/Assets/Editor/UmbraLevelBuilder.cs:62 

(Filename: /Users/bokken/build/output/unity/unity/Editor/Mono/EditorSceneManager.cs Line: 56)

Asset Pipeline Refresh (id=3a230b88dc54a465788f9cf652e19d87): Total: 0.017 seconds - Initiated by RefreshV2(NoUpdateAssetOptions)
Thread 0x17cf5b000 may have been prematurely finalized
Unloading 0 Unused Serialized files (Serialized files now loaded: 0)
Loaded scene 'Temp/__Backupscenes/0.backup'
	Deserialize:            0.292 ms
	Integration:            13.223 ms
	Integration of assets:  0.001 ms
	Thread Wait Time:       0.008 ms
	Total Operation Time:   13.525 ms
Unloading 499 unused Assets / (16.8 MB). Loaded Objects now: 2843.
Memory consumption went from 272.5 MB to 255.6 MB.
Total: 8.834333 ms (FindLiveObjects: 0.098416 ms CreateObjectMapping: 0.060459 ms MarkObjects: 6.367209 ms  DeleteObjects: 2.307917 ms)

[Licensing::Client] Successfully resolved entitlement details
2026-08-27 02:14:25.928 Unity[50702:8275043] NSEventModifierFlagFunction specified to -setKeyEquivalentModifierMask: for item <NSMenuItem: 0x760e66da0 SDF, ke='Command-F12'>, but is only supported for system-provided menu items; will not be used
Unloading 1 Unused Serialized files (Serialized files now loaded: 0)
Unloading 0 unused Assets / (61.3 KB). Loaded Objects now: 2831.
Memory consumption went from 231.9 MB to 231.8 MB.
Total: 5.856625 ms (FindLiveObjects: 0.080709 ms CreateObjectMapping: 0.049041 ms MarkObjects: 5.723334 ms  DeleteObjects: 0.003334 ms)

Importing 'GUID: 129669c532f9840c7b21e65ac60372ff - Path: Assets/Scenes/Nivel1_Bosque.unity' with importer (DefaultImporter)
Imported 'GUID: 129669c532f9840c7b21e65ac60372ff' -> (Import Result ID: '3ef997ac4058b7193b0a7f05edaa90c7') in 0.002 seconds [static dependencies only]. Details - ImportResultOutputID=7a94234f1ba0d45058270cbddca37834 DependenciesID=2e00cbd1669f17161815983892589ad3 StaticDependenciesID=a296505413b7b1ff538cf9085249317e 
Asset Pipeline Refresh (id=5d3f5ed667da5444b8ba857395e2bab1): Total: 0.023 seconds - Initiated by StopAssetImportingV2(NoUpdateAssetOptions)
Unloading 0 Unused Serialized files (Serialized files now loaded: 0)
Unloading 3 unused Assets / (1.8 KB). Loaded Objects now: 2830.
Memory consumption went from 257.8 MB to 257.8 MB.
Total: 5.809292 ms (FindLiveObjects: 0.084083 ms CreateObjectMapping: 0.039458 ms MarkObjects: 5.668750 ms  DeleteObjects: 0.016709 ms)

Importing 'GUID: 76206f6891c65428e84a4d016819f8ab - Path: Assets/Scenes/Nivel2_Ruinas.unity' with importer (DefaultImporter)
Imported 'GUID: 76206f6891c65428e84a4d016819f8ab' -> (Import Result ID: 'dbeadcfb38ed2afdc540a7880456aa33') in 0.001 seconds [static dependencies only]. Details - ImportResultOutputID=98ad20f0ba883cef87682d566ce850d9 DependenciesID=e16310ab4ea44919b219970c62505f74 StaticDependenciesID=3b11edf19f16a7da765081e602c63339 
Asset Pipeline Refresh (id=6d50bdb146f3b42a7bb0fe2c4583177d): Total: 0.007 seconds - Initiated by StopAssetImportingV2(NoUpdateAssetOptions)
Unloading 0 Unused Serialized files (Serialized files now loaded: 0)
Unloading 2 unused Assets / (0.8 KB). Loaded Objects now: 2830.
Memory consumption went from 261.4 MB to 261.4 MB.
Total: 6.013875 ms (FindLiveObjects: 0.088791 ms CreateObjectMapping: 0.039042 ms MarkObjects: 5.872625 ms  DeleteObjects: 0.012916 ms)

Importing 'GUID: 86d296bd5925944e89dfbed2e27686b4 - Path: Assets/Scenes/Nivel3_Fabrica.unity' with importer (DefaultImporter)
Imported 'GUID: 86d296bd5925944e89dfbed2e27686b4' -> (Import Result ID: 'f8395794b1d508688db6a5f8ef794dd7') in 0.000 seconds [static dependencies only]. Details - ImportResultOutputID=63e90d99fc1184b1d20ba57c9da832e3 DependenciesID=d4c7c618e9bec25e69c672fd154e283d StaticDependenciesID=d42c58d433c235e7cc82823aa0d124ed 
Asset Pipeline Refresh (id=f5a900d98d1e1423296591ef672f9e8d): Total: 0.009 seconds - Initiated by StopAssetImportingV2(NoUpdateAssetOptions)
Unloading 0 Unused Serialized files (Serialized files now loaded: 0)
Unloading 2 unused Assets / (0.8 KB). Loaded Objects now: 2830.
Memory consumption went from 257.6 MB to 257.6 MB.
Total: 5.599334 ms (FindLiveObjects: 0.083250 ms CreateObjectMapping: 0.040042 ms MarkObjects: 5.462708 ms  DeleteObjects: 0.013167 ms)

Importing 'GUID: 47449b4dc481d4fce97c1a262b710f01 - Path: Assets/Scenes/Nivel4_Cavernas.unity' with importer (DefaultImporter)
Imported 'GUID: 47449b4dc481d4fce97c1a262b710f01' -> (Import Result ID: '6d0ab4b4e28a68e4140b11bfbc58cbea') in 0.001 seconds [static dependencies only]. Details - ImportResultOutputID=36a4b4a31cfa7f8b3c3ad8132788e573 DependenciesID=d067b81d82013d184d4d251dbdae6d3d StaticDependenciesID=50d8e7669b4330363551c7c9194ecfd6 
Asset Pipeline Refresh (id=05b494e49539041e9a3c32f4b34a816d): Total: 0.007 seconds - Initiated by StopAssetImportingV2(NoUpdateAssetOptions)
Unloading 0 Unused Serialized files (Serialized files now loaded: 0)
Unloading 2 unused Assets / (0.8 KB). Loaded Objects now: 2830.
Memory consumption went from 261.2 MB to 261.2 MB.
Total: 5.790792 ms (FindLiveObjects: 0.085833 ms CreateObjectMapping: 0.041042 ms MarkObjects: 5.651958 ms  DeleteObjects: 0.011666 ms)

Importing 'GUID: b6d36b1cdfcf14aacbb64fd51fe77979 - Path: Assets/Scenes/Nivel5_Escape.unity' with importer (DefaultImporter)
Imported 'GUID: b6d36b1cdfcf14aacbb64fd51fe77979' -> (Import Result ID: 'f305566ec72eff5143250576b9c95be1') in 0.001 seconds [static dependencies only]. Details - ImportResultOutputID=24ec00e0c90a38b79a2f2f0c769a2f36 DependenciesID=78df00d68acf07a4496fe74de44cb308 StaticDependenciesID=adcb23fec48017a4ae0df9204e28f22a 
Asset Pipeline Refresh (id=b398a0e06e31f4c90a5a10ca4f16aec2): Total: 0.006 seconds - Initiated by StopAssetImportingV2(NoUpdateAssetOptions)
AcceleratorClientConnectionCallback - disconnected - :0
Importing 'GUID: 0000000000000000b000000000000000 - Path: ProjectSettings/EditorBuildSettings.asset' with importer (LibraryAssetImporter)
Imported 'GUID: 0000000000000000b000000000000000' -> (Import Result ID: 'fed14eb319b38fb9c757ccf24ae735d5') in 0.001 seconds [static dependencies only]. Details - ImportResultOutputID=4647dd083cfc32cebcd7526e8846440c DependenciesID=2406a6ee2f6d38c9c47c0b86f18c53d6 StaticDependenciesID=aa20d5c266378893c9a31b1191fb3ca1 
Asset Pipeline Refresh (id=0e557b88f0a424e0e9d0551a75d7a759): Total: 0.005 seconds - Initiated by StopAssetImportingV2(NoUpdateAssetOptions)
Umbra: niveles construidos y agregados a Build Settings.
UnityEngine.Debug:ExtractStackTraceNoAlloc (byte*,int,string)
UnityEngine.StackTraceUtility:ExtractStackTrace () (at /Users/bokken/build/output/unity/unity/Runtime/Export/Scripting/StackTrace.cs:35)
UnityEngine.DebugLogHandler:Internal_Log (UnityEngine.LogType,UnityEngine.LogOption,string,UnityEngine.Object)
UnityEngine.DebugLogHandler:LogFormat (UnityEngine.LogType,UnityEngine.Object,string,object[])
UnityEngine.Logger:Log (UnityEngine.LogType,object)
UnityEngine.Debug:Log (object)
UmbraLevelBuilder:BuildAll () (at Assets/Editor/UmbraLevelBuilder.cs:84)

(Filename: Assets/Editor/UmbraLevelBuilder.cs Line: 84)

Asset Pipeline Refresh (id=140e2c2f10b8644f9b438c3807f49cdf): Total: 0.025 seconds - Initiated by RefreshV2(AllowForceSynchronousImport)
Thread 0x17ad57000 may have been prematurely finalized
Reloading assemblies for play mode.
Reloading assemblies after forced synchronous recompile.
Begin MonoManager ReloadAssembly
[Licensing::Client] Successfully resolved entitlement details
2026-08-27 02:16:12.141 Unity[50702:8275043] NSEventModifierFlagFunction specified to -setKeyEquivalentModifierMask: for item <NSMenuItem: 0x760e67840 SDF, ke='Command-F12'>, but is only supported for system-provided menu items; will not be used
2026-08-27 02:16:12.143 Unity[50702:8275043] NSEventModifierFlagFunction specified to -setKeyEquivalentModifierMask: for item <NSMenuItem: 0x760e673e0 SDF, ke='Command-F12'>, but is only supported for system-provided menu items; will not be used
2026-08-27 02:16:12.145 Unity[50702:8275043] NSEventModifierFlagFunction specified to -setKeyEquivalentModifierMask: for item <NSMenuItem: 0x760e673e0 SDF, ke='Command-F12'>, but is only supported for system-provided menu items; will not be used
2026-08-27 02:16:12.146 Unity[50702:8275043] NSEventModifierFlagFunction specified to -setKeyEquivalentModifierMask: for item <NSMenuItem: 0x760e65680 SDF, ke='Command-F12'>, but is only supported for system-provided menu items; will not be used
Native extension for OSXStandalone target not found
Native extension for WebGL target not found
ScheduleIndexationOnStartup MainProcess:True IndexOnStartup:True
[MODES] ModeService[none].Initialize
[MODES] ModeService[none].LoadModes
Mono: successfully reloaded assembly
- Finished resetting the current domain, in  0.591 seconds
Domain Reload Profiling: 811ms
	BeginReloadAssembly (152ms)
		DisableScriptedObjects (25ms)
		CreateAndSetChildDomain (38ms)
	RebuildCommonClasses (4ms)
	RebuildNativeTypeToScriptingClass (7ms)
	initialDomainReloadingComplete (13ms)
	LoadAllAssembliesAndSetupDomain (44ms)
		LoadAssemblies (50ms)
		AnalyzeDomain (4ms)
			TypeCache.Refresh (2ms)
	FinalizeReload (591ms)
		SetupLoadedEditorAssemblies (0ms)
			BeforeProcessingInitializeOnLoad (36ms)
			ProcessInitializeOnLoadAttributes (82ms)
			ProcessInitializeOnLoadMethodAttributes (50ms)
		AwakeInstancesAfterBackupRestoration (230ms)

Asset Pipeline Refresh (id=2edc7e6e4781549c28b51dbe5eab2141): Total: 0.872 seconds - Initiated by StopAssetImportingV2(ForceSynchronousImport | ForceDomainReload)
	(Values over 0.05ms)
	Summary:
		Imports: total=0 (actual=0, local cache=0, cache server=0)
		Asset DB Process Time: managed=0 ms, native=614 ms
		Asset DB Callback time: managed=9 ms, native=0 ms
		Scripting: domain reloads=1, domain reload time=247 ms, compile time=1 ms, other=0 ms
		Project Asset Count: scripts=273, non-scripts=305
		Asset File Changes: new=0, changed=0, moved=0, deleted=0
		Scan Filter Count: 0
	InvokePackagesCallback: 0.567ms
	ApplyChangesToAssetFolders: 0.192ms
	Collect global state as custom dependencies: 0.059ms
	CategorizeAssets: 2.357ms
	CompileScripts: 0.673ms
	ImportOutOfDateAssets: 593.484ms (592.223ms without children)
		UnloadImportedAssets: 0.088ms
		ImportSchedulerStart: 1.121ms
	PostProcessAllAssets: 9.103ms
		MonoPostProcessAllAssets: 9.102ms
			WindowAssetPostprocessingWatcher.OnPostprocessAllAssets 3.173ms
			SyncVS.PostprocessSyncProject 0.580ms
			SpeedTree9Postprocessor.OnPostprocessAllAssets 0.317ms
			ReferencedClipsPostProcessor.OnPostprocessAllAssets 0.129ms
			ProjectSettingsPostprocessor.OnPostprocessAllAssets 0.123ms
			InputActionAssetPostprocessor.OnPostprocessAllAssets 0.098ms
			AssetDatabaseCallbacks.OnPostprocessAllAssets 0.054ms
			TerrainToolbarOverlayPostProcessor.OnPostprocessAllAssets 0.051ms
	UnloadStreamsBegin: 1.416ms
	GenerateScriptTypeHashes: 0.387ms
	GenerateScriptTypeSerializationHashes: 0.800ms
	Untracked: 262.865ms

Loaded scene 'Temp/__Backupscenes/0.backup'
	Deserialize:            0.646 ms
	Integration:            14.498 ms
	Integration of assets:  0.001 ms
	Thread Wait Time:       0.007 ms
	Total Operation Time:   15.151 ms
There are no audio listeners in the scene. Please ensure there is always one audio listener in the scene
There are no audio listeners in the scene. Please ensure there is always one audio listener in the scene
[Licensing::Client] Successfully resolved entitlement details
Thread 0x16ec13000 may have been prematurely finalized
Unloading 0 Unused Serialized files (Serialized files now loaded: 0)
Loaded scene 'Temp/__Backupscenes/0.backup'
	Deserialize:            0.542 ms
	Integration:            7.851 ms
	Integration of assets:  0.001 ms
	Thread Wait Time:       0.010 ms
	Total Operation Time:   8.403 ms
Unloading 3 unused Assets / (110.9 KB). Loaded Objects now: 2982.
Memory consumption went from 267.6 MB to 267.4 MB.
Total: 5.822792 ms (FindLiveObjects: 0.091958 ms CreateObjectMapping: 0.039958 ms MarkObjects: 5.663041 ms  DeleteObjects: 0.027500 ms)

[Licensing::Client] Successfully resolved entitlement details
Asset Pipeline Refresh (id=e484ad45b4dbd4951ae2fe2cd6f3ae1d): Total: 0.019 seconds - Initiated by RefreshV2(AllowForceSynchronousImport)
2026-08-27 02:17:39.192 Unity[50702:8275043] NSEventModifierFlagFunction specified to -setKeyEquivalentModifierMask: for item <NSMenuItem: 0x75e4e8a00 SDF, ke='Command-F12'>, but is only supported for system-provided menu items; will not be used
2026-08-27 02:17:48.549 Unity[50702:8275043] NSEventModifierFlagFunction specified to -setKeyEquivalentModifierMask: for item <NSMenuItem: 0x75e4e8320 SDF, ke='Command-F12'>, but is only supported for system-provided menu items; will not be used
Thread 0x16ec13000 may have been prematurely finalized
Reloading assemblies for play mode.
Reloading assemblies after forced synchronous recompile.
Begin MonoManager ReloadAssembly
[Licensing::Client] Successfully resolved entitlement details
2026-08-27 02:17:55.162 Unity[50702:8275043] NSEventModifierFlagFunction specified to -setKeyEquivalentModifierMask: for item <NSMenuItem: 0x76298e580 SDF, ke='Command-F12'>, but is only supported for system-provided menu items; will not be used
2026-08-27 02:17:55.164 Unity[50702:8275043] NSEventModifierFlagFunction specified to -setKeyEquivalentModifierMask: for item <NSMenuItem: 0x75e4f15e0 SDF, ke='Command-F12'>, but is only supported for system-provided menu items; will not be used
2026-08-27 02:17:55.165 Unity[50702:8275043] NSEventModifierFlagFunction specified to -setKeyEquivalentModifierMask: for item <NSMenuItem: 0x75e4f19a0 SDF, ke='Command-F12'>, but is only supported for system-provided menu items; will not be used
2026-08-27 02:17:55.167 Unity[50702:8275043] NSEventModifierFlagFunction specified to -setKeyEquivalentModifierMask: for item <NSMenuItem: 0x75e4eb660 SDF, ke='Command-F12'>, but is only supported for system-provided menu items; will not be used
Native extension for OSXStandalone target not found
Native extension for WebGL target not found
ScheduleIndexationOnStartup MainProcess:True IndexOnStartup:True
[MODES] ModeService[none].Initialize
[MODES] ModeService[none].LoadModes
Mono: successfully reloaded assembly
- Finished resetting the current domain, in  0.586 seconds
Domain Reload Profiling: 782ms
	BeginReloadAssembly (131ms)
		DisableScriptedObjects (24ms)
		CreateAndSetChildDomain (38ms)
	RebuildCommonClasses (4ms)
	RebuildNativeTypeToScriptingClass (7ms)
	initialDomainReloadingComplete (13ms)
	LoadAllAssembliesAndSetupDomain (41ms)
		LoadAssemblies (27ms)
		AnalyzeDomain (4ms)
			TypeCache.Refresh (2ms)
	FinalizeReload (587ms)
		SetupLoadedEditorAssemblies (0ms)
			BeforeProcessingInitializeOnLoad (41ms)
			ProcessInitializeOnLoadAttributes (81ms)
			ProcessInitializeOnLoadMethodAttributes (50ms)
		AwakeInstancesAfterBackupRestoration (225ms)

Asset Pipeline Refresh (id=64f3ce19757fb4655b964a280090810b): Total: 0.819 seconds - Initiated by StopAssetImportingV2(ForceSynchronousImport | ForceDomainReload)
	(Values over 0.05ms)
	Summary:
		Imports: total=0 (actual=0, local cache=0, cache server=0)
		Asset DB Process Time: managed=0 ms, native=608 ms
		Asset DB Callback time: managed=7 ms, native=0 ms
		Scripting: domain reloads=1, domain reload time=202 ms, compile time=1 ms, other=0 ms
		Project Asset Count: scripts=273, non-scripts=305
		Asset File Changes: new=0, changed=0, moved=0, deleted=0
		Scan Filter Count: 0
	InvokePackagesCallback: 0.511ms
	ApplyChangesToAssetFolders: 0.119ms
	Collect global state as custom dependencies: 0.055ms
	CategorizeAssets: 2.220ms
	CompileScripts: 0.660ms
	ImportOutOfDateAssets: 588.955ms (587.929ms without children)
		UnloadImportedAssets: 0.069ms
		ImportSchedulerStart: 0.906ms
	PostProcessAllAssets: 7.617ms
		MonoPostProcessAllAssets: 7.616ms
			WindowAssetPostprocessingWatcher.OnPostprocessAllAssets 2.916ms
			SyncVS.PostprocessSyncProject 0.527ms
			SpeedTree9Postprocessor.OnPostprocessAllAssets 0.314ms
			ReferencedClipsPostProcessor.OnPostprocessAllAssets 0.121ms
			ProjectSettingsPostprocessor.OnPostprocessAllAssets 0.114ms
			InputActionAssetPostprocessor.OnPostprocessAllAssets 0.093ms
			AssetDatabaseCallbacks.OnPostprocessAllAssets 0.052ms
	UnloadStreamsBegin: 0.703ms
	GenerateScriptTypeHashes: 0.380ms
	GenerateScriptTypeSerializationHashes: 0.785ms
	Untracked: 217.216ms

Loaded scene 'Temp/__Backupscenes/0.backup'
	Deserialize:            0.716 ms
	Integration:            674.325 ms
	Integration of assets:  0.001 ms
	Thread Wait Time:       0.007 ms
	Total Operation Time:   675.049 ms
[Licensing::Client] Successfully resolved entitlement details
Thread 0x17fec7000 may have been prematurely finalized
Unloading 0 Unused Serialized files (Serialized files now loaded: 0)
Loaded scene 'Temp/__Backupscenes/0.backup'
	Deserialize:            0.560 ms
	Integration:            23.462 ms
	Integration of assets:  0.001 ms
	Thread Wait Time:       0.007 ms
	Total Operation Time:   24.030 ms
Unloading 10 unused Assets / (292.9 KB). Loaded Objects now: 3112.
Memory consumption went from 286.2 MB to 285.9 MB.
Total: 6.153625 ms (FindLiveObjects: 0.102791 ms CreateObjectMapping: 0.043125 ms MarkObjects: 5.959709 ms  DeleteObjects: 0.047667 ms)

[Licensing::Client] Successfully resolved entitlement details
Thread 0x16ec9f000 may have been prematurely finalized
Reloading assemblies for play mode.
Reloading assemblies after forced synchronous recompile.
Begin MonoManager ReloadAssembly
2026-08-27 02:18:06.863 Unity[50702:8275043] NSEventModifierFlagFunction specified to -setKeyEquivalentModifierMask: for item <NSMenuItem: 0x75e4f3840 SDF, ke='Command-F12'>, but is only supported for system-provided menu items; will not be used
2026-08-27 02:18:06.865 Unity[50702:8275043] NSEventModifierFlagFunction specified to -setKeyEquivalentModifierMask: for item <NSMenuItem: 0x75e4f2b20 SDF, ke='Command-F12'>, but is only supported for system-provided menu items; will not be used
2026-08-27 02:18:06.866 Unity[50702:8275043] NSEventModifierFlagFunction specified to -setKeyEquivalentModifierMask: for item <NSMenuItem: 0x760e65c20 SDF, ke='Command-F12'>, but is only supported for system-provided menu items; will not be used
2026-08-27 02:18:06.868 Unity[50702:8275043] NSEventModifierFlagFunction specified to -setKeyEquivalentModifierMask: for item <NSMenuItem: 0x75e4f2bc0 SDF, ke='Command-F12'>, but is only supported for system-provided menu items; will not be used
Native extension for OSXStandalone target not found
Native extension for WebGL target not found
ScheduleIndexationOnStartup MainProcess:True IndexOnStartup:True
[MODES] ModeService[none].Initialize
[MODES] ModeService[none].LoadModes
Mono: successfully reloaded assembly
- Finished resetting the current domain, in  0.586 seconds
Domain Reload Profiling: 800ms
	BeginReloadAssembly (149ms)
		DisableScriptedObjects (23ms)
		CreateAndSetChildDomain (46ms)
	RebuildCommonClasses (4ms)
	RebuildNativeTypeToScriptingClass (7ms)
	initialDomainReloadingComplete (13ms)
	LoadAllAssembliesAndSetupDomain (41ms)
		LoadAssemblies (26ms)
		AnalyzeDomain (4ms)
			TypeCache.Refresh (2ms)
	FinalizeReload (586ms)
		SetupLoadedEditorAssemblies (0ms)
			BeforeProcessingInitializeOnLoad (41ms)
			ProcessInitializeOnLoadAttributes (81ms)
			ProcessInitializeOnLoadMethodAttributes (50ms)
		AwakeInstancesAfterBackupRestoration (226ms)

Asset Pipeline Refresh (id=c0a6cde242e614d84b5bc9d2df9c0d6d): Total: 0.838 seconds - Initiated by StopAssetImportingV2(ForceSynchronousImport | ForceDomainReload)
	(Values over 0.05ms)
	Summary:
		Imports: total=0 (actual=0, local cache=0, cache server=0)
		Asset DB Process Time: managed=0 ms, native=608 ms
		Asset DB Callback time: managed=7 ms, native=0 ms
		Scripting: domain reloads=1, domain reload time=220 ms, compile time=1 ms, other=0 ms
		Project Asset Count: scripts=273, non-scripts=305
		Asset File Changes: new=0, changed=0, moved=0, deleted=0
		Scan Filter Count: 0
	InvokePackagesCallback: 0.510ms
	ApplyChangesToAssetFolders: 0.129ms
	Collect global state as custom dependencies: 0.226ms
	CategorizeAssets: 2.199ms
	CompileScripts: 0.641ms
	ImportOutOfDateAssets: 588.319ms (587.265ms without children)
		UnloadImportedAssets: 0.101ms
		ImportSchedulerStart: 0.903ms
	PostProcessAllAssets: 7.501ms
		MonoPostProcessAllAssets: 7.499ms
			WindowAssetPostprocessingWatcher.OnPostprocessAllAssets 2.898ms
			SyncVS.PostprocessSyncProject 0.513ms
			SpeedTree9Postprocessor.OnPostprocessAllAssets 0.304ms
			ReferencedClipsPostProcessor.OnPostprocessAllAssets 0.122ms
			ProjectSettingsPostprocessor.OnPostprocessAllAssets 0.106ms
			InputActionAssetPostprocessor.OnPostprocessAllAssets 0.095ms
			AssetDatabaseCallbacks.OnPostprocessAllAssets 0.051ms
	UnloadStreamsBegin: 0.887ms
	GenerateScriptTypeHashes: 0.372ms
	GenerateScriptTypeSerializationHashes: 0.775ms
	Untracked: 236.160ms

Loaded scene 'Temp/__Backupscenes/0.backup'
	Deserialize:            0.686 ms
	Integration:            15.368 ms
	Integration of assets:  0.001 ms
	Thread Wait Time:       0.009 ms
	Total Operation Time:   16.064 ms
[Licensing::Client] Successfully resolved entitlement details
Thread 0x312fdf000 may have been prematurely finalized
Unloading 0 Unused Serialized files (Serialized files now loaded: 0)
Loaded scene 'Temp/__Backupscenes/0.backup'
	Deserialize:            0.533 ms
	Integration:            7.704 ms
	Integration of assets:  0.001 ms
	Thread Wait Time:       0.009 ms
	Total Operation Time:   8.246 ms
Unloading 3 unused Assets / (117.0 KB). Loaded Objects now: 3115.
Memory consumption went from 303.0 MB to 302.9 MB.
Total: 6.311083 ms (FindLiveObjects: 0.085833 ms CreateObjectMapping: 0.038125 ms MarkObjects: 6.164917 ms  DeleteObjects: 0.021875 ms)

Asset Pipeline Refresh (id=350232fde27b0473e848b6a542514ef9): Total: 0.020 seconds - Initiated by RefreshV2(AllowForceSynchronousImport)
Thread 0x16ec9f000 may have been prematurely finalized
Reloading assemblies for play mode.
Reloading assemblies after forced synchronous recompile.
Begin MonoManager ReloadAssembly
2026-08-27 02:18:19.310 Unity[50702:8275043] NSEventModifierFlagFunction specified to -setKeyEquivalentModifierMask: for item <NSMenuItem: 0x75e429b80 SDF, ke='Command-F12'>, but is only supported for system-provided menu items; will not be used
2026-08-27 02:18:19.311 Unity[50702:8275043] NSEventModifierFlagFunction specified to -setKeyEquivalentModifierMask: for item <NSMenuItem: 0x75e42a760 SDF, ke='Command-F12'>, but is only supported for system-provided menu items; will not be used
2026-08-27 02:18:19.313 Unity[50702:8275043] NSEventModifierFlagFunction specified to -setKeyEquivalentModifierMask: for item <NSMenuItem: 0x75e4e4000 SDF, ke='Command-F12'>, but is only supported for system-provided menu items; will not be used
2026-08-27 02:18:19.314 Unity[50702:8275043] NSEventModifierFlagFunction specified to -setKeyEquivalentModifierMask: for item <NSMenuItem: 0x75e4e4820 SDF, ke='Command-F12'>, but is only supported for system-provided menu items; will not be used
Native extension for OSXStandalone target not found
Native extension for WebGL target not found
ScheduleIndexationOnStartup MainProcess:True IndexOnStartup:True
[MODES] ModeService[none].Initialize
[MODES] ModeService[none].LoadModes
Mono: successfully reloaded assembly
- Finished resetting the current domain, in  0.590 seconds
Domain Reload Profiling: 802ms
	BeginReloadAssembly (146ms)
		DisableScriptedObjects (23ms)
		CreateAndSetChildDomain (45ms)
	RebuildCommonClasses (4ms)
	RebuildNativeTypeToScriptingClass (7ms)
	initialDomainReloadingComplete (13ms)
	LoadAllAssembliesAndSetupDomain (41ms)
		LoadAssemblies (26ms)
		AnalyzeDomain (4ms)
			TypeCache.Refresh (2ms)
	FinalizeReload (590ms)
		SetupLoadedEditorAssemblies (0ms)
			BeforeProcessingInitializeOnLoad (38ms)
			ProcessInitializeOnLoadAttributes (83ms)
			ProcessInitializeOnLoadMethodAttributes (49ms)
		AwakeInstancesAfterBackupRestoration (229ms)

Asset Pipeline Refresh (id=f07090dc10bf54332aaea0a35908d852): Total: 0.842 seconds - Initiated by StopAssetImportingV2(ForceSynchronousImport | ForceDomainReload)
	(Values over 0.05ms)
	Summary:
		Imports: total=0 (actual=0, local cache=0, cache server=0)
		Asset DB Process Time: managed=0 ms, native=614 ms
		Asset DB Callback time: managed=8 ms, native=0 ms
		Scripting: domain reloads=1, domain reload time=218 ms, compile time=1 ms, other=0 ms
		Project Asset Count: scripts=273, non-scripts=305
		Asset File Changes: new=0, changed=0, moved=0, deleted=0
		Scan Filter Count: 0
	InvokePackagesCallback: 0.566ms
	ApplyChangesToAssetFolders: 0.123ms
	Collect global state as custom dependencies: 0.055ms
	CategorizeAssets: 2.261ms
	CompileScripts: 0.656ms
	ImportOutOfDateAssets: 592.562ms (591.542ms without children)
		UnloadImportedAssets: 0.071ms
		ImportSchedulerStart: 0.900ms
	PostProcessAllAssets: 8.373ms
		MonoPostProcessAllAssets: 8.372ms
			WindowAssetPostprocessingWatcher.OnPostprocessAllAssets 3.040ms
			SyncVS.PostprocessSyncProject 0.554ms
			SpeedTree9Postprocessor.OnPostprocessAllAssets 0.347ms
			ReferencedClipsPostProcessor.OnPostprocessAllAssets 0.127ms
			ProjectSettingsPostprocessor.OnPostprocessAllAssets 0.114ms
			InputActionAssetPostprocessor.OnPostprocessAllAssets 0.098ms
			AssetDatabaseCallbacks.OnPostprocessAllAssets 0.052ms
	GenerateScriptTypeHashes: 0.392ms
	GenerateScriptTypeSerializationHashes: 0.812ms
	Untracked: 235.922ms

Loaded scene 'Temp/__Backupscenes/0.backup'
	Deserialize:            0.659 ms
	Integration:            15.818 ms
	Integration of assets:  0.001 ms
	Thread Wait Time:       0.007 ms
	Total Operation Time:   16.484 ms
[Licensing::Client] Successfully resolved entitlement details
Asset Pipeline Refresh (id=d4549b43070444fa4af0a55da8a8d4cf): Total: 0.017 seconds - Initiated by RefreshV2(NoUpdateAssetOptions)
Thread 0x17ad57000 may have been prematurely finalized
Unloading 0 Unused Serialized files (Serialized files now loaded: 0)
Loaded scene 'Temp/__Backupscenes/0.backup'
	Deserialize:            0.599 ms
	Integration:            7.841 ms
	Integration of assets:  0.001 ms
	Thread Wait Time:       0.009 ms
	Total Operation Time:   8.450 ms
Unloading 3 unused Assets / (128.7 KB). Loaded Objects now: 3116.
Memory consumption went from 316.9 MB to 316.7 MB.
Total: 6.180083 ms (FindLiveObjects: 0.096209 ms CreateObjectMapping: 0.040959 ms MarkObjects: 6.022000 ms  DeleteObjects: 0.020416 ms)

Thread 0x16ec9f000 may have been prematurely finalized
Reloading assemblies for play mode.
Reloading assemblies after forced synchronous recompile.
Begin MonoManager ReloadAssembly
[Licensing::Client] Successfully resolved entitlement details
2026-08-27 02:20:45.727 Unity[50702:8275043] NSEventModifierFlagFunction specified to -setKeyEquivalentModifierMask: for item <NSMenuItem: 0x75e4e4d20 SDF, ke='Command-F12'>, but is only supported for system-provided menu items; will not be used
2026-08-27 02:20:45.729 Unity[50702:8275043] NSEventModifierFlagFunction specified to -setKeyEquivalentModifierMask: for item <NSMenuItem: 0x75e4eada0 SDF, ke='Command-F12'>, but is only supported for system-provided menu items; will not be used
2026-08-27 02:20:45.730 Unity[50702:8275043] NSEventModifierFlagFunction specified to -setKeyEquivalentModifierMask: for item <NSMenuItem: 0x75e4f7c00 SDF, ke='Command-F12'>, but is only supported for system-provided menu items; will not be used
2026-08-27 02:20:45.732 Unity[50702:8275043] NSEventModifierFlagFunction specified to -setKeyEquivalentModifierMask: for item <NSMenuItem: 0x75885eee0 SDF, ke='Command-F12'>, but is only supported for system-provided menu items; will not be used
Native extension for OSXStandalone target not found
Native extension for WebGL target not found
ScheduleIndexationOnStartup MainProcess:True IndexOnStartup:True
[MODES] ModeService[none].Initialize
[MODES] ModeService[none].LoadModes
Mono: successfully reloaded assembly
- Finished resetting the current domain, in  0.591 seconds
Domain Reload Profiling: 805ms
	BeginReloadAssembly (150ms)
		DisableScriptedObjects (27ms)
		CreateAndSetChildDomain (40ms)
	RebuildCommonClasses (4ms)
	RebuildNativeTypeToScriptingClass (7ms)
	initialDomainReloadingComplete (12ms)
	LoadAllAssembliesAndSetupDomain (41ms)
		LoadAssemblies (28ms)
		AnalyzeDomain (4ms)
			TypeCache.Refresh (2ms)
	FinalizeReload (591ms)
		SetupLoadedEditorAssemblies (0ms)
			BeforeProcessingInitializeOnLoad (42ms)
			ProcessInitializeOnLoadAttributes (81ms)
			ProcessInitializeOnLoadMethodAttributes (53ms)
		AwakeInstancesAfterBackupRestoration (226ms)

Asset Pipeline Refresh (id=4deaab25c8c5541479468f8ea56c9203): Total: 0.844 seconds - Initiated by StopAssetImportingV2(ForceSynchronousImport | ForceDomainReload)
	(Values over 0.05ms)
	Summary:
		Imports: total=0 (actual=0, local cache=0, cache server=0)
		Asset DB Process Time: managed=0 ms, native=615 ms
		Asset DB Callback time: managed=7 ms, native=0 ms
		Scripting: domain reloads=1, domain reload time=220 ms, compile time=1 ms, other=0 ms
		Project Asset Count: scripts=273, non-scripts=305
		Asset File Changes: new=0, changed=0, moved=0, deleted=0
		Scan Filter Count: 0
	InvokePackagesCallback: 0.518ms
	ApplyChangesToAssetFolders: 0.195ms
	Collect global state as custom dependencies: 0.258ms
	CategorizeAssets: 2.178ms
	CompileScripts: 0.633ms
	ImportOutOfDateAssets: 593.282ms (592.228ms without children)
		UnloadImportedAssets: 0.091ms
		ImportSchedulerStart: 0.914ms
	PostProcessAllAssets: 7.636ms
		MonoPostProcessAllAssets: 7.635ms
			WindowAssetPostprocessingWatcher.OnPostprocessAllAssets 2.931ms
			SyncVS.PostprocessSyncProject 0.518ms
			SpeedTree9Postprocessor.OnPostprocessAllAssets 0.303ms
			ReferencedClipsPostProcessor.OnPostprocessAllAssets 0.125ms
			ProjectSettingsPostprocessor.OnPostprocessAllAssets 0.117ms
			InputActionAssetPostprocessor.OnPostprocessAllAssets 0.096ms
			AssetDatabaseCallbacks.OnPostprocessAllAssets 0.053ms
	UnloadStreamsBegin: 1.615ms
	GenerateScriptTypeHashes: 0.379ms
	GenerateScriptTypeSerializationHashes: 0.789ms
	Untracked: 236.422ms

Loaded scene 'Temp/__Backupscenes/0.backup'
	Deserialize:            0.741 ms
	Integration:            492.939 ms
	Integration of assets:  0.001 ms
	Thread Wait Time:       0.007 ms
	Total Operation Time:   493.688 ms
[Licensing::Client] Successfully resolved entitlement details
Asset Pipeline Refresh (id=62d851de4f9ee4ad091f7677b53a62d0): Total: 0.018 seconds - Initiated by RefreshV2(NoUpdateAssetOptions)
Thread 0x178e37000 may have been prematurely finalized
Unloading 0 Unused Serialized files (Serialized files now loaded: 0)
Loaded scene 'Temp/__Backupscenes/0.backup'
	Deserialize:            0.527 ms
	Integration:            61.131 ms
	Integration of assets:  0.001 ms
	Thread Wait Time:       0.008 ms
	Total Operation Time:   61.667 ms
Unloading 3 unused Assets / (92.8 KB). Loaded Objects now: 3118.
Memory consumption went from 315.1 MB to 315.0 MB.
Total: 7.031958 ms (FindLiveObjects: 0.100958 ms CreateObjectMapping: 0.039958 ms MarkObjects: 6.873834 ms  DeleteObjects: 0.016625 ms)

[Licensing::Client] Successfully resolved entitlement details
Asset Pipeline Refresh (id=92d441846e6004e4f922b4348dd7e2c3): Total: 0.016 seconds - Initiated by RefreshV2(AllowForceSynchronousImport)
Asset Pipeline Refresh (id=8a713dbe9b63c434d9556432abff3946): Total: 0.017 seconds - Initiated by RefreshV2(AllowForceSynchronousImport)
2026-08-27 02:25:25.340 Unity[50702:8275043] NSEventModifierFlagFunction specified to -setKeyEquivalentModifierMask: for item <NSMenuItem: 0x75e4f1c20 SDF, ke='Command-F12'>, but is only supported for system-provided menu items; will not be used
Asset Pipeline Refresh (id=e023d00ca8ccc453d8614f5c324262a9): Total: 0.015 seconds - Initiated by RefreshV2(AllowForceSynchronousImport)
Unloading 0 Unused Serialized files (Serialized files now loaded: 0)
Unloading 1 unused Assets / (1.8 KB). Loaded Objects now: 3029.
Memory consumption went from 274.5 MB to 274.5 MB.
Total: 7.912500 ms (FindLiveObjects: 0.104708 ms CreateObjectMapping: 0.047084 ms MarkObjects: 7.745833 ms  DeleteObjects: 0.014417 ms)

Importing 'GUID: 129669c532f9840c7b21e65ac60372ff - Path: Assets/Scenes/Nivel1_Bosque.unity' with importer (DefaultImporter)
Imported 'GUID: 129669c532f9840c7b21e65ac60372ff' -> (Import Result ID: '308bcd2102711deb811ad3bfca336703') in 0.001 seconds [static dependencies only]. Details - ImportResultOutputID=7a94234f1ba0d45058270cbddca37834 DependenciesID=560824c0ea46590f12e035666efaa57f StaticDependenciesID=70d937307c68422635f55ff0a9a62765 
Asset Pipeline Refresh (id=49b427535afb44919b9da567875e871a): Total: 0.016 seconds - Initiated by StopAssetImportingV2(NoUpdateAssetOptions)
Unloading 0 Unused Serialized files (Serialized files now loaded: 0)
Unloading 2 unused Assets / (1.4 KB). Loaded Objects now: 3029.
Memory consumption went from 274.0 MB to 274.0 MB.
Total: 6.163833 ms (FindLiveObjects: 0.091208 ms CreateObjectMapping: 0.038417 ms MarkObjects: 6.023458 ms  DeleteObjects: 0.010542 ms)

Importing 'GUID: 76206f6891c65428e84a4d016819f8ab - Path: Assets/Scenes/Nivel2_Ruinas.unity' with importer (DefaultImporter)
Imported 'GUID: 76206f6891c65428e84a4d016819f8ab' -> (Import Result ID: 'f938f5802cc5947f3fa76dcfb05d0c1b') in 0.000 seconds [static dependencies only]. Details - ImportResultOutputID=98ad20f0ba883cef87682d566ce850d9 DependenciesID=f3c38f3b69b652949b3cf0ca4187df20 StaticDependenciesID=c81260c0782de78d24058f84e47bad75 
Asset Pipeline Refresh (id=16a55cf589a1a4b76b02b9f87ddd5d0b): Total: 0.005 seconds - Initiated by StopAssetImportingV2(NoUpdateAssetOptions)
Unloading 0 Unused Serialized files (Serialized files now loaded: 0)
Unloading 2 unused Assets / (2.0 KB). Loaded Objects now: 3029.
Memory consumption went from 277.4 MB to 277.4 MB.
Total: 6.722125 ms (FindLiveObjects: 0.089000 ms CreateObjectMapping: 0.041000 ms MarkObjects: 6.579583 ms  DeleteObjects: 0.012000 ms)

Importing 'GUID: 86d296bd5925944e89dfbed2e27686b4 - Path: Assets/Scenes/Nivel3_Fabrica.unity' with importer (DefaultImporter)
Imported 'GUID: 86d296bd5925944e89dfbed2e27686b4' -> (Import Result ID: 'b76f57228aef700ccab7e71852129993') in 0.000 seconds [static dependencies only]. Details - ImportResultOutputID=63e90d99fc1184b1d20ba57c9da832e3 DependenciesID=948a3db4253e802d6b9c3a675adfedd2 StaticDependenciesID=1c5408d983e18959645f959c77a0803e 
Asset Pipeline Refresh (id=2ad2ea3c3fb5f462cb3844f03c9c3e14): Total: 0.005 seconds - Initiated by StopAssetImportingV2(NoUpdateAssetOptions)
Unloading 0 Unused Serialized files (Serialized files now loaded: 0)
Unloading 2 unused Assets / (1.4 KB). Loaded Objects now: 3029.
Memory consumption went from 280.8 MB to 280.8 MB.
Total: 6.385791 ms (FindLiveObjects: 0.091958 ms CreateObjectMapping: 0.034875 ms MarkObjects: 6.248292 ms  DeleteObjects: 0.010541 ms)

Importing 'GUID: 47449b4dc481d4fce97c1a262b710f01 - Path: Assets/Scenes/Nivel4_Cavernas.unity' with importer (DefaultImporter)
Imported 'GUID: 47449b4dc481d4fce97c1a262b710f01' -> (Import Result ID: '20eada6e94cadae0e8497d5654052469') in 0.000 seconds [static dependencies only]. Details - ImportResultOutputID=36a4b4a31cfa7f8b3c3ad8132788e573 DependenciesID=898cb212c26495ca6aaf97f7df552f8f StaticDependenciesID=f7eaccc1856af1f2b89342dbc7ab7308 
Asset Pipeline Refresh (id=f7bf42cb29c11400c82e4526536343b4): Total: 0.006 seconds - Initiated by StopAssetImportingV2(NoUpdateAssetOptions)
Unloading 0 Unused Serialized files (Serialized files now loaded: 0)
Unloading 2 unused Assets / (1.4 KB). Loaded Objects now: 3029.
Memory consumption went from 272.9 MB to 272.9 MB.
Total: 6.511291 ms (FindLiveObjects: 0.085292 ms CreateObjectMapping: 0.035791 ms MarkObjects: 6.378250 ms  DeleteObjects: 0.011625 ms)

Importing 'GUID: b6d36b1cdfcf14aacbb64fd51fe77979 - Path: Assets/Scenes/Nivel5_Escape.unity' with importer (DefaultImporter)
Imported 'GUID: b6d36b1cdfcf14aacbb64fd51fe77979' -> (Import Result ID: 'c4652773f19925c3dce17bca249ef7f2') in 0.000 seconds [static dependencies only]. Details - ImportResultOutputID=24ec00e0c90a38b79a2f2f0c769a2f36 DependenciesID=c65fd87877f5e8e72116c937d545a2a3 StaticDependenciesID=49400a55e4d9e8df313d3f2ab51b3325 
Asset Pipeline Refresh (id=50d9bf39481b64218ac1591c2c181422): Total: 0.005 seconds - Initiated by StopAssetImportingV2(NoUpdateAssetOptions)
Umbra: niveles construidos y agregados a Build Settings.
UnityEngine.Debug:ExtractStackTraceNoAlloc (byte*,int,string)
UnityEngine.StackTraceUtility:ExtractStackTrace () (at /Users/bokken/build/output/unity/unity/Runtime/Export/Scripting/StackTrace.cs:35)
UnityEngine.DebugLogHandler:Internal_Log (UnityEngine.LogType,UnityEngine.LogOption,string,UnityEngine.Object)
UnityEngine.DebugLogHandler:LogFormat (UnityEngine.LogType,UnityEngine.Object,string,object[])
UnityEngine.Logger:Log (UnityEngine.LogType,object)
UnityEngine.Debug:Log (object)
UmbraLevelBuilder:BuildAll () (at Assets/Editor/UmbraLevelBuilder.cs:84)

(Filename: Assets/Editor/UmbraLevelBuilder.cs Line: 84)

[Licensing::Client] Successfully resolved entitlement details
Unloading 0 Unused Serialized files (Serialized files now loaded: 0)
Unloading 2 unused Assets / (2.4 KB). Loaded Objects now: 3029.
Memory consumption went from 273.6 MB to 273.6 MB.
Total: 7.467959 ms (FindLiveObjects: 0.127625 ms CreateObjectMapping: 0.057833 ms MarkObjects: 7.268417 ms  DeleteObjects: 0.013750 ms)

Importing 'GUID: 129669c532f9840c7b21e65ac60372ff - Path: Assets/Scenes/Nivel1_Bosque.unity' with importer (DefaultImporter)
Imported 'GUID: 129669c532f9840c7b21e65ac60372ff' -> (Import Result ID: '9adaa2353630a84cf57fdeddf414c8cc') in 0.000 seconds [static dependencies only]. Details - ImportResultOutputID=7a94234f1ba0d45058270cbddca37834 DependenciesID=d4d92b39c87e12fef1e2cde4a1bc6afc StaticDependenciesID=cc53808e7f9400085a857a0a06a01595 
Asset Pipeline Refresh (id=74bab6f70b5554a308367363969b6686): Total: 0.006 seconds - Initiated by StopAssetImportingV2(NoUpdateAssetOptions)
Unloading 0 Unused Serialized files (Serialized files now loaded: 0)
Unloading 2 unused Assets / (1.8 KB). Loaded Objects now: 3029.
Memory consumption went from 277.0 MB to 277.0 MB.
Total: 6.164083 ms (FindLiveObjects: 0.092375 ms CreateObjectMapping: 0.038500 ms MarkObjects: 6.021167 ms  DeleteObjects: 0.011583 ms)

Importing 'GUID: 76206f6891c65428e84a4d016819f8ab - Path: Assets/Scenes/Nivel2_Ruinas.unity' with importer (DefaultImporter)
Imported 'GUID: 76206f6891c65428e84a4d016819f8ab' -> (Import Result ID: 'e8ca1e867380c6f4bbad359f92848d29') in 0.000 seconds [static dependencies only]. Details - ImportResultOutputID=98ad20f0ba883cef87682d566ce850d9 DependenciesID=b8de18ed6eb1af7bde826628ba9abede StaticDependenciesID=bbe4529c282c1cbc694cc2e0e7977620 
Asset Pipeline Refresh (id=5c52be5837bf14b5187a73cd14838a78): Total: 0.005 seconds - Initiated by StopAssetImportingV2(NoUpdateAssetOptions)
Unloading 0 Unused Serialized files (Serialized files now loaded: 0)
Unloading 2 unused Assets / (2.0 KB). Loaded Objects now: 3029.
Memory consumption went from 280.4 MB to 280.4 MB.
Total: 5.876292 ms (FindLiveObjects: 0.089666 ms CreateObjectMapping: 0.035792 ms MarkObjects: 5.739042 ms  DeleteObjects: 0.011500 ms)

Importing 'GUID: 86d296bd5925944e89dfbed2e27686b4 - Path: Assets/Scenes/Nivel3_Fabrica.unity' with importer (DefaultImporter)
Imported 'GUID: 86d296bd5925944e89dfbed2e27686b4' -> (Import Result ID: 'e5f3c750eadbebc26d4c5f945f5dca67') in 0.000 seconds [static dependencies only]. Details - ImportResultOutputID=63e90d99fc1184b1d20ba57c9da832e3 DependenciesID=6f75ac0c0cea3a124e9be4f0a05a0505 StaticDependenciesID=61161f4be8e71d5f38227b09ca1fa564 
Asset Pipeline Refresh (id=a374d49a295a0405a9b76c102ba7086d): Total: 0.005 seconds - Initiated by StopAssetImportingV2(NoUpdateAssetOptions)
Unloading 0 Unused Serialized files (Serialized files now loaded: 0)
Unloading 2 unused Assets / (2.0 KB). Loaded Objects now: 3029.
Memory consumption went from 265.6 MB to 265.6 MB.
Total: 6.150375 ms (FindLiveObjects: 0.090666 ms CreateObjectMapping: 0.035667 ms MarkObjects: 6.012500 ms  DeleteObjects: 0.011083 ms)

Importing 'GUID: 47449b4dc481d4fce97c1a262b710f01 - Path: Assets/Scenes/Nivel4_Cavernas.unity' with importer (DefaultImporter)
Imported 'GUID: 47449b4dc481d4fce97c1a262b710f01' -> (Import Result ID: '52344128260796858b1f474874802632') in 0.000 seconds [static dependencies only]. Details - ImportResultOutputID=36a4b4a31cfa7f8b3c3ad8132788e573 DependenciesID=31211d82667e7a723cab57e4ba954c8a StaticDependenciesID=9cb2ff9e1304aaf43f0c9441c2cd317c 
Asset Pipeline Refresh (id=90a007c8dfad942f084271664bf24320): Total: 0.005 seconds - Initiated by StopAssetImportingV2(NoUpdateAssetOptions)
Unloading 0 Unused Serialized files (Serialized files now loaded: 0)
Unloading 2 unused Assets / (2.8 KB). Loaded Objects now: 3029.
Memory consumption went from 269.0 MB to 269.0 MB.
Total: 6.558875 ms (FindLiveObjects: 0.086792 ms CreateObjectMapping: 0.037917 ms MarkObjects: 6.424250 ms  DeleteObjects: 0.009542 ms)

Importing 'GUID: b6d36b1cdfcf14aacbb64fd51fe77979 - Path: Assets/Scenes/Nivel5_Escape.unity' with importer (DefaultImporter)
Imported 'GUID: b6d36b1cdfcf14aacbb64fd51fe77979' -> (Import Result ID: '0d36f6a60cacf71a280db16a50155514') in 0.000 seconds [static dependencies only]. Details - ImportResultOutputID=24ec00e0c90a38b79a2f2f0c769a2f36 DependenciesID=265398f27de90347f3be2e5407267065 StaticDependenciesID=bb05d927bde82d3fe9ba718b7a4b2b6f 
Asset Pipeline Refresh (id=c41dfd4b2f01b4fbaba32f5307e4d5bd): Total: 0.005 seconds - Initiated by StopAssetImportingV2(NoUpdateAssetOptions)
Umbra: niveles construidos y agregados a Build Settings.
UnityEngine.Debug:ExtractStackTraceNoAlloc (byte*,int,string)
UnityEngine.StackTraceUtility:ExtractStackTrace () (at /Users/bokken/build/output/unity/unity/Runtime/Export/Scripting/StackTrace.cs:35)
UnityEngine.DebugLogHandler:Internal_Log (UnityEngine.LogType,UnityEngine.LogOption,string,UnityEngine.Object)
UnityEngine.DebugLogHandler:LogFormat (UnityEngine.LogType,UnityEngine.Object,string,object[])
UnityEngine.Logger:Log (UnityEngine.LogType,object)
UnityEngine.Debug:Log (object)
UmbraLevelBuilder:BuildAll () (at Assets/Editor/UmbraLevelBuilder.cs:84)

(Filename: Assets/Editor/UmbraLevelBuilder.cs Line: 84)

Asset Pipeline Refresh (id=f530da1d6dd5a4bc78495b792e744588): Total: 0.017 seconds - Initiated by RefreshV2(AllowForceSynchronousImport)
[Worker0] Imported GUID: 129669c532f9840c7b21e65ac60372ff - Path: Assets/Scenes/Nivel1_Bosque.unity - Importer: PreviewImporter -> (ImportResultId: '0a4f5fe299ee19e49149bedbce4f23b8') in 0.000911042 seconds
Opening scene 'Assets/Scenes/Nivel1_Bosque.unity'
Unloading 5 Unused Serialized files (Serialized files now loaded: 0)
Loaded scene 'Assets/Scenes/Nivel1_Bosque.unity'
	Deserialize:            0.578 ms
	Integration:            7.503 ms
	Integration of assets:  0.001 ms
	Thread Wait Time:       0.007 ms
	Total Operation Time:   8.090 ms
Unloading 2 unused Assets / (4.0 KB). Loaded Objects now: 3084.
Memory consumption went from 261.9 MB to 261.9 MB.
Total: 6.629583 ms (FindLiveObjects: 0.083250 ms CreateObjectMapping: 0.034375 ms MarkObjects: 6.499667 ms  DeleteObjects: 0.011750 ms)

Asset Pipeline Refresh (id=fe1d2f3ebe0a9443fa3390012fd3367f): Total: 0.017 seconds - Initiated by RefreshV2(AllowForceSynchronousImport)
Asset Pipeline Refresh (id=71c836b522bae40dfbafb0b05f7c3d64): Total: 0.021 seconds - Initiated by RefreshV2(AllowForceSynchronousImport)
Asset Pipeline Refresh (id=8f8bdbfb6c22a49ec9584eb304ccd931): Total: 0.017 seconds - Initiated by RefreshV2(AllowForceSynchronousImport)
Thread 0x179157000 may have been prematurely finalized
Reloading assemblies for play mode.
Reloading assemblies after forced synchronous recompile.
Begin MonoManager ReloadAssembly
[Licensing::Client] Successfully resolved entitlement details
2026-08-27 02:33:52.928 Unity[50702:8275043] NSEventModifierFlagFunction specified to -setKeyEquivalentModifierMask: for item <NSMenuItem: 0x75e4f0e60 SDF, ke='Command-F12'>, but is only supported for system-provided menu items; will not be used
2026-08-27 02:33:52.930 Unity[50702:8275043] NSEventModifierFlagFunction specified to -setKeyEquivalentModifierMask: for item <NSMenuItem: 0x75e4f19a0 SDF, ke='Command-F12'>, but is only supported for system-provided menu items; will not be used
2026-08-27 02:33:52.931 Unity[50702:8275043] NSEventModifierFlagFunction specified to -setKeyEquivalentModifierMask: for item <NSMenuItem: 0x760e65180 SDF, ke='Command-F12'>, but is only supported for system-provided menu items; will not be used
2026-08-27 02:33:52.933 Unity[50702:8275043] NSEventModifierFlagFunction specified to -setKeyEquivalentModifierMask: for item <NSMenuItem: 0x75e4f1d60 SDF, ke='Command-F12'>, but is only supported for system-provided menu items; will not be used
Native extension for OSXStandalone target not found
Native extension for WebGL target not found
ScheduleIndexationOnStartup MainProcess:True IndexOnStartup:True
[MODES] ModeService[none].Initialize
[MODES] ModeService[none].LoadModes
Mono: successfully reloaded assembly
- Finished resetting the current domain, in  0.540 seconds
Domain Reload Profiling: 719ms
	BeginReloadAssembly (119ms)
		DisableScriptedObjects (22ms)
		CreateAndSetChildDomain (35ms)
	RebuildCommonClasses (4ms)
	RebuildNativeTypeToScriptingClass (7ms)
	initialDomainReloadingComplete (12ms)
	LoadAllAssembliesAndSetupDomain (38ms)
		LoadAssemblies (25ms)
		AnalyzeDomain (3ms)
			TypeCache.Refresh (2ms)
	FinalizeReload (540ms)
		SetupLoadedEditorAssemblies (0ms)
			BeforeProcessingInitializeOnLoad (38ms)
			ProcessInitializeOnLoadAttributes (75ms)
			ProcessInitializeOnLoadMethodAttributes (46ms)
		AwakeInstancesAfterBackupRestoration (211ms)

Asset Pipeline Refresh (id=896c8b076072b410f935e0e922940a05): Total: 0.754 seconds - Initiated by StopAssetImportingV2(ForceSynchronousImport | ForceDomainReload)
	(Values over 0.05ms)
	Summary:
		Imports: total=0 (actual=0, local cache=0, cache server=0)
		Asset DB Process Time: managed=0 ms, native=561 ms
		Asset DB Callback time: managed=7 ms, native=0 ms
		Scripting: domain reloads=1, domain reload time=184 ms, compile time=1 ms, other=0 ms
		Project Asset Count: scripts=273, non-scripts=305
		Asset File Changes: new=0, changed=0, moved=0, deleted=0
		Scan Filter Count: 0
	InvokePackagesCallback: 0.468ms
	ApplyChangesToAssetFolders: 0.108ms
	CategorizeAssets: 2.051ms
	CompileScripts: 0.584ms
	ImportOutOfDateAssets: 542.354ms (541.374ms without children)
		UnloadImportedAssets: 0.061ms
		ImportSchedulerStart: 0.873ms
	PostProcessAllAssets: 7.087ms
		MonoPostProcessAllAssets: 7.086ms
			WindowAssetPostprocessingWatcher.OnPostprocessAllAssets 2.792ms
			SyncVS.PostprocessSyncProject 0.500ms
			SpeedTree9Postprocessor.OnPostprocessAllAssets 0.274ms
			ReferencedClipsPostProcessor.OnPostprocessAllAssets 0.115ms
			ProjectSettingsPostprocessor.OnPostprocessAllAssets 0.100ms
			InputActionAssetPostprocessor.OnPostprocessAllAssets 0.088ms
	GenerateScriptTypeHashes: 0.340ms
	GenerateScriptTypeSerializationHashes: 0.704ms
	Untracked: 200.139ms

Loaded scene 'Temp/__Backupscenes/0.backup'
	Deserialize:            0.534 ms
	Integration:            12.417 ms
	Integration of assets:  0.001 ms
	Thread Wait Time:       0.005 ms
	Total Operation Time:   12.957 ms
There are no audio listeners in the scene. Please ensure there is always one audio listener in the scene
There are no audio listeners in the scene. Please ensure there is always one audio listener in the scene
[Licensing::Client] Successfully resolved entitlement details
Thread 0x17f63f000 may have been prematurely finalized
Unloading 4 Unused Serialized files (Serialized files now loaded: 0)
Loaded scene 'Temp/__Backupscenes/0.backup'
	Deserialize:            0.447 ms
	Integration:            7.485 ms
	Integration of assets:  0.000 ms
	Thread Wait Time:       0.007 ms
	Total Operation Time:   7.940 ms
Unloading 5 unused Assets / (93.3 KB). Loaded Objects now: 3074.
Memory consumption went from 261.8 MB to 261.7 MB.
Total: 5.643083 ms (FindLiveObjects: 0.084750 ms CreateObjectMapping: 0.035541 ms MarkObjects: 5.505958 ms  DeleteObjects: 0.016583 ms)

[Licensing::Client] Successfully resolved entitlement details
Asset Pipeline Refresh (id=a26628ddf70e04311b8279e708ca796b): Total: 0.016 seconds - Initiated by RefreshV2(AllowForceSynchronousImport)
Thread 0x179047000 may have been prematurely finalized
Reloading assemblies for play mode.
Reloading assemblies after forced synchronous recompile.
Begin MonoManager ReloadAssembly
[Licensing::Client] Successfully resolved entitlement details
2026-08-27 03:01:11.316 Unity[50702:8275043] NSEventModifierFlagFunction specified to -setKeyEquivalentModifierMask: for item <NSMenuItem: 0x760fcf840 SDF, ke='Command-F12'>, but is only supported for system-provided menu items; will not be used
2026-08-27 03:01:11.318 Unity[50702:8275043] NSEventModifierFlagFunction specified to -setKeyEquivalentModifierMask: for item <NSMenuItem: 0x75e42bc00 SDF, ke='Command-F12'>, but is only supported for system-provided menu items; will not be used
2026-08-27 03:01:11.319 Unity[50702:8275043] NSEventModifierFlagFunction specified to -setKeyEquivalentModifierMask: for item <NSMenuItem: 0x75e428e60 SDF, ke='Command-F12'>, but is only supported for system-provided menu items; will not be used
2026-08-27 03:01:11.321 Unity[50702:8275043] NSEventModifierFlagFunction specified to -setKeyEquivalentModifierMask: for item <NSMenuItem: 0x75e429900 SDF, ke='Command-F12'>, but is only supported for system-provided menu items; will not be used
Native extension for OSXStandalone target not found
Native extension for WebGL target not found
ScheduleIndexationOnStartup MainProcess:True IndexOnStartup:True
[MODES] ModeService[none].Initialize
[MODES] ModeService[none].LoadModes
Mono: successfully reloaded assembly
- Finished resetting the current domain, in  0.531 seconds
Domain Reload Profiling: 718ms
	BeginReloadAssembly (128ms)
		DisableScriptedObjects (22ms)
		CreateAndSetChildDomain (33ms)
	RebuildCommonClasses (4ms)
	RebuildNativeTypeToScriptingClass (7ms)
	initialDomainReloadingComplete (11ms)
	LoadAllAssembliesAndSetupDomain (38ms)
		LoadAssemblies (24ms)
		AnalyzeDomain (3ms)
			TypeCache.Refresh (2ms)
	FinalizeReload (531ms)
		SetupLoadedEditorAssemblies (0ms)
			BeforeProcessingInitializeOnLoad (38ms)
			ProcessInitializeOnLoadAttributes (75ms)
			ProcessInitializeOnLoadMethodAttributes (45ms)
		AwakeInstancesAfterBackupRestoration (205ms)

Asset Pipeline Refresh (id=1dec195b275a14be293a9ba6a9c77628): Total: 0.752 seconds - Initiated by StopAssetImportingV2(ForceSynchronousImport | ForceDomainReload)
	(Values over 0.05ms)
	Summary:
		Imports: total=0 (actual=0, local cache=0, cache server=0)
		Asset DB Process Time: managed=0 ms, native=551 ms
		Asset DB Callback time: managed=7 ms, native=0 ms
		Scripting: domain reloads=1, domain reload time=192 ms, compile time=1 ms, other=0 ms
		Project Asset Count: scripts=273, non-scripts=305
		Asset File Changes: new=0, changed=0, moved=0, deleted=0
		Scan Filter Count: 0
	InvokePackagesCallback: 0.461ms
	ApplyChangesToAssetFolders: 0.110ms
	CategorizeAssets: 2.016ms
	CompileScripts: 0.544ms
	ImportOutOfDateAssets: 533.458ms (532.479ms without children)
		UnloadImportedAssets: 0.055ms
		ImportSchedulerStart: 0.872ms
	PostProcessAllAssets: 7.045ms
		MonoPostProcessAllAssets: 7.044ms
			WindowAssetPostprocessingWatcher.OnPostprocessAllAssets 2.736ms
			SyncVS.PostprocessSyncProject 0.485ms
			SpeedTree9Postprocessor.OnPostprocessAllAssets 0.282ms
			ReferencedClipsPostProcessor.OnPostprocessAllAssets 0.116ms
			ProjectSettingsPostprocessor.OnPostprocessAllAssets 0.098ms
			InputActionAssetPostprocessor.OnPostprocessAllAssets 0.091ms
	GenerateScriptTypeHashes: 0.339ms
	GenerateScriptTypeSerializationHashes: 0.699ms
	Untracked: 207.389ms

Loaded scene 'Temp/__Backupscenes/0.backup'
	Deserialize:            3.724 ms
	Integration:            21.449 ms
	Integration of assets:  0.002 ms
	Thread Wait Time:       0.005 ms
	Total Operation Time:   25.179 ms
There are no audio listeners in the scene. Please ensure there is always one audio listener in the scene
There are no audio listeners in the scene. Please ensure there is always one audio listener in the scene
[Licensing::Client] Successfully resolved entitlement details
Thread 0x17fec7000 may have been prematurely finalized
Unloading 5 Unused Serialized files (Serialized files now loaded: 0)
Loaded scene 'Temp/__Backupscenes/0.backup'
	Deserialize:            0.441 ms
	Integration:            9.279 ms
	Integration of assets:  0.001 ms
	Thread Wait Time:       0.005 ms
	Total Operation Time:   9.726 ms
Unloading 3 unused Assets / (79.0 KB). Loaded Objects now: 3075.
Memory consumption went from 261.9 MB to 261.8 MB.
Total: 5.851250 ms (FindLiveObjects: 0.084417 ms CreateObjectMapping: 0.035875 ms MarkObjects: 5.716583 ms  DeleteObjects: 0.014250 ms)

[Licensing::Client] Successfully resolved entitlement details
Asset Pipeline Refresh (id=453cc50a6622f48758a2ebffa548a4c4): Total: 0.019 seconds - Initiated by RefreshV2(AllowForceSynchronousImport)
Asset Pipeline Refresh (id=dc9cb680ee36f4a5da358bf1ea8b801e): Total: 0.017 seconds - Initiated by RefreshV2(AllowForceSynchronousImport)
2026-08-27 03:03:50.249 Unity[50702:8275043] NSEventModifierFlagFunction specified to -setKeyEquivalentModifierMask: for item <NSMenuItem: 0x75e4f6760 SDF, ke='Command-F12'>, but is only supported for system-provided menu items; will not be used
2026-08-27 03:04:11.242 Unity[50702:8275043] NSEventModifierFlagFunction specified to -setKeyEquivalentModifierMask: for item <NSMenuItem: 0x75e428e60 SDF, ke='Command-F12'>, but is only supported for system-provided menu items; will not be used
Asset Pipeline Refresh (id=23e6cfbc86d2f4b02a42525ed34d7265): Total: 0.024 seconds - Initiated by RefreshV2(AllowForceSynchronousImport)
Asset Pipeline Refresh (id=7cc95c3cf657f44e7af7587314aae49c): Total: 0.019 seconds - Initiated by RefreshV2(AllowForceSynchronousImport)
Asset Pipeline Refresh (id=26a16e327431e424a8f1b8e27f120aeb): Total: 0.017 seconds - Initiated by RefreshV2(AllowForceSynchronousImport)
[Licensing::Client] Successfully resolved entitlement details
Asset Pipeline Refresh (id=40ffe84ef5cd541619388905a76c8df8): Total: 0.018 seconds - Initiated by RefreshV2(AllowForceSynchronousImport)
2026-08-27 03:30:28.685 Unity[50702:8275043] NSEventModifierFlagFunction specified to -setKeyEquivalentModifierMask: for item <NSMenuItem: 0x75edb40a0 SDF, ke='Command-F12'>, but is only supported for system-provided menu items; will not be used
Starting new worker id: 2 with log in /Users/andrew/ProyectosPersonales/Umbra/My project/Logs/AssetImportWorkerHW2.log
[Worker0] Imported GUID: aa1e768bf3ad4ae8898571a206251472 - Path: Packages/com.unity.inputsystem/InputSystem/Controls - Importer: ScriptedImporter/UnityEditor.QuickSearchModule:UnityEditor.Search:ASIAI0B -> (ImportResultId: '054d74b20b968ecc429bd169bf419c1d') in 0.019906 seconds
Starting new worker id: 3 with log in /Users/andrew/ProyectosPersonales/Umbra/My project/Logs/AssetImportWorkerHW3.log
[Worker0] Imported GUID: d1166ae938ecb42adaf8c4530372fb2b - Path: Packages/com.unity.inputsystem/InputSystem/Events/ActionEvent.cs - Importer: ScriptedImporter/UnityEditor.QuickSearchModule:UnityEditor.Search:ASIAI0B -> (ImportResultId: 'dbb1ff4c889b49d285f903b82358360c') in 0.031220458 seconds
[Worker1] Imported GUID: cdc588cfee2e9a84a9d748fb7314daff - Path: Packages/com.unity.inputsystem/InputSystem/Editor/UITKAssetEditor/Views/ViewStateCollection.cs - Importer: ScriptedImporter/UnityEditor.QuickSearchModule:UnityEditor.Search:ASIAI0B -> (ImportResultId: 'd8359d1e93fa1680389dfcfebf4f469e') in 0.053509541 seconds
[Worker0] Imported GUID: 7009ea2cce278c14d852537c8f40c8a0 - Path: Packages/com.unity.inputsystem/InputSystem/Controls/IntegerControl.cs - Importer: ScriptedImporter/UnityEditor.QuickSearchModule:UnityEditor.Search:ASIAI0B -> (ImportResultId: 'dd5d46d0c69f3d170be0064850ea2382') in 0.000989667 seconds
[Worker0] Imported GUID: 6873ac51fc9d6dc4dbb6d9dc77a5eb49 - Path: Packages/com.unity.inputsystem/InputSystem/Devices/Commands/SetIMECursorPositionCommand.cs - Importer: ScriptedImporter/UnityEditor.QuickSearchModule:UnityEditor.Search:ASIAI0B -> (ImportResultId: 'f9312ccea497ae3d1bb0211cc786f4fa') in 0.000975584 seconds
[Worker1] Imported GUID: 15ce6d517ffb81e44bc72545abacdc9c - Path: Packages/com.unity.inputsystem/InputSystem/Editor/PropertyDrawers/InputActionAssetSearchProvider.cs - Importer: ScriptedImporter/UnityEditor.QuickSearchModule:UnityEditor.Search:ASIAI0B -> (ImportResultId: 'ee1b9a0150e51cbd5a8932924312882a') in 0.002146917 seconds
[Worker0] Imported GUID: c7225419e3d446c5982afd5ba9cce319 - Path: Packages/com.unity.inputsystem/InputSystem/Plugins/DualShock/DualShockGamepadHID.cs - Importer: ScriptedImporter/UnityEditor.QuickSearchModule:UnityEditor.Search:ASIAI0B -> (ImportResultId: '6699b9de81349b33be6eb4253acc5ad2') in 0.000911458 seconds
[Worker0] Imported GUID: 0aec7c7bf99354f66bc2a1d18bd0b4d2 - Path: Packages/com.unity.inputsystem/InputSystem/Editor/Icons/d_Pen@4x.png - Importer: ScriptedImporter/UnityEditor.QuickSearchModule:UnityEditor.Search:ASIAI0B -> (ImportResultId: '9d06cfe799dd951a697bd295e3c250d2') in 0.019055333 seconds
[Worker1] Imported GUID: ab9b5824ece1d443aa1f3a5672d9da86 - Path: Packages/com.unity.inputsystem/InputSystem/Editor/Icons/d_Dpad@2x.png - Importer: ScriptedImporter/UnityEditor.QuickSearchModule:UnityEditor.Search:ASIAI0B -> (ImportResultId: 'c756d7660199619046cc8d50fe75539c') in 0.019453667 seconds
[Worker1] Imported GUID: ce150b9c1acd40e0a087ca3f3257831d - Path: Packages/com.unity.inputsystem/InputSystem/Controls/InputControlPath.cs - Importer: ScriptedImporter/UnityEditor.QuickSearchModule:UnityEditor.Search:ASIAI0B -> (ImportResultId: '332c64d7e4a46b18016ec288ec97a262') in 0.001437209 seconds
[Worker0] Imported GUID: 1c37f00575bd6494ea726be5afee89b9 - Path: Packages/com.unity.inputsystem/InputSystem/Editor/Icons/Button@2x.png - Importer: ScriptedImporter/UnityEditor.QuickSearchModule:UnityEditor.Search:ASIAI0B -> (ImportResultId: '4e5726539d65f9ab09bb7e1200787b0d') in 0.002638958 seconds
[Worker1] Imported GUID: c77cd15ef9ca14d3e928d192049c276d - Path: Packages/com.unity.inputsystem/InputSystem/Actions/InputActionChange.cs - Importer: ScriptedImporter/UnityEditor.QuickSearchModule:UnityEditor.Search:ASIAI0B -> (ImportResultId: '236ca22e22ac0ec9bd614d92debc6c5f') in 0.00095325 seconds
[Worker0] Imported GUID: b01eed8192c9f442b820a7af87ac73f8 - Path: Packages/com.unity.inputsystem/InputSystem/Editor/ControlPicker - Importer: ScriptedImporter/UnityEditor.QuickSearchModule:UnityEditor.Search:ASIAI0B -> (ImportResultId: '2d4454757261b20416cdfc848127c0d7') in 0.000679916 seconds
[Worker1] Imported GUID: 49a488c9c543d82408e3f15c90d36980 - Path: Packages/com.unity.inputsystem/InputSystem/Editor/UITKAssetEditor/Views/IViewStateCollection.cs - Importer: ScriptedImporter/UnityEditor.QuickSearchModule:UnityEditor.Search:ASIAI0B -> (ImportResultId: '7e7da5d51c69e7db3b320495eea773cf') in 0.000856583 seconds
[Worker0] Imported GUID: 84e410cdded84dd3971c9dbe94605503 - Path: Packages/com.unity.inputsystem/InputSystem/Controls/Processors/InvertProcessor.cs - Importer: ScriptedImporter/UnityEditor.QuickSearchModule:UnityEditor.Search:ASIAI0B -> (ImportResultId: 'bbcb1b99f7c634d846330e28c1b0b248') in 0.00089775 seconds
[Worker1] Imported GUID: 72251f49d44478b4c93462938d7ce4cf - Path: Packages/com.unity.inputsystem/InputSystem/Controls/DoubleControl.cs - Importer: ScriptedImporter/UnityEditor.QuickSearchModule:UnityEditor.Search:ASIAI0B -> (ImportResultId: 'fae5125ce4df7d91de352bd8ab89fd4b') in 0.000778041 seconds
[Worker1] Imported GUID: c5bdeae4dabac4bf19f7a1afcf5ca678 - Path: Packages/com.unity.inputsystem/InputSystem/Editor/Icons/d_Position.png - Importer: ScriptedImporter/UnityEditor.QuickSearchModule:UnityEditor.Search:ASIAI0B -> (ImportResultId: 'e7f6d5e5da5077a23587418fe05fd406') in 0.002208708 seconds
[Worker0] Imported GUID: 82073a8bfd6b8488a89b8796d500d12d - Path: Packages/com.unity.inputsystem/InputSystem/Editor/Icons/Touch@2x.png - Importer: ScriptedImporter/UnityEditor.QuickSearchModule:UnityEditor.Search:ASIAI0B -> (ImportResultId: '1b4dcfddaf293cbc7534d108d67b840c') in 0.002926541 seconds
[Worker1] Imported GUID: 6ef7b744d03d44f2a82c38ac2f25b21f - Path: Packages/com.unity.inputsystem/InputSystem/Controls/Processors/CompensateRotationProcessor.cs - Importer: ScriptedImporter/UnityEditor.QuickSearchModule:UnityEditor.Search:ASIAI0B -> (ImportResultId: 'f4e27e8e60539226b451f04710373481') in 0.000736041 seconds
[Worker0] Imported GUID: ec85de66fa5b64dd984fdcc82f8f92b3 - Path: Packages/com.unity.inputsystem/InputSystem/Editor/Icons/InputControl.png - Importer: ScriptedImporter/UnityEditor.QuickSearchModule:UnityEditor.Search:ASIAI0B -> (ImportResultId: '3531fd2e46ba4fdcdfe908085358f53d') in 0.002240167 seconds
[Worker1] Imported GUID: a9fe7c3d19af4432b9ae2a5172f4ea72 - Path: Packages/com.unity.inputsystem/InputSystem/Editor/Icons/ChevronUp.png - Importer: ScriptedImporter/UnityEditor.QuickSearchModule:UnityEditor.Search:ASIAI0B -> (ImportResultId: 'd857df353b398f152158bf5d7743f1e1') in 0.002765167 seconds
[Worker0] Imported GUID: 96d7b220d8769944f9aca48b3218daaa - Path: Packages/com.unity.inputsystem/Tests/IntegrationTests/IntegrationTests.cs - Importer: ScriptedImporter/UnityEditor.QuickSearchModule:UnityEditor.Search:ASIAI0B -> (ImportResultId: '97b43b8af6c79a446493c357f365aefe') in 0.000775292 seconds
[Worker1] Imported GUID: bd293de081caa442dae1595e4c7a6773 - Path: Packages/com.unity.inputsystem/InputSystem/Editor/DeviceSimulator - Importer: ScriptedImporter/UnityEditor.QuickSearchModule:UnityEditor.Search:ASIAI0B -> (ImportResultId: '1bcf82d1bf54d19af2641b5e5bc6356a') in 0.000762125 seconds
[Worker0] Imported GUID: 2167295510884d5eb4722df2ba677996 - Path: Packages/com.unity.inputsystem/InputSystem/Editor/Analytics/OnScreenStickEditorAnalytic.cs - Importer: ScriptedImporter/UnityEditor.QuickSearchModule:UnityEditor.Search:ASIAI0B -> (ImportResultId: '3cf107996afdede4c24d90c27249c29e') in 0.000964458 seconds
[Worker0] Imported GUID: 56bc028967c346c2bd33842d7b252123 - Path: Packages/com.unity.inputsystem/InputSystem/Editor/Analytics/PlayerInputEditorAnalytic.cs - Importer: ScriptedImporter/UnityEditor.QuickSearchModule:UnityEditor.Search:ASIAI0B -> (ImportResultId: '69ac019298c82941755ccbae073bfed9') in 0.000741292 seconds
[Worker1] Imported GUID: ba304f5556a3a4fac98d126883083e7e - Path: Packages/com.unity.inputsystem/InputSystem/Editor/Icons/ChevronDown.png - Importer: ScriptedImporter/UnityEditor.QuickSearchModule:UnityEditor.Search:ASIAI0B -> (ImportResultId: '2a37c5ce313b6e316ac79944efa0a685') in 0.002224959 seconds
[Worker0] Imported GUID: bb42fb9342e9d4e68b6cf39a2e071d9b - Path: Packages/com.unity.inputsystem/InputSystem/Editor/Icons/d_Pen.png - Importer: ScriptedImporter/UnityEditor.QuickSearchModule:UnityEditor.Search:ASIAI0B -> (ImportResultId: '6ccb6fbedba04f8090e53462a7c231fa') in 0.002040667 seconds
[Worker0] Imported GUID: 98590516d066443e58df0deff4a95b21 - Path: Packages/com.unity.inputsystem/InputSystem/Controls/Processors/ScaleProcessor.cs - Importer: ScriptedImporter/UnityEditor.QuickSearchModule:UnityEditor.Search:ASIAI0B -> (ImportResultId: '7787575b79dc7ad03ef39e3a6558419e') in 0.000848792 seconds
[Worker1] Imported GUID: a4d5a38cb01e9c54aa75431f797059cb - Path: Packages/com.unity.inputsystem/InputSystem/Editor/Icons/TrackedPoseDriver.png - Importer: ScriptedImporter/UnityEditor.QuickSearchModule:UnityEditor.Search:ASIAI0B -> (ImportResultId: 'd9754a970a92cff397e1edd15c22c466') in 0.002069292 seconds
[Worker1] Imported GUID: 94fa2e214a138425e8afbbe1329e0b55 - Path: Packages/com.unity.inputsystem/InputSystem/Editor/Icons/d_Touch.png - Importer: ScriptedImporter/UnityEditor.QuickSearchModule:UnityEditor.Search:ASIAI0B -> (ImportResultId: '9909224ebfc31146864348f50f2787d8') in 0.002403291 seconds
[Worker0] Imported GUID: c0996bc290ff74bf4834f4a8b7dc8c3e - Path: Packages/com.unity.inputsystem/InputSystem/Editor/AssetEditor/PackageResources/pro/foldoutBackground.png - Importer: ScriptedImporter/UnityEditor.QuickSearchModule:UnityEditor.Search:ASIAI0B -> (ImportResultId: '661ac575ded3f861d4f9fb63e2aace3b') in 0.002598791 seconds
[Worker1] Imported GUID: 4075725b42343494dae837a8144df3b2 - Path: Packages/com.unity.inputsystem/InputSystem/Editor/PropertyDrawers/InputControlPathDrawer.cs - Importer: ScriptedImporter/UnityEditor.QuickSearchModule:UnityEditor.Search:ASIAI0B -> (ImportResultId: '8dfa1efeee25ce96428973c0dac0733c') in 0.000783792 seconds
[Worker0] Imported GUID: ee6ce8b9ba0db4146b0b12d5985933bf - Path: Packages/com.unity.inputsystem/InputSystem/Editor - Importer: ScriptedImporter/UnityEditor.QuickSearchModule:UnityEditor.Search:ASIAI0B -> (ImportResultId: '293c7286f811cee404a3a2ac6eafef19') in 0.001208458 seconds
[Worker1] Imported GUID: 3e9857b4032c493aa79e61db86f9e09b - Path: Packages/com.unity.inputsystem/InputSystem/Controls/QuaternionControl.cs - Importer: ScriptedImporter/UnityEditor.QuickSearchModule:UnityEditor.Search:ASIAI0B -> (ImportResultId: 'f2406ca71449de1176348081c809920e') in 0.000972416 seconds
[Worker0] Imported GUID: 62899f850307741f2a39c98a8b639597 - Path: Packages/com.unity.inputsystem/InputSystem/Plugins/PlayerInput/PlayerInput.cs - Importer: ScriptedImporter/UnityEditor.QuickSearchModule:UnityEditor.Search:ASIAI0B -> (ImportResultId: '06a14b85d6c21be4cbde24c70bed8ff5') in 0.001905792 seconds
[Worker1] Imported GUID: 3ae5734e49d646442ad24f37762ebdd2 - Path: Packages/com.unity.inputsystem/Tests/IntegrationTests/Unity.InputSystem.IntegrationTests.asmdef - Importer: ScriptedImporter/UnityEditor.QuickSearchModule:UnityEditor.Search:ASIAI0B -> (ImportResultId: 'b19ffb5709813ff3845144ecec5469d4') in 0.00149825 seconds
[Worker0] Imported GUID: 74405005f3013c2498103a79211ba93b - Path: Packages/com.unity.inputsystem/InputSystem/Plugins/OnScreen/OnScreenSupport.cs - Importer: ScriptedImporter/UnityEditor.QuickSearchModule:UnityEditor.Search:ASIAI0B -> (ImportResultId: 'e64a297d047c68ed91102b5b589615bf') in 0.000956084 seconds
[Worker1] Imported GUID: 3b8e35f20292579409c899395e30948f - Path: Packages/com.unity.inputsystem/InputSystem/Editor/UITKAssetEditor/InputActionsEditorWindowUtils.cs - Importer: ScriptedImporter/UnityEditor.QuickSearchModule:UnityEditor.Search:ASIAI0B -> (ImportResultId: '36a52d23121688def421e390d6b88ceb') in 0.000727584 seconds
[Worker1] Imported GUID: 954f8631d67512b409a5c4c526ae4f71 - Path: Packages/com.unity.inputsystem/InputSystem/Editor/UITKAssetEditor/Views/ActionPropertiesView.cs - Importer: ScriptedImporter/UnityEditor.QuickSearchModule:UnityEditor.Search:ASIAI0B -> (ImportResultId: '78c4e4738e71a0b8b5243c5b3ace7514') in 0.000753542 seconds
[Worker0] Imported GUID: 7522ce067dfd4acf8e9e136fc7a0ab64 - Path: Packages/com.unity.inputsystem/InputSystem/Devices/IEventMerger.cs - Importer: ScriptedImporter/UnityEditor.QuickSearchModule:UnityEditor.Search:ASIAI0B -> (ImportResultId: '114117ddaa79b454fe6ea06177c0676e') in 0.000899667 seconds
[Worker1] Imported GUID: 57f4c22a7e71744499d25ed776ef6cf2 - Path: Packages/com.unity.inputsystem/InputSystem/Editor/AssetImporter/InputActionAssetEditor.cs - Importer: ScriptedImporter/UnityEditor.QuickSearchModule:UnityEditor.Search:ASIAI0B -> (ImportResultId: '51e2016ddaba2b71211805fdd5dbb2c9') in 0.000702166 seconds
[Worker0] Imported GUID: 15fa4fb6e47739e43b36a70fce024b6f - Path: Packages/com.unity.inputsystem/InputSystem/Plugins/Android/AndroidAxis.cs - Importer: ScriptedImporter/UnityEditor.QuickSearchModule:UnityEditor.Search:ASIAI0B -> (ImportResultId: '2e71ef68e43584752083230756a263ac') in 0.000667167 seconds
[Worker1] Imported GUID: 87c5b80450f54500a29fe13a4b83fbab - Path: Packages/com.unity.inputsystem/InputSystem/InputFeatureNames.cs - Importer: ScriptedImporter/UnityEditor.QuickSearchModule:UnityEditor.Search:ASIAI0B -> (ImportResultId: '73bf6d7f57d813d4cc2c6606c97d05c7') in 0.000650375 seconds
[Worker0] Imported GUID: bcb3dcdfe51084a038a04105cfbc70aa - Path: Packages/com.unity.inputsystem/InputSystem/Plugins - Importer: ScriptedImporter/UnityEditor.QuickSearchModule:UnityEditor.Search:ASIAI0B -> (ImportResultId: '0018a1acfbf88f121c3cfd791e33cb80') in 0.000587542 seconds
[Worker0] Imported GUID: f4e6ca70dd9734da1a812be882c6364e - Path: Packages/com.unity.inputsystem/InputSystem/Editor/Icons/d_Interactive Binding@4x.png - Importer: ScriptedImporter/UnityEditor.QuickSearchModule:UnityEditor.Search:ASIAI0B -> (ImportResultId: '3d56e3164e7462b5ff8cbf4efee63e6a') in 0.001949792 seconds
[Worker1] Imported GUID: 6a237171e2346e3458db37eb0f90d42b - Path: Packages/com.unity.inputsystem/InputSystem/Editor/Icons/MultiplayerEventSystem@64.png - Importer: ScriptedImporter/UnityEditor.QuickSearchModule:UnityEditor.Search:ASIAI0B -> (ImportResultId: 'd93cf2389e6296307e28150bd2c1d3b1') in 0.002209542 seconds
[Worker0] Imported GUID: 8879a5884abf42c4c99aba5009bc081f - Path: Packages/com.unity.inputsystem/InputSystem/Editor/UITKAssetEditor/Views/PropertiesView.cs - Importer: ScriptedImporter/UnityEditor.QuickSearchModule:UnityEditor.Search:ASIAI0B -> (ImportResultId: '5857242d4b4f0637c9fc312b9fe5d547') in 0.000789667 seconds
[Worker1] Imported GUID: db7a158b580fb4518ae82aa029a54892 - Path: Packages/com.unity.inputsystem/InputSystem/Editor/ControlPicker/InputControlPickerDropdown.cs - Importer: ScriptedImporter/UnityEditor.QuickSearchModule:UnityEditor.Search:ASIAI0B -> (ImportResultId: '4ab509e2abf2aaa9220080e4527d548a') in 0.00094575 seconds
[Worker0] Imported GUID: ef73fbf6f536c4184845d789870911a3 - Path: Packages/com.unity.inputsystem/InputSystem/Plugins/XInput/XboxGamepadMacOS.cs - Importer: ScriptedImporter/UnityEditor.QuickSearchModule:UnityEditor.Search:ASIAI0B -> (ImportResultId: 'e8f58b46bf70c7a597f57be9beba7868') in 0.000801875 seconds
[Worker1] Imported GUID: c189b798c1d4842fcb189cf619033d39 - Path: Packages/com.unity.inputsystem/InputSystem/Editor/Settings - Importer: ScriptedImporter/UnityEditor.QuickSearchModule:UnityEditor.Search:ASIAI0B -> (ImportResultId: 'aa421bfc3320356a16ca64206c6e3eb1') in 0.000872416 seconds
[Worker1] Imported GUID: e78bab4d8055a47fd933966a032e34ef - Path: Packages/com.unity.inputsystem/InputSystem/Plugins/WebGL/WebGLGamepad.cs - Importer: ScriptedImporter/UnityEditor.QuickSearchModule:UnityEditor.Search:ASIAI0B -> (ImportResultId: '7aa2d1f2b7426fabf29d4094367629b3') in 0.000796125 seconds
[Worker1] Imported GUID: 5b630b769a2a8aa499ce2d2093f40500 - Path: Packages/com.unity.inputsystem/InputSystem/Editor/ControlPicker/Layouts - Importer: ScriptedImporter/UnityEditor.QuickSearchModule:UnityEditor.Search:ASIAI0B -> (ImportResultId: '9957ce446c2b610b75d7ab1e11833428') in 0.000719959 seconds
[Worker0] Imported GUID: aa4c2360f910d46f497f75b4b6677358 - Path: Packages/com.unity.inputsystem/InputSystem/Editor/AssetEditor/PackageResources/personal/propertiesBackground.png - Importer: ScriptedImporter/UnityEditor.QuickSearchModule:UnityEditor.Search:ASIAI0B -> (ImportResultId: '911df5ddceb05993376d2c29f2ed8653') in 0.003077959 seconds
[Worker1] Imported GUID: 716898219fc23de4a81300652df80ef3 - Path: Packages/com.unity.inputsystem/InputSystem/Editor/UITKAssetEditor/Views/ActionsTreeView.cs - Importer: ScriptedImporter/UnityEditor.QuickSearchModule:UnityEditor.Search:ASIAI0B -> (ImportResultId: '8b9a591c33ab15e40d44ab8d163b5c97') in 0.000788375 seconds
[Worker0] Imported GUID: cc69a9a42102dea4dafad4147e3ed98e - Path: Packages/com.unity.inputsystem/InputSystem/Plugins/PlayerInput/DefaultInputActions.cs - Importer: ScriptedImporter/UnityEditor.QuickSearchModule:UnityEditor.Search:ASIAI0B -> (ImportResultId: '733b28f98f6e8caa2cbc3a0cfe6b6e76') in 0.000785 seconds
[Worker1] Imported GUID: ef4b66ea93dd243a783c32ab1da39fc4 - Path: Packages/com.unity.inputsystem/InputSystem/Plugins/EnhancedTouch - Importer: ScriptedImporter/UnityEditor.QuickSearchModule:UnityEditor.Search:ASIAI0B -> (ImportResultId: 'dc2a2b6d2023692af887472ffa1d4bee') in 0.001176334 seconds
[Worker1] Imported GUID: 9231fc068a549684f8ece75b66d6095b - Path: Packages/com.unity.inputsystem/InputSystem/Plugins/XR/Devices/WindowsMR.cs - Importer: ScriptedImporter/UnityEditor.QuickSearchModule:UnityEditor.Search:ASIAI0B -> (ImportResultId: '18f274730dabdf0af21e689ace550916') in 0.000957041 seconds
[Worker0] Imported GUID: 62c846073cb844a2b926e4bbd3189647 - Path: Packages/com.unity.inputsystem/InputSystem/Editor/Icons/d_Axis@3x.png - Importer: ScriptedImporter/UnityEditor.QuickSearchModule:UnityEditor.Search:ASIAI0B -> (ImportResultId: '7325e931bdd39ed434e248015e31d5d5') in 0.002268375 seconds
[Worker1] Imported GUID: 9858d4c8055fd45539a2e86388f7c5ba - Path: Packages/com.unity.inputsystem/InputSystem/Editor/DownloadableSample.cs - Importer: ScriptedImporter/UnityEditor.QuickSearchModule:UnityEditor.Search:ASIAI0B -> (ImportResultId: 'a884974a03df04e065ce4095d06d8442') in 0.000708 seconds
[Worker1] Imported GUID: 8f99eea29fb7e4f7a9c7aad1730f329a - Path: Packages/com.unity.inputsystem/InputSystem/Utilities/OneOrMore.cs - Importer: ScriptedImporter/UnityEditor.QuickSearchModule:UnityEditor.Search:ASIAI0B -> (ImportResultId: '0dec1b3dd080c92df6a843587d0bd154') in 0.0006055 seconds
[Worker0] Imported GUID: d7073cfe15a1a48bfb7ff59225052484 - Path: Packages/com.unity.inputsystem/InputSystem/Editor/Icons/Dpad@4x.png - Importer: ScriptedImporter/UnityEditor.QuickSearchModule:UnityEditor.Search:ASIAI0B -> (ImportResultId: 'cb29d09cff7bfb5bc8cdbf158ebee90e') in 0.002127792 seconds
[Worker1] Imported GUID: 9721efa02e520488d96c36460fe7e4a6 - Path: Packages/com.unity.inputsystem/InputSystem/Editor/Icons/Mouse@2x.png - Importer: ScriptedImporter/UnityEditor.QuickSearchModule:UnityEditor.Search:ASIAI0B -> (ImportResultId: '68690cea31ce0be4a14489ebee0f456b') in 0.001983125 seconds
[Worker1] Imported GUID: 60e5ec46fb7a7ff41856f37c60efb70f - Path: Packages/com.unity.inputsystem/InputSystem/Editor/UITKAssetEditor/Commands/Commands.cs - Importer: ScriptedImporter/UnityEditor.QuickSearchModule:UnityEditor.Search:ASIAI0B -> (ImportResultId: '9e14754917d7ffce743ad958a12f2719') in 0.00076725 seconds
[Worker0] Imported GUID: 7fc0926499f7a4500b152d45397c44a4 - Path: Packages/com.unity.inputsystem/InputSystem/Editor/Icons/Keyboard@4x.png - Importer: ScriptedImporter/UnityEditor.QuickSearchModule:UnityEditor.Search:ASIAI0B -> (ImportResultId: '25a38c9aabb05037459b08b4ee5c37e6') in 0.002542083 seconds
[Worker1] Imported GUID: e072bc6a44a3a4944bb32165f753b9ca - Path: Packages/com.unity.inputsystem/InputSystem/Plugins/Users/InputUser.cs - Importer: ScriptedImporter/UnityEditor.QuickSearchModule:UnityEditor.Search:ASIAI0B -> (ImportResultId: 'aa95528a99f9f1e3f46ffbf8aa4afae5') in 0.000870292 seconds
[Worker1] Imported GUID: ce1664b057efc40759e0da41d54e3e4e - Path: Packages/com.unity.inputsystem/InputSystem/Plugins/Users/InputUserChange.cs - Importer: ScriptedImporter/UnityEditor.QuickSearchModule:UnityEditor.Search:ASIAI0B -> (ImportResultId: '2dc334d8c6d931a90bc1e16ef94879d8') in 0.000831375 seconds
[Worker0] Imported GUID: eb28fd64eacfa495c97193108f1cdf03 - Path: Packages/com.unity.inputsystem/InputSystem/Editor/Icons/d_Interactive Binding.png - Importer: ScriptedImporter/UnityEditor.QuickSearchModule:UnityEditor.Search:ASIAI0B -> (ImportResultId: '4cd8ea70165d827bf6e58c83b29d08c7') in 0.002171083 seconds
[Worker1] Imported GUID: 8d76c8b08c287594c9bf5d6c70fb8699 - Path: Packages/com.unity.inputsystem/InputSystem/Devices/Commands/EnableDeviceCommand.cs - Importer: ScriptedImporter/UnityEditor.QuickSearchModule:UnityEditor.Search:ASIAI0B -> (ImportResultId: '9fc8457f6cf8f928e9e84b2082732721') in 0.000700542 seconds
[Worker0] Imported GUID: ede17f8b7e9dfcf42b560545a8102eeb - Path: Packages/com.unity.inputsystem/InputSystem/Plugins/Android/AndroidKeyCode.cs - Importer: ScriptedImporter/UnityEditor.QuickSearchModule:UnityEditor.Search:ASIAI0B -> (ImportResultId: '4a395aa1f69eeb170356a71ca1ce9519') in 0.000736458 seconds
[Worker1] Imported GUID: ccdc5c2ae66744782ab7e326c053ad0a - Path: Packages/com.unity.inputsystem/InputSystem/State/InputStateHistory.cs - Importer: ScriptedImporter/UnityEditor.QuickSearchModule:UnityEditor.Search:ASIAI0B -> (ImportResultId: '9a86a775982dfcfd4a5eb93fcf26c8b7') in 0.000667167 seconds
[Worker0] Imported GUID: 6982a6ffcdbf47a6aa68fd4418622395 - Path: Packages/com.unity.inputsystem/InputSystem/Devices/Haptics/IDualMotorRumble.cs - Importer: ScriptedImporter/UnityEditor.QuickSearchModule:UnityEditor.Search:ASIAI0B -> (ImportResultId: '61d454b5cd63438e07ef2084f4c43817') in 0.000756709 seconds
[Worker1] Imported GUID: b0e29a3b2e6d01345abeaefb681b5f22 - Path: Packages/com.unity.inputsystem/InputSystem/Plugins/iOS/IOSGameController.cs - Importer: ScriptedImporter/UnityEditor.QuickSearchModule:UnityEditor.Search:ASIAI0B -> (ImportResultId: '23b4145c7080f11f41ea9ebd9e0b7b53') in 0.000948709 seconds
[Worker0] Imported GUID: 94995588a5664878be30498a8ace6ba2 - Path: Packages/com.unity.inputsystem/InputSystem/Controls/Processors/NormalizeProcessor.cs - Importer: ScriptedImporter/UnityEditor.QuickSearchModule:UnityEditor.Search:ASIAI0B -> (ImportResultId: '7a835f72976cf5f211e2a2e33a5a60f1') in 0.000769 seconds
[Worker1] Imported GUID: 183f7887e5104e1593ce980b9d0159e3 - Path: Packages/com.unity.inputsystem/InputSystem/Editor/Analytics/VirtualMouseInputEditorAnalytic.cs - Importer: ScriptedImporter/UnityEditor.QuickSearchModule:UnityEditor.Search:ASIAI0B -> (ImportResultId: '0ac0f7f62ec1366e2f2af17d8bf6ab46') in 0.000782708 seconds
[Worker0] Imported GUID: 1cccd07fcea7f491793d4e7a5adc17a2 - Path: Packages/com.unity.inputsystem/InputSystem/Plugins/PlayerInput - Importer: ScriptedImporter/UnityEditor.QuickSearchModule:UnityEditor.Search:ASIAI0B -> (ImportResultId: 'ef1fe0f355221349b72aa9706cf374ae') in 0.000666834 seconds
[Worker1] Imported GUID: 0c43a6876f1eb4fdf8b9dc2fee926776 - Path: Packages/com.unity.inputsystem/InputSystem/Actions/InputActionProperty.cs - Importer: ScriptedImporter/UnityEditor.QuickSearchModule:UnityEditor.Search:ASIAI0B -> (ImportResultId: '25e05aac1590ca933a4b8dd872e59928') in 0.000707 seconds
[Worker0] Imported GUID: 7717bf968da90024b9c047ba1a3394ec - Path: Packages/com.unity.inputsystem/InputSystem/Editor/ControlPicker/Layouts/DefaultInputControlPickerLayout.cs - Importer: ScriptedImporter/UnityEditor.QuickSearchModule:UnityEditor.Search:ASIAI0B -> (ImportResultId: 'a6c3b6435b726657f7f14279299adb5d') in 0.000695583 seconds
[Worker1] Imported GUID: 47e42d28cda46b34cb7f8804e6db4c25 - Path: Packages/com.unity.inputsystem/InputSystem/Plugins/UI/BaseInputOverride.cs - Importer: ScriptedImporter/UnityEditor.QuickSearchModule:UnityEditor.Search:ASIAI0B -> (ImportResultId: 'dab1c9e73946a958e3528dd34121e9e4') in 0.000619 seconds
[Worker1] Imported GUID: 0e235e01f7e6408f87e899ac373c85d1 - Path: Packages/com.unity.inputsystem/InputSystem/Plugins/DualShock/IDualShockHaptics.cs - Importer: ScriptedImporter/UnityEditor.QuickSearchModule:UnityEditor.Search:ASIAI0B -> (ImportResultId: '764518520091a75d1f071215bc9d47fe') in 0.000804375 seconds
[Worker0] Imported GUID: d0006d51a864248adba0238883f8c71e - Path: Packages/com.unity.inputsystem/InputSystem/Editor/Icons/Axis@2x.png - Importer: ScriptedImporter/UnityEditor.QuickSearchModule:UnityEditor.Search:ASIAI0B -> (ImportResultId: 'f5037aac2d584c57332db14865fa2632') in 0.002276583 seconds
[Worker0] Imported GUID: 5cd4530e3c9047dea0f1cc17dccbf6ec - Path: Packages/com.unity.inputsystem/Tests/TestFixture/ScopedDisposable.cs - Importer: ScriptedImporter/UnityEditor.QuickSearchModule:UnityEditor.Search:ASIAI0B -> (ImportResultId: '15da9aa09efbcf4019a82dd86c8e2107') in 0.000724459 seconds
[Worker1] Imported GUID: 5881d226463a047cb8db57c9cb0ebc0f - Path: Packages/com.unity.inputsystem/InputSystem/Editor/Icons/Stick@2x.png - Importer: ScriptedImporter/UnityEditor.QuickSearchModule:UnityEditor.Search:ASIAI0B -> (ImportResultId: '74a91efa922b5f71ec3493e2a197df53') in 0.002523375 seconds
[Worker0] Imported GUID: 41b01d3964f844d8b43923c18b3a9a6f - Path: Packages/com.unity.inputsystem/DocCodeSamples.Tests/DocCodeSamples.asmdef - Importer: ScriptedImporter/UnityEditor.QuickSearchModule:UnityEditor.Search:ASIAI0B -> (ImportResultId: '26d396f29350aa0a852c8de4934cf861') in 0.001300291 seconds
[Worker0] Imported GUID: 44353112a58c73347adde914844b7642 - Path: Packages/com.unity.inputsystem/InputSystem/Plugins/XR/Devices/GoogleVR.cs - Importer: ScriptedImporter/UnityEditor.QuickSearchModule:UnityEditor.Search:ASIAI0B -> (ImportResultId: 'b01cb8ea80d4c26ade959e19700c71c7') in 0.000756875 seconds
[Worker1] Imported GUID: f747a892239fb40f9a9b9e2acf9929ee - Path: Packages/com.unity.inputsystem/README.md - Importer: ScriptedImporter/UnityEditor.QuickSearchModule:UnityEditor.Search:ASIAI0B -> (ImportResultId: '4e8b96388f5510382f101168cb41c937') in 0.001084958 seconds
[Worker1] Imported GUID: e14a578f61014fccab81ed0f1bc21948 - Path: Packages/com.unity.inputsystem/InputSystem/Devices/Joystick.cs - Importer: ScriptedImporter/UnityEditor.QuickSearchModule:UnityEditor.Search:ASIAI0B -> (ImportResultId: 'aef7414fa02d853139cbe54b497643d7') in 0.000689041 seconds
[Worker0] Imported GUID: 8a2cdc9fdde66bb49afa0763a7557ff9 - Path: Packages/com.unity.inputsystem/InputSystem/Plugins/XR/Devices/OpenVR.cs - Importer: ScriptedImporter/UnityEditor.QuickSearchModule:UnityEditor.Search:ASIAI0B -> (ImportResultId: '6394d8e877df2fbf42f1d3b11c0fdc2f') in 0.001180208 seconds
[Worker1] Imported GUID: 8ccfc0b2d0da54246a3a9a3938b52fa4 - Path: Packages/com.unity.inputsystem/InputSystem/Events/InputEventStream.cs - Importer: ScriptedImporter/UnityEditor.QuickSearchModule:UnityEditor.Search:ASIAI0B -> (ImportResultId: '138640075fe3639f527850080241bcb7') in 0.00064825 seconds
[Worker0] Imported GUID: 08c99f7c2a7fa410d8567323e32ad5f5 - Path: Packages/com.unity.inputsystem/InputSystem/Editor/Icons/InputControl@4x.png - Importer: ScriptedImporter/UnityEditor.QuickSearchModule:UnityEditor.Search:ASIAI0B -> (ImportResultId: '7f1eb088d335529c7d229d9ea99d2569') in 0.002037333 seconds
[Worker0] Imported GUID: be272fdf97df4e8daf1393dabdfa4cb8 - Path: Packages/com.unity.inputsystem/InputSystem/Actions/Composites/TwoModifiersComposite.cs - Importer: ScriptedImporter/UnityEditor.QuickSearchModule:UnityEditor.Search:ASIAI0B -> (ImportResultId: '175644dd13ac216d76aaa1601c24a8f6') in 0.000785917 seconds
[Worker0] Imported GUID: f2e097e509554eb3ac5f90f972220e3d - Path: Packages/com.unity.inputsystem/InputSystem/Editor/InputLayoutCodeGenerator.cs - Importer: ScriptedImporter/UnityEditor.QuickSearchModule:UnityEditor.Search:ASIAI0B -> (ImportResultId: '094387a19b112bae0ca94a97f2b7eec7') in 0.000781916 seconds
[Worker0] Imported GUID: 8a190d472354bb845973412ac9c5c477 - Path: Packages/com.unity.inputsystem/InputSystem/Editor/ProjectWideActions/ProjectWideActionsTemplate.json - Importer: ScriptedImporter/UnityEditor.QuickSearchModule:UnityEditor.Search:ASIAI0B -> (ImportResultId: '927601956d6fddf910265c3b7ded7399') in 0.000985791 seconds
[Worker0] Imported GUID: 7bef150b341c4d0dbab3db81ccf2ea81 - Path: Packages/com.unity.inputsystem/InputSystem/Plugins/Steam/SteamSupport.cs - Importer: ScriptedImporter/UnityEditor.QuickSearchModule:UnityEditor.Search:ASIAI0B -> (ImportResultId: 'e9b6616c8440339a29c578107f475f93') in 0.000742416 seconds
[Worker0] Imported GUID: d9fe79419851eee4e8c90f7d0f934859 - Path: Packages/com.unity.inputsystem/ValidationExceptions.json - Importer: ScriptedImporter/UnityEditor.QuickSearchModule:UnityEditor.Search:ASIAI0B -> (ImportResultId: 'f8d99be701fc869788148f97d45fe251') in 0.000822917 seconds
[Worker0] Imported GUID: 399cd90f4e31041e692a7d3a8b1aa4d0 - Path: Packages/com.unity.inputsystem/InputSystem/Editor/Icons/d_InputControl.png - Importer: ScriptedImporter/UnityEditor.QuickSearchModule:UnityEditor.Search:ASIAI0B -> (ImportResultId: '74072edb37e60a9676f920a2f721d557') in 0.002409708 seconds
[Worker0] Imported GUID: 2bd61b5c763f7444e9a5aa3c7623f60b - Path: Packages/com.unity.inputsystem/InputSystem/Editor/UITKAssetEditor/Views/CompositeBindingPropertiesView.cs - Importer: ScriptedImporter/UnityEditor.QuickSearchModule:UnityEditor.Search:ASIAI0B -> (ImportResultId: '4d5d6d728bc740dec91714b8dd72c5ca') in 0.001002875 seconds
[Worker0] Imported GUID: e349610bc4b1546dd94c6dab37414d2b - Path: Packages/com.unity.inputsystem/Tests/TestFixture - Importer: ScriptedImporter/UnityEditor.QuickSearchModule:UnityEditor.Search:ASIAI0B -> (ImportResultId: '5cfa567a37bf943ad001276674bc50e3') in 0.000635875 seconds
[Worker0] Imported GUID: 339c9c6bc0554ad79681e127d417ef3d - Path: Packages/com.unity.inputsystem/InputSystem/Controls/DeltaControl.cs - Importer: ScriptedImporter/UnityEditor.QuickSearchModule:UnityEditor.Search:ASIAI0B -> (ImportResultId: 'e93dd9c059aa5aa9e0b8d78ea4cbd2ee') in 0.000734 seconds
[Worker0] Imported GUID: cae83450c8b18499c8c0239edf8bcc31 - Path: Packages/com.unity.inputsystem/InputSystem/Editor/Icons/d_Orientation@2x.png - Importer: ScriptedImporter/UnityEditor.QuickSearchModule:UnityEditor.Search:ASIAI0B -> (ImportResultId: 'd56915cb611339e1938518143fa9fd56') in 0.002686583 seconds
[Worker0] Imported GUID: 958a10dec4f3a4764bb345b0aa03510b - Path: Packages/com.unity.inputsystem/InputSystem/Editor/Icons/Add Binding.png - Importer: ScriptedImporter/UnityEditor.QuickSearchModule:UnityEditor.Search:ASIAI0B -> (ImportResultId: 'd1debc6db7c8d6cc05a382589ff91587') in 0.002182959 seconds
[Worker0] Imported GUID: 5a5b9538c3aaa4587856e68a93a92a51 - Path: Packages/com.unity.inputsystem/InputSystem/Editor/Icons/Keyboard.png - Importer: ScriptedImporter/UnityEditor.QuickSearchModule:UnityEditor.Search:ASIAI0B -> (ImportResultId: 'e7971080f55a979f205fbf81d9316505') in 0.00213675 seconds
[Worker0] Imported GUID: 2db76e4ad9537964994bd20263e1c379 - Path: Packages/com.unity.inputsystem/InputSystem/Editor/UITKAssetEditor/Views - Importer: ScriptedImporter/UnityEditor.QuickSearchModule:UnityEditor.Search:ASIAI0B -> (ImportResultId: 'a6332e729b3a1e3642a84e2dfb28281a') in 0.000765583 seconds
[Worker0] Imported GUID: 1a0a9c8a3d9c4893ab5389e009563314 - Path: Packages/com.unity.inputsystem/InputSystem/Actions/Composites/OneModifierComposite.cs - Importer: ScriptedImporter/UnityEditor.QuickSearchModule:UnityEditor.Search:ASIAI0B -> (ImportResultId: '38d73fc45f0e80f84a6936e9463c6439') in 0.000797166 seconds
[Worker0] Imported GUID: f58c918f135bd4b8abe5fdb06bda7f4d - Path: Packages/com.unity.inputsystem/InputSystem/Editor/Icons/Joystick@4x.png - Importer: ScriptedImporter/UnityEditor.QuickSearchModule:UnityEditor.Search:ASIAI0B -> (ImportResultId: '8b9af416ba2147e386431eb01c2fce1c') in 0.003087167 seconds
[Worker1] Imported GUID: 2bd2d0548382d58489e8c2999daf4139 - Path: Packages/com.unity.inputsystem/InputSystem/Editor/UITKAssetEditor/PackageResources/CompositeBindingPropertiesEditor.uxml - Importer: ScriptedImporter/UnityEditor.QuickSearchModule:UnityEditor.Search:ASIAI0B -> (ImportResultId: 'f7f52eec0935289b8f7c69e82ed34c46') in 0.033502666 seconds
[Worker1] Imported GUID: 3da49be2d645b418c8ee308bb1a011c7 - Path: Packages/com.unity.inputsystem/InputSystem/Plugins/Linux/LinuxSupport.cs - Importer: ScriptedImporter/UnityEditor.QuickSearchModule:UnityEditor.Search:ASIAI0B -> (ImportResultId: 'a94549d048e1769912c2150741fa1b1b') in 0.000836125 seconds
[Worker1] Imported GUID: bca227b3a59246a197db2ff52b862072 - Path: Packages/com.unity.inputsystem/InputSystem/Plugins/UI/ExtendedPointerEventData.cs - Importer: ScriptedImporter/UnityEditor.QuickSearchModule:UnityEditor.Search:ASIAI0B -> (ImportResultId: 'bd1c8c2c5eb6d2a80e49e1bc0ca4b3a9') in 0.000716625 seconds
[Worker1] Imported GUID: 50db2526021f1429e84687ad14aa0855 - Path: Packages/com.unity.inputsystem/InputSystem/Editor/AssetImporter/InputActionImporterEditor.cs - Importer: ScriptedImporter/UnityEditor.QuickSearchModule:UnityEditor.Search:ASIAI0B -> (ImportResultId: '44206fb2c482c687833adc2984a7d946') in 0.00057275 seconds
[Worker1] Imported GUID: d771fd88f0934b4dbe724b2690a9f330 - Path: Packages/com.unity.inputsystem/InputSystem/Editor/Analytics/InputActionsEditorSessionAnalytic.cs - Importer: ScriptedImporter/UnityEditor.QuickSearchModule:UnityEditor.Search:ASIAI0B -> (ImportResultId: 'f039cfe74a3cbba72d8b0f4530d38cca') in 0.00062 seconds
[Worker1] Imported GUID: 3028dc075ba8c584d9bc7d1e0255e038 - Path: Packages/com.unity.inputsystem/InputSystem/Editor/Icons/InputSystemUIInputModule@64.png - Importer: ScriptedImporter/UnityEditor.QuickSearchModule:UnityEditor.Search:ASIAI0B -> (ImportResultId: '70ad3371e8da097c08cee9f90f5f3fe7') in 0.002926917 seconds
[Worker1] Imported GUID: 25881642ba784356b23ef34898fdc690 - Path: Packages/com.unity.inputsystem/InputSystem/Utilities/Observables/TakeNObservable.cs - Importer: ScriptedImporter/UnityEditor.QuickSearchModule:UnityEditor.Search:ASIAI0B -> (ImportResultId: 'af928bffc322891e645c1b5bdb412968') in 0.001019916 seconds
[Worker1] Imported GUID: 4a0ce0eda6ee74c669b13104649e1313 - Path: Packages/com.unity.inputsystem/InputSystem/Editor/Icons/d_Add Binding@4x.png - Importer: ScriptedImporter/UnityEditor.QuickSearchModule:UnityEditor.Search:ASIAI0B -> (ImportResultId: '79dcab50fbcab838b875e0e174a04795') in 0.002186875 seconds
[Worker1] Imported GUID: 864a08de8a08473ebf82029d80696449 - Path: Packages/com.unity.inputsystem/InputSystem/Devices/Keyboard.cs - Importer: ScriptedImporter/UnityEditor.QuickSearchModule:UnityEditor.Search:ASIAI0B -> (ImportResultId: '0c59c87e39197476f45cbf4b95812b6c') in 0.000717417 seconds
[Worker1] Imported GUID: 3cf42e49077e442fd8b9dc29c328d345 - Path: Packages/com.unity.inputsystem/InputSystem/Plugins/EnhancedTouch/EnhancedTouchSupport.cs - Importer: ScriptedImporter/UnityEditor.QuickSearchModule:UnityEditor.Search:ASIAI0B -> (ImportResultId: '16631689047d6c6acf645e0159cde3dc') in 0.0007945 seconds
[Worker1] Imported GUID: a653ebc2c02d545f581079cf4bbb0cd9 - Path: Packages/com.unity.inputsystem/InputSystem/InputAnalytics.cs - Importer: ScriptedImporter/UnityEditor.QuickSearchModule:UnityEditor.Search:ASIAI0B -> (ImportResultId: 'c51450f3cdfbf05ee521abcc26d1633b') in 0.000594958 seconds
[Worker1] Imported GUID: 4b36e69515ff4a45be02062b5584e1a8 - Path: Packages/com.unity.inputsystem/InputSystem/Editor/Analytics/InputComponentEditorAnalytic.cs - Importer: ScriptedImporter/UnityEditor.QuickSearchModule:UnityEditor.Search:ASIAI0B -> (ImportResultId: '36325faf681094dd2a27e793b5df4b18') in 0.000727625 seconds
[Worker1] Imported GUID: 644895dd25f14937a1d11481e2338925 - Path: Packages/com.unity.inputsystem/InputSystem/Devices/Gamepad.cs - Importer: ScriptedImporter/UnityEditor.QuickSearchModule:UnityEditor.Search:ASIAI0B -> (ImportResultId: '249b695637f9570f1a260ddadc7a8f5d') in 0.00058325 seconds
[Worker1] Imported GUID: b24da9e286b594ace8ec4dfd4a374780 - Path: Packages/com.unity.inputsystem/InputSystem/Plugins/PlayerInput/InputValue.cs - Importer: ScriptedImporter/UnityEditor.QuickSearchModule:UnityEditor.Search:ASIAI0B -> (ImportResultId: '7455057c3baed813184cde7ebc418b42') in 0.000622542 seconds
[Worker1] Imported GUID: 34e7ea3151ed73745b7924e453c67eca - Path: Packages/com.unity.inputsystem/InputSystem/Plugins/UI/NavigationModel.cs - Importer: ScriptedImporter/UnityEditor.QuickSearchModule:UnityEditor.Search:ASIAI0B -> (ImportResultId: 'ab07636155ddc9c5a07a9cd3621d59d1') in 0.000605 seconds
[Worker1] Imported GUID: 1fe35221cd5f4ca9b9df947d34e7e1f0 - Path: Packages/com.unity.inputsystem/InputSystem/Plugins/InputForUI/InputActionAssetVerifier.cs - Importer: ScriptedImporter/UnityEditor.QuickSearchModule:UnityEditor.Search:ASIAI0B -> (ImportResultId: 'adbacde9a7a31f0b2c5d0a8bb3e7e3af') in 0.000809334 seconds
[Worker1] Imported GUID: 7d4638131127c4f4382fb36cf16c52fe - Path: Packages/com.unity.inputsystem/InputSystem/Editor/Icons/d_Joystick.png - Importer: ScriptedImporter/UnityEditor.QuickSearchModule:UnityEditor.Search:ASIAI0B -> (ImportResultId: '1b47d7d857673b4df4d2aa7cf327addb') in 0.002917791 seconds
[Worker1] Imported GUID: c4b66e31395c54087a2fbc13ae7e0f3c - Path: Packages/com.unity.inputsystem/InputSystem/Editor/AssetEditor/PackageResources/pro/actionTreeBackground.png - Importer: ScriptedImporter/UnityEditor.QuickSearchModule:UnityEditor.Search:ASIAI0B -> (ImportResultId: '58cd380d2bdca356b34804e4ae3f4372') in 0.002122917 seconds
[Worker1] Imported GUID: ffeba93637e654de6a5906b48520dc94 - Path: Packages/com.unity.inputsystem/InputSystem/Editor/AssetEditor/PackageResources/green.png - Importer: ScriptedImporter/UnityEditor.QuickSearchModule:UnityEditor.Search:ASIAI0B -> (ImportResultId: '5ab4b0e0c5aa15f8f88066c37ce236fd') in 0.002112041 seconds
[Worker0] Imported GUID: 9cbd73d51dc491b4888055ae65cd9545 - Path: Packages/com.unity.inputsystem/InputSystem/Editor/UITKAssetEditor/PackageResources/NameAndParameterListViewItemTemplate.uxml - Importer: ScriptedImporter/UnityEditor.QuickSearchModule:UnityEditor.Search:ASIAI0B -> (ImportResultId: '88cd7e7cda1fd7ec116c304c8445d7d2') in 0.0329645 seconds
[Worker0] Imported GUID: 4ff1587ed21f442578f1ad36c4779a95 - Path: Packages/com.unity.inputsystem/InputSystem/Actions/InputActionTrace.cs - Importer: ScriptedImporter/UnityEditor.QuickSearchModule:UnityEditor.Search:ASIAI0B -> (ImportResultId: 'cbb8bad9ee43d98241feaca9e9a8ee56') in 0.000895208 seconds
[Worker1] Imported GUID: 46f02abeca624ce68874afdbb77c9be0 - Path: Packages/com.unity.inputsystem/InputSystem/InputManager.cs - Importer: ScriptedImporter/UnityEditor.QuickSearchModule:UnityEditor.Search:ASIAI0B -> (ImportResultId: '9e14772dbcc62e5ebf311d91981e49e2') in 0.001103958 seconds
[Worker0] Imported GUID: e5769f689f15dce4a9f92aff27659c54 - Path: Packages/com.unity.inputsystem/InputSystem/Plugins/Android - Importer: ScriptedImporter/UnityEditor.QuickSearchModule:UnityEditor.Search:ASIAI0B -> (ImportResultId: '22720d1eb6b71e26ec8714f75a9aa3d1') in 0.000712959 seconds
[Worker1] Imported GUID: 123b6218ad27a41af933311ee524dcdc - Path: Packages/com.unity.inputsystem/InputSystem/Editor/Icons/d_Keyboard@4x.png - Importer: ScriptedImporter/UnityEditor.QuickSearchModule:UnityEditor.Search:ASIAI0B -> (ImportResultId: 'd638f72a412cdae5701553de9c863f45') in 0.002687292 seconds
[Worker1] Imported GUID: bb4d45fbf0aa84484b251242fdb21800 - Path: Packages/com.unity.inputsystem/InputSystem/Plugins/Steam/SteamIGAConverter.cs - Importer: ScriptedImporter/UnityEditor.QuickSearchModule:UnityEditor.Search:ASIAI0B -> (ImportResultId: '60fafe0f2602b20575ada35fa3bb2d58') in 0.001163667 seconds
[Worker0] Imported GUID: 7e988a22b82d97847b9e8e3cf14a1526 - Path: Packages/com.unity.inputsystem/InputSystem/Utilities/SavedState.cs - Importer: ScriptedImporter/UnityEditor.QuickSearchModule:UnityEditor.Search:ASIAI0B -> (ImportResultId: 'b8017e97391521b1bce967c8e27354e8') in 0.001234791 seconds
[Worker0] Imported GUID: 29a78370a46c4b59875764266185b105 - Path: Packages/com.unity.inputsystem/InputSystem/Utilities/Observables/SelectObservable.cs - Importer: ScriptedImporter/UnityEditor.QuickSearchModule:UnityEditor.Search:ASIAI0B -> (ImportResultId: 'e0082afab1562af6b0803d2d239d8503') in 0.000664584 seconds
[Worker0] Imported GUID: f018dacefe574045a76769f5f355f3b1 - Path: Packages/com.unity.inputsystem/InputSystem/Devices/Commands/WarpMousePositionCommand.cs - Importer: ScriptedImporter/UnityEditor.QuickSearchModule:UnityEditor.Search:ASIAI0B -> (ImportResultId: '9ec6f2fa9f7ea47de6649dcca6e0b6ae') in 0.00066325 seconds
[Worker1] Imported GUID: 9eb2b64988cb1443cab6da5dc5300d1c - Path: Packages/com.unity.inputsystem/InputSystem/Editor/Icons/Mouse.png - Importer: ScriptedImporter/UnityEditor.QuickSearchModule:UnityEditor.Search:ASIAI0B -> (ImportResultId: '24b571cef39736571695b70b5274bda3') in 0.001996875 seconds
[Worker0] Imported GUID: 4b0617d4946754ab980342582b1f560c - Path: Packages/com.unity.inputsystem/InputSystem/Editor/Internal/AdvancedDropdown/AdvancedDropdown.cs - Importer: ScriptedImporter/UnityEditor.QuickSearchModule:UnityEditor.Search:ASIAI0B -> (ImportResultId: 'af5f87c6c2152e0ad406feeda74a29e7') in 0.0006305 seconds
[Worker1] Imported GUID: ff8479815905ce84e9ef610d926f28c8 - Path: Packages/com.unity.inputsystem/InputSystem/Editor/Icons/TrackedPoseDriver@2x.png - Importer: ScriptedImporter/UnityEditor.QuickSearchModule:UnityEditor.Search:ASIAI0B -> (ImportResultId: '75ea1c53b8c20e0e46296d3189312048') in 0.002034125 seconds
[Worker0] Imported GUID: 6191a40940a3e46899ecf82fa8389d01 - Path: Packages/com.unity.inputsystem/InputSystem/Editor/Icons/Keyboard@3x.png - Importer: ScriptedImporter/UnityEditor.QuickSearchModule:UnityEditor.Search:ASIAI0B -> (ImportResultId: '638bdbf1a70893b383796161dc3b7ea8') in 0.002490667 seconds
[Worker1] Imported GUID: c2db5674bb583c0449389396f935abf8 - Path: Packages/com.unity.inputsystem/InputSystem/Actions/InputActionPhase.cs - Importer: ScriptedImporter/UnityEditor.QuickSearchModule:UnityEditor.Search:ASIAI0B -> (ImportResultId: 'b6339f172c97acd0ed1b05d52ea21cd9') in 0.000782958 seconds
[Worker1] Imported GUID: 8377f8bca2884d3ba3dd053d9b5d06f7 - Path: Packages/com.unity.inputsystem/InputSystem/Editor/Internal - Importer: ScriptedImporter/UnityEditor.QuickSearchModule:UnityEditor.Search:ASIAI0B -> (ImportResultId: '6d0e1d62690ae9f192d0f3fa28d99045') in 0.000663625 seconds
[Worker0] Imported GUID: 83070f7befc0b4deeb2cfde76b5a9002 - Path: Packages/com.unity.inputsystem/InputSystem/Editor/ControlPicker/InputControlDropdownItem.cs - Importer: ScriptedImporter/UnityEditor.QuickSearchModule:UnityEditor.Search:ASIAI0B -> (ImportResultId: 'ecc366f1f1a576dea327930a18517cc0') in 0.000808917 seconds
[Worker0] Imported GUID: af8ecd25eda841f98ce3f6555888e43b - Path: Packages/com.unity.inputsystem/InputSystem/Editor/Analytics/InputEditorAnalytics.cs - Importer: ScriptedImporter/UnityEditor.QuickSearchModule:UnityEditor.Search:ASIAI0B -> (ImportResultId: 'd0d93125a9b99fc8e743dd18a11db7cd') in 0.000952833 seconds
[Worker1] Imported GUID: af015677ecab4644b2382c6b37c2d95c - Path: Packages/com.unity.inputsystem/InputSystem/Devices/InputDeviceChange.cs - Importer: ScriptedImporter/UnityEditor.QuickSearchModule:UnityEditor.Search:ASIAI0B -> (ImportResultId: '27f97bba78ad88d13907b384cb318bd5') in 0.000850375 seconds
[Worker0] Imported GUID: a10a64abdfd8f6340a5b6b54bf28812a - Path: Packages/com.unity.inputsystem/InputSystem/Devices/Commands/QueryCanRunInBackground.cs - Importer: ScriptedImporter/UnityEditor.QuickSearchModule:UnityEditor.Search:ASIAI0B -> (ImportResultId: '0754c091914fde8e81b0524bc9e44282') in 0.000779167 seconds
[Worker0] Imported GUID: cf624ae4ff5e44cebdcba54ae1ff380a - Path: Packages/com.unity.inputsystem/InputSystem/Controls/CommonUsages.cs - Importer: ScriptedImporter/UnityEditor.QuickSearchModule:UnityEditor.Search:ASIAI0B -> (ImportResultId: 'a4ec04d3d54c898e1ab54e9faa6a97ab') in 0.000692541 seconds
[Worker1] Imported GUID: 4defb5292901c41f29313d9c9c87a7eb - Path: Packages/com.unity.inputsystem/InputSystem/Editor/Icons/Gamepad@2x.png - Importer: ScriptedImporter/UnityEditor.QuickSearchModule:UnityEditor.Search:ASIAI0B -> (ImportResultId: 'f46de793169c0cf60e3239e7b0a003f9') in 0.002030958 seconds
[Worker0] Imported GUID: cf29acc15e9bb2246965162123659116 - Path: Packages/com.unity.inputsystem/InputSystem/Utilities/SpriteUtilities.cs - Importer: ScriptedImporter/UnityEditor.QuickSearchModule:UnityEditor.Search:ASIAI0B -> (ImportResultId: 'ad6a1765beb183e8a3acfc0e0deecb63') in 0.000570334 seconds
[Worker1] Imported GUID: 4ab0ce1980d384014be67a2d135ed92c - Path: Packages/com.unity.inputsystem/InputSystem/Controls/Processors/InvertVector2Processor.cs - Importer: ScriptedImporter/UnityEditor.QuickSearchModule:UnityEditor.Search:ASIAI0B -> (ImportResultId: '7b9d929d4407353052ff4a9fd10a0c69') in 0.000753667 seconds
[Worker0] Imported GUID: f760afcbd6744a0e8c9d0b7039dda306 - Path: Packages/com.unity.inputsystem/InputSystem/Editor/Analytics/InputBuildAnalytic.cs - Importer: ScriptedImporter/UnityEditor.QuickSearchModule:UnityEditor.Search:ASIAI0B -> (ImportResultId: '75b6b52bd374baf7044d17fe415395d3') in 0.000599333 seconds
[Worker0] Imported GUID: 255ca660c2e3b424bb54d7be66737f57 - Path: Packages/com.unity.inputsystem/InputSystem/Editor/UITKAssetEditor/EnumerableExtensions.cs - Importer: ScriptedImporter/UnityEditor.QuickSearchModule:UnityEditor.Search:ASIAI0B -> (ImportResultId: '586d23b3c170ed24a15098fa09bea580') in 0.000591875 seconds
[Worker1] Imported GUID: c213b206af9a4bef8c43f8f0f60cc31e - Path: Packages/com.unity.inputsystem/InputSystem/Editor/Dialog.cs - Importer: ScriptedImporter/UnityEditor.QuickSearchModule:UnityEditor.Search:ASIAI0B -> (ImportResultId: '2f6d841aa73a766abe27b89433254d92') in 0.001238417 seconds
[Worker1] Imported GUID: 713b035f669b942adbd1cc05c4fb6e1d - Path: Packages/com.unity.inputsystem/InputSystem/Editor/AssetEditor/InputActionTreeView.cs - Importer: ScriptedImporter/UnityEditor.QuickSearchModule:UnityEditor.Search:ASIAI0B -> (ImportResultId: 'eaba5d9849bdc4f74e0e940f13017d91') in 0.000769416 seconds
[Worker1] Imported GUID: 76d591911f4ae4f62953b13f6ff50429 - Path: Packages/com.unity.inputsystem/InputSystem/Editor/AssetEditor/InputActionTreeViewItems.cs - Importer: ScriptedImporter/UnityEditor.QuickSearchModule:UnityEditor.Search:ASIAI0B -> (ImportResultId: '6048091dcb2c62ff6f9525969264959d') in 0.000617625 seconds
[Worker0] Imported GUID: c4f7551c56dfb47a7a105b6579646d2f - Path: Packages/com.unity.inputsystem/InputSystem/Editor/Icons/ChevronUp@4x.png - Importer: ScriptedImporter/UnityEditor.QuickSearchModule:UnityEditor.Search:ASIAI0B -> (ImportResultId: '5ea92fdb4e85b36991aef92549815853') in 0.002336042 seconds
[Worker1] Imported GUID: f5ace3d653812436a812bebfe7f9a242 - Path: Packages/com.unity.inputsystem/InputSystem/Editor/Icons/Stick@4x.png - Importer: ScriptedImporter/UnityEditor.QuickSearchModule:UnityEditor.Search:ASIAI0B -> (ImportResultId: '51a51d06738b417e85b0f2d0b2977652') in 0.002471917 seconds
[Worker0] Imported GUID: 5d0b11389336d4b16b96f147c9f912e2 - Path: Packages/com.unity.inputsystem/InputSystem/Editor/Icons/d_Stick@2x.png - Importer: ScriptedImporter/UnityEditor.QuickSearchModule:UnityEditor.Search:ASIAI0B -> (ImportResultId: '91e91d54e2ad5ec7d4dce0a245c9ba62') in 0.002307 seconds
[Worker1] Imported GUID: 5b23e3210ca74ea9ae4fe882b9bce278 - Path: Packages/com.unity.inputsystem/InputSystem/Events/InputEventTrace.cs - Importer: ScriptedImporter/UnityEditor.QuickSearchModule:UnityEditor.Search:ASIAI0B -> (ImportResultId: '0338eb0d15797e4098bf2b641b0a477c') in 0.000805042 seconds
[Worker1] Imported GUID: b00a605ae58d438baf0b80388b377972 - Path: Packages/com.unity.inputsystem/InputSystem/Controls/DpadControl.cs - Importer: ScriptedImporter/UnityEditor.QuickSearchModule:UnityEditor.Search:ASIAI0B -> (ImportResultId: 'b57d09d0f96abe592a3f62db9c51df68') in 0.000713208 seconds
[Worker1] Imported GUID: 99cfd7e6e4fd7294090b6bf84b177326 - Path: Packages/com.unity.inputsystem/InputSystem/Editor/UITKAssetEditor/Commands/ControlSchemeCommands.cs - Importer: ScriptedImporter/UnityEditor.QuickSearchModule:UnityEditor.Search:ASIAI0B -> (ImportResultId: 'b5bec2184ace9ce88b603e0492508e7e') in 0.00068725 seconds
[Worker1] Imported GUID: 4eac2aa5bc9a4fc1b87308eec2acf8b1 - Path: Packages/com.unity.inputsystem/InputSystem/Devices/Pen.cs - Importer: ScriptedImporter/UnityEditor.QuickSearchModule:UnityEditor.Search:ASIAI0B -> (ImportResultId: '685f290b1ce48816aea61b1cdd4c0b30') in 0.000586709 seconds
[Worker0] Imported GUID: 33f32142c2c2d4662be5f5274db27158 - Path: Packages/com.unity.inputsystem/InputSystem/Editor/AssetEditor/PackageResources/blue.png - Importer: ScriptedImporter/UnityEditor.QuickSearchModule:UnityEditor.Search:ASIAI0B -> (ImportResultId: 'c7c68c5f7693a59cc2b1e214820e04f0') in 0.003530041 seconds
[Worker1] Imported GUID: dda83392ceab4fddbb9f3c7dd5edde62 - Path: Packages/com.unity.inputsystem/InputSystem/Events/TextEvent.cs - Importer: ScriptedImporter/UnityEditor.QuickSearchModule:UnityEditor.Search:ASIAI0B -> (ImportResultId: 'abd34e19dfb572c3513764285eafbfad') in 0.000677625 seconds
[Worker0] Imported GUID: 2158c2dfcbb94a3092caa77d698d5010 - Path: Packages/com.unity.inputsystem/InputSystem/Devices/Commands/InputDeviceCommand.cs - Importer: ScriptedImporter/UnityEditor.QuickSearchModule:UnityEditor.Search:ASIAI0B -> (ImportResultId: '360e070531ea68a024a8b2f80bf746bf') in 0.000747958 seconds
[Worker1] Imported GUID: d1acbe0a708dc40dc80254764e67ecfa - Path: Packages/com.unity.inputsystem/InputSystem/Editor/Icons/ChevronDown@4x.png - Importer: ScriptedImporter/UnityEditor.QuickSearchModule:UnityEditor.Search:ASIAI0B -> (ImportResultId: 'e755cff696673e14c6626014c683debb') in 0.001942583 seconds
[Worker0] Imported GUID: e77ee65b5139048949dc0ac5614efeec - Path: Packages/com.unity.inputsystem/InputSystem/Editor/Icons/d_Touch@3x.png - Importer: ScriptedImporter/UnityEditor.QuickSearchModule:UnityEditor.Search:ASIAI0B -> (ImportResultId: '0f368eba35aa66274ee6b5eaef27cbf3') in 0.001879208 seconds
[Worker0] Imported GUID: f5899dcacd4e3004eaa9107c97e75e09 - Path: Packages/com.unity.inputsystem/InputSystem/Controls/InputControlLayoutChange.cs - Importer: ScriptedImporter/UnityEditor.QuickSearchModule:UnityEditor.Search:ASIAI0B -> (ImportResultId: '57301f4ec946b41e6fb0f3f89406c229') in 0.000923125 seconds
[Worker1] Imported GUID: fc1515ab76e54f068e2f2207940fab32 - Path: Packages/com.unity.inputsystem/InputSystem/Actions/InputActionReference.cs - Importer: ScriptedImporter/UnityEditor.QuickSearchModule:UnityEditor.Search:ASIAI0B -> (ImportResultId: 'fb1f4f9a5ea4e9ae93262cd9916a2365') in 0.001227667 seconds
[Worker0] Imported GUID: 15eaf34440a14edf94d5a0a00cbded20 - Path: Packages/com.unity.inputsystem/InputSystem/Utilities/NumberHelpers.cs - Importer: ScriptedImporter/UnityEditor.QuickSearchModule:UnityEditor.Search:ASIAI0B -> (ImportResultId: 'de7e002ec15f2e9535f65b7e34e35df7') in 0.000775083 seconds
[Worker1] Imported GUID: 0a3e3635b85e2124b9b3147aef1cdc32 - Path: Packages/com.unity.inputsystem/InputSystem/Plugins/XInput/XInputControllerWindows.cs - Importer: ScriptedImporter/UnityEditor.QuickSearchModule:UnityEditor.Search:ASIAI0B -> (ImportResultId: '7c63856a869b1d6b64fa1669383eaba0') in 0.000687625 seconds
[Worker1] Imported GUID: a1284e66e3be9424db2c22a37b5a3cf0 - Path: Packages/com.unity.inputsystem/InputSystem/Devices/InputDeviceBuilder.cs - Importer: ScriptedImporter/UnityEditor.QuickSearchModule:UnityEditor.Search:ASIAI0B -> (ImportResultId: '319c6e61344e50d88ec33f727c934bce') in 0.000643292 seconds
[Worker0] Imported GUID: ce5f11cd993284c4f9c54f854bdc8c9c - Path: Packages/com.unity.inputsystem/InputSystem/Editor/AssetEditor/PackageResources/personal/actionTreeBackground.png - Importer: ScriptedImporter/UnityEditor.QuickSearchModule:UnityEditor.Search:ASIAI0B -> (ImportResultId: 'b7f5df79745a539d039238c7006055e4') in 0.002085417 seconds
[Worker1] Imported GUID: 9e0ea5a9f932f6541962b1bf7934f7c3 - Path: Packages/com.unity.inputsystem/InputSystem/Devices/Commands/EnableIMECompositionCommand.cs - Importer: ScriptedImporter/UnityEditor.QuickSearchModule:UnityEditor.Search:ASIAI0B -> (ImportResultId: 'cc9810ae5ab99f7d9060e659313f8a29') in 0.001386667 seconds
[Worker1] Imported GUID: 62ce957ca99fe4fcba573a5b141eb113 - Path: Packages/com.unity.inputsystem/InputSystem/Editor/Icons/InputControl@2x.png - Importer: ScriptedImporter/UnityEditor.QuickSearchModule:UnityEditor.Search:ASIAI0B -> (ImportResultId: '887fd8ceb7003c5fee896d19853a0d11') in 0.002244875 seconds
[Worker0] Imported GUID: 34f9452ba2ee14c0b9c976800caef571 - Path: Packages/com.unity.inputsystem/InputSystem/Editor/Icons/d_Axis.png - Importer: ScriptedImporter/UnityEditor.QuickSearchModule:UnityEditor.Search:ASIAI0B -> (ImportResultId: '896a8f84da7c268629f352a35fdf5b44') in 0.002887125 seconds
[Worker0] Imported GUID: f1e8cf3dc2c11ed47a2666fcf0d3a938 - Path: Packages/com.unity.inputsystem/InputSystem/Plugins/XR/Haptics/BufferedRumble.cs - Importer: ScriptedImporter/UnityEditor.QuickSearchModule:UnityEditor.Search:ASIAI0B -> (ImportResultId: 'e320d529aa8813acc261c64b64f5e3d0') in 0.000889917 seconds
[Worker1] Imported GUID: 05bbafd21bf3c4cca93cb8ddfbbd4070 - Path: Packages/com.unity.inputsystem/InputSystem/Editor/Icons/Mouse@3x.png - Importer: ScriptedImporter/UnityEditor.QuickSearchModule:UnityEditor.Search:ASIAI0B -> (ImportResultId: '34e8f3b27cba2e54e7f2faf9b0fd14ee') in 0.002228416 seconds
[Worker0] Imported GUID: d4a83784946017a4182f41a54d468481 - Path: Packages/com.unity.inputsystem/InputSystem/Devices/TrackedDevice.cs - Importer: ScriptedImporter/UnityEditor.QuickSearchModule:UnityEditor.Search:ASIAI0B -> (ImportResultId: '4d9e4bdae54c1df5ca21f0b44607ff20') in 0.000722333 seconds
[Worker1] Imported GUID: 7333721cfa334ecdb55d0cb1a3386292 - Path: Packages/com.unity.inputsystem/InputSystem/Events/DeviceResetEvent.cs - Importer: ScriptedImporter/UnityEditor.QuickSearchModule:UnityEditor.Search:ASIAI0B -> (ImportResultId: '4c221a641b39e5ab57659306a5873834') in 0.0007795 seconds
[Worker1] Imported GUID: 51e828593aae48cdbee6e9ae0ec20e5d - Path: Packages/com.unity.inputsystem/InputSystem/Utilities - Importer: ScriptedImporter/UnityEditor.QuickSearchModule:UnityEditor.Search:ASIAI0B -> (ImportResultId: '3eb1937928e8ef3e00523961742f6e30') in 0.000690083 seconds
[Worker0] Imported GUID: 03c3559bb64164f7785cd1250e475250 - Path: Packages/com.unity.inputsystem/InputSystem/Editor/Icons/d_Stick@3x.png - Importer: ScriptedImporter/UnityEditor.QuickSearchModule:UnityEditor.Search:ASIAI0B -> (ImportResultId: '5f8544f9df8d9cd7ebb8fb5ad8c868b8') in 0.002007042 seconds
[Worker0] Imported GUID: 2539bd7bca18c47e5a76ad1471ed6829 - Path: Packages/com.unity.inputsystem/InputSystem/Editor/PropertyDrawers/InputActionDrawer.cs - Importer: ScriptedImporter/UnityEditor.QuickSearchModule:UnityEditor.Search:ASIAI0B -> (ImportResultId: '7eb694224dd682532e299715d0407c4d') in 0.000706 seconds
[Worker1] Imported GUID: f14e3a4027f834f16b235498ac15bb3f - Path: Packages/com.unity.inputsystem/InputSystem/Editor/Icons/d_Keyboard@2x.png - Importer: ScriptedImporter/UnityEditor.QuickSearchModule:UnityEditor.Search:ASIAI0B -> (ImportResultId: '525ab47eb40487ec4169bc1562eaff3b') in 0.001958083 seconds
[Worker0] Imported GUID: f07d0a558a2d4f5c885936a3a1219008 - Path: Packages/com.unity.inputsystem/InputSystem/Controls/InputControlAttribute.cs - Importer: ScriptedImporter/UnityEditor.QuickSearchModule:UnityEditor.Search:ASIAI0B -> (ImportResultId: '622748d3c7c0122ee4fcd6750253025c') in 0.000647041 seconds
[Worker1] Imported GUID: fa7997ba71d7b476799fab3d063b7e6c - Path: Packages/com.unity.inputsystem/InputSystem/Events/InputEventBuffer.cs - Importer: ScriptedImporter/UnityEditor.QuickSearchModule:UnityEditor.Search:ASIAI0B -> (ImportResultId: '46cc071452f0bdee3f6d21bf1f7aeca1') in 0.000769334 seconds
[Worker0] Imported GUID: dfa8add0e3ed349708aeadc8b8c1ad0f - Path: Packages/com.unity.inputsystem/InputSystem/Editor/ControlPicker/InputControlPickerState.cs - Importer: ScriptedImporter/UnityEditor.QuickSearchModule:UnityEditor.Search:ASIAI0B -> (ImportResultId: 'd8b8dfdcff7421fdbe764e63b20208a7') in 0.000701917 seconds
[Worker1] Imported GUID: 392e37dde5bf4a14bb315f2b4829bd6b - Path: Packages/com.unity.inputsystem/InputSystem/Editor/UITKAssetEditor/Views/InputActionsEditorView.cs - Importer: ScriptedImporter/UnityEditor.QuickSearchModule:UnityEditor.Search:ASIAI0B -> (ImportResultId: '0b2b6043c25ae7510874955a9d8387f8') in 0.000693875 seconds
[Worker0] Imported GUID: 7938861606c2845d19cf2e8a683ddba3 - Path: Packages/com.unity.inputsystem/InputSystem/Controls/Processors/InvertVector3Processor.cs - Importer: ScriptedImporter/UnityEditor.QuickSearchModule:UnityEditor.Search:ASIAI0B -> (ImportResultId: '44bcb03771e0848a05dc79f5b3a44e79') in 0.00063225 seconds
[Worker0] Imported GUID: 11330b6eb30fdb54fa20d0da9f0d60a5 - Path: Packages/com.unity.inputsystem/InputSystem/Editor/UITKAssetEditor/Views/NameAndParametersListView.cs - Importer: ScriptedImporter/UnityEditor.QuickSearchModule:UnityEditor.Search:ASIAI0B -> (ImportResultId: 'f9c153965d3827bc0af326d5d121462a') in 0.00084575 seconds
[Worker0] Imported GUID: 3894aabfd6ab70245859fa873e1a6552 - Path: Packages/com.unity.inputsystem/InputSystem/Devices/Commands/SetSamplingFrequencyCommand.cs - Importer: ScriptedImporter/UnityEditor.QuickSearchModule:UnityEditor.Search:ASIAI0B -> (ImportResultId: '1c5802adfdf3d155f5ff789f0c601991') in 0.000822708 seconds
[Worker1] Imported GUID: 6f91aa063fcc645ea8061ce0ae4f6f2b - Path: Packages/com.unity.inputsystem/InputSystem/Plugins/WebGL/WebGLJoystick.cs - Importer: ScriptedImporter/UnityEditor.QuickSearchModule:UnityEditor.Search:ASIAI0B -> (ImportResultId: 'd9a8d5a9988e775d8b6cfbcd4c63dbf9') in 0.002172792 seconds
[Worker0] Imported GUID: 674bcb49f4019404bb8bfd43a597785a - Path: Packages/com.unity.inputsystem/InputSystem/Plugins/XInput - Importer: ScriptedImporter/UnityEditor.QuickSearchModule:UnityEditor.Search:ASIAI0B -> (ImportResultId: '3afe51ae1c3da53270c68eaa69fa57df') in 0.00071375 seconds
[Worker1] Imported GUID: d7fcb545eb7743c8bd27f341b51151dc - Path: Packages/com.unity.inputsystem/InputSystem/Editor/Analytics - Importer: ScriptedImporter/UnityEditor.QuickSearchModule:UnityEditor.Search:ASIAI0B -> (ImportResultId: '689d1805455a8a07b2bd7ec42167d596') in 0.000675792 seconds
[Worker1] Imported GUID: ef4e8c908ae24e438f4baea55d866f5e - Path: Packages/com.unity.inputsystem/InputSystem/State/InputStateBlock.cs - Importer: ScriptedImporter/UnityEditor.QuickSearchModule:UnityEditor.Search:ASIAI0B -> (ImportResultId: '105414df250478d494125d6559ce9013') in 0.000712 seconds
[Worker0] Imported GUID: aa356632480554016ab8f4200032981b - Path: Packages/com.unity.inputsystem/InputSystem/Editor/Icons/Button@4x.png - Importer: ScriptedImporter/UnityEditor.QuickSearchModule:UnityEditor.Search:ASIAI0B -> (ImportResultId: '7ca97c17103a24a73b95a14da0485baa') in 0.002765042 seconds
[Worker1] Imported GUID: 7d7a42e3bb8b4c0f877cbe19718a4103 - Path: Packages/com.unity.inputsystem/InputSystem/Controls/KeyControl.cs - Importer: ScriptedImporter/UnityEditor.QuickSearchModule:UnityEditor.Search:ASIAI0B -> (ImportResultId: '4a875d3a8624b369f636038706221621') in 0.000974208 seconds
[Worker0] Imported GUID: 640e1e705a694e56835bacff3d7f7b4b - Path: Packages/com.unity.inputsystem/InputSystem/Utilities/InternedString.cs - Importer: ScriptedImporter/UnityEditor.QuickSearchModule:UnityEditor.Search:ASIAI0B -> (ImportResultId: '275c2d1d9de7673dfa06a2e86e8e2738') in 0.000996458 seconds
[Worker0] Imported GUID: abbbcd5cf6184b818eaa56c5778a4110 - Path: Packages/com.unity.inputsystem/InputSystem/Devices - Importer: ScriptedImporter/UnityEditor.QuickSearchModule:UnityEditor.Search:ASIAI0B -> (ImportResultId: '29140f903199350ac0f5113f91777cd4') in 0.001006583 seconds
[Worker1] Imported GUID: ae42a3986cf84fe2aa1df4aa984dd806 - Path: Packages/com.unity.inputsystem/InputSystem/Plugins/HID/HIDDescriptorWindow.cs - Importer: ScriptedImporter/UnityEditor.QuickSearchModule:UnityEditor.Search:ASIAI0B -> (ImportResultId: '0c847d1279dae3d8cc8e6e4cfb55b6e0') in 0.001178375 seconds
[Worker0] Imported GUID: 6e6d0cbdd012f434392878fdc293f974 - Path: Packages/com.unity.inputsystem/InputSystem/Devices/Commands/QueryEnabledStateCommand.cs - Importer: ScriptedImporter/UnityEditor.QuickSearchModule:UnityEditor.Search:ASIAI0B -> (ImportResultId: '6a9aaac764577f578abfebc8ac6c4ee0') in 0.000994583 seconds
[Worker1] Imported GUID: 4ee65784bb8ce434a947aea199821419 - Path: Packages/com.unity.inputsystem/InputSystem/Plugins/UI/INavigationEventData.cs - Importer: ScriptedImporter/UnityEditor.QuickSearchModule:UnityEditor.Search:ASIAI0B -> (ImportResultId: '5c223779aa68b7f4515c6295dcc2ee86') in 0.001145709 seconds
[Worker1] Imported GUID: 900c2de771722c542b5857931181ab2f - Path: Packages/com.unity.inputsystem/InputSystem/Editor/UITKAssetEditor/Views/ViewBase.cs - Importer: ScriptedImporter/UnityEditor.QuickSearchModule:UnityEditor.Search:ASIAI0B -> (ImportResultId: '32759a2aaa596442b8fb80fb55e2c181') in 0.001179292 seconds
[Worker0] Imported GUID: 87ae93efe5d3b4262995b0acdc987d88 - Path: Packages/com.unity.inputsystem/InputSystem/Editor/Icons/Keyboard@2x.png - Importer: ScriptedImporter/UnityEditor.QuickSearchModule:UnityEditor.Search:ASIAI0B -> (ImportResultId: '35ab51a6719efe018cb20b97706b4ea2') in 0.003250458 seconds
[Worker1] Imported GUID: c79fd316c31a2402692c908865404608 - Path: Packages/com.unity.inputsystem/InputSystem/Controls/InputProcessor.cs - Importer: ScriptedImporter/UnityEditor.QuickSearchModule:UnityEditor.Search:ASIAI0B -> (ImportResultId: 'ef082a54be3717f18e9850e7e2b28081') in 0.001323667 seconds
[Worker1] Imported GUID: 6633b33d60f14b81927d89a4b06c8a1f - Path: Packages/com.unity.inputsystem/InputSystem/State/InputStateBuffers.cs - Importer: ScriptedImporter/UnityEditor.QuickSearchModule:UnityEditor.Search:ASIAI0B -> (ImportResultId: '2ad3d17791dbc901a90d34b244a985b7') in 0.000735375 seconds
[Worker0] Imported GUID: d8ce1fd8f845226439f6b4ee991c9f78 - Path: Packages/com.unity.inputsystem/InputSystem/Devices/Commands/QueryDimensionsCommand.cs - Importer: ScriptedImporter/UnityEditor.QuickSearchModule:UnityEditor.Search:ASIAI0B -> (ImportResultId: '468a3cec362377d98a9411c3b67a2466') in 0.001074958 seconds
[Worker1] Imported GUID: bb39cf984021140a3adc2419327534a7 - Path: Packages/com.unity.inputsystem/InputSystem/Events/IMECompositionEvent.cs - Importer: ScriptedImporter/UnityEditor.QuickSearchModule:UnityEditor.Search:ASIAI0B -> (ImportResultId: '990964333746d1f666f7e2e8948901a1') in 0.001058542 seconds
[Worker1] Imported GUID: 9e082355c53c54d19a09c1d4f7629360 - Path: Packages/com.unity.inputsystem/InputSystem/Utilities/JsonParser.cs - Importer: ScriptedImporter/UnityEditor.QuickSearchModule:UnityEditor.Search:ASIAI0B -> (ImportResultId: '04ebdf360fe4ed745870cb612764dad8') in 0.000734042 seconds
[Worker0] Imported GUID: e01ab4b854c6d4fa3a8d869b67ecd643 - Path: Packages/com.unity.inputsystem/InputSystem/Editor/Icons/d_Axis@4x.png - Importer: ScriptedImporter/UnityEditor.QuickSearchModule:UnityEditor.Search:ASIAI0B -> (ImportResultId: 'f11276782ff840a477267ae32db9088c') in 0.002090042 seconds
[Worker0] Imported GUID: 96500a17645c67442a0ccdca007e6d28 - Path: Packages/com.unity.inputsystem/InputSystem/Plugins/InputForUI - Importer: ScriptedImporter/UnityEditor.QuickSearchModule:UnityEditor.Search:ASIAI0B -> (ImportResultId: '4a47aaa2d7e2604e1000177340f8f427') in 0.000898708 seconds
[Worker1] Imported GUID: 449c8e5ca27af8e4a9db710c8be5e4df - Path: Packages/com.unity.inputsystem/InputSystem/Editor/UITKAssetEditor/PackageResources/BindingPanelRowTemplate.uxml - Importer: ScriptedImporter/UnityEditor.QuickSearchModule:UnityEditor.Search:ASIAI0B -> (ImportResultId: 'dae051eb9a84fcfc7c9af9ed88d1e934') in 0.003707667 seconds
[Worker0] Imported GUID: ea8b7319643924985a9ee4ca18b8db59 - Path: Packages/com.unity.inputsystem/InputSystem/Editor/Icons/Pen.png - Importer: ScriptedImporter/UnityEditor.QuickSearchModule:UnityEditor.Search:ASIAI0B -> (ImportResultId: 'b4892b42ee23629b7b1a64327c3f0376') in 0.00267875 seconds
[Worker1] Imported GUID: 98a0df93c82e4369b500b62affa160db - Path: Packages/com.unity.inputsystem/InputSystem/Utilities/InlinedArray.cs - Importer: ScriptedImporter/UnityEditor.QuickSearchModule:UnityEditor.Search:ASIAI0B -> (ImportResultId: 'f520a2b583b49d2a13428c25afc258d6') in 0.001027917 seconds
[Worker0] Imported GUID: 097288e93d94f44438e9ef4dc93f7346 - Path: Packages/com.unity.inputsystem/InputSystem/Plugins/XR - Importer: ScriptedImporter/UnityEditor.QuickSearchModule:UnityEditor.Search:ASIAI0B -> (ImportResultId: 'c25af497370dfc8e747fd80cce6ff3eb') in 0.000896166 seconds
[Worker1] Imported GUID: fdd7c783de844fefa8df8acfd36b9dc9 - Path: Packages/com.unity.inputsystem/InputSystem/Editor/Debugger/SampleFrequencyCalculator.cs - Importer: ScriptedImporter/UnityEditor.QuickSearchModule:UnityEditor.Search:ASIAI0B -> (ImportResultId: 'af832bdbb256827a1477a98dd9a8b4fe') in 0.000854708 seconds
[Worker0] Imported GUID: 620180a2562c422893989c28645cef24 - Path: Packages/com.unity.inputsystem/InputSystem/Devices/Commands/QueryKeyboardLayoutCommand.cs - Importer: ScriptedImporter/UnityEditor.QuickSearchModule:UnityEditor.Search:ASIAI0B -> (ImportResultId: '429a893902431de3567a9daea191f7f5') in 0.000901042 seconds
[Worker1] Imported GUID: 5ab69704aa4984b49bc426da72fabbed - Path: Packages/com.unity.inputsystem/InputSystem/Editor/AssetEditor/PackageResources/personal/foldoutBackground.png - Importer: ScriptedImporter/UnityEditor.QuickSearchModule:UnityEditor.Search:ASIAI0B -> (ImportResultId: 'c96cc70062c3c5f4157e7de23eca6f4a') in 0.00213725 seconds
[Worker0] Imported GUID: 1918e7bff8ff44878a0003977ca03971 - Path: Packages/com.unity.inputsystem/InputSystem/Editor/Icons/d_Mouse@4x.png - Importer: ScriptedImporter/UnityEditor.QuickSearchModule:UnityEditor.Search:ASIAI0B -> (ImportResultId: '17fbfe1f034e8a75321b527f4702db7e') in 0.002124958 seconds
[Worker1] Imported GUID: da649da79e1b9455791f5ddd31355edc - Path: Packages/com.unity.inputsystem/InputSystem/Editor/AssetEditor/NameAndParameterListView.cs - Importer: ScriptedImporter/UnityEditor.QuickSearchModule:UnityEditor.Search:ASIAI0B -> (ImportResultId: 'd86c3c2a1e60f0ac1ca0a31caa11478e') in 0.001034042 seconds
[Worker0] Imported GUID: b60b9eb0384c345c89435d0982a6e4fd - Path: Packages/com.unity.inputsystem/InputSystem/Editor/Icons/d_Dpad.png - Importer: ScriptedImporter/UnityEditor.QuickSearchModule:UnityEditor.Search:ASIAI0B -> (ImportResultId: 'da28be5cdf06301aacd2c591731e445c') in 0.002554042 seconds
[Worker1] Imported GUID: 21e367e100361604f9ad6287fd367d4a - Path: Packages/com.unity.inputsystem/ValidationConfig.json - Importer: ScriptedImporter/UnityEditor.QuickSearchModule:UnityEditor.Search:ASIAI0B -> (ImportResultId: 'c63fe9dc2425329a73a6d8efb27350f8') in 0.001525333 seconds
[Worker0] Imported GUID: 857f018a2ed885449804cf82b4fec116 - Path: Packages/com.unity.inputsystem/Tests/IntegrationTests - Importer: ScriptedImporter/UnityEditor.QuickSearchModule:UnityEditor.Search:ASIAI0B -> (ImportResultId: '563933fb2360c967dd95a4f875f0aa8a') in 0.000667875 seconds
[Worker1] Imported GUID: c018e4b76d0cd35459e780d36eb69c45 - Path: Packages/com.unity.inputsystem/InputSystem/Editor/Internal/SerializedPropertyLinqExtensions.cs - Importer: ScriptedImporter/UnityEditor.QuickSearchModule:UnityEditor.Search:ASIAI0B -> (ImportResultId: '638752b3d532c5fcf14a7bca8c85e382') in 0.000766167 seconds
[Worker1] Imported GUID: d6965b068653ebe45986cb10b38854d1 - Path: Packages/com.unity.inputsystem/InputSystem/Plugins/InputForUI/InputSystemProvider.cs - Importer: ScriptedImporter/UnityEditor.QuickSearchModule:UnityEditor.Search:ASIAI0B -> (ImportResultId: '8c12c3884afc27c2387077e65604a88b') in 0.000934875 seconds
[Worker1] Imported GUID: 30858d79688750445a07107b96c917fe - Path: Packages/com.unity.inputsystem/InputSystem/Devices/Precompiled/FastTouchscreen.cs - Importer: ScriptedImporter/UnityEditor.QuickSearchModule:UnityEditor.Search:ASIAI0B -> (ImportResultId: '64787afae7db6ff131975969142e87fe') in 0.000775417 seconds
[Worker0] Imported GUID: cac8742b1b72b44699fd1663287ca47d - Path: Packages/com.unity.inputsystem/InputSystem/Editor/Icons/Interactive Binding@3x.png - Importer: ScriptedImporter/UnityEditor.QuickSearchModule:UnityEditor.Search:ASIAI0B -> (ImportResultId: 'e02e145c196c8e4f639b7d812dc40cbb') in 0.00311125 seconds
[Worker0] Imported GUID: 3afbef7bebf197d43b2352b971a4e15f - Path: Packages/com.unity.inputsystem/InputSystem/Actions/Interactions/SlowTapInteraction.cs - Importer: ScriptedImporter/UnityEditor.QuickSearchModule:UnityEditor.Search:ASIAI0B -> (ImportResultId: '441cd7394b24f5900eed45edc8377102') in 0.001072375 seconds
[Worker1] Imported GUID: ca933a91c81734ddd88b17c8481ec1e9 - Path: Packages/com.unity.inputsystem/InputSystem/Editor/Icons/d_Add Binding@3x.png - Importer: ScriptedImporter/UnityEditor.QuickSearchModule:UnityEditor.Search:ASIAI0B -> (ImportResultId: '538cb1661513b9ec281913a7f483b9bc') in 0.002749042 seconds
[Worker1] Imported GUID: 7c6a2891083312645a7be416176261c1 - Path: Packages/com.unity.inputsystem/InputSystem/Utilities/CSharpCodeHelpers.cs - Importer: ScriptedImporter/UnityEditor.QuickSearchModule:UnityEditor.Search:ASIAI0B -> (ImportResultId: '3ef89be2592677d3f84b940cc638d6db') in 0.000793667 seconds
[Worker0] Imported GUID: 5d96795fd770f47d69d997b053532730 - Path: Packages/com.unity.inputsystem/InputSystem/Editor/Icons/d_ChevronDown@3x.png - Importer: ScriptedImporter/UnityEditor.QuickSearchModule:UnityEditor.Search:ASIAI0B -> (ImportResultId: '42dc736cadcb428256483ca29e8b3303') in 0.002299833 seconds
[Worker0] Imported GUID: a27b7d2db78661c429e29911c09f8f4c - Path: Packages/com.unity.inputsystem/InputSystem/Plugins/Switch - Importer: ScriptedImporter/UnityEditor.QuickSearchModule:UnityEditor.Search:ASIAI0B -> (ImportResultId: 'dc2247d988ecef179dc5052047f3862d') in 0.000873458 seconds
[Worker0] Imported GUID: aa489f950f62d2948a1d96092e5a708a - Path: Packages/com.unity.inputsystem/InputSystem/Plugins/UI/UISupport.cs - Importer: ScriptedImporter/UnityEditor.QuickSearchModule:UnityEditor.Search:ASIAI0B -> (ImportResultId: '26d6ee8329722c47c46931ab97de96e5') in 0.000762958 seconds
[Worker1] Imported GUID: 7e853779c8fed4ebf917a0de21c79602 - Path: Packages/com.unity.inputsystem/InputSystem/Editor/Icons/Axis.png - Importer: ScriptedImporter/UnityEditor.QuickSearchModule:UnityEditor.Search:ASIAI0B -> (ImportResultId: 'e7e4cd16a0a243a9a6bb720f692f9baf') in 0.002705125 seconds
[Worker1] Imported GUID: a6724a4cbf5d47a2b01ca5fe41036ddd - Path: Packages/com.unity.inputsystem/InputSystem/State - Importer: ScriptedImporter/UnityEditor.QuickSearchModule:UnityEditor.Search:ASIAI0B -> (ImportResultId: '854c98400bfbd11f80bda52a023d8bfd') in 0.00061375 seconds
[Worker1] Imported GUID: 6600059bab4cd4a4ab586e5bb07df47b - Path: Packages/com.unity.inputsystem/InputSystem/Devices/Precompiled - Importer: ScriptedImporter/UnityEditor.QuickSearchModule:UnityEditor.Search:ASIAI0B -> (ImportResultId: '647e052ccc63f5a2a3b9de545c46ddce') in 0.000657 seconds
[Worker0] Imported GUID: a0b78c5ab9d654a9daba91ff774b4931 - Path: Packages/com.unity.inputsystem/InputSystem/Editor/Icons/Mouse@4x.png - Importer: ScriptedImporter/UnityEditor.QuickSearchModule:UnityEditor.Search:ASIAI0B -> (ImportResultId: '182c8a0e6c5a6014f1c196a74e2cf48f') in 0.002291708 seconds
[Worker1] Imported GUID: bb83bbf668a324899963d1ea424c5ad0 - Path: Packages/com.unity.inputsystem/InputSystem/Utilities/DelegateHelpers.cs - Importer: ScriptedImporter/UnityEditor.QuickSearchModule:UnityEditor.Search:ASIAI0B -> (ImportResultId: '17d6d5883100a73c93a990d328401d6c') in 0.000837292 seconds
[Worker0] Imported GUID: 92ae37f8da4c25141a0c43e136275e46 - Path: Packages/com.unity.inputsystem/InputSystem/Plugins/OnScreen/OnScreenControl.cs - Importer: ScriptedImporter/UnityEditor.QuickSearchModule:UnityEditor.Search:ASIAI0B -> (ImportResultId: 'e8b23607f86c76a00270605a5168a9ae') in 0.001062125 seconds
[Worker1] Imported GUID: 2603947746e342918fcad117e9ce6db6 - Path: Packages/com.unity.inputsystem/InputSystem/Editor/AssetImporter/IInputActionAssetEditor.cs - Importer: ScriptedImporter/UnityEditor.QuickSearchModule:UnityEditor.Search:ASIAI0B -> (ImportResultId: '9936cc4d6a750d261ead06a59c87fb1a') in 0.000936042 seconds
[Worker0] Imported GUID: 75469ad4d38634e559750d17036d5f7c - Path: Packages/com.unity.inputsystem/InputSystem/Unity.InputSystem.asmdef - Importer: ScriptedImporter/UnityEditor.QuickSearchModule:UnityEditor.Search:ASIAI0B -> (ImportResultId: 'df8194b2f765f489999a4046dc547a0c') in 0.000973584 seconds
[Worker1] Imported GUID: b16c6f78230fa4964a222622d8aae332 - Path: Packages/com.unity.inputsystem/InputSystem/Plugins/UI/MultiplayerEventSystem.cs - Importer: ScriptedImporter/UnityEditor.QuickSearchModule:UnityEditor.Search:ASIAI0B -> (ImportResultId: '37537e80b3f3908e9d249eb7610fbde4') in 0.000874792 seconds
[Worker1] Imported GUID: ac53fbe9e2e3a1535e2bfa5d8a7dfd6e - Path: Packages/com.unity.inputsystem - Importer: ScriptedImporter/UnityEditor.QuickSearchModule:UnityEditor.Search:ASIAI0B -> (ImportResultId: '941f61acd74107daa8c8ba95f483e7a9') in 0.000666459 seconds
[Worker0] Imported GUID: b9817b64a59aab947a96a4cf6247d018 - Path: Packages/com.unity.inputsystem/InputSystem/Plugins/OSX/OSXGameController.cs - Importer: ScriptedImporter/UnityEditor.QuickSearchModule:UnityEditor.Search:ASIAI0B -> (ImportResultId: 'd5057318e696244e6e1773c0c4791783') in 0.000777125 seconds
[Worker1] Imported GUID: 073f4378d59364199ae19d0486842726 - Path: Packages/com.unity.inputsystem/Tests/TestFixture/InputTestRuntime.cs - Importer: ScriptedImporter/UnityEditor.QuickSearchModule:UnityEditor.Search:ASIAI0B -> (ImportResultId: '6cee088197fabc4b1b2f1c994aae4345') in 0.001846083 seconds
[Worker1] Imported GUID: 989e6ef705a83455c81a5d0a22910406 - Path: Packages/com.unity.inputsystem/InputSystem/Editor/UITKAssetEditor/Views/ContextMenu.cs - Importer: ScriptedImporter/UnityEditor.QuickSearchModule:UnityEditor.Search:ASIAI0B -> (ImportResultId: 'a612b6142e3d3a3a654ecfdf9a803234') in 0.000718542 seconds
[Worker0] Imported GUID: 6c1147159d9dc42948601b29dfc9a40c - Path: Packages/com.unity.inputsystem/InputSystem/Editor/Icons/Dpad@3x.png - Importer: ScriptedImporter/UnityEditor.QuickSearchModule:UnityEditor.Search:ASIAI0B -> (ImportResultId: '046d98ab148d91f98218c9bca317b2e2') in 0.003277958 seconds
[Worker1] Imported GUID: ee46ea662a1d4d2397d0b3a45baf67ef - Path: Packages/com.unity.inputsystem/InputSystem/Devices/Haptics/DualMotorRumbleCommand.cs - Importer: ScriptedImporter/UnityEditor.QuickSearchModule:UnityEditor.Search:ASIAI0B -> (ImportResultId: 'c0d8e44be579b8d201038ea523cc1763') in 0.000915 seconds
[Worker0] Imported GUID: fa26399d579948dd90c6ff298cdb0570 - Path: Packages/com.unity.inputsystem/InputSystem/Plugins/DualShock/DualShockSupport.cs - Importer: ScriptedImporter/UnityEditor.QuickSearchModule:UnityEditor.Search:ASIAI0B -> (ImportResultId: '9d48fe4057dfe3162bc3ad102b742f2a') in 0.00079475 seconds
[Worker1] Imported GUID: 17c8753d0e5e24194b06404851be7f13 - Path: Packages/com.unity.inputsystem/InputSystem/Editor/Icons/Gamepad.png - Importer: ScriptedImporter/UnityEditor.QuickSearchModule:UnityEditor.Search:ASIAI0B -> (ImportResultId: '57747c0255912fb2cf6a3aa22698496e') in 0.002239458 seconds
[Worker0] Imported GUID: 2a5d0a7febdc741039abf135883517e5 - Path: Packages/com.unity.inputsystem/InputSystem/Editor/Icons/Button.png - Importer: ScriptedImporter/UnityEditor.QuickSearchModule:UnityEditor.Search:ASIAI0B -> (ImportResultId: '7028dcc0f6e1222692399f4574494908') in 0.001968916 seconds
[Worker1] Imported GUID: 760fac1b814a4d99a4fc534934e4dc99 - Path: Packages/com.unity.inputsystem/InputSystem/Utilities/MemoryHelpers.cs - Importer: ScriptedImporter/UnityEditor.QuickSearchModule:UnityEditor.Search:ASIAI0B -> (ImportResultId: '917b111618917ff44737c90468e2a227') in 0.000958666 seconds
[Worker0] Imported GUID: 250f0b2038f8466aaa09814a4b1c5f46 - Path: Packages/com.unity.inputsystem/InputSystem/Devices/InputDevice.cs - Importer: ScriptedImporter/UnityEditor.QuickSearchModule:UnityEditor.Search:ASIAI0B -> (ImportResultId: '6e5fe610bc2363b83c891a71522899ae') in 0.000893625 seconds
[Worker1] Imported GUID: e3da24ab555e0c04793b0618d387a2b5 - Path: Packages/com.unity.inputsystem/InputSystem/Controls/TouchPressControl.cs - Importer: ScriptedImporter/UnityEditor.QuickSearchModule:UnityEditor.Search:ASIAI0B -> (ImportResultId: 'ccd225bdc5d4e53708389298b69d36e3') in 0.001046917 seconds
[Worker0] Imported GUID: 424b6720ff5999446843ba414e58a907 - Path: Packages/com.unity.inputsystem/InputSystem/Plugins/UI/VirtualMouseInput.cs - Importer: ScriptedImporter/UnityEditor.QuickSearchModule:UnityEditor.Search:ASIAI0B -> (ImportResultId: '48ae2501bfa8ffc5206e9a9b3b11e6a2') in 0.00091425 seconds
[Worker0] Imported GUID: 2e27a82b5cc4e4ef98cbef2d0b324aed - Path: Packages/com.unity.inputsystem/InputSystem/Editor/Icons/Axis@3x.png - Importer: ScriptedImporter/UnityEditor.QuickSearchModule:UnityEditor.Search:ASIAI0B -> (ImportResultId: 'e244e4160898da5d755037fe5c038c25') in 0.002487875 seconds
[Worker1] Imported GUID: c933c2bcad7ef46309fde7c1cf11b39a - Path: Packages/com.unity.inputsystem/InputSystem/Editor/Icons/d_Orientation.png - Importer: ScriptedImporter/UnityEditor.QuickSearchModule:UnityEditor.Search:ASIAI0B -> (ImportResultId: '4d2a532c9510f8d6b41091b53007d4d3') in 0.002446583 seconds
[Worker0] Imported GUID: 9c425cd71d0042cbbd24386f4e4b9ec1 - Path: Packages/com.unity.inputsystem/InputSystem/Devices/Precompiled/FastMouse.partial.cs - Importer: ScriptedImporter/UnityEditor.QuickSearchModule:UnityEditor.Search:ASIAI0B -> (ImportResultId: 'c8835f59272631be10810b7d21f1feb2') in 0.000976709 seconds
[Worker1] Imported GUID: c2fadf230d1919748a9aa21d40f74619 - Path: Packages/com.unity.inputsystem/InputSystem/Plugins/XR/TrackedPoseDriver.cs - Importer: ScriptedImporter/UnityEditor.QuickSearchModule:UnityEditor.Search:ASIAI0B -> (ImportResultId: '64c0805e6a57d5f09c7bab2cd5189da7') in 0.001512208 seconds
[Worker0] Imported GUID: 015a929bdae646a99b91b756b998233f - Path: Packages/com.unity.inputsystem/InputSystem/Editor/AssetImporter/InputActionAssetIconLoader.cs - Importer: ScriptedImporter/UnityEditor.QuickSearchModule:UnityEditor.Search:ASIAI0B -> (ImportResultId: '92d0ab791185fc516e062f9e481c73db') in 0.000739334 seconds
[Worker0] Imported GUID: e22caa7f1befe4d4db80921ba3cdabdb - Path: Packages/com.unity.inputsystem/InputSystem/Editor/Internal/SerializedPropertyHelpers.cs - Importer: ScriptedImporter/UnityEditor.QuickSearchModule:UnityEditor.Search:ASIAI0B -> (ImportResultId: 'b210399d77d46d6427273dbb4cd3527c') in 0.001131125 seconds
[Worker1] Imported GUID: 050df780a05f4754b28e85d32a88da95 - Path: Packages/com.unity.inputsystem/InputSystem/Actions/InputActionParameters.cs - Importer: ScriptedImporter/UnityEditor.QuickSearchModule:UnityEditor.Search:ASIAI0B -> (ImportResultId: '92273e58ac4fea0c27c603b7b0051dee') in 0.001129083 seconds
[Worker0] Imported GUID: 3bbc200178984676a2dcb977a2fe3bae - Path: Packages/com.unity.inputsystem/DocCodeSamples.Tests/GamepadHapticsExample.cs - Importer: ScriptedImporter/UnityEditor.QuickSearchModule:UnityEditor.Search:ASIAI0B -> (ImportResultId: '9f95a6be4b70f818be6882c0153dbec9') in 0.00089325 seconds
[Worker1] Imported GUID: 7c9443eaca924751a528ee833d503cb0 - Path: Packages/com.unity.inputsystem/InputSystem/Events/InputEventHandledPolicy.cs - Importer: ScriptedImporter/UnityEditor.QuickSearchModule:UnityEditor.Search:ASIAI0B -> (ImportResultId: '6b4eaa5425e1d345c24006de393f20b5') in 0.000935625 seconds
[Worker0] Imported GUID: f1c1e9b3951e340e48a3d2c037d6f48b - Path: Packages/com.unity.inputsystem/Tests - Importer: ScriptedImporter/UnityEditor.QuickSearchModule:UnityEditor.Search:ASIAI0B -> (ImportResultId: '6bb5a92a6a48d67b7ea66beb9df6dfa6') in 0.001361875 seconds
[Worker0] Imported GUID: 18d3e83390dcd6349b3086b9f70391b9 - Path: Packages/com.unity.inputsystem/InputSystem/Editor/UITKAssetEditor/InputActionsEditorSettingsProvider.cs - Importer: ScriptedImporter/UnityEditor.QuickSearchModule:UnityEditor.Search:ASIAI0B -> (ImportResultId: 'ec174eb54005b80166cdfcbab2efd5b1') in 0.000775625 seconds
[Worker0] Imported GUID: 40cf321da8ee4fc428f65b23423528d2 - Path: Packages/com.unity.inputsystem/InputSystem/Devices/Precompiled/FastKeyboard.cs - Importer: ScriptedImporter/UnityEditor.QuickSearchModule:UnityEditor.Search:ASIAI0B -> (ImportResultId: 'ebbb8d62086b7ee839b7a0489f29e80d') in 0.000682375 seconds
[Worker1] Imported GUID: 153c8e15f7f6c452ca50f6795813ed39 - Path: Packages/com.unity.inputsystem/InputSystem/Editor/Icons/ChevronDown@2x.png - Importer: ScriptedImporter/UnityEditor.QuickSearchModule:UnityEditor.Search:ASIAI0B -> (ImportResultId: '4571eea76eb26b7669e40a3b65a05588') in 0.00347625 seconds
[Worker0] Imported GUID: 943deaaee9c9347e0a455aa208526c42 - Path: Packages/com.unity.inputsystem/InputSystem/Editor/AssetEditor/PackageResources/pro/actionTreeBackgroundWithoutBorder.png - Importer: ScriptedImporter/UnityEditor.QuickSearchModule:UnityEditor.Search:ASIAI0B -> (ImportResultId: '2eeda38be4b8ee61b4435eba98e6f99a') in 0.00257325 seconds
[Worker1] Imported GUID: acfae125fa5d7904987a696b3993d432 - Path: Packages/com.unity.inputsystem/InputSystem/Editor/UITKAssetEditor/PackageResources/CompositePartBindingPropertiesEditor.uxml - Importer: ScriptedImporter/UnityEditor.QuickSearchModule:UnityEditor.Search:ASIAI0B -> (ImportResultId: '77b7cf120704c7dc4a411f17e8f3c7be') in 0.002372166 seconds
[Worker0] Imported GUID: 7ada2e545c685b44a8367bdab267f0dc - Path: Packages/com.unity.inputsystem/InputSystem/Plugins/XR/Devices - Importer: ScriptedImporter/UnityEditor.QuickSearchModule:UnityEditor.Search:ASIAI0B -> (ImportResultId: 'e1ad7157419f711e12c8b3d37dc001b8') in 0.000722667 seconds
[Worker1] Imported GUID: a3fa73829479e4b41965e749fcca7c12 - Path: Packages/com.unity.inputsystem/InputSystem/Editor/Icons/Position@2x.png - Importer: ScriptedImporter/UnityEditor.QuickSearchModule:UnityEditor.Search:ASIAI0B -> (ImportResultId: '1670a034fe2e829664a6708495ed113d') in 0.002245667 seconds
[Worker0] Imported GUID: 303ef5b13740f9a4db252c50122d2c62 - Path: Packages/com.unity.inputsystem/InputSystem/Editor/UITKAssetEditor/PackageResources/ControlSchemeEditor.uxml - Importer: ScriptedImporter/UnityEditor.QuickSearchModule:UnityEditor.Search:ASIAI0B -> (ImportResultId: 'c2e89bbc9203492f9f1072edf2c0b318') in 0.004166 seconds
[Worker1] Imported GUID: 96f7582a52a6843c09e0c71617e94f2d - Path: Packages/com.unity.inputsystem/InputSystem/Editor/Icons/d_Pen@2x.png - Importer: ScriptedImporter/UnityEditor.QuickSearchModule:UnityEditor.Search:ASIAI0B -> (ImportResultId: '0b977583828fddcb6bc8f6cddf5fc87a') in 0.002521583 seconds
[Worker0] Imported GUID: d384a7a7180814f16aa8fa9d86ac3b6c - Path: Packages/com.unity.inputsystem/InputSystem/Editor/UITKAssetEditor/Views/CopyPasteHelper.cs - Importer: ScriptedImporter/UnityEditor.QuickSearchModule:UnityEditor.Search:ASIAI0B -> (ImportResultId: '17f3f24ee56e0a7c8fb664c97b908215') in 0.001155542 seconds
[Worker1] Imported GUID: a3e12f7b92d6e49c0b430ae7813c2398 - Path: Packages/com.unity.inputsystem/CHANGELOG.md - Importer: ScriptedImporter/UnityEditor.QuickSearchModule:UnityEditor.Search:ASIAI0B -> (ImportResultId: 'ceeeed0b8ac9fd37059b02eb60d8fe90') in 0.002003792 seconds
[Worker0] Imported GUID: 026e1117180341c1bf7847a2cc61f75b - Path: Packages/com.unity.inputsystem/DocCodeSamples.Tests/InputSystemUIInputModuleAssignActionsExample.cs - Importer: ScriptedImporter/UnityEditor.QuickSearchModule:UnityEditor.Search:ASIAI0B -> (ImportResultId: '578cf14103702e89fec510091e9d937a') in 0.000795667 seconds
[Worker0] Imported GUID: 550c4f473d16e49cf9f2e5c45be4490d - Path: Packages/com.unity.inputsystem/InputSystem/Editor/PropertyDrawers/InputActionPropertyDrawer.cs - Importer: ScriptedImporter/UnityEditor.QuickSearchModule:UnityEditor.Search:ASIAI0B -> (ImportResultId: 'eafdee2b106c916c111ac2eb775e5ace') in 0.000812 seconds
[Worker0] Imported GUID: 7ae2dc3fc1c44ea59667819ea1d2e0c5 - Path: Packages/com.unity.inputsystem/InputSystem/Plugins/XInput/XInputController.cs - Importer: ScriptedImporter/UnityEditor.QuickSearchModule:UnityEditor.Search:ASIAI0B -> (ImportResultId: '1f1a6d3982a4569cc13236cc14f000d2') in 0.000644041 seconds
[Worker1] Imported GUID: b025a2a0f9e554d1e88a93b5649dfc3f - Path: Packages/com.unity.inputsystem/InputSystem/Editor/Icons/InputActionAsset.png - Importer: ScriptedImporter/UnityEditor.QuickSearchModule:UnityEditor.Search:ASIAI0B -> (ImportResultId: '18c597c2d5223fc252984862997b5231') in 0.002281875 seconds
[Worker0] Imported GUID: 3e12c30fe9774947a81ce7eb7054cfb7 - Path: Packages/com.unity.inputsystem/InputSystem/Utilities/Observables/SelectManyObservable.cs - Importer: ScriptedImporter/UnityEditor.QuickSearchModule:UnityEditor.Search:ASIAI0B -> (ImportResultId: 'aea96bc8e8a26f3f83905713634a71f5') in 0.000720417 seconds
[Worker0] Imported GUID: e286fc65ad3d4645b213e71b11e963e4 - Path: Packages/com.unity.inputsystem/InputSystem/Devices/Haptics - Importer: ScriptedImporter/UnityEditor.QuickSearchModule:UnityEditor.Search:ASIAI0B -> (ImportResultId: '378ac676659e4beb5c6b7cb30820e0de') in 0.00083975 seconds
[Worker0] Imported GUID: ba025c1c816ba7c42a1d28f1cefb9c66 - Path: Packages/com.unity.inputsystem/InputSystem/IInputDiagnostics.cs - Importer: ScriptedImporter/UnityEditor.QuickSearchModule:UnityEditor.Search:ASIAI0B -> (ImportResultId: 'e6d9d3c63a7c7a37beba11894e6c85e6') in 0.000797416 seconds
[Worker1] Imported GUID: 9ad5d5b6a25b749e78b4950eae0a8ec2 - Path: Packages/com.unity.inputsystem/InputSystem/Editor/Icons/Touch@3x.png - Importer: ScriptedImporter/UnityEditor.QuickSearchModule:UnityEditor.Search:ASIAI0B -> (ImportResultId: '2c474ea6e020849daa40ecd9fbbea585') in 0.002673875 seconds
[Worker0] Imported GUID: 9d7486ba41233414a9ed80716a544026 - Path: Packages/com.unity.inputsystem/InputSystem/Editor/AssetImporter - Importer: ScriptedImporter/UnityEditor.QuickSearchModule:UnityEditor.Search:ASIAI0B -> (ImportResultId: '2f2f61d90297ef30a926ca2659c9e7d3') in 0.00082275 seconds
[Worker1] Imported GUID: 1ab470181bfe4ba891e0d1584730fc4c - Path: Packages/com.unity.inputsystem/InputSystem/Controls/DiscreteButtonControl.cs - Importer: ScriptedImporter/UnityEditor.QuickSearchModule:UnityEditor.Search:ASIAI0B -> (ImportResultId: '142536774a6e8220164f55db45c48676') in 0.000804625 seconds
[Worker0] Imported GUID: 681942113a3d6460a90af134a86edb78 - Path: Packages/com.unity.inputsystem/InputSystem/Controls/Processors/ScaleVector3Processor.cs - Importer: ScriptedImporter/UnityEditor.QuickSearchModule:UnityEditor.Search:ASIAI0B -> (ImportResultId: 'd560c5406ab62882953d98e20c58fdab') in 0.000816625 seconds
[Worker1] Imported GUID: 9e37175fb5b321444aa88a861f93360a - Path: Packages/com.unity.inputsystem/InputSystem/Actions/IInputInteraction.cs - Importer: ScriptedImporter/UnityEditor.QuickSearchModule:UnityEditor.Search:ASIAI0B -> (ImportResultId: 'e9079cf8d56d90df1506551f40d11bd1') in 0.001081125 seconds
[Worker0] Imported GUID: 2fe2cf22711ac4db3b094a955603f8bd - Path: Packages/com.unity.inputsystem/InputSystem/Editor/Internal/AdvancedDropdown/CallbackDataSource.cs - Importer: ScriptedImporter/UnityEditor.QuickSearchModule:UnityEditor.Search:ASIAI0B -> (ImportResultId: '87956b9b09b373fdf845f58088c64829') in 0.000964917 seconds
[Worker1] Imported GUID: 898672c95e554f2fb492125d78b11af2 - Path: Packages/com.unity.inputsystem/DocCodeSamples.Tests/GamepadExample.cs - Importer: ScriptedImporter/UnityEditor.QuickSearchModule:UnityEditor.Search:ASIAI0B -> (ImportResultId: '396b61c0a1dfd27a4a9cd0258e77211b') in 0.000673708 seconds
[Worker0] Imported GUID: 86b230bdbb8ce487882861a17e6d2bde - Path: Packages/com.unity.inputsystem/InputSystem/Plugins/PlayerInput/PlayerJoinBehavior.cs - Importer: ScriptedImporter/UnityEditor.QuickSearchModule:UnityEditor.Search:ASIAI0B -> (ImportResultId: '3b7f92231bdf7e3d1462efa2f186338e') in 0.0006625 seconds
[Worker1] Imported GUID: e9d677f1681015749b15c436eec6d880 - Path: Packages/com.unity.inputsystem/InputSystem/Plugins/OnScreen/OnScreenStick.cs - Importer: ScriptedImporter/UnityEditor.QuickSearchModule:UnityEditor.Search:ASIAI0B -> (ImportResultId: '184efae53d10227db4ce8ef07516ee13') in 0.000680833 seconds
[Worker1] Imported GUID: 8529451a1ee99484a891bdea2f5219f3 - Path: Packages/com.unity.inputsystem/InputSystem/Plugins/XR/Haptics - Importer: ScriptedImporter/UnityEditor.QuickSearchModule:UnityEditor.Search:ASIAI0B -> (ImportResultId: '1f27487aae751a92406502c67c1f9f74') in 0.000650334 seconds
[Worker0] Imported GUID: 6164e492ad3164525ab8ecd9968c3a64 - Path: Packages/com.unity.inputsystem/InputSystem/Editor/Icons/d_Mouse@3x.png - Importer: ScriptedImporter/UnityEditor.QuickSearchModule:UnityEditor.Search:ASIAI0B -> (ImportResultId: 'ac73c2f0320964616c2a498c6b10de08') in 0.003135042 seconds
[Worker0] Imported GUID: 6ae082cf4f6634e9d8cdd8526dd816a3 - Path: Packages/com.unity.inputsystem/InputSystem/Controls/Processors/NormalizeVector2Processor.cs - Importer: ScriptedImporter/UnityEditor.QuickSearchModule:UnityEditor.Search:ASIAI0B -> (ImportResultId: '1336603fbf0f55ba0ad42e9b305e0120') in 0.00074975 seconds
[Worker1] Imported GUID: cca9ce0c8554d5244930f14c21489ac1 - Path: Packages/com.unity.inputsystem/InputSystem/Editor/UITKAssetEditor/PackageResources/InputAssetEditorDark.uss - Importer: ScriptedImporter/UnityEditor.QuickSearchModule:UnityEditor.Search:ASIAI0B -> (ImportResultId: 'f0910a58c6d7ad47e58edf4667d0c58e') in 0.003511042 seconds
[Worker0] Imported GUID: fbe76c3f0e980e6468b895ac1133c20d - Path: Packages/com.unity.inputsystem/InputSystem/Actions/InputBindingCompositeContext.cs - Importer: ScriptedImporter/UnityEditor.QuickSearchModule:UnityEditor.Search:ASIAI0B -> (ImportResultId: '30adf91006efcb28647342d29c6e3e5e') in 0.001066208 seconds
[Worker1] Imported GUID: fb0e54f1ead384cd191254077544faf0 - Path: Packages/com.unity.inputsystem/InputSystem/Editor/AssetEditor/ParameterListView.cs - Importer: ScriptedImporter/UnityEditor.QuickSearchModule:UnityEditor.Search:ASIAI0B -> (ImportResultId: '95d42baa3cc9e3d631e85cf2fe2d770c') in 0.000937292 seconds
[Worker0] Imported GUID: 57dfdce0eaf2f48a9bd9e60e920e446b - Path: Packages/com.unity.inputsystem/InputSystem/Editor/Icons/ChevronUp@2x.png - Importer: ScriptedImporter/UnityEditor.QuickSearchModule:UnityEditor.Search:ASIAI0B -> (ImportResultId: '2ecdfa3beac366cb9cc0fab4f47d9b7a') in 0.00223275 seconds
[Worker1] Imported GUID: 75a33987e21d5ac449deecea3dcd864f - Path: Packages/com.unity.inputsystem/InputSystem/Editor/UITKAssetEditor/PackageResources/InputActionsProjectSettings.uxml - Importer: ScriptedImporter/UnityEditor.QuickSearchModule:UnityEditor.Search:ASIAI0B -> (ImportResultId: '0677c92876e19635db0fcf08dbbd5f82') in 0.004408667 seconds
[Worker0] Imported GUID: e76f0489d4db34a2fbc3532e07f2848a - Path: Packages/com.unity.inputsystem/InputSystem/Editor/Icons/Dpad.png - Importer: ScriptedImporter/UnityEditor.QuickSearchModule:UnityEditor.Search:ASIAI0B -> (ImportResultId: 'fbf83476fa7adf55231bb744d78d5f2a') in 0.002367375 seconds
[Worker0] Imported GUID: d9ce7842660d4bf89a86f378ecffb8f1 - Path: Packages/com.unity.inputsystem/InputSystem/Events/StateEvent.cs - Importer: ScriptedImporter/UnityEditor.QuickSearchModule:UnityEditor.Search:ASIAI0B -> (ImportResultId: 'efe34e70358a4b033fbb4cd8386f1fbc') in 0.000708458 seconds
[Worker0] Imported GUID: 890eded7b7fc53b489fcc92f0aeb774e - Path: Packages/com.unity.inputsystem/InputSystem/Editor/UITKAssetEditor/Views/MatchingControlPaths.cs - Importer: ScriptedImporter/UnityEditor.QuickSearchModule:UnityEditor.Search:ASIAI0B -> (ImportResultId: 'bd7f1a17a1bfe9e7119b8bcbf1d7ede7') in 0.0006845 seconds
[Worker1] Imported GUID: a4610f64a5a4e4625b1ddbd44b04c5a6 - Path: Packages/com.unity.inputsystem/InputSystem/Editor/Icons/Joystick@3x.png - Importer: ScriptedImporter/UnityEditor.QuickSearchModule:UnityEditor.Search:ASIAI0B -> (ImportResultId: '705f3c80af4c261899c2ba21b045e8e2') in 0.00209725 seconds
[Worker1] Imported GUID: 2349376ef4c6487db94a6e15873ee6a8 - Path: Packages/com.unity.inputsystem/InputSystem/Utilities/CallbackArray.cs - Importer: ScriptedImporter/UnityEditor.QuickSearchModule:UnityEditor.Search:ASIAI0B -> (ImportResultId: '4afe0d6789c142bde041035a0fe4c94b') in 0.000946458 seconds
[Worker0] Imported GUID: b21f8c6bf1fd94d1fb47907209b23367 - Path: Packages/com.unity.inputsystem/InputSystem/Actions/InputActionType.cs - Importer: ScriptedImporter/UnityEditor.QuickSearchModule:UnityEditor.Search:ASIAI0B -> (ImportResultId: 'a4ed5ebba6f8f2a4f4935c978e0fad48') in 0.00111175 seconds
[Worker0] Imported GUID: ae31a855334ecf64f848ae8e0b4e5a24 - Path: Packages/com.unity.inputsystem/InputSystem/Actions/InputActionSetupExtensions.cs - Importer: ScriptedImporter/UnityEditor.QuickSearchModule:UnityEditor.Search:ASIAI0B -> (ImportResultId: 'cb668b9c62ef93d992018b32ee68e38e') in 0.000795792 seconds
[Worker1] Imported GUID: fcffff3de13f4304a98bb50b1222399a - Path: Packages/com.unity.inputsystem/InputSystem/Editor/UITKAssetEditor/SerializedInputAction.cs - Importer: ScriptedImporter/UnityEditor.QuickSearchModule:UnityEditor.Search:ASIAI0B -> (ImportResultId: '5d6dd29a8f0d0f20e5f3de444ad04b58') in 0.001043583 seconds
[Worker0] Imported GUID: 536defedfe4153e4cabde208f78a818d - Path: Packages/com.unity.inputsystem/InputSystem/Plugins/iOS/iOSPostProcessBuild.cs - Importer: ScriptedImporter/UnityEditor.QuickSearchModule:UnityEditor.Search:ASIAI0B -> (ImportResultId: '9c12af3606a8772605ece1c0a9462440') in 0.0007195 seconds
[Worker1] Imported GUID: 802caa2f96f49470facf48de1e652f16 - Path: Packages/com.unity.inputsystem/InputSystem/Actions/Interactions/PressInteraction.cs - Importer: ScriptedImporter/UnityEditor.QuickSearchModule:UnityEditor.Search:ASIAI0B -> (ImportResultId: '340b53b7fa02f7762134a81f2dcd8bb2') in 0.00070875 seconds
[Worker1] Imported GUID: 6234dae5cf6f04acb9a51e04d448e444 - Path: Packages/com.unity.inputsystem/InputSystem/Editor/Icons/Stick.png - Importer: ScriptedImporter/UnityEditor.QuickSearchModule:UnityEditor.Search:ASIAI0B -> (ImportResultId: '36a511114b48e0783e17115ae6fb4247') in 0.002422875 seconds
[Worker0] Imported GUID: 3d7dc8d6b9a96490b9aa433645712fdf - Path: Packages/com.unity.inputsystem/InputSystem/Editor/Icons/d_Add Binding@2x.png - Importer: ScriptedImporter/UnityEditor.QuickSearchModule:UnityEditor.Search:ASIAI0B -> (ImportResultId: '8d2115cf97ccba8aea46ed8e93b22c2a') in 0.002668791 seconds
[Worker0] Imported GUID: 35e258ef8ccb13146952199468118233 - Path: Packages/com.unity.inputsystem/InputSystem/Editor/UITKAssetEditor/ExpressionUtils.cs - Importer: ScriptedImporter/UnityEditor.QuickSearchModule:UnityEditor.Search:ASIAI0B -> (ImportResultId: '2bfd62970dcacb21f3fee5efa5e059c5') in 0.000796417 seconds
[Worker1] Imported GUID: 409c8128e33f94c378370cd8163fe3b0 - Path: Packages/com.unity.inputsystem/InputSystem/Editor/InputSystemPluginControl.cs - Importer: ScriptedImporter/UnityEditor.QuickSearchModule:UnityEditor.Search:ASIAI0B -> (ImportResultId: 'a9a062d93e2734901be49201095dd734') in 0.000920334 seconds
[Worker0] Imported GUID: 4313a2cc2049411789348ff4c952d89c - Path: Packages/com.unity.inputsystem/InputSystem/Events/DeviceConfigurationEvent.cs - Importer: ScriptedImporter/UnityEditor.QuickSearchModule:UnityEditor.Search:ASIAI0B -> (ImportResultId: 'b599e3ec154cdf50c9d93f1886f6fbcc') in 0.0009805 seconds
[Worker0] Imported GUID: 2e3ecb5c3d351df489bd05ac1d820a6a - Path: Packages/com.unity.inputsystem/InputSystem/Controls/TouchPhaseControl.cs - Importer: ScriptedImporter/UnityEditor.QuickSearchModule:UnityEditor.Search:ASIAI0B -> (ImportResultId: '3d4e5ae825535aa908c0e93eb9318f80') in 0.000780375 seconds
[Worker1] Imported GUID: e46ad23216d074f828f3437b21912c64 - Path: Packages/com.unity.inputsystem/InputSystem/Editor/Icons/d_ChevronUp@4x.png - Importer: ScriptedImporter/UnityEditor.QuickSearchModule:UnityEditor.Search:ASIAI0B -> (ImportResultId: 'd48dba1c97cf03c057f34d62d385d11b') in 0.002169625 seconds
[Worker1] Imported GUID: 1c597fa0f94a3d54b9c0e85f56e5f821 - Path: Packages/com.unity.inputsystem/InputSystem/Plugins/Linux - Importer: ScriptedImporter/UnityEditor.QuickSearchModule:UnityEditor.Search:ASIAI0B -> (ImportResultId: 'bcd372f29ee50330d90bc34dec1715dd') in 0.000746334 seconds
[Worker0] Imported GUID: 18e45e1f11fae429c80c200cca8e0b4c - Path: Packages/com.unity.inputsystem/InputSystem/Editor/Icons/Joystick@2x.png - Importer: ScriptedImporter/UnityEditor.QuickSearchModule:UnityEditor.Search:ASIAI0B -> (ImportResultId: '08d4145c541388798fdffdcd7bed8684') in 0.002008792 seconds
[Worker1] Imported GUID: 3c764fcc1188a6e489f8c305ff4077a6 - Path: Packages/com.unity.inputsystem/InputSystem/Devices/Commands/QueryEditorWindowCoordinatesCommand.cs - Importer: ScriptedImporter/UnityEditor.QuickSearchModule:UnityEditor.Search:ASIAI0B -> (ImportResultId: 'a01d4b07955558720ebf532451150abb') in 0.001478709 seconds
[Worker0] Imported GUID: 68e8070c85d3c4544a527f58641b95c0 - Path: Packages/com.unity.inputsystem/InputSystem/AssemblyInfo.cs - Importer: ScriptedImporter/UnityEditor.QuickSearchModule:UnityEditor.Search:ASIAI0B -> (ImportResultId: '2bdf21306f0fab4ed9e8afb9c1c4651e') in 0.000569708 seconds
[Worker1] Imported GUID: e553fed0b97be3349aff36916eb6fefc - Path: Packages/com.unity.inputsystem/InputSystem/Plugins/XR/Haptics/SendBufferedHapticsCommand.cs - Importer: ScriptedImporter/UnityEditor.QuickSearchModule:UnityEditor.Search:ASIAI0B -> (ImportResultId: '318d415a0696b835e5d4418a06b24fb4') in 0.000758959 seconds
[Worker0] Imported GUID: 72dd2bf74735a46be8891fde502f792c - Path: Packages/com.unity.inputsystem/InputSystem/Editor/Settings/EditorPlayerSettingHelpers.cs - Importer: ScriptedImporter/UnityEditor.QuickSearchModule:UnityEditor.Search:ASIAI0B -> (ImportResultId: 'b2c5c2957f6f904c9b92a7dbc7385338') in 0.000699125 seconds
[Worker1] Imported GUID: 949d73ae1e0166c469c8706d4d7a21c7 - Path: Packages/com.unity.inputsystem/InputSystem/Editor/ProjectWideActions - Importer: ScriptedImporter/UnityEditor.QuickSearchModule:UnityEditor.Search:ASIAI0B -> (ImportResultId: '7e9eee015e4daa22da6cae9794382c8d') in 0.000587666 seconds
[Worker1] Imported GUID: 150936adb4fc13049a1001992b86c43e - Path: Packages/com.unity.inputsystem/InputSystem/Plugins/XR/Devices/Oculus.cs - Importer: ScriptedImporter/UnityEditor.QuickSearchModule:UnityEditor.Search:ASIAI0B -> (ImportResultId: '3c590f6b04157f9b951f5cfad0ab65d2') in 0.001037458 seconds
[Worker0] Imported GUID: b90e4423894dce34f83bb15a3ba411ba - Path: Packages/com.unity.inputsystem/InputSystem/Actions/Interactions - Importer: ScriptedImporter/UnityEditor.QuickSearchModule:UnityEditor.Search:ASIAI0B -> (ImportResultId: 'e5e9fba94931b907395c0049f99642b2') in 0.001081125 seconds
[Worker1] Imported GUID: 54ee1a1058dfd4e089fe94a8e880938e - Path: Packages/com.unity.inputsystem/InputSystem/Editor/Internal/GUIHelpers.cs - Importer: ScriptedImporter/UnityEditor.QuickSearchModule:UnityEditor.Search:ASIAI0B -> (ImportResultId: 'a8b29898d2540d44136bbc2182ab9142') in 0.000751875 seconds
[Worker0] Imported GUID: 6e687839a3c5f7a4ea700f2967051b3d - Path: Packages/com.unity.inputsystem/InputSystem/Utilities/Comparers.cs - Importer: ScriptedImporter/UnityEditor.QuickSearchModule:UnityEditor.Search:ASIAI0B -> (ImportResultId: 'c5db60b7fae57155f372ac1966846f02') in 0.00094825 seconds
[Worker1] Imported GUID: 76765a8c5cba74c0abc5ab4afd8266e2 - Path: Packages/com.unity.inputsystem/InputSystem/Plugins/Users/InputUserAccountHandle.cs - Importer: ScriptedImporter/UnityEditor.QuickSearchModule:UnityEditor.Search:ASIAI0B -> (ImportResultId: 'e76478ee31932d471a54067c83358963') in 0.00066725 seconds
[Worker1] Imported GUID: 0dd5cd31dc0a44e8979c69bd6ef78686 - Path: Packages/com.unity.inputsystem/InputSystem/Plugins/XInput/XInputSupport.cs - Importer: ScriptedImporter/UnityEditor.QuickSearchModule:UnityEditor.Search:ASIAI0B -> (ImportResultId: 'd788fefdef553f42f3271167f98c4218') in 0.000634375 seconds
[Worker1] Imported GUID: a7c6472eb810ba445be34c69325e4fea - Path: Packages/com.unity.inputsystem/InputSystem/Plugins/Android/AndroidGameController.cs - Importer: ScriptedImporter/UnityEditor.QuickSearchModule:UnityEditor.Search:ASIAI0B -> (ImportResultId: '2948d79f1b29a9265930aede4097effa') in 0.000665458 seconds
[Worker0] Imported GUID: c998b283038914e699477f514ecb31ac - Path: Packages/com.unity.inputsystem/InputSystem/Editor/Icons/Position@4x.png - Importer: ScriptedImporter/UnityEditor.QuickSearchModule:UnityEditor.Search:ASIAI0B -> (ImportResultId: 'd605e92dcf6ab645c35061902a83aa43') in 0.002677167 seconds
[Worker1] Imported GUID: 7c93968c9be74a1fa43a3dad5eed4cbd - Path: Packages/com.unity.inputsystem/InputSystem/Editor/Internal/InputActionSerializationHelpers.cs - Importer: ScriptedImporter/UnityEditor.QuickSearchModule:UnityEditor.Search:ASIAI0B -> (ImportResultId: '584147870197bc01ab7404bd49094f66') in 0.000692333 seconds
[Worker0] Imported GUID: d618f7e3781548c28836f39ae65d95e1 - Path: Packages/com.unity.inputsystem/InputSystem/Controls/ButtonControl.cs - Importer: ScriptedImporter/UnityEditor.QuickSearchModule:UnityEditor.Search:ASIAI0B -> (ImportResultId: 'ac8ba9de2ac052bb05dc87eb1ee33426') in 0.000693792 seconds
[Worker0] Imported GUID: ff1bc3762d8741ff8f40d54da690efb1 - Path: Packages/com.unity.inputsystem/InputSystem/Utilities/FourCC.cs - Importer: ScriptedImporter/UnityEditor.QuickSearchModule:UnityEditor.Search:ASIAI0B -> (ImportResultId: 'bea06f51b209e6d734bb015bbc2c5048') in 0.001205208 seconds
[Worker1] Imported GUID: c4235c4abfa134435bd4c8c1f8fd8c56 - Path: Packages/com.unity.inputsystem/InputSystem/Editor/Icons/d_InputControl@2x.png - Importer: ScriptedImporter/UnityEditor.QuickSearchModule:UnityEditor.Search:ASIAI0B -> (ImportResultId: 'ac2ea4008a2ff17aa28ac869133ce21a') in 0.002253166 seconds
[Worker1] Imported GUID: d4077c3b095df48b798c97c694ffd684 - Path: Packages/com.unity.inputsystem/InputSystem/Plugins/WebGL - Importer: ScriptedImporter/UnityEditor.QuickSearchModule:UnityEditor.Search:ASIAI0B -> (ImportResultId: 'e9f40bd0a77164202e402d8810b6196f') in 0.000709958 seconds
[Worker0] Imported GUID: 006305b616daf47409935f3dc8a172e2 - Path: Packages/com.unity.inputsystem/InputSystem/Editor/Icons/ChevronUp@3x.png - Importer: ScriptedImporter/UnityEditor.QuickSearchModule:UnityEditor.Search:ASIAI0B -> (ImportResultId: '37eb94c8a04e273387a9a056e33ef216') in 0.002276 seconds
[Worker0] Imported GUID: 551b733126e34f71a7294051cf2bfc0b - Path: Packages/com.unity.inputsystem/InputSystem/Controls/AxisControl.cs - Importer: ScriptedImporter/UnityEditor.QuickSearchModule:UnityEditor.Search:ASIAI0B -> (ImportResultId: 'e619ee8204be563f6cfa7d5521729cf3') in 0.000641708 seconds
[Worker1] Imported GUID: 83438053370c84456a73f7f95ef821fb - Path: Packages/com.unity.inputsystem/InputSystem/Editor/Icons/d_Gamepad@4x.png - Importer: ScriptedImporter/UnityEditor.QuickSearchModule:UnityEditor.Search:ASIAI0B -> (ImportResultId: '78f0ce1e19a22fb8757e20e878cc26f0') in 0.001899084 seconds
[Worker0] Imported GUID: ba2c9cc57fa154716b6f077bf9c1c193 - Path: Packages/com.unity.inputsystem/InputSystem/Editor/PropertyDrawers/InputActionDrawerBase.cs - Importer: ScriptedImporter/UnityEditor.QuickSearchModule:UnityEditor.Search:ASIAI0B -> (ImportResultId: '3dd1107eaef51a6d1b69b5d908136dfb') in 0.00081575 seconds
[Worker1] Imported GUID: 793d3fce58f547d688fdc78bee75cd30 - Path: Packages/com.unity.inputsystem/InputSystem/Controls/TouchControl.cs - Importer: ScriptedImporter/UnityEditor.QuickSearchModule:UnityEditor.Search:ASIAI0B -> (ImportResultId: '2784bd8158beec2d1f89e1e4751f43f2') in 0.000775291 seconds
[Worker0] Imported GUID: d88596134c72c47b99d7d55583f4c6bf - Path: Packages/com.unity.inputsystem/InputSystem/Editor/Icons/d_Joystick@4x.png - Importer: ScriptedImporter/UnityEditor.QuickSearchModule:UnityEditor.Search:ASIAI0B -> (ImportResultId: '3c347ef36c5883e7cef20403cdb2be67') in 0.002225125 seconds
[Worker1] Imported GUID: ac4c5ccb2785f4460b2dcfe47010c688 - Path: Packages/com.unity.inputsystem/InputSystem/Editor/Icons/d_Position@4x.png - Importer: ScriptedImporter/UnityEditor.QuickSearchModule:UnityEditor.Search:ASIAI0B -> (ImportResultId: '929e762d1a2e84f2c053eb89eed28813') in 0.002548125 seconds
[Worker0] Imported GUID: ab9baa68d9998419ba6b1bd76b11b630 - Path: Packages/com.unity.inputsystem/InputSystem/Plugins/Steam/SteamController.cs - Importer: ScriptedImporter/UnityEditor.QuickSearchModule:UnityEditor.Search:ASIAI0B -> (ImportResultId: '465ce3fef9f1a96613a8f84fe04f49fd') in 0.000902 seconds
[Worker1] Imported GUID: a9be5e04bc92741ccbe2c262bfaa517f - Path: Packages/com.unity.inputsystem/InputSystem/Plugins/XR/XRSupport.cs - Importer: ScriptedImporter/UnityEditor.QuickSearchModule:UnityEditor.Search:ASIAI0B -> (ImportResultId: 'ebcf2eaebf2119d404761a4b070bc23f') in 0.000743708 seconds
[Worker1] Imported GUID: 32ca74660a65e46c4b2bc0f3e3c327f4 - Path: Packages/com.unity.inputsystem/InputSystem/Editor/Settings/InputEditorUserSettings.cs - Importer: ScriptedImporter/UnityEditor.QuickSearchModule:UnityEditor.Search:ASIAI0B -> (ImportResultId: 'd0d80fdd400862e0f5fd94d313905a9d') in 0.000803834 seconds
[Worker0] Imported GUID: de98baf415a2c4d7dbe0de74cb6e171c - Path: Packages/com.unity.inputsystem/InputSystem/Editor/Icons/d_Orientation@4x.png - Importer: ScriptedImporter/UnityEditor.QuickSearchModule:UnityEditor.Search:ASIAI0B -> (ImportResultId: '6905d70f14387faed63e67007da58349') in 0.002020625 seconds
[Worker0] Imported GUID: 9166eed4756114bdaa498aca2df93e19 - Path: Packages/com.unity.inputsystem/LICENSE.md - Importer: ScriptedImporter/UnityEditor.QuickSearchModule:UnityEditor.Search:ASIAI0B -> (ImportResultId: '679b59aa950adc3ed560ca5e8f22882c') in 0.000733166 seconds
[Worker1] Imported GUID: 17b3fef87d666459d860ad88452862da - Path: Packages/com.unity.inputsystem/InputSystem/Editor/Icons/d_Pen@3x.png - Importer: ScriptedImporter/UnityEditor.QuickSearchModule:UnityEditor.Search:ASIAI0B -> (ImportResultId: '2d13f8724a3cfbb746b28da21133d9fc') in 0.001852375 seconds
[Worker1] Imported GUID: 36e7567d9504499a8bbe97595096de5e - Path: Packages/com.unity.inputsystem/InputSystem/Editor/UITKAssetEditor/Views/CollectionViewSelectionChangeFilter.cs - Importer: ScriptedImporter/UnityEditor.QuickSearchModule:UnityEditor.Search:ASIAI0B -> (ImportResultId: '7ab41fa7a3ef24d6ade16ca31f5b47de') in 0.000797083 seconds
[Worker0] Imported GUID: a625f902f77154d94aa57ae7872317ac - Path: Packages/com.unity.inputsystem/InputSystem/IInputRuntime.cs - Importer: ScriptedImporter/UnityEditor.QuickSearchModule:UnityEditor.Search:ASIAI0B -> (ImportResultId: '4603d4f11b6fc10490b7f68b71c64a6d') in 0.001238458 seconds
[Worker0] Imported GUID: 33c4f889206d84e84b124cc6f7367963 - Path: Packages/com.unity.inputsystem/InputSystem/Plugins/Users/InputUserPairingOptions.cs - Importer: ScriptedImporter/UnityEditor.QuickSearchModule:UnityEditor.Search:ASIAI0B -> (ImportResultId: 'b86b10e9f510f85c27917b1d52b748a3') in 0.000653708 seconds
[Worker0] Imported GUID: a5c84a68c16874bd5ba1a9d15a5e5044 - Path: Packages/com.unity.inputsystem/InputSystem/Editor/AssetEditor - Importer: ScriptedImporter/UnityEditor.QuickSearchModule:UnityEditor.Search:ASIAI0B -> (ImportResultId: '3623f7acf6b64f6787d34adf75649981') in 0.000598875 seconds
[Worker1] Imported GUID: cf632ed80bf1f46c980de6b1b8b903ef - Path: Packages/com.unity.inputsystem/InputSystem/Editor/AssetEditor/PackageResources/personal/actionTreeBackgroundWithoutBorder.png - Importer: ScriptedImporter/UnityEditor.QuickSearchModule:UnityEditor.Search:ASIAI0B -> (ImportResultId: 'ab036d0c6cf2bbd2a144bba0af5daa17') in 0.002015833 seconds
[Worker0] Imported GUID: 8b78cdd0ba4454fd69b2be04e825d921 - Path: Packages/com.unity.inputsystem/InputSystem/Controls/Processors/NormalizeVector3Processor.cs - Importer: ScriptedImporter/UnityEditor.QuickSearchModule:UnityEditor.Search:ASIAI0B -> (ImportResultId: 'e24e6dc48cb91ecfb1176bee9e4df8bd') in 0.000645625 seconds
[Worker1] Imported GUID: 1659bf437d849824999b2b9ae9e1518b - Path: Packages/com.unity.inputsystem/InputSystem/Devices/Commands/QuerySamplingFrequencyCommand.cs - Importer: ScriptedImporter/UnityEditor.QuickSearchModule:UnityEditor.Search:ASIAI0B -> (ImportResultId: '2a6199fb33368578536bfe5dcdbf01f7') in 0.000667792 seconds
[Worker0] Imported GUID: ea65eddf43398654fa32b724723c71a4 - Path: Packages/com.unity.inputsystem/InputSystem/Plugins/OSX - Importer: ScriptedImporter/UnityEditor.QuickSearchModule:UnityEditor.Search:ASIAI0B -> (ImportResultId: 'd7b0094776a0894f4fab5a013e871c1d') in 0.000821709 seconds
[Worker1] Imported GUID: 179e4e4b8003406d97463b101f15eb8b - Path: Packages/com.unity.inputsystem/InputSystem/Devices/Haptics/IHaptics.cs - Importer: ScriptedImporter/UnityEditor.QuickSearchModule:UnityEditor.Search:ASIAI0B -> (ImportResultId: 'b02dd89bbf6d7dc8c23b92bb5377ee37') in 0.000709458 seconds
[Worker0] Imported GUID: 20d24cdc563d241d8a6bbbb9e417d100 - Path: Packages/com.unity.inputsystem/InputSystem/Editor/Settings/InputSettingsBuildProvider.cs - Importer: ScriptedImporter/UnityEditor.QuickSearchModule:UnityEditor.Search:ASIAI0B -> (ImportResultId: '109004719bcd4657f7007605e5ae8c39') in 0.000719875 seconds
[Worker1] Imported GUID: caeab4c8826564dfda5e44a7e01a8de1 - Path: Packages/com.unity.inputsystem/InputSystem/Editor/Internal/AdvancedDropdown/MultiLevelDataSource.cs - Importer: ScriptedImporter/UnityEditor.QuickSearchModule:UnityEditor.Search:ASIAI0B -> (ImportResultId: '7e90ae0cf1b844428e523ad925ac8692') in 0.000631834 seconds
[Worker0] Imported GUID: 6e444fe6609243258e0a7746c163373a - Path: Packages/com.unity.inputsystem/InputSystem/Controls/AnyKeyControl.cs - Importer: ScriptedImporter/UnityEditor.QuickSearchModule:UnityEditor.Search:ASIAI0B -> (ImportResultId: '03f5e713fd9ab3386436e50f9468d543') in 0.000671458 seconds
[Worker0] Imported GUID: e1ad7c41319cc470d8ae996688c56e79 - Path: Packages/com.unity.inputsystem/InputSystem/Editor/PropertyDrawers/InputActionMapDrawer.cs - Importer: ScriptedImporter/UnityEditor.QuickSearchModule:UnityEditor.Search:ASIAI0B -> (ImportResultId: 'fc3cb2a9acc057a101a32a9d04034ec0') in 0.000596833 seconds
[Worker1] Imported GUID: 7d11ed63669394ec68af98a7f62afa73 - Path: Packages/com.unity.inputsystem/InputSystem/Plugins/iOS/iOSStepCounter.mm - Importer: ScriptedImporter/UnityEditor.QuickSearchModule:UnityEditor.Search:ASIAI0B -> (ImportResultId: '66dd250f087f37de4a23ce3c754c1d66') in 0.0019025 seconds
[Worker1] Imported GUID: 99f4ddb4a8fa4fcfa25917e64bcc6e8c - Path: Packages/com.unity.inputsystem/InputSystem/Events - Importer: ScriptedImporter/UnityEditor.QuickSearchModule:UnityEditor.Search:ASIAI0B -> (ImportResultId: '5d62d296719e38c42f4b3227c40e41b9') in 0.000611542 seconds
[Worker1] Imported GUID: 9d9d9634637c440896a123c44c9e262b - Path: Packages/com.unity.inputsystem/InputSystem/Utilities/MiscHelpers.cs - Importer: ScriptedImporter/UnityEditor.QuickSearchModule:UnityEditor.Search:ASIAI0B -> (ImportResultId: '5384df0c9ee2a0adb21c200935a018fc') in 0.00065075 seconds
[Worker0] Imported GUID: 542599ad529004327a7b18f7b2a4aeb8 - Path: Packages/com.unity.inputsystem/InputSystem/Editor/Icons/d_Interactive Binding@3x.png - Importer: ScriptedImporter/UnityEditor.QuickSearchModule:UnityEditor.Search:ASIAI0B -> (ImportResultId: '8d03442957166fe93d09459480d5f299') in 0.002531542 seconds
[Worker1] Imported GUID: 8404be70184654265930450def6a9037 - Path: Packages/com.unity.inputsystem/InputSystem/Editor/AssetImporter/InputActionImporter.cs - Importer: ScriptedImporter/UnityEditor.QuickSearchModule:UnityEditor.Search:ASIAI0B -> (ImportResultId: '6f9e9614d3385cd8d0222788b6f82833') in 0.000824375 seconds
[Worker0] Imported GUID: 0fb454a124e8649bb9326261b1739032 - Path: Packages/com.unity.inputsystem/InputSystem/Editor/Internal/AdvancedDropdown/AdvancedDropdownDataSource.cs - Importer: ScriptedImporter/UnityEditor.QuickSearchModule:UnityEditor.Search:ASIAI0B -> (ImportResultId: 'c9f47b17d7cf36f60da14a40a2ea4ef1') in 0.000889584 seconds
[Worker0] Imported GUID: 35b7608ac9ab8464280c16fa4adc02f1 - Path: Packages/com.unity.inputsystem/InputSystem/State/IInputStateCallbackReceiver.cs - Importer: ScriptedImporter/UnityEditor.QuickSearchModule:UnityEditor.Search:ASIAI0B -> (ImportResultId: 'e88c2dd633cba989df82a146a0f015a8') in 0.00076375 seconds
[Worker0] Imported GUID: 92d6890c6702d4891a156d7d30cdbdcb - Path: Packages/com.unity.inputsystem/InputSystem/Actions/InputControlScheme.cs - Importer: ScriptedImporter/UnityEditor.QuickSearchModule:UnityEditor.Search:ASIAI0B -> (ImportResultId: 'dfe48d21fb64402a6323104aaebc9ae8') in 0.000812 seconds
[Worker1] Imported GUID: 27163f3cda5b9431d928f2b33eeb5cf1 - Path: Packages/com.unity.inputsystem/InputSystem/Editor/Icons/d_Axis@2x.png - Importer: ScriptedImporter/UnityEditor.QuickSearchModule:UnityEditor.Search:ASIAI0B -> (ImportResultId: '3892bcedaebe500ba4ddc6fc58521d5c') in 0.002157125 seconds
[Worker0] Imported GUID: f06ed8c4023b8420784a262e45338aa3 - Path: Packages/com.unity.inputsystem/InputSystem/Plugins/XR/XRLayoutBuilder.cs - Importer: ScriptedImporter/UnityEditor.QuickSearchModule:UnityEditor.Search:ASIAI0B -> (ImportResultId: 'c255aa328085a662ca8bcaacc8e09f17') in 0.0008345 seconds
[Worker1] Imported GUID: 6d671947d51444fb9b8a4bf96c16bfed - Path: Packages/com.unity.inputsystem/InputSystem/Editor/Internal/EditorHelpers.cs - Importer: ScriptedImporter/UnityEditor.QuickSearchModule:UnityEditor.Search:ASIAI0B -> (ImportResultId: 'd6c82bc5e5d171684d5f2a7b7f7b7945') in 0.00075625 seconds
[Worker0] Imported GUID: b52a4b3b22334b02a4d22d942a479be6 - Path: Packages/com.unity.inputsystem/InputSystem/Editor/UITKAssetEditor/Views/DropManipulator.cs - Importer: ScriptedImporter/UnityEditor.QuickSearchModule:UnityEditor.Search:ASIAI0B -> (ImportResultId: '92df1e1f3f61d86f81b477c5e95211cb') in 0.000664333 seconds
[Worker1] Imported GUID: 96bf34fe183cd4ce986db61a6639cd5b - Path: Packages/com.unity.inputsystem/InputSystem/Controls/Processors/ScaleVector2Processor.cs - Importer: ScriptedImporter/UnityEditor.QuickSearchModule:UnityEditor.Search:ASIAI0B -> (ImportResultId: '8bf80ad91e487de1f4f806c3cb2a38f4') in 0.0006005 seconds
[Worker0] Imported GUID: 69dd334ee54c747c38b3317d02c3967a - Path: Packages/com.unity.inputsystem/InputSystem/Plugins/UI - Importer: ScriptedImporter/UnityEditor.QuickSearchModule:UnityEditor.Search:ASIAI0B -> (ImportResultId: '17c90b62f0e674093cea046fe85f0fe2') in 0.000552167 seconds
[Worker1] Imported GUID: 95391b99439094c00a105cd26ba61b1b - Path: Packages/com.unity.inputsystem/InputSystem/Editor/AssetEditor/PackageResources/personal - Importer: ScriptedImporter/UnityEditor.QuickSearchModule:UnityEditor.Search:ASIAI0B -> (ImportResultId: '886608ccddb3b176a82f5e22c5c5e39c') in 0.0004785 seconds
[Worker0] Imported GUID: 7dac9c49a90bca4499371d0adc9b617b - Path: Packages/com.unity.inputsystem/InputSystem/Editor/UITKAssetEditor/PackageResources/InputActionsEditorStyles.uss - Importer: ScriptedImporter/UnityEditor.QuickSearchModule:UnityEditor.Search:ASIAI0B -> (ImportResultId: '85723df86e1cfe9e79d498fe197be623') in 0.002069542 seconds
[Worker1] Imported GUID: 27fa98be5deb54cbf9c11ffc540272b2 - Path: Packages/com.unity.inputsystem/InputSystem/Editor/Icons/d_Joystick@2x.png - Importer: ScriptedImporter/UnityEditor.QuickSearchModule:UnityEditor.Search:ASIAI0B -> (ImportResultId: '77fa474e893af7e57887ec4281097520') in 0.001999584 seconds
[Worker0] Imported GUID: b102955bf08484d24b9122abab95b9fc - Path: Packages/com.unity.inputsystem/InputSystem/Plugins/Users - Importer: ScriptedImporter/UnityEditor.QuickSearchModule:UnityEditor.Search:ASIAI0B -> (ImportResultId: '7728677ffc0c58be1c74ad9ae2e33b94') in 0.000610417 seconds
[Worker1] Imported GUID: 4f4390a0cc25d424d9adc1d6d6699a1f - Path: Packages/com.unity.inputsystem/InputSystem/Editor/ControlPicker/IInputControlPickerLayout.cs - Importer: ScriptedImporter/UnityEditor.QuickSearchModule:UnityEditor.Search:ASIAI0B -> (ImportResultId: '061d36710acfaab1ddfba43dd332d460') in 0.000666583 seconds
[Worker1] Imported GUID: 64d9d71f43124cea89b28b356e84a412 - Path: Packages/com.unity.inputsystem/InputSystem/Editor/InputAssetEditorUtils.cs - Importer: ScriptedImporter/UnityEditor.QuickSearchModule:UnityEditor.Search:ASIAI0B -> (ImportResultId: 'cb9dc1cef91be33bebf51f3f5900aa1e') in 0.000693709 seconds
[Worker1] Imported GUID: 87ce818774f4c544882b249f32619300 - Path: Packages/com.unity.inputsystem/InputSystem/Controls/Processors/EditorWindowSpaceProcessor.cs - Importer: ScriptedImporter/UnityEditor.QuickSearchModule:UnityEditor.Search:ASIAI0B -> (ImportResultId: '2b2319bde7a302841e39f1256a7abceb') in 0.001471875 seconds
[Worker0] Imported GUID: 7543bb6341c2140f292c8c852e7a3bbf - Path: Packages/com.unity.inputsystem/InputSystem/Editor/Icons/Gamepad@4x.png - Importer: ScriptedImporter/UnityEditor.QuickSearchModule:UnityEditor.Search:ASIAI0B -> (ImportResultId: '3b7b4bdb18f24381af73aecb532fe7a5') in 0.002838292 seconds
[Worker1] Imported GUID: 3ec5135f9c8612d42a83f87500580afa - Path: Packages/com.unity.inputsystem/InputSystem/Utilities/TypeTable.cs - Importer: ScriptedImporter/UnityEditor.QuickSearchModule:UnityEditor.Search:ASIAI0B -> (ImportResultId: 'bd4e1be56f2db9dd3dda27d13e0552e6') in 0.000869625 seconds
[Worker0] Imported GUID: b5256e0d1ebecc84d98a4001ab63d5b8 - Path: Packages/com.unity.inputsystem/InputSystem/Controls/InputControlLayoutAttribute.cs - Importer: ScriptedImporter/UnityEditor.QuickSearchModule:UnityEditor.Search:ASIAI0B -> (ImportResultId: '01728b0a1bb2fa78559d3f595f824482') in 0.00076 seconds
[Worker1] Imported GUID: 62dcc18c42c2246bdaed7fe210b77118 - Path: Packages/com.unity.inputsystem/InputSystem/Actions/Composites/ButtonWithTwoModifiers.cs - Importer: ScriptedImporter/UnityEditor.QuickSearchModule:UnityEditor.Search:ASIAI0B -> (ImportResultId: '1683cd3d5081a39c23c11b041c6fab5f') in 0.000636917 seconds
[Worker1] Imported GUID: c46f07b5ed07e4e92aa78254188d3d10 - Path: Packages/com.unity.inputsystem/InputSystem/InputSettings.cs - Importer: ScriptedImporter/UnityEditor.QuickSearchModule:UnityEditor.Search:ASIAI0B -> (ImportResultId: 'ccfd19363c554814ea9d46305f8d33cc') in 0.00088875 seconds
[Worker0] Imported GUID: 07c4c48bac384a9e91c29c2f04328c0b - Path: Packages/com.unity.inputsystem/InputSystem/Editor/Analytics/InputExitPlayModeAnalytic.cs - Importer: ScriptedImporter/UnityEditor.QuickSearchModule:UnityEditor.Search:ASIAI0B -> (ImportResultId: '3c6237426f77afcca61078f45900f194') in 0.000891333 seconds
[Worker0] Imported GUID: 6adbf65a53ff9b04990c2116b3e4d5b7 - Path: Packages/com.unity.inputsystem/InputSystem/Actions/Composites - Importer: ScriptedImporter/UnityEditor.QuickSearchModule:UnityEditor.Search:ASIAI0B -> (ImportResultId: 'f99f3e560f42666e47170052601e4f99') in 0.000686 seconds
[Worker1] Imported GUID: 6261dd2a83757498188548c57e2492bf - Path: Packages/com.unity.inputsystem/InputSystem/Plugins/EnhancedTouch/Touch.cs - Importer: ScriptedImporter/UnityEditor.QuickSearchModule:UnityEditor.Search:ASIAI0B -> (ImportResultId: '826cfaf615bdbc9260419fd6d5c9dbfd') in 0.0007855 seconds
[Worker1] Imported GUID: a71161af1440e4b1fbbefefb3aaffce0 - Path: Packages/com.unity.inputsystem/InputSystem/Plugins/HID - Importer: ScriptedImporter/UnityEditor.QuickSearchModule:UnityEditor.Search:ASIAI0B -> (ImportResultId: '42f68b511998fdc36b0bd9809ff0adc0') in 0.000576417 seconds
[Worker0] Imported GUID: 83382fb171da648c594229ca6fa7ad94 - Path: Packages/com.unity.inputsystem/InputSystem/Editor/Icons/d_Keyboard.png - Importer: ScriptedImporter/UnityEditor.QuickSearchModule:UnityEditor.Search:ASIAI0B -> (ImportResultId: '6b8b6a87a7a1cfa4fc5eb5d0597a3762') in 0.0019425 seconds
[Worker0] Imported GUID: 1d3813199fcb56b45b916ac51d58dc80 - Path: Packages/com.unity.inputsystem/InputSystem/Editor/UITKAssetEditor/Views/CompositePartBindingPropertiesView.cs - Importer: ScriptedImporter/UnityEditor.QuickSearchModule:UnityEditor.Search:ASIAI0B -> (ImportResultId: '5a83aefda155a3aa4f338050fdbe98e2') in 0.000800875 seconds
[Worker1] Imported GUID: 0309256f03c114697813e2296f0a1f18 - Path: Packages/com.unity.inputsystem/InputSystem/Editor/Icons/d_Button.png - Importer: ScriptedImporter/UnityEditor.QuickSearchModule:UnityEditor.Search:ASIAI0B -> (ImportResultId: '51a5b377115aecf48700908f6d08b924') in 0.002693416 seconds
[Worker0] Imported GUID: ad61ded360bb0784b9301188fc603d6d - Path: Packages/com.unity.inputsystem/InputSystem/Editor/AssetEditor/PackageResources - Importer: ScriptedImporter/UnityEditor.QuickSearchModule:UnityEditor.Search:ASIAI0B -> (ImportResultId: '74836ff01d28c2c63192bbfaf6b7539c') in 0.000621958 seconds
[Worker0] Imported GUID: 81128cc364d234170845119461c41970 - Path: Packages/com.unity.inputsystem/Tests/TestFixture/InputTestFixture.cs - Importer: ScriptedImporter/UnityEditor.QuickSearchModule:UnityEditor.Search:ASIAI0B -> (ImportResultId: 'c3a4e53760db16522bc16c812310643c') in 0.000564292 seconds
[Worker0] Imported GUID: 924d7617bcdc84f8ea1c0d0ce6466a30 - Path: Packages/com.unity.inputsystem/InputSystem/Editor/ControlPicker/InputControlPathEditor.cs - Importer: ScriptedImporter/UnityEditor.QuickSearchModule:UnityEditor.Search:ASIAI0B -> (ImportResultId: '4afb7f7dc596f03c05ca4f8aa3231e78') in 0.000582458 seconds
[Worker1] Imported GUID: 5806833d077654e5784b7cbf3e722f58 - Path: Packages/com.unity.inputsystem/InputSystem/Editor/Icons/Dpad@2x.png - Importer: ScriptedImporter/UnityEditor.QuickSearchModule:UnityEditor.Search:ASIAI0B -> (ImportResultId: '85487cabc4d5746682b2460e993b4201') in 0.002138708 seconds
[Worker0] Imported GUID: 3c197002ad4232e46b0c55f74469fa03 - Path: Packages/com.unity.inputsystem/InputSystem/Plugins/Switch/SwitchProControllerHID.cs - Importer: ScriptedImporter/UnityEditor.QuickSearchModule:UnityEditor.Search:ASIAI0B -> (ImportResultId: '30984138dbc3a3395f1c578a57c5f714') in 0.000591875 seconds
[Worker1] Imported GUID: e1523c5607084617abb64b2ad9cb1f66 - Path: Packages/com.unity.inputsystem/InputSystem/InputSystem.cs - Importer: ScriptedImporter/UnityEditor.QuickSearchModule:UnityEditor.Search:ASIAI0B -> (ImportResultId: '2d47cc7c4fe142bb1dbe9d3d37d3f4db') in 0.000655167 seconds
[Worker0] Imported GUID: c2732a66825034f739cb072c49aa8990 - Path: Packages/com.unity.inputsystem/InputSystem/Actions/Interactions/MultiTapInteraction.cs - Importer: ScriptedImporter/UnityEditor.QuickSearchModule:UnityEditor.Search:ASIAI0B -> (ImportResultId: '1b618958165018a9e1b5bfe52c2b5bb3') in 0.000798042 seconds
[Worker1] Imported GUID: 156cc514fbe5442381b68a445ee3bf6a - Path: Packages/com.unity.inputsystem/InputSystem/Plugins/UnityRemote/UnityRemoteSupport.cs - Importer: ScriptedImporter/UnityEditor.QuickSearchModule:UnityEditor.Search:ASIAI0B -> (ImportResultId: '1ad6c1f2bec0f4d88acdd2ed6bbf6709') in 0.000680417 seconds
[Worker1] Imported GUID: ec5b5d14e5b51f44abf18ab8f288cdb5 - Path: Packages/com.unity.inputsystem/InputSystem/Plugins/OSX/OSXSupport.cs - Importer: ScriptedImporter/UnityEditor.QuickSearchModule:UnityEditor.Search:ASIAI0B -> (ImportResultId: '9ce3d195197f46abf15607bd16552836') in 0.000644417 seconds
[Worker0] Imported GUID: 76dc61ff6c2d84b24b0a2ce01dc2842d - Path: Packages/com.unity.inputsystem/InputSystem/Editor/Icons/d_Gamepad.png - Importer: ScriptedImporter/UnityEditor.QuickSearchModule:UnityEditor.Search:ASIAI0B -> (ImportResultId: 'c4e5ad59bbcc0a4f6fcbb427960eaf1d') in 0.00185425 seconds
[Worker1] Imported GUID: 2084fa9039e3711438d53087a63525f7 - Path: Packages/com.unity.inputsystem/InputSystem/Editor/UITKAssetEditor/SerializedInputBinding.cs - Importer: ScriptedImporter/UnityEditor.QuickSearchModule:UnityEditor.Search:ASIAI0B -> (ImportResultId: '492af3b4c489973ece7a456e242178ad') in 0.000650667 seconds
[Worker1] Imported GUID: 543792e79adf14478b4a00527bbefce1 - Path: Packages/com.unity.inputsystem/InputSystem/Controls/InputControlList.cs - Importer: ScriptedImporter/UnityEditor.QuickSearchModule:UnityEditor.Search:ASIAI0B -> (ImportResultId: '06496050211ebe20c438b8e7763dac3b') in 0.000734833 seconds
[Worker0] Imported GUID: bb7aebed4ffd404da3399f60b272c7ee - Path: Packages/com.unity.inputsystem/InputSystem/Devices/IInputUpdateCallbackReceiver.cs - Importer: ScriptedImporter/UnityEditor.QuickSearchModule:UnityEditor.Search:ASIAI0B -> (ImportResultId: '9bf92ef3997db476f019a1b8b3eaf022') in 0.001446334 seconds
[Worker1] Imported GUID: 5cdce2bffd1e49bda08b3db54a031207 - Path: Packages/com.unity.inputsystem/InputSystem/InputSystemObject.cs - Importer: ScriptedImporter/UnityEditor.QuickSearchModule:UnityEditor.Search:ASIAI0B -> (ImportResultId: '061ae4c59144772f1463daad93393096') in 0.000615125 seconds
[Worker1] Imported GUID: cdf0d8abf71784dacb0470320cd8936f - Path: Packages/com.unity.inputsystem/InputSystem/Plugins/iOS - Importer: ScriptedImporter/UnityEditor.QuickSearchModule:UnityEditor.Search:ASIAI0B -> (ImportResultId: '055bb26f3d22bc5ff1cb2836a70b2fb2') in 0.000626041 seconds
[Worker0] Imported GUID: a4bbff684804d4c84b61cd0256cd2360 - Path: Packages/com.unity.inputsystem/InputSystem/Editor/Icons/d_Add Binding.png - Importer: ScriptedImporter/UnityEditor.QuickSearchModule:UnityEditor.Search:ASIAI0B -> (ImportResultId: 'df758fcd8fe12450d82b38b3523b3224') in 0.002349875 seconds
[Worker0] Imported GUID: 8242c97e8771412fb5f5637b7278e18f - Path: Packages/com.unity.inputsystem/InputSystem/Utilities/Observables/ForDeviceEventObservable.cs - Importer: ScriptedImporter/UnityEditor.QuickSearchModule:UnityEditor.Search:ASIAI0B -> (ImportResultId: 'c541baa464a67538a8ea3c79454b0914') in 0.000866542 seconds
[Worker1] Imported GUID: 8be1fbf4b24de44c99840805bdae9e40 - Path: Packages/com.unity.inputsystem/InputSystem/Editor/Icons/Add Binding@3x.png - Importer: ScriptedImporter/UnityEditor.QuickSearchModule:UnityEditor.Search:ASIAI0B -> (ImportResultId: '691eb80000a731c4f13cf291e69c23e2') in 0.002876542 seconds
[Worker1] Imported GUID: 5e64ea03a5bf05845977ae0cd2e1dd4f - Path: Packages/com.unity.inputsystem/InputSystem/Editor/PropertyDrawers/GamepadButtonPropertyDrawer.cs - Importer: ScriptedImporter/UnityEditor.QuickSearchModule:UnityEditor.Search:ASIAI0B -> (ImportResultId: '9dda051c25a3b4d1f8a0924c289aeec2') in 0.000737709 seconds
[Worker0] Imported GUID: db3dc7a02ac6d4e90bbe905a44ac265b - Path: Packages/com.unity.inputsystem/InputSystem/Editor/Icons/d_Button@4x.png - Importer: ScriptedImporter/UnityEditor.QuickSearchModule:UnityEditor.Search:ASIAI0B -> (ImportResultId: 'f6b4aee1809d67f6e30a8534ab296cb8') in 0.001810709 seconds
[Worker1] Imported GUID: 39fa3d8997a24136984ca6e2c99902bc - Path: Packages/com.unity.inputsystem/InputSystem/Actions/InputActionAsset.cs - Importer: ScriptedImporter/UnityEditor.QuickSearchModule:UnityEditor.Search:ASIAI0B -> (ImportResultId: 'dc32a8e3175e65cc169776f817bead39') in 0.000661541 seconds
[Worker0] Imported GUID: 6109a857ac56b4017b44b06a9de0f827 - Path: Packages/com.unity.inputsystem/InputSystem/Editor/Internal/AdvancedDropdown/AdvancedDropdownGUI.cs - Importer: ScriptedImporter/UnityEditor.QuickSearchModule:UnityEditor.Search:ASIAI0B -> (ImportResultId: '25c92787bce26912493021e33c734d6d') in 0.000610333 seconds
[Worker1] Imported GUID: 90a43988da5cf85498b40180b9040a38 - Path: Packages/com.unity.inputsystem/InputSystem/Devices/Commands/RequestResetCommand.cs - Importer: ScriptedImporter/UnityEditor.QuickSearchModule:UnityEditor.Search:ASIAI0B -> (ImportResultId: '28309b5644684fdd2d8957f305c7d18a') in 0.00057825 seconds
[Worker0] Imported GUID: e8df62e96c8524c2a89b7af40ee100e9 - Path: Packages/com.unity.inputsystem/InputSystem/Editor/Settings/InputSettingsProvider.cs - Importer: ScriptedImporter/UnityEditor.QuickSearchModule:UnityEditor.Search:ASIAI0B -> (ImportResultId: '3c11358536b138cdefd722254a940a4a') in 0.000831334 seconds
[Worker1] Imported GUID: f2fd4d7aa99c94a67a6a137fe979a760 - Path: Packages/com.unity.inputsystem/InputSystem/Editor/Icons/d_Stick@4x.png - Importer: ScriptedImporter/UnityEditor.QuickSearchModule:UnityEditor.Search:ASIAI0B -> (ImportResultId: '4e0ca19e22eb35dcd71ba2991ad81445') in 0.002167625 seconds
[Worker0] Imported GUID: 264ffc05d7d2841d5a6065854b6282ca - Path: Packages/com.unity.inputsystem/InputSystem/Editor/Icons/d_Mouse.png - Importer: ScriptedImporter/UnityEditor.QuickSearchModule:UnityEditor.Search:ASIAI0B -> (ImportResultId: '2cb7dab8f99a3c46ad92a36b6549671c') in 0.00212525 seconds
[Worker1] Imported GUID: c2339479d3a44fcb902e62c60f0a05af - Path: Packages/com.unity.inputsystem/InputSystem/Devices/Commands/IInputDeviceCommandInfo.cs - Importer: ScriptedImporter/UnityEditor.QuickSearchModule:UnityEditor.Search:ASIAI0B -> (ImportResultId: '89897b2fc8df41d582738e553de3b562') in 0.000789167 seconds
[Worker1] Imported GUID: e68462a09b6ba104abce11d2d157d0b2 - Path: Packages/com.unity.inputsystem/InputSystem/Editor/UITKAssetEditor/InputActionsEditorWindow.cs - Importer: ScriptedImporter/UnityEditor.QuickSearchModule:UnityEditor.Search:ASIAI0B -> (ImportResultId: 'fd8d5d8d820f0c47ed6f456008e2a400') in 0.000605291 seconds
[Worker1] Imported GUID: e35c175d4f60c4820a36054488cb5524 - Path: Packages/com.unity.inputsystem/InputSystem/Editor/ControlPicker/InputControlPicker.cs - Importer: ScriptedImporter/UnityEditor.QuickSearchModule:UnityEditor.Search:ASIAI0B -> (ImportResultId: 'e5dbc2b314ced8fc1e0bb9b5478df3c2') in 0.000694916 seconds
[Worker0] Imported GUID: 13fb345befe624412ac0bd0138d7bcf2 - Path: Packages/com.unity.inputsystem/InputSystem/Editor/Icons/Pen@2x.png - Importer: ScriptedImporter/UnityEditor.QuickSearchModule:UnityEditor.Search:ASIAI0B -> (ImportResultId: 'c85cb9ba6bae4d0b4595b03aa5dd3e27') in 0.002440208 seconds
[Worker1] Imported GUID: 9e0a885665a44db1adfaf0e3b9e9cda6 - Path: Packages/com.unity.inputsystem/InputSystem/Editor/PropertyDrawers/InputActionAssetDrawer.cs - Importer: ScriptedImporter/UnityEditor.QuickSearchModule:UnityEditor.Search:ASIAI0B -> (ImportResultId: 'a07030187fc0b67a7ebbe0bec3daf4bf') in 0.000717458 seconds
[Worker0] Imported GUID: aad56faafe6d9d3458c93a9e43759461 - Path: Packages/com.unity.inputsystem/InputSystem/Devices/Commands/DisableDeviceCommand.cs - Importer: ScriptedImporter/UnityEditor.QuickSearchModule:UnityEditor.Search:ASIAI0B -> (ImportResultId: '29eb3d7b178b43f1840e62b487cd7201') in 0.000739625 seconds
[Worker0] Imported GUID: ea7d19a9cdd73486689f292cc9d38018 - Path: Packages/com.unity.inputsystem/InputSystem/Editor/Debugger/InputDeviceDebuggerWindow.cs - Importer: ScriptedImporter/UnityEditor.QuickSearchModule:UnityEditor.Search:ASIAI0B -> (ImportResultId: '396dc6ee154db4fd8a73c25e624c6da9') in 0.000710417 seconds
[Worker0] Imported GUID: dbce6ac3ce95e4e28af8b2212171619a - Path: Packages/com.unity.inputsystem/InputSystem/Controls/Processors/CompensateDirectionProcessor.cs - Importer: ScriptedImporter/UnityEditor.QuickSearchModule:UnityEditor.Search:ASIAI0B -> (ImportResultId: '9d152715459802f2091e0f19618ede19') in 0.000666208 seconds
[Worker1] Imported GUID: e2078613efd9e410c8771cbd2717f4e7 - Path: Packages/com.unity.inputsystem/InputSystem/Editor/Icons/d_InputControl@4x.png - Importer: ScriptedImporter/UnityEditor.QuickSearchModule:UnityEditor.Search:ASIAI0B -> (ImportResultId: '21370f803c42fe086e5a20f69794dd05') in 0.002457625 seconds
[Worker0] Imported GUID: 87354c477cc09c441b957b3aae10d813 - Path: Packages/com.unity.inputsystem/InputSystem/Actions/InputActionMap.cs - Importer: ScriptedImporter/UnityEditor.QuickSearchModule:UnityEditor.Search:ASIAI0B -> (ImportResultId: '61606cf6b79f558f8a1ccb75ee0c26fc') in 0.000629375 seconds
[Worker1] Imported GUID: b0c637405fa4842cc92e389df8729bc8 - Path: Packages/com.unity.inputsystem/InputSystem/Devices/Commands/RequestSyncCommand.cs - Importer: ScriptedImporter/UnityEditor.QuickSearchModule:UnityEditor.Search:ASIAI0B -> (ImportResultId: '42f5cea3357601f19cb3245d8b71e28e') in 0.000730958 seconds
[Worker0] Imported GUID: a327bafe91572467f834d0435da166fb - Path: Packages/com.unity.inputsystem/InputSystem/Controls/Processors/StickDeadzoneProcessor.cs - Importer: ScriptedImporter/UnityEditor.QuickSearchModule:UnityEditor.Search:ASIAI0B -> (ImportResultId: 'fbe8616aee5627582e93277ac1b8dcad') in 0.00072075 seconds
[Worker1] Imported GUID: 98406e6253bf4ccba72ff32ee85f5efa - Path: Packages/com.unity.inputsystem/InputSystem/Devices/InputDeviceDescription.cs - Importer: ScriptedImporter/UnityEditor.QuickSearchModule:UnityEditor.Search:ASIAI0B -> (ImportResultId: 'c66ad9b5b98801e83f6b5d3d60bdd178') in 0.000780584 seconds
[Worker0] Imported GUID: 326532c3044e949b696215102693a1a3 - Path: Packages/com.unity.inputsystem/InputSystem/Plugins/PlayerInput/PlayerNotifications.cs - Importer: ScriptedImporter/UnityEditor.QuickSearchModule:UnityEditor.Search:ASIAI0B -> (ImportResultId: 'e60aaf9c7b6ebf4acdc9659698c15270') in 0.000695958 seconds
[Worker0] Imported GUID: 8b19af954eaf68841a157dc58e7e4814 - Path: Packages/com.unity.inputsystem/InputSystem/Editor/UITKAssetEditor/StateContainer.cs - Importer: ScriptedImporter/UnityEditor.QuickSearchModule:UnityEditor.Search:ASIAI0B -> (ImportResultId: '9f28e1e147a4c5a9620387e837b7d9e7') in 0.000646583 seconds
[Worker1] Imported GUID: daa9ba527d8a34b218224b8287ce11d3 - Path: Packages/com.unity.inputsystem/InputSystem/Editor/Icons/d_Mouse@2x.png - Importer: ScriptedImporter/UnityEditor.QuickSearchModule:UnityEditor.Search:ASIAI0B -> (ImportResultId: '27b5ede43f9317ff3bc0dd403561f74d') in 0.0019375 seconds
[Worker0] Imported GUID: 54b255b27c8247b4b51e8df1f30af3c9 - Path: Packages/com.unity.inputsystem/InputSystem/Utilities/StringHelpers.cs - Importer: ScriptedImporter/UnityEditor.QuickSearchModule:UnityEditor.Search:ASIAI0B -> (ImportResultId: '43cfdcb26cdecf7ff8ad90bec201ec77') in 0.000681667 seconds
[Worker1] Imported GUID: 4f7d29e15c49c49499875a6a2378f2a4 - Path: Packages/com.unity.inputsystem/InputSystem/Editor/InputParameterEditor.cs - Importer: ScriptedImporter/UnityEditor.QuickSearchModule:UnityEditor.Search:ASIAI0B -> (ImportResultId: '7c3ad277c98f506b874648518ed7cca4') in 0.000724208 seconds
[Worker0] Imported GUID: 595b51cc3a67d49dd9168092dc0f6eec - Path: Packages/com.unity.inputsystem/InputSystem/NativeInputRuntime.cs - Importer: ScriptedImporter/UnityEditor.QuickSearchModule:UnityEditor.Search:ASIAI0B -> (ImportResultId: '963efa08132d0f9c16b3824af480031b') in 0.000630292 seconds
[Worker1] Imported GUID: 40a0b3d771450454796d773d18ae0c31 - Path: Packages/com.unity.inputsystem/InputSystem/Editor/InputSystemPackageControl.cs - Importer: ScriptedImporter/UnityEditor.QuickSearchModule:UnityEditor.Search:ASIAI0B -> (ImportResultId: 'cab44a1c8ac108ec5671b9d9f86e59e6') in 0.000730458 seconds
[Worker1] Imported GUID: 455d9bc907fb62d44a2195e53ff7c0b7 - Path: Packages/com.unity.inputsystem/InputSystem/Utilities/PrimitiveValue.cs - Importer: ScriptedImporter/UnityEditor.QuickSearchModule:UnityEditor.Search:ASIAI0B -> (ImportResultId: '9efa025b898afffc8b44997a86cb8c4a') in 0.000661375 seconds
[Worker0] Imported GUID: 588041e6f0efb43489b38677e0aac58f - Path: Packages/com.unity.inputsystem/InputSystem/Editor/Icons/Touch.png - Importer: ScriptedImporter/UnityEditor.QuickSearchModule:UnityEditor.Search:ASIAI0B -> (ImportResultId: '8a1654833aef0225ed89969e52add555') in 0.001906708 seconds
[Worker1] Imported GUID: 7894838fa258e3a4197077ddbda0eec5 - Path: Packages/com.unity.inputsystem/InputSystem/Editor/UITKAssetEditor/PackageResources - Importer: ScriptedImporter/UnityEditor.QuickSearchModule:UnityEditor.Search:ASIAI0B -> (ImportResultId: 'b9e843edadb9999884b0a5620f549837') in 0.000567792 seconds
[Worker0] Imported GUID: caf772fd9b5b4840b7b0014d0616290d - Path: Packages/com.unity.inputsystem/InputSystem/Events/InputEventPtr.cs - Importer: ScriptedImporter/UnityEditor.QuickSearchModule:UnityEditor.Search:ASIAI0B -> (ImportResultId: '8a772b47dbc676a41a8d468c0b62d27b') in 0.000765792 seconds
[Worker1] Imported GUID: 58dca4037ed747dba3154af0d815053a - Path: Packages/com.unity.inputsystem/InputSystem/Editor/Debugger/InputLatencyCalculator.cs - Importer: ScriptedImporter/UnityEditor.QuickSearchModule:UnityEditor.Search:ASIAI0B -> (ImportResultId: '00925651110ba02e90eed95802fd94e1') in 0.000637208 seconds
[Worker1] Imported GUID: 0efecba65ae4341a385cd5d39a2af765 - Path: Packages/com.unity.inputsystem/InputSystem/Editor/Icons/d_ChevronUp@3x.png - Importer: ScriptedImporter/UnityEditor.QuickSearchModule:UnityEditor.Search:ASIAI0B -> (ImportResultId: 'a174f0962b5f993fb23652c6925bce95') in 0.001889625 seconds
[Worker0] Imported GUID: d7b144323984d4298924c65ed071dea1 - Path: Packages/com.unity.inputsystem/InputSystem/Editor/AssetEditor/PackageResources/pink.png - Importer: ScriptedImporter/UnityEditor.QuickSearchModule:UnityEditor.Search:ASIAI0B -> (ImportResultId: 'c88bcc385169dffdfea4a8622db7567d') in 0.002826333 seconds
[Worker1] Imported GUID: 61fdc882d66f0f34d90450c001c0078e - Path: Packages/com.unity.inputsystem/InputSystem/Actions/Composites/AxisComposite.cs - Importer: ScriptedImporter/UnityEditor.QuickSearchModule:UnityEditor.Search:ASIAI0B -> (ImportResultId: 'c169ceedcd63c8df10b3dfe6e4b52f16') in 0.000873542 seconds
[Worker0] Imported GUID: 6887ac562f464a329bc468158dbbf18f - Path: Packages/com.unity.inputsystem/InputSystem/Controls/Processors/ClampProcessor.cs - Importer: ScriptedImporter/UnityEditor.QuickSearchModule:UnityEditor.Search:ASIAI0B -> (ImportResultId: '764643c02e4e86c4e66da735e24e0ce9') in 0.000874541 seconds
[Worker1] Imported GUID: dc04f38471c3a459fb4d31124ee9127d - Path: Packages/com.unity.inputsystem/Tests/TestFixture/Unity.InputSystem.TestFramework.asmdef - Importer: ScriptedImporter/UnityEditor.QuickSearchModule:UnityEditor.Search:ASIAI0B -> (ImportResultId: '64448ccc0386ddf82cf34db7a46526ab') in 0.000813541 seconds
[Worker0] Imported GUID: 7fb7b46a8c63948d2b28dc394281bf5a - Path: Packages/com.unity.inputsystem/InputSystem/Editor/Icons/Orientation.png - Importer: ScriptedImporter/UnityEditor.QuickSearchModule:UnityEditor.Search:ASIAI0B -> (ImportResultId: 'b2b053d2fbabb9d0c85053562651d98d') in 0.002323458 seconds
[Worker1] Imported GUID: 7fad89501bb5c408e956934bf2eb8ae3 - Path: Packages/com.unity.inputsystem/InputSystem/Editor/Icons/d_ChevronUp.png - Importer: ScriptedImporter/UnityEditor.QuickSearchModule:UnityEditor.Search:ASIAI0B -> (ImportResultId: '7224fee69102f42d857c947ff406178a') in 0.002777125 seconds
[Worker0] Imported GUID: aa58e874cb4143ad884b8da2bb3f0d7a - Path: Packages/com.unity.inputsystem/InputSystem/Editor/Internal/InputControlTreeView.cs - Importer: ScriptedImporter/UnityEditor.QuickSearchModule:UnityEditor.Search:ASIAI0B -> (ImportResultId: '6a80a14a548af251397aa0e5f3ddc46d') in 0.000820709 seconds
[Worker1] Imported GUID: b98fcf53d54c1fe4abdd9327cf57a371 - Path: Packages/com.unity.inputsystem/InputSystem/Editor/UITKAssetEditor/Views/Selectors.cs - Importer: ScriptedImporter/UnityEditor.QuickSearchModule:UnityEditor.Search:ASIAI0B -> (ImportResultId: 'e29771b6fcfe2f78a4b75a7962ab2e92') in 0.000710042 seconds
[Worker0] Imported GUID: cda1b45d3bda468a95dca208b99174da - Path: Packages/com.unity.inputsystem/InputSystem/Actions/Composites/Vector3Composite.cs - Importer: ScriptedImporter/UnityEditor.QuickSearchModule:UnityEditor.Search:ASIAI0B -> (ImportResultId: '98a20dfaa3a180f40c1be13b129df87a') in 0.000784834 seconds
[Worker1] Imported GUID: 41edf25d451a744e6ad1172a677603bd - Path: Packages/com.unity.inputsystem/InputSystem/Editor/Icons/d_Dpad@4x.png - Importer: ScriptedImporter/UnityEditor.QuickSearchModule:UnityEditor.Search:ASIAI0B -> (ImportResultId: '56b168810cf627b345c842c4e1c96326') in 0.002407917 seconds
[Worker0] Imported GUID: 47cf506b4219343519083fe1c0b8fc9c - Path: Packages/com.unity.inputsystem/InputSystem/Editor/AssetEditor/PackageResources/yellow.png - Importer: ScriptedImporter/UnityEditor.QuickSearchModule:UnityEditor.Search:ASIAI0B -> (ImportResultId: '512a6d4037ae0975839c814c557410b9') in 0.001956042 seconds
[Worker1] Imported GUID: a6f2f33363708814e8530579e2d8cf2d - Path: Packages/com.unity.inputsystem/InputSystem/Editor/UITKAssetEditor/ReactiveProperty.cs - Importer: ScriptedImporter/UnityEditor.QuickSearchModule:UnityEditor.Search:ASIAI0B -> (ImportResultId: '67ffafff542e232c23e880158e1eaf02') in 0.000671125 seconds
[Worker0] Imported GUID: 71f3c0e630f0148b496f565843b5b272 - Path: Packages/com.unity.inputsystem/InputSystem/Plugins/EnhancedTouch/Finger.cs - Importer: ScriptedImporter/UnityEditor.QuickSearchModule:UnityEditor.Search:ASIAI0B -> (ImportResultId: '34e34a26e1a471e036db185bd64205f4') in 0.000715042 seconds
[Worker1] Imported GUID: 60f36b88774fb4ed685661de123d7449 - Path: Packages/com.unity.inputsystem/InputSystem/Editor/Internal/TreeViewHelpers.cs - Importer: ScriptedImporter/UnityEditor.QuickSearchModule:UnityEditor.Search:ASIAI0B -> (ImportResultId: '84ce7c5c4516ff5863f4c61d8b609339') in 0.0009645 seconds
[Worker0] Imported GUID: be2b3c041afc2477ea1f172b6d14c3dc - Path: Packages/com.unity.inputsystem/InputSystem/Editor/AssetEditor/PackageResources/pro - Importer: ScriptedImporter/UnityEditor.QuickSearchModule:UnityEditor.Search:ASIAI0B -> (ImportResultId: '1f9d609dd867edef0800b359c34ca29d') in 0.000721084 seconds
[Worker1] Imported GUID: 92b3f5ed3a3e41daaf0bed64ebc854d9 - Path: Packages/com.unity.inputsystem/InputSystem/Utilities/Observables/Observer.cs - Importer: ScriptedImporter/UnityEditor.QuickSearchModule:UnityEditor.Search:ASIAI0B -> (ImportResultId: 'd9155672acb753ac307a4996f03c9fda') in 0.000714916 seconds
[Worker0] Imported GUID: c46ed0dd23ba548fd87436e8c89334e9 - Path: Packages/com.unity.inputsystem/InputSystem/Editor/Internal/AdvancedDropdown/AdvancedDropdownWindow.cs - Importer: ScriptedImporter/UnityEditor.QuickSearchModule:UnityEditor.Search:ASIAI0B -> (ImportResultId: '92333af36814c63612afb24fdf95c874') in 0.000623667 seconds
[Worker1] Imported GUID: 8b5bc678fe5c44624a0f00e148fc2670 - Path: Packages/com.unity.inputsystem/InputSystem/Devices/ITextInputReceiver.cs - Importer: ScriptedImporter/UnityEditor.QuickSearchModule:UnityEditor.Search:ASIAI0B -> (ImportResultId: 'e8f5cd651c3e69651cf055177dddf85d') in 0.000651291 seconds
[Worker0] Imported GUID: 665321577aaff5344b5a12d626dfcaf7 - Path: Packages/com.unity.inputsystem/InputSystem/Editor/UITKAssetEditor/Commands - Importer: ScriptedImporter/UnityEditor.QuickSearchModule:UnityEditor.Search:ASIAI0B -> (ImportResultId: 'f2a126bf2c8b6c2b46b07a60c9d17285') in 0.000581167 seconds
[Worker1] Imported GUID: 6c784a1510a154625903484b84c8ddaf - Path: Packages/com.unity.inputsystem/InputSystem/Devices/Commands/QueryUserIdCommand.cs - Importer: ScriptedImporter/UnityEditor.QuickSearchModule:UnityEditor.Search:ASIAI0B -> (ImportResultId: 'fb093aceb71d1b4bb42b3e76dc9c3ae0') in 0.000783334 seconds
[Worker0] Imported GUID: bb0e7cd0be171ca4ca67132e36b7ccb5 - Path: Packages/com.unity.inputsystem/InputSystem/Editor/UITKAssetEditor - Importer: ScriptedImporter/UnityEditor.QuickSearchModule:UnityEditor.Search:ASIAI0B -> (ImportResultId: 'd09ca3c6f5ea5d734d30632aedf8bfcb') in 0.00060825 seconds
[Worker0] Imported GUID: bd166cb4f7947a8498e7ad07a9c04294 - Path: Packages/com.unity.inputsystem/InputSystem/Actions/InputActionRebindingExtensions.cs - Importer: ScriptedImporter/UnityEditor.QuickSearchModule:UnityEditor.Search:ASIAI0B -> (ImportResultId: 'e5a2e4e62ee14244c162ffb6b6842cd4') in 0.000897833 seconds
[Worker1] Imported GUID: 5c6284fecb53e48ee832bc14c64be6fb - Path: Packages/com.unity.inputsystem/InputSystem/Devices/Commands/QueryPairedUserAccountCommand.cs - Importer: ScriptedImporter/UnityEditor.QuickSearchModule:UnityEditor.Search:ASIAI0B -> (ImportResultId: 'b35e3b8c870713f9590ee2d97bb892d5') in 0.00083025 seconds
[Worker1] Imported GUID: 862c5ca31844d4a6d9aa804af982ce65 - Path: Packages/com.unity.inputsystem/InputSystem/Editor/Icons/Add Binding@4x.png - Importer: ScriptedImporter/UnityEditor.QuickSearchModule:UnityEditor.Search:ASIAI0B -> (ImportResultId: 'f453200c51ea406f09c0213b598564ba') in 0.002030375 seconds
[Worker0] Imported GUID: e1da124f7cbda41a4925397406076a42 - Path: Packages/com.unity.inputsystem/InputSystem/Editor/Icons/d_Position@3x.png - Importer: ScriptedImporter/UnityEditor.QuickSearchModule:UnityEditor.Search:ASIAI0B -> (ImportResultId: '04b83c21423aece99ee765dd76f778e4') in 0.002637833 seconds
[Worker1] Imported GUID: ea70775d141141a3bca036e60a89e8fa - Path: Packages/com.unity.inputsystem/InputSystem/Utilities/Observables/WhereObservable.cs - Importer: ScriptedImporter/UnityEditor.QuickSearchModule:UnityEditor.Search:ASIAI0B -> (ImportResultId: 'e757846a6ef74f41730432f4c0ecc9fc') in 0.000652125 seconds
[Worker0] Imported GUID: d59a0dc8508f4cf1819f6ba99250cd8e - Path: Packages/com.unity.inputsystem/InputSystem/Controls/InputControl.cs - Importer: ScriptedImporter/UnityEditor.QuickSearchModule:UnityEditor.Search:ASIAI0B -> (ImportResultId: 'e1c75304b98a8be2db46d8a914e34a85') in 0.000812375 seconds
[Worker0] Imported GUID: a439a21d627cd7646978dd78132c4bb9 - Path: Packages/com.unity.inputsystem/InputSystem/Editor/UITKAssetEditor/Views/InputActionsTreeViewItem.cs - Importer: ScriptedImporter/UnityEditor.QuickSearchModule:UnityEditor.Search:ASIAI0B -> (ImportResultId: '6db3573cb99b40de08132bf535836472') in 0.000797959 seconds
[Worker0] Imported GUID: cb6feb90190641c19dce92f09614edd4 - Path: Packages/com.unity.inputsystem/InputSystem/Editor/BuildPipeline - Importer: ScriptedImporter/UnityEditor.QuickSearchModule:UnityEditor.Search:ASIAI0B -> (ImportResultId: '8ffc7e8570fc88856937d73f4aea8e31') in 0.000582583 seconds
[Worker1] Imported GUID: 1c751eb104ad5407992e614361d5f81e - Path: Packages/com.unity.inputsystem/InputSystem/Editor/Icons/Orientation@4x.png - Importer: ScriptedImporter/UnityEditor.QuickSearchModule:UnityEditor.Search:ASIAI0B -> (ImportResultId: 'ab8fc81a382e82e53d09ff79d42dd924') in 0.00259375 seconds
[Worker0] Imported GUID: b3be39d9a3c9496a9a619d6dc185f5f3 - Path: Packages/com.unity.inputsystem/InputSystem/Devices/Remote - Importer: ScriptedImporter/UnityEditor.QuickSearchModule:UnityEditor.Search:ASIAI0B -> (ImportResultId: '7eeed5354279a82190ddaa7266990108') in 0.000694625 seconds
[Worker0] Imported GUID: a85130d4e1e5b49878f8f51b2d4e0ded - Path: Packages/com.unity.inputsystem/InputSystem/Editor/AssetImporter/InputActionCodeGenerator.cs - Importer: ScriptedImporter/UnityEditor.QuickSearchModule:UnityEditor.Search:ASIAI0B -> (ImportResultId: '87aca2a76c8f8f2d770188bbd20c547d') in 0.000752167 seconds
[Worker1] Imported GUID: c28849deb3e3b45c98965e7efd26f7be - Path: Packages/com.unity.inputsystem/InputSystem/Editor/Icons/Joystick.png - Importer: ScriptedImporter/UnityEditor.QuickSearchModule:UnityEditor.Search:ASIAI0B -> (ImportResultId: '08e33596b716f7b76fd3a96724056d28') in 0.001974291 seconds
[Worker0] Imported GUID: 224236193350c244abab484f4514df16 - Path: Packages/com.unity.inputsystem/InputSystem/Editor/ControlPicker/Layouts/TouchscreenControlPickerLayout.cs - Importer: ScriptedImporter/UnityEditor.QuickSearchModule:UnityEditor.Search:ASIAI0B -> (ImportResultId: '07e97afb1c786ef85053f61632dab89f') in 0.000874375 seconds
[Worker1] Imported GUID: 2c5f144140b7e48d48eb67d2decae17b - Path: Packages/com.unity.inputsystem/InputSystem/InputExtensions.cs - Importer: ScriptedImporter/UnityEditor.QuickSearchModule:UnityEditor.Search:ASIAI0B -> (ImportResultId: '87008f685cc0b3c448ad4df631ccab20') in 0.000713792 seconds
[Worker1] Imported GUID: 2064cdc23a1f4ec2a5b9b345e46960ed - Path: Packages/com.unity.inputsystem/InputSystem/Devices/Sensor.cs - Importer: ScriptedImporter/UnityEditor.QuickSearchModule:UnityEditor.Search:ASIAI0B -> (ImportResultId: '58f296a402c84251891dad2bd5b12e4f') in 0.000657584 seconds
[Worker0] Imported GUID: acf10446fff184bb98db6350c2c43148 - Path: Packages/com.unity.inputsystem/InputSystem/Editor/Icons/Pen@4x.png - Importer: ScriptedImporter/UnityEditor.QuickSearchModule:UnityEditor.Search:ASIAI0B -> (ImportResultId: '4fdf4b06fd0c97aef67ef509d41c6685') in 0.001986 seconds
[Worker0] Imported GUID: baaf1bd005134bc6825c06f3510c6643 - Path: Packages/com.unity.inputsystem/InputSystem/Editor/PropertyDrawers/InputActionReferenceSearchProviders.cs - Importer: ScriptedImporter/UnityEditor.QuickSearchModule:UnityEditor.Search:ASIAI0B -> (ImportResultId: '91a7b290a50ee098607589cd7f9e70e5') in 0.000794 seconds
[Worker1] Imported GUID: 3b78dc1763429489c9a1c70faf4f9a0e - Path: Packages/com.unity.inputsystem/InputSystem/Editor/Icons/d_Interactive Binding@2x.png - Importer: ScriptedImporter/UnityEditor.QuickSearchModule:UnityEditor.Search:ASIAI0B -> (ImportResultId: '80ed050137584dd5a69959b7a69a643a') in 0.002080292 seconds
[Worker0] Imported GUID: ca5a63bf867c240879f2eb2179771ffb - Path: Packages/com.unity.inputsystem/InputSystem/Actions/InputActionState.cs - Importer: ScriptedImporter/UnityEditor.QuickSearchModule:UnityEditor.Search:ASIAI0B -> (ImportResultId: '0a4d33bda72a01bb9f87a0b644cf6719') in 0.000745666 seconds
[Worker1] Imported GUID: 8806f46699a44c39a6a66c5d07772871 - Path: Packages/com.unity.inputsystem/InputSystem/Plugins/HID/HID.cs - Importer: ScriptedImporter/UnityEditor.QuickSearchModule:UnityEditor.Search:ASIAI0B -> (ImportResultId: 'b09fbe9872dbef41e1c78b7e7e1d0f56') in 0.000686375 seconds
[Worker0] Imported GUID: 199b31cbe22b4c269aa78f8139347afd - Path: Packages/com.unity.inputsystem/InputSystem/Editor/Analytics/PlayerInputManagerEditorAnalytic.cs - Importer: ScriptedImporter/UnityEditor.QuickSearchModule:UnityEditor.Search:ASIAI0B -> (ImportResultId: '37ef566e2a45024a591b30c9c184c5d9') in 0.000639 seconds
[Worker0] Imported GUID: 5e7024ed0fd03984289320d04507bc0c - Path: Packages/com.unity.inputsystem/InputSystem/Editor/UITKAssetEditor/PackageResources/InputAssetEditorLight.uss - Importer: ScriptedImporter/UnityEditor.QuickSearchModule:UnityEditor.Search:ASIAI0B -> (ImportResultId: '7057a2992a34ae9968ac0d9b47526cdc') in 0.001081791 seconds
[Worker1] Imported GUID: bed935caee9524e6780614c2055bfd35 - Path: Packages/com.unity.inputsystem/InputSystem/Editor/Icons/d_Gamepad@2x.png - Importer: ScriptedImporter/UnityEditor.QuickSearchModule:UnityEditor.Search:ASIAI0B -> (ImportResultId: 'a668f6c15632e1116095f7de916f0427') in 0.002480333 seconds
[Worker0] Imported GUID: 8348fa935e294410f8a7b065d82285d2 - Path: Packages/com.unity.inputsystem/InputSystem/Editor/DeviceSimulator/InputSystemPlugin.cs - Importer: ScriptedImporter/UnityEditor.QuickSearchModule:UnityEditor.Search:ASIAI0B -> (ImportResultId: '5aaca52ef723ccf635563e10000cdfba') in 0.000742208 seconds
[Worker1] Imported GUID: 6a390ac9b9af0fb49b702bae14eaed84 - Path: Packages/com.unity.inputsystem/InputSystem/Devices/Precompiled/FastMouse.cs - Importer: ScriptedImporter/UnityEditor.QuickSearchModule:UnityEditor.Search:ASIAI0B -> (ImportResultId: '0d678d8655798025b5093259994d4dde') in 0.000820875 seconds
[Worker0] Imported GUID: 84ed8f0fc9aae9347b3b0a962eeacf32 - Path: Packages/com.unity.inputsystem/InputSystem/Actions/InputBindingResolver.cs - Importer: ScriptedImporter/UnityEditor.QuickSearchModule:UnityEditor.Search:ASIAI0B -> (ImportResultId: 'e2c487c0fe5435a978a452260dd9ce09') in 0.000696 seconds
[Worker1] Imported GUID: c0f60c66cb10e104c96c77e03a950843 - Path: Packages/com.unity.inputsystem/InputSystem/Plugins/iOS/InputSettingsiOSProvider.cs - Importer: ScriptedImporter/UnityEditor.QuickSearchModule:UnityEditor.Search:ASIAI0B -> (ImportResultId: '47f412ba56485f7fe81424225e1f5622') in 0.000686709 seconds
[Worker0] Imported GUID: 635124a90cfbdc64eb3e9c0fc6904aa5 - Path: Packages/com.unity.inputsystem/InputSystem/Plugins/iOS/iOSSupport.cs - Importer: ScriptedImporter/UnityEditor.QuickSearchModule:UnityEditor.Search:ASIAI0B -> (ImportResultId: '1e3a9876c513d591a48118e4d66129a8') in 0.000587791 seconds
[Worker1] Imported GUID: 1cbae3eee4bd4f6f9b9ad85aab8174e4 - Path: Packages/com.unity.inputsystem/InputSystem/Editor/ProjectWideActions/ProjectWideActionsBuildProvider.cs - Importer: ScriptedImporter/UnityEditor.QuickSearchModule:UnityEditor.Search:ASIAI0B -> (ImportResultId: '5c5ac62cba5b7883ff44b71b2de784d3') in 0.000674667 seconds
[Worker1] Imported GUID: 0c8442e8094ce974598eacc0302ddabb - Path: Packages/com.unity.inputsystem/InputSystem/Plugins/Android/AndroidSupport.cs - Importer: ScriptedImporter/UnityEditor.QuickSearchModule:UnityEditor.Search:ASIAI0B -> (ImportResultId: 'd9e2cfd48451c95736561d399ee1932c') in 0.000625 seconds
[Worker1] Imported GUID: d472007a1b9243feb0043606b73288cd - Path: Packages/com.unity.inputsystem/InputSystem/Devices/Mouse.cs - Importer: ScriptedImporter/UnityEditor.QuickSearchModule:UnityEditor.Search:ASIAI0B -> (ImportResultId: '4e2d7818329e5ff072c249d4c1f38a26') in 0.000624167 seconds
[Worker1] Imported GUID: 0de917098a5b848b1a371e570928ce10 - Path: Packages/com.unity.inputsystem/InputSystem/Editor/Icons/d_ChevronDown@4x.png - Importer: ScriptedImporter/UnityEditor.QuickSearchModule:UnityEditor.Search:ASIAI0B -> (ImportResultId: 'f2f10b2bf081aedd7e2b9a4b2b0c8588') in 0.002195375 seconds
[Worker1] Imported GUID: 0049e966b9953774fa3d07808a5555a9 - Path: Packages/com.unity.inputsystem/InputSystem/Plugins/XR/Haptics/GetCurrentHapticStateCommand.cs - Importer: ScriptedImporter/UnityEditor.QuickSearchModule:UnityEditor.Search:ASIAI0B -> (ImportResultId: 'de1d3038b81748f0fa78c948bd630fd5') in 0.000858875 seconds
[Worker0] Imported GUID: c662e0d3cc3c4f948808f9847f715ef2 - Path: Packages/com.unity.inputsystem/InputSystem/Editor/UITKAssetEditor/PackageResources/InputActionsEditor.uxml - Importer: ScriptedImporter/UnityEditor.QuickSearchModule:UnityEditor.Search:ASIAI0B -> (ImportResultId: '2e5dee6f9da6bf025ca0b1a55be8316a') in 0.006317708 seconds
[Worker1] Imported GUID: 08dab706fb9641539767891cee0c7d3c - Path: Packages/com.unity.inputsystem/InputSystem/Devices/ICustomDeviceReset.cs - Importer: ScriptedImporter/UnityEditor.QuickSearchModule:UnityEditor.Search:ASIAI0B -> (ImportResultId: '74f5b264c0dd159ee3aa703b937887b1') in 0.000815583 seconds
[Worker0] Imported GUID: a736049645e8c4781aedf679c2ee6be6 - Path: Packages/com.unity.inputsystem/InputSystem/Plugins/HID/HIDParser.cs - Importer: ScriptedImporter/UnityEditor.QuickSearchModule:UnityEditor.Search:ASIAI0B -> (ImportResultId: '862d82b63c3c7e817ebc349a87ad18bd') in 0.000815291 seconds
[Worker0] Imported GUID: ade00164ed474391ba591b362f77149f - Path: Packages/com.unity.inputsystem/InputSystem/Devices/Touchscreen.cs - Importer: ScriptedImporter/UnityEditor.QuickSearchModule:UnityEditor.Search:ASIAI0B -> (ImportResultId: '3b672b5561b0e34daa37bc5bf03c626f') in 0.00058875 seconds
[Worker0] Imported GUID: 0be28dce931f40f8a48953c52e03d5d7 - Path: Packages/com.unity.inputsystem/InputSystem/Devices/IEventPreProcessor.cs - Importer: ScriptedImporter/UnityEditor.QuickSearchModule:UnityEditor.Search:ASIAI0B -> (ImportResultId: '43c639c9898d78b664a5062fcc9a02f7') in 0.000597292 seconds
[Worker1] Imported GUID: 62f8dda50382d487597224e197cbd34f - Path: Packages/com.unity.inputsystem/InputSystem/Editor/Icons/Orientation@2x.png - Importer: ScriptedImporter/UnityEditor.QuickSearchModule:UnityEditor.Search:ASIAI0B -> (ImportResultId: '5d3a07a5deacb2d55af632fb1e68da12') in 0.001917583 seconds
[Worker0] Imported GUID: caa587f0fb5099040bf6193f93daec5d - Path: Packages/com.unity.inputsystem/InputSystem/Actions/Interactions/TapInteraction.cs - Importer: ScriptedImporter/UnityEditor.QuickSearchModule:UnityEditor.Search:ASIAI0B -> (ImportResultId: 'a308b26e3ee822466d437231d457584d') in 0.000642375 seconds
[Worker0] Imported GUID: 985cbca1705a64c80b370afdb30b3ee7 - Path: Packages/com.unity.inputsystem/InputSystem/Editor/Icons/ChevronDown@3x.png - Importer: ScriptedImporter/UnityEditor.QuickSearchModule:UnityEditor.Search:ASIAI0B -> (ImportResultId: '622d295a801176cf79b9e1aaf3c18110') in 0.002133541 seconds
[Worker1] Imported GUID: 9e882b58df0964f5b90ff99cb481ee79 - Path: Packages/com.unity.inputsystem/InputSystem/Editor/Icons/d_Gamepad@3x.png - Importer: ScriptedImporter/UnityEditor.QuickSearchModule:UnityEditor.Search:ASIAI0B -> (ImportResultId: '5ba643f46a632be0c2dfc51ffe3d23e3') in 0.002797792 seconds
[Worker1] Imported GUID: 65c861c7ef9bee2479c728694e87ea45 - Path: Packages/com.unity.inputsystem/InputSystem/Plugins/InputForUI/AssemblyInfo.cs - Importer: ScriptedImporter/UnityEditor.QuickSearchModule:UnityEditor.Search:ASIAI0B -> (ImportResultId: 'c4590e0e8e2bc78137cd1fa1c6dc6ac3') in 0.000792833 seconds
[Worker0] Imported GUID: 6d54531977ecb194c95e2d3aa7a5d72a - Path: Packages/com.unity.inputsystem/InputSystem/Plugins/OnScreen/OnScreenButton.cs - Importer: ScriptedImporter/UnityEditor.QuickSearchModule:UnityEditor.Search:ASIAI0B -> (ImportResultId: '22c7909334bd796d60f90aa01ce1f934') in 0.000956167 seconds
[Worker0] Imported GUID: ed303b5629a047fa8c081261bb1993d1 - Path: Packages/com.unity.inputsystem/InputSystem/Editor/Internal/BuildProviderHelpers.cs - Importer: ScriptedImporter/UnityEditor.QuickSearchModule:UnityEditor.Search:ASIAI0B -> (ImportResultId: '6b28182faf4e72db7249605e90e45785') in 0.000798917 seconds
[Worker1] Imported GUID: 9e6c9e992a2ee4327bce1d6a8189cedb - Path: Packages/com.unity.inputsystem/InputSystem/Editor/Icons/Interactive Binding@4x.png - Importer: ScriptedImporter/UnityEditor.QuickSearchModule:UnityEditor.Search:ASIAI0B -> (ImportResultId: '711c4c9f16c9a438e8c1341d0ebc2053') in 0.002136375 seconds
[Worker0] Imported GUID: 2027b97fd12d842d7a3169c784502a54 - Path: Packages/com.unity.inputsystem/InputSystem/Editor/Icons/Interactive Binding@2x.png - Importer: ScriptedImporter/UnityEditor.QuickSearchModule:UnityEditor.Search:ASIAI0B -> (ImportResultId: 'c0f5640fcd9d4bdba07b7a8f6c15cec9') in 0.002651375 seconds
[Worker0] Imported GUID: 2f971d46c202b4b7a90865bf5600683f - Path: Packages/com.unity.inputsystem/InputSystem/Plugins/Steam/SteamHandle.cs - Importer: ScriptedImporter/UnityEditor.QuickSearchModule:UnityEditor.Search:ASIAI0B -> (ImportResultId: '4b1bbd7966bf847e0bd53cbdcd25a92f') in 0.001135666 seconds
[Worker1] Imported GUID: c3f24f77c633a444893b75d39ae4fa3c - Path: Packages/com.unity.inputsystem/InputSystem/Editor/Debugger/InputDebuggerWindow.cs - Importer: ScriptedImporter/UnityEditor.QuickSearchModule:UnityEditor.Search:ASIAI0B -> (ImportResultId: 'ddafcaf4a8a015fb1da00be8d12d12fc') in 0.0011635 seconds
[Worker1] Imported GUID: a3e712d7ab2114ca4960246b0d5e6215 - Path: Packages/com.unity.inputsystem/InputSystem/Plugins/Steam - Importer: ScriptedImporter/UnityEditor.QuickSearchModule:UnityEditor.Search:ASIAI0B -> (ImportResultId: '02258149e1c1964decbd493c96fadb1d') in 0.000708042 seconds
[Worker1] Imported GUID: 6fde91b0a4ee45cd86be18a8d829dc87 - Path: Packages/com.unity.inputsystem/InputSystem/Controls/Processors - Importer: ScriptedImporter/UnityEditor.QuickSearchModule:UnityEditor.Search:ASIAI0B -> (ImportResultId: '641bea719089634a974bdc795535ea63') in 0.000656792 seconds
[Worker0] Imported GUID: 424bff4d3ea64400e9b384cb8bebfb96 - Path: Packages/com.unity.inputsystem/InputSystem/Editor/Icons/d_Orientation@3x.png - Importer: ScriptedImporter/UnityEditor.QuickSearchModule:UnityEditor.Search:ASIAI0B -> (ImportResultId: '16eba8d306704f73bd254fb2442d89b8') in 0.002220041 seconds
[Worker1] Imported GUID: 2069418e852748dbaa154cf71b8f033a - Path: Packages/com.unity.inputsystem/InputSystem/Actions - Importer: ScriptedImporter/UnityEditor.QuickSearchModule:UnityEditor.Search:ASIAI0B -> (ImportResultId: 'c0f4323f79b649e7d01f5f316dc84879') in 0.000961875 seconds
[Worker0] Imported GUID: decf522e52f74f9e80b4dc87986cca70 - Path: Packages/com.unity.inputsystem/InputSystem/InputUpdateType.cs - Importer: ScriptedImporter/UnityEditor.QuickSearchModule:UnityEditor.Search:ASIAI0B -> (ImportResultId: '9e8997e76d0e39daa02095bdb214b083') in 0.000864708 seconds
[Worker0] Imported GUID: 1bf9cdd4bc492489c8c7c6190785fc48 - Path: Packages/com.unity.inputsystem/InputSystem/Editor/Icons/Pen@3x.png - Importer: ScriptedImporter/UnityEditor.QuickSearchModule:UnityEditor.Search:ASIAI0B -> (ImportResultId: 'db93da474186a13163b61ec788d780ee') in 0.002017167 seconds
[Worker1] Imported GUID: ceaa885da02f84da195f87de12535da6 - Path: Packages/com.unity.inputsystem/InputSystem/Editor/Icons/d_Touch@2x.png - Importer: ScriptedImporter/UnityEditor.QuickSearchModule:UnityEditor.Search:ASIAI0B -> (ImportResultId: 'ab60fc52fa91018ec916006d17558654') in 0.002902125 seconds
[Worker0] Imported GUID: 5f84d6a1bd34ea6428fa1db0e9f459cb - Path: Packages/com.unity.inputsystem/InputSystem/Plugins/XR/Haptics/SendHapticImpulseCommand.cs - Importer: ScriptedImporter/UnityEditor.QuickSearchModule:UnityEditor.Search:ASIAI0B -> (ImportResultId: 'd47ad749315aeea22e37ceb92fd9a9b6') in 0.000865875 seconds
[Worker1] Imported GUID: 8b82aecdbfbdd1b49b90eb0d509b4166 - Path: Packages/com.unity.inputsystem/InputSystem/Editor/UITKAssetEditor/Views/InputActionMapsTreeViewItem.cs - Importer: ScriptedImporter/UnityEditor.QuickSearchModule:UnityEditor.Search:ASIAI0B -> (ImportResultId: 'ed8b41d55623bf1a1e70b986cd700f64') in 0.000846083 seconds
[Worker0] Imported GUID: a8cfbe75f80984c1d9700ef41f6e2aeb - Path: Packages/com.unity.inputsystem/InputSystem/Controls/InputControlExtensions.cs - Importer: ScriptedImporter/UnityEditor.QuickSearchModule:UnityEditor.Search:ASIAI0B -> (ImportResultId: '36485fc24c52cef7eff787886b0820d4') in 0.000792917 seconds
[Worker1] Imported GUID: 07003ea62d4443a09691237b23f17ac6 - Path: Packages/com.unity.inputsystem/InputSystem/Utilities/ReadOnlyArray.cs - Importer: ScriptedImporter/UnityEditor.QuickSearchModule:UnityEditor.Search:ASIAI0B -> (ImportResultId: 'a3f9acb8959aa49f40709b89a31e026c') in 0.000621083 seconds
[Worker0] Imported GUID: 929bef69d71fe4223b4148865a0a5e42 - Path: Packages/com.unity.inputsystem/InputSystem/Plugins/XR/GenericXRDevice.cs - Importer: ScriptedImporter/UnityEditor.QuickSearchModule:UnityEditor.Search:ASIAI0B -> (ImportResultId: '70130b014a7cc1515679815973b1733a') in 0.0007305 seconds
[Worker1] Imported GUID: 12826de7f47b478428a9941b5fb5adcf - Path: Packages/com.unity.inputsystem/InputSystem/Actions/InputInteractionContext.cs - Importer: ScriptedImporter/UnityEditor.QuickSearchModule:UnityEditor.Search:ASIAI0B -> (ImportResultId: 'e056031cd26756d4b9ab1badfafe0b7e') in 0.000679667 seconds
[Worker0] Imported GUID: 674b72d5417404b9eac446749e3e2d5e - Path: Packages/com.unity.inputsystem/Tests/TestFixture/AssemblyInfo.cs - Importer: ScriptedImporter/UnityEditor.QuickSearchModule:UnityEditor.Search:ASIAI0B -> (ImportResultId: '55d4fcc284395aabe5b45d89ae76578e') in 0.000669583 seconds
[Worker1] Imported GUID: 0ffbcc8a975d04f12967a085a10aeb7b - Path: Packages/com.unity.inputsystem/InputSystem/Utilities/NameAndParameters.cs - Importer: ScriptedImporter/UnityEditor.QuickSearchModule:UnityEditor.Search:ASIAI0B -> (ImportResultId: 'ba30e47b1ab5ade82b45c12fd2203afd') in 0.000650625 seconds
[Worker0] Imported GUID: 06c77ad4af684d2eab4294e0d51afccd - Path: Packages/com.unity.inputsystem/InputSystem/Controls/Vector2Control.cs - Importer: ScriptedImporter/UnityEditor.QuickSearchModule:UnityEditor.Search:ASIAI0B -> (ImportResultId: 'ad63b8cc441481f8dec7863bf537080c') in 0.000922 seconds
[Worker1] Imported GUID: 30bd04fe045c46918b5fe7bc6efc4ce2 - Path: Packages/com.unity.inputsystem/InputSystem/Editor/PropertyDrawers/InputActionReferencePropertyDrawer.cs - Importer: ScriptedImporter/UnityEditor.QuickSearchModule:UnityEditor.Search:ASIAI0B -> (ImportResultId: '1ed7f2052888fadc782f973c21a44989') in 0.001071958 seconds
[Worker0] Imported GUID: 02a54f9a4f584f5397cf3e9697372394 - Path: Packages/com.unity.inputsystem/InputSystem/Events/IInputEventTypeInfo.cs - Importer: ScriptedImporter/UnityEditor.QuickSearchModule:UnityEditor.Search:ASIAI0B -> (ImportResultId: 'ad72f748798805b53f8427f4f2aa2861') in 0.000861125 seconds
[Worker1] Imported GUID: 3f04ed13d477436fa6a48ff5d0d46d8c - Path: Packages/com.unity.inputsystem/InputSystem/Utilities/Substring.cs - Importer: ScriptedImporter/UnityEditor.QuickSearchModule:UnityEditor.Search:ASIAI0B -> (ImportResultId: '31c8ae3a5cf2f6761779fe1c021e39cf') in 0.000626 seconds
[Worker1] Imported GUID: 461c380dccba54a569c07d9810dd3b32 - Path: Packages/com.unity.inputsystem/InputSystem/Editor/Debugger - Importer: ScriptedImporter/UnityEditor.QuickSearchModule:UnityEditor.Search:ASIAI0B -> (ImportResultId: '7ec3550fd95f611e64ac6107f1f884b6') in 0.000531791 seconds
[Worker1] Imported GUID: cec9e0ea8cd94017b8667cd540d61948 - Path: Packages/com.unity.inputsystem/InputSystem/Editor/BuildPipeline/LinkFileGenerator.cs - Importer: ScriptedImporter/UnityEditor.QuickSearchModule:UnityEditor.Search:ASIAI0B -> (ImportResultId: 'fabab8301ea02d59b17b69e806bf3b61') in 0.000616708 seconds
[Worker0] Imported GUID: 452df07a8ad0c944c879a484d5890e61 - Path: Packages/com.unity.inputsystem/InputSystem/Editor/UITKAssetEditor/PackageResources/InputActionsTreeViewItem.uxml - Importer: ScriptedImporter/UnityEditor.QuickSearchModule:UnityEditor.Search:ASIAI0B -> (ImportResultId: '1160e2518717738cafe09135c3cc9a4f') in 0.001950666 seconds
[Worker1] Imported GUID: f0e14ea80f96b445f97b1c83650d5733 - Path: Packages/com.unity.inputsystem/package.json - Importer: ScriptedImporter/UnityEditor.QuickSearchModule:UnityEditor.Search:ASIAI0B -> (ImportResultId: '639c4acdf6f3a2e2172d8dc57ff7f5fd') in 0.00076875 seconds
[Worker0] Imported GUID: b33f51f6a55e541e995b5f6a10498d65 - Path: Packages/com.unity.inputsystem/InputSystem/InputMetrics.cs - Importer: ScriptedImporter/UnityEditor.QuickSearchModule:UnityEditor.Search:ASIAI0B -> (ImportResultId: 'de3cf3c0363bbb62b33a4653441786ec') in 0.000632667 seconds
[Worker1] Imported GUID: 15164829aab964eedaee6bac785c2c05 - Path: Packages/com.unity.inputsystem/InputSystem/Actions/Composites/ButtonWithOneModifier.cs - Importer: ScriptedImporter/UnityEditor.QuickSearchModule:UnityEditor.Search:ASIAI0B -> (ImportResultId: '76e0189bbaa8214630b09936c4cd4249') in 0.00061275 seconds
[Worker1] Imported GUID: 2ab54adba6d259742a9022c514b04149 - Path: Packages/com.unity.inputsystem/InputSystem/Plugins/Linux/SDLDeviceBuilder.cs - Importer: ScriptedImporter/UnityEditor.QuickSearchModule:UnityEditor.Search:ASIAI0B -> (ImportResultId: 'd1e3c1fc9fd459350f4a4ef7165715c9') in 0.0005765 seconds
[Worker1] Imported GUID: a1bc613b5fab4dd4997810700b46dbf7 - Path: Packages/com.unity.inputsystem/Tests/TestFixture/AssetDatabaseUtils.cs - Importer: ScriptedImporter/UnityEditor.QuickSearchModule:UnityEditor.Search:ASIAI0B -> (ImportResultId: 'c5f56d04af9bc2388ea73941800c2908') in 0.000554167 seconds
[Worker1] Imported GUID: 42a7c5e6c9bc849a3a9163e719422c50 - Path: Packages/com.unity.inputsystem/InputSystem/Editor/Internal/AdvancedDropdown/AdvancedDropdownItem.cs - Importer: ScriptedImporter/UnityEditor.QuickSearchModule:UnityEditor.Search:ASIAI0B -> (ImportResultId: '2bedde9e40b923eda751bc95c99bac40') in 0.00061925 seconds
[Worker0] Imported GUID: 5684eb521fa99491e9061de682d1622e - Path: Packages/com.unity.inputsystem/InputSystem/Editor/Icons/Position.png - Importer: ScriptedImporter/UnityEditor.QuickSearchModule:UnityEditor.Search:ASIAI0B -> (ImportResultId: 'd24d8db51036a7af6805f72dcf82a728') in 0.003251291 seconds
[Worker0] Imported GUID: d806525c0444400588f5a7800297b7b5 - Path: Packages/com.unity.inputsystem/InputSystem/Devices/Pointer.cs - Importer: ScriptedImporter/UnityEditor.QuickSearchModule:UnityEditor.Search:ASIAI0B -> (ImportResultId: 'a57688dfe9da1beebd251e0d433f27fe') in 0.000801959 seconds
[Worker1] Imported GUID: b02e3f0c0798a4f1789a89a7697660be - Path: Packages/com.unity.inputsystem/InputSystem/Editor/AssetEditor/PackageResources/pro/propertiesBackground.png - Importer: ScriptedImporter/UnityEditor.QuickSearchModule:UnityEditor.Search:ASIAI0B -> (ImportResultId: '95d8db9a98e4691fa87ba69727497b6a') in 0.002499542 seconds
[Worker0] Imported GUID: d717b0e790ee146dd93d1be641984b6a - Path: Packages/com.unity.inputsystem/InputSystem/Utilities/ExceptionHelpers.cs - Importer: ScriptedImporter/UnityEditor.QuickSearchModule:UnityEditor.Search:ASIAI0B -> (ImportResultId: '53f64e1c56d4186c5d85e7e6b9c5d7a3') in 0.000695542 seconds
[Worker1] Imported GUID: a9586270a56c4658a83ff649811e0cb3 - Path: Packages/com.unity.inputsystem/InputSystem/Utilities/Observables/Observable.cs - Importer: ScriptedImporter/UnityEditor.QuickSearchModule:UnityEditor.Search:ASIAI0B -> (ImportResultId: '5fbaa05eef23a9cd89c82d57964411b7') in 0.000676541 seconds
[Worker1] Imported GUID: 6bd8ebd167bb9d34cabf0b443f2d1aaa - Path: Packages/com.unity.inputsystem/InputSystem/Actions/Interactions/HoldInteraction.cs - Importer: ScriptedImporter/UnityEditor.QuickSearchModule:UnityEditor.Search:ASIAI0B -> (ImportResultId: 'a3c444f66a2087a5cd1c558d08a4e0b6') in 0.000747167 seconds
[Worker0] Imported GUID: a940917cc397643afb071010cb2143d9 - Path: Packages/com.unity.inputsystem/InputSystem/Editor/Icons/Axis@4x.png - Importer: ScriptedImporter/UnityEditor.QuickSearchModule:UnityEditor.Search:ASIAI0B -> (ImportResultId: '8469bdd67e83042820e937d52b497704') in 0.001994708 seconds
[Worker1] Imported GUID: 153c0ac2dec541bc824175008b97615d - Path: Packages/com.unity.inputsystem/InputSystem/Devices/Remote/RemoteInputPlayerConnection.cs - Importer: ScriptedImporter/UnityEditor.QuickSearchModule:UnityEditor.Search:ASIAI0B -> (ImportResultId: 'e57d5dfae85cc821fc93cc5808267043') in 0.000926375 seconds
[Worker0] Imported GUID: d45ac8148fd4e264eb17df8586b09581 - Path: Packages/com.unity.inputsystem/InputSystem/Utilities/DynamicBitfield.cs - Importer: ScriptedImporter/UnityEditor.QuickSearchModule:UnityEditor.Search:ASIAI0B -> (ImportResultId: '7b315b7d94452d9af03395624bf18c5b') in 0.000741459 seconds
[Worker0] Imported GUID: 1407189163374c4aa71b9689243809eb - Path: Packages/com.unity.inputsystem/InputSystem/InputManagerStateMonitors.cs - Importer: ScriptedImporter/UnityEditor.QuickSearchModule:UnityEditor.Search:ASIAI0B -> (ImportResultId: '8f361e0c04bcc925ab1106dc71614fac') in 0.000569875 seconds
[Worker0] Imported GUID: 5f09d534eb1414449a2758696bd4dd11 - Path: Packages/com.unity.inputsystem/InputSystem/Editor/Icons/Orientation@3x.png - Importer: ScriptedImporter/UnityEditor.QuickSearchModule:UnityEditor.Search:ASIAI0B -> (ImportResultId: '74d401132ce1435ab305ce043b6078dc') in 0.0019125 seconds
[Worker1] Imported GUID: 6e9283a12f5b74afbba696cbb82f5e7f - Path: Packages/com.unity.inputsystem/InputSystem/Editor/Icons/Touch@4x.png - Importer: ScriptedImporter/UnityEditor.QuickSearchModule:UnityEditor.Search:ASIAI0B -> (ImportResultId: 'ee26a5441db453e49f3b8a6b9506b6eb') in 0.0037085 seconds
[Worker0] Imported GUID: 78260363757e4b02b9c6cc9949b4091a - Path: Packages/com.unity.inputsystem/InputSystem/Events/InputEvent.cs - Importer: ScriptedImporter/UnityEditor.QuickSearchModule:UnityEditor.Search:ASIAI0B -> (ImportResultId: '116775fe83dfef8f2c921dad25becfaf') in 0.000977458 seconds
[Worker1] Imported GUID: 8d659406a304446c599b9ec454663c46 - Path: Packages/com.unity.inputsystem/InputSystem/Editor/Debugger/InputActionDebuggerWindow.cs - Importer: ScriptedImporter/UnityEditor.QuickSearchModule:UnityEditor.Search:ASIAI0B -> (ImportResultId: '38aeb63a106d17604f571d7a0393a424') in 0.000777875 seconds
[Worker1] Imported GUID: 5cdea6ae28e4a4b6ca0bb7506f88764c - Path: Packages/com.unity.inputsystem/InputSystem/Editor/Internal/AdvancedDropdown - Importer: ScriptedImporter/UnityEditor.QuickSearchModule:UnityEditor.Search:ASIAI0B -> (ImportResultId: 'db93108909b25ede7d5caf9cac0622e3') in 0.000588875 seconds
[Worker1] Imported GUID: f61b0e35037644f37b6ac81513577c50 - Path: Packages/com.unity.inputsystem/InputSystem/Editor/Internal/AdvancedDropdown/AdvancedDropdownState.cs - Importer: ScriptedImporter/UnityEditor.QuickSearchModule:UnityEditor.Search:ASIAI0B -> (ImportResultId: 'c893c3e6b124fa361553691f5031b3f6') in 0.00065625 seconds
[Worker0] Imported GUID: 9ec4e316700da46b88741a8153b33963 - Path: Packages/com.unity.inputsystem/InputSystem/Editor/Icons/d_Keyboard@3x.png - Importer: ScriptedImporter/UnityEditor.QuickSearchModule:UnityEditor.Search:ASIAI0B -> (ImportResultId: '08052bafc303d02f9420bba77444adca') in 0.002513458 seconds
[Worker1] Imported GUID: 07a49c9088e54f1387f3bb8cbbe73e01 - Path: Packages/com.unity.inputsystem/InputSystem/Events/InputEventListener.cs - Importer: ScriptedImporter/UnityEditor.QuickSearchModule:UnityEditor.Search:ASIAI0B -> (ImportResultId: '53105ce5da81942bb8f585daf2ba46d2') in 0.000641375 seconds
[Worker0] Imported GUID: 408bd3b4ce254207beaa4e0779763fd6 - Path: Packages/com.unity.inputsystem/InputSystem/Plugins/UI/ExtendedAxisEventData.cs - Importer: ScriptedImporter/UnityEditor.QuickSearchModule:UnityEditor.Search:ASIAI0B -> (ImportResultId: 'bbcc7bca6654338e01d69b9b2b0d52aa') in 0.000777042 seconds
[Worker1] Imported GUID: 6db042035460c4167a6ab8d1ac3c2681 - Path: Packages/com.unity.inputsystem/InputSystem/Editor/Icons/d_Touch@4x.png - Importer: ScriptedImporter/UnityEditor.QuickSearchModule:UnityEditor.Search:ASIAI0B -> (ImportResultId: '94bd042dbcc5f6273520d895364125ac') in 0.001955334 seconds
[Worker0] Imported GUID: 55040e210fa9b426b861a26909ab4de7 - Path: Packages/com.unity.inputsystem/InputSystem/Editor/Icons/d_Stick.png - Importer: ScriptedImporter/UnityEditor.QuickSearchModule:UnityEditor.Search:ASIAI0B -> (ImportResultId: '35467ae0a39bcb84bca102120f01bdeb') in 0.001820709 seconds
[Worker1] Imported GUID: e2c8138bd42a9a041bb4b1398ae819d8 - Path: Packages/com.unity.inputsystem/Tests/TestFixture/WinUserInput.cs - Importer: ScriptedImporter/UnityEditor.QuickSearchModule:UnityEditor.Search:ASIAI0B -> (ImportResultId: '8b2208636a84d816f7a06c1c6eee8c9d') in 0.000704167 seconds
[Worker0] Imported GUID: a8d605b1e92964b5b94668b1511799ed - Path: Packages/com.unity.inputsystem/InputSystem/State/InputState.cs - Importer: ScriptedImporter/UnityEditor.QuickSearchModule:UnityEditor.Search:ASIAI0B -> (ImportResultId: 'cfb8ae6bb7129ae5690133e128516adc') in 0.000636416 seconds
[Worker1] Imported GUID: 5a2515c58b39ea24c8154ebc84f7c157 - Path: Packages/com.unity.inputsystem/InputSystem/Controls/InputControlLayout.cs - Importer: ScriptedImporter/UnityEditor.QuickSearchModule:UnityEditor.Search:ASIAI0B -> (ImportResultId: 'bbe7d9c2e16fae0e926c8d58f8f24f64') in 0.000653625 seconds
[Worker0] Imported GUID: 4f0b0cfb7c484e43823c1a038c97a5f3 - Path: Packages/com.unity.inputsystem/InputSystem/Plugins/HID/HIDSupport.cs - Importer: ScriptedImporter/UnityEditor.QuickSearchModule:UnityEditor.Search:ASIAI0B -> (ImportResultId: '3a3c031093c913b4b9f6a0bb732ae1fb') in 0.000825792 seconds
[Worker1] Imported GUID: 84ba8e63f115487ca072084bbebf0e55 - Path: Packages/com.unity.inputsystem/InputSystem/Devices/Commands - Importer: ScriptedImporter/UnityEditor.QuickSearchModule:UnityEditor.Search:ASIAI0B -> (ImportResultId: '7e1e8ba609fb0e23e5f6656c2170a4d6') in 0.000595958 seconds
[Worker1] Imported GUID: 888687b767334731951f3f18ffef0b75 - Path: Packages/com.unity.inputsystem/InputSystem/Utilities/ArrayHelpers.cs - Importer: ScriptedImporter/UnityEditor.QuickSearchModule:UnityEditor.Search:ASIAI0B -> (ImportResultId: '362a5d33420f30de328463e094eb8626') in 0.000654958 seconds
[Worker0] Imported GUID: 621567455fd1c4ceb811cc8a00b6a1a5 - Path: Packages/com.unity.inputsystem/InputSystem/Plugins/PlayerInput/PlayerInputManager.cs - Importer: ScriptedImporter/UnityEditor.QuickSearchModule:UnityEditor.Search:ASIAI0B -> (ImportResultId: 'fd31587096c4a95d8286710561fdffea') in 0.001026417 seconds
[Worker0] Imported GUID: d08e8dbcaeef59a4c9f04d8448f179eb - Path: Packages/com.unity.inputsystem/InputSystem/Plugins/iOS/InputSettingsiOS.cs - Importer: ScriptedImporter/UnityEditor.QuickSearchModule:UnityEditor.Search:ASIAI0B -> (ImportResultId: '171b3512b2898eb2e3573a1f10ed9773') in 0.000975584 seconds
[Worker1] Imported GUID: d92ba71f7bef7074eb5d8753a9d09521 - Path: Packages/com.unity.inputsystem/InputSystem/Editor/UITKAssetEditor/SerializedInputActionMap.cs - Importer: ScriptedImporter/UnityEditor.QuickSearchModule:UnityEditor.Search:ASIAI0B -> (ImportResultId: 'e3bae31473cee9f7b224a2b553fa032e') in 0.00123575 seconds
[Worker0] Imported GUID: bd2cb6115f94b4c129408ea68717f9c3 - Path: Packages/com.unity.inputsystem/InputSystem/Plugins/UI/StandaloneInputModuleEditor.cs - Importer: ScriptedImporter/UnityEditor.QuickSearchModule:UnityEditor.Search:ASIAI0B -> (ImportResultId: 'b87627677b2b9a05c9b3febe7fcb9d3f') in 0.001007667 seconds
[Worker1] Imported GUID: 2ade21199e79d394ab34f4e6887f1c09 - Path: Packages/com.unity.inputsystem/InputSystem/Plugins/XR/Haptics/GetHapticCapabilitiesCommand.cs - Importer: ScriptedImporter/UnityEditor.QuickSearchModule:UnityEditor.Search:ASIAI0B -> (ImportResultId: 'bcadbe4e0308baeb1a4b5f4ad45a5868') in 0.001284 seconds
[Worker0] Imported GUID: 7eca76cf669745feb0c71655dbad352f - Path: Packages/com.unity.inputsystem/InputSystem/Utilities/TypeHelpers.cs - Importer: ScriptedImporter/UnityEditor.QuickSearchModule:UnityEditor.Search:ASIAI0B -> (ImportResultId: '721012136503cdf300957a74d3d8ccd1') in 0.000701208 seconds
[Worker1] Imported GUID: 2196c18f03faf4184b1aeb2c61d5571d - Path: Packages/com.unity.inputsystem/InputSystem/Editor/Icons/Interactive Binding.png - Importer: ScriptedImporter/UnityEditor.QuickSearchModule:UnityEditor.Search:ASIAI0B -> (ImportResultId: '9473dee25e293f1c59e91c10835a0783') in 0.001958666 seconds
[Worker0] Imported GUID: 9c9510ff4a99bf84c9277bf2182a67d5 - Path: Packages/com.unity.inputsystem/InputSystem/Editor/UITKAssetEditor/Views/BindingPropertiesView.cs - Importer: ScriptedImporter/UnityEditor.QuickSearchModule:UnityEditor.Search:ASIAI0B -> (ImportResultId: 'daaedce172923ecf15ed9015a6b20a51') in 0.000983875 seconds
[Worker1] Imported GUID: 0226840818c8be84a9d8774a2529fe86 - Path: Packages/com.unity.inputsystem/InputSystem/Editor/UITKAssetEditor/Views/ActionMapsView.cs - Importer: ScriptedImporter/UnityEditor.QuickSearchModule:UnityEditor.Search:ASIAI0B -> (ImportResultId: '9c7ed992c9ef866543552f6786116727') in 0.001596042 seconds
[Worker0] Imported GUID: fcaa0d99df7c74f52afaa17a375dd393 - Path: Packages/com.unity.inputsystem/InputSystem/Editor/Icons/d_Joystick@3x.png - Importer: ScriptedImporter/UnityEditor.QuickSearchModule:UnityEditor.Search:ASIAI0B -> (ImportResultId: '9de40d51a7271f74350eb12334f17f5b') in 0.002197125 seconds
[Worker1] Imported GUID: bb5fa99d6e9434c9ebf101c956021ee1 - Path: Packages/com.unity.inputsystem/InputSystem/Editor/Icons/Add Binding@2x.png - Importer: ScriptedImporter/UnityEditor.QuickSearchModule:UnityEditor.Search:ASIAI0B -> (ImportResultId: '8e08b0173ce63164ef29f42e4aeb1999') in 0.002000334 seconds
[Worker1] Imported GUID: 6efadb7e1c29b4055adbd232610a4179 - Path: Packages/com.unity.inputsystem/InputSystem/Actions/InputBindingComposite.cs - Importer: ScriptedImporter/UnityEditor.QuickSearchModule:UnityEditor.Search:ASIAI0B -> (ImportResultId: 'b3aa2745da90db476dc1f63b15a7a1d8') in 0.000831791 seconds
[Worker0] Imported GUID: 6eefa91e7a89647338245ee3818141d1 - Path: Packages/com.unity.inputsystem/InputSystem/Plugins/DualShock - Importer: ScriptedImporter/UnityEditor.QuickSearchModule:UnityEditor.Search:ASIAI0B -> (ImportResultId: 'fb15bc0e788fb716985b91d952dc9e49') in 0.001384 seconds
[Worker1] Imported GUID: cfe12f5319f74d9e8b0875e965ac280b - Path: Packages/com.unity.inputsystem/InputSystem/Actions/InputAction.cs - Importer: ScriptedImporter/UnityEditor.QuickSearchModule:UnityEditor.Search:ASIAI0B -> (ImportResultId: 'ba3b9e8ad4b5861e728a514625adbec4') in 0.000792125 seconds
[Worker0] Imported GUID: 2a47e68520f79264fb6828f8f9516ef2 - Path: Packages/com.unity.inputsystem/InputSystem/Editor/ProjectWideActions/ProjectWideActionsAsset.cs - Importer: ScriptedImporter/UnityEditor.QuickSearchModule:UnityEditor.Search:ASIAI0B -> (ImportResultId: '2b0734c74ac993bbfed8003cc1c3f57d') in 0.000688875 seconds
[Worker0] Imported GUID: 7b8bfaee8f8631c4789ac62373cbc2d4 - Path: Packages/com.unity.inputsystem/InputSystem/Editor/Icons/TrackedPoseDriver@4x.png - Importer: ScriptedImporter/UnityEditor.QuickSearchModule:UnityEditor.Search:ASIAI0B -> (ImportResultId: 'bf2920270f1ec6fd3ee954e4dec17808') in 0.0017895 seconds
[Worker1] Imported GUID: 3fa44185ed614414ebab354dfe5a06b6 - Path: Packages/com.unity.inputsystem/InputSystem/Editor/UITKAssetEditor/PackageResources/InputActionMapsTreeViewItem.uxml - Importer: ScriptedImporter/UnityEditor.QuickSearchModule:UnityEditor.Search:ASIAI0B -> (ImportResultId: '3853cf49719013a8c1d5a9b5aa541b10') in 0.002505416 seconds
[Worker0] Imported GUID: f0800c72aa1894e478bb749990855f9e - Path: Packages/com.unity.inputsystem/InputSystem/Plugins/UI/InputSystemUIInputModuleEditor.cs - Importer: ScriptedImporter/UnityEditor.QuickSearchModule:UnityEditor.Search:ASIAI0B -> (ImportResultId: 'e1de81217a77a64f2ae9b226219b440d') in 0.000928166 seconds
[Worker1] Imported GUID: 0e49b0a8b53e45445979b3fa9604a35c - Path: Packages/com.unity.inputsystem/InputSystem/Plugins/OnScreen - Importer: ScriptedImporter/UnityEditor.QuickSearchModule:UnityEditor.Search:ASIAI0B -> (ImportResultId: '36ff719882c93b4dba9976d1938fa8be') in 0.000759334 seconds
[Worker0] Imported GUID: 6bb362cb9a8353d44997049a67efe591 - Path: Packages/com.unity.inputsystem/InputSystem/Devices/InputDeviceMatcher.cs - Importer: ScriptedImporter/UnityEditor.QuickSearchModule:UnityEditor.Search:ASIAI0B -> (ImportResultId: '571715d00494314e97c545125c5b8a6d') in 0.0009235 seconds
[Worker1] Imported GUID: 830105192d35a17469c56711468d1e8f - Path: Packages/com.unity.inputsystem/InputSystem/Plugins/Android/AndroidSensors.cs - Importer: ScriptedImporter/UnityEditor.QuickSearchModule:UnityEditor.Search:ASIAI0B -> (ImportResultId: 'bb553273910bcbd3d5be561463b95465') in 0.000789541 seconds
[Worker1] Imported GUID: c0f26b555bfc14351a9f8ec342fd6ae8 - Path: Packages/com.unity.inputsystem/DocCodeSamples.Tests - Importer: ScriptedImporter/UnityEditor.QuickSearchModule:UnityEditor.Search:ASIAI0B -> (ImportResultId: 'bdf029505068712890ccd3b579749e3a') in 0.001016875 seconds
[Worker0] Imported GUID: 36827be967eb9244b973cbee1bbf53e1 - Path: Packages/com.unity.inputsystem/InputSystem/Editor/UITKAssetEditor/InputActionsEditorConstants.cs - Importer: ScriptedImporter/UnityEditor.QuickSearchModule:UnityEditor.Search:ASIAI0B -> (ImportResultId: 'c9e0f46173178a637c1e2f9df04b952d') in 0.001166583 seconds
[Worker1] Imported GUID: 7182f63b24b00b44bbc83a3491c911e8 - Path: Packages/com.unity.inputsystem/InputSystem/Editor/EditorInputControlLayoutCache.cs - Importer: ScriptedImporter/UnityEditor.QuickSearchModule:UnityEditor.Search:ASIAI0B -> (ImportResultId: 'bb9a5dd3b15070681b7e563cb13ce43b') in 0.000773917 seconds
[Worker0] Imported GUID: f617c1bc34684f738c0d2cb4d0650f35 - Path: Packages/com.unity.inputsystem/InputSystem/Devices/Remote/InputRemoting.cs - Importer: ScriptedImporter/UnityEditor.QuickSearchModule:UnityEditor.Search:ASIAI0B -> (ImportResultId: 'f9644df05603427edb2c392a0d8d1db0') in 0.000680959 seconds
[Worker1] Imported GUID: c5b4f9c3390c14106a5006fd5d3d3cbe - Path: Packages/com.unity.inputsystem/InputSystem/Editor/AssetEditor/InputActionAssetManager.cs - Importer: ScriptedImporter/UnityEditor.QuickSearchModule:UnityEditor.Search:ASIAI0B -> (ImportResultId: '15ce8e59095a4ecdc7b50c92a3fb65b1') in 0.000786458 seconds
[Worker0] Imported GUID: 7a8e0b5c429811847b8c97a058e5884f - Path: Packages/com.unity.inputsystem/InputSystem/Editor/UITKAssetEditor/InputActionsEditorState.cs - Importer: ScriptedImporter/UnityEditor.QuickSearchModule:UnityEditor.Search:ASIAI0B -> (ImportResultId: 'b4d399c7d653465416a1a9b2826199ee') in 0.000887125 seconds
[Worker1] Imported GUID: df88ce51eaa14f2f8975023f7f45d2d9 - Path: Packages/com.unity.inputsystem/InputSystem/Plugins/DualShock/DualShockGamepad.cs - Importer: ScriptedImporter/UnityEditor.QuickSearchModule:UnityEditor.Search:ASIAI0B -> (ImportResultId: '05a751ebaba5e22674451dfc96403c64') in 0.000647 seconds
[Worker0] Imported GUID: c632b886b4d04e6b856720556b399ffe - Path: Packages/com.unity.inputsystem/InputSystem/Events/DeltaStateEvent.cs - Importer: ScriptedImporter/UnityEditor.QuickSearchModule:UnityEditor.Search:ASIAI0B -> (ImportResultId: '75e32dc134a39e809e2abf1427641204') in 0.000583292 seconds
[Worker1] Imported GUID: 726294051bc6c426e886d72ea4702f21 - Path: Packages/com.unity.inputsystem/InputSystem/Editor/PropertyDrawers - Importer: ScriptedImporter/UnityEditor.QuickSearchModule:UnityEditor.Search:ASIAI0B -> (ImportResultId: '88e334b624fe23ac6460363e191d5de1') in 0.000744917 seconds
[Worker1] Imported GUID: c5640f63fd494e11936f2f231d83eb4b - Path: Packages/com.unity.inputsystem/InputSystem/Plugins/iOS/iOSStepCounter.cs - Importer: ScriptedImporter/UnityEditor.QuickSearchModule:UnityEditor.Search:ASIAI0B -> (ImportResultId: '89420df0cec50a1ebf4874c7299ed912') in 0.000713375 seconds
[Worker0] Imported GUID: 40265a896a0f341bb956e90c59025a29 - Path: Packages/com.unity.inputsystem/InputSystem/Editor/Icons/InputAction.png - Importer: ScriptedImporter/UnityEditor.QuickSearchModule:UnityEditor.Search:ASIAI0B -> (ImportResultId: '60f4d680e43c9b2f4de76a5cbfe72ac8') in 0.002021667 seconds
[Worker1] Imported GUID: 78dcfd26eada049b0840e276bd029712 - Path: Packages/com.unity.inputsystem/InputSystem/Plugins/PlayerInput/PlayerInputEditor.cs - Importer: ScriptedImporter/UnityEditor.QuickSearchModule:UnityEditor.Search:ASIAI0B -> (ImportResultId: '1e64b3c380ab3eb93672b341f84c8d52') in 0.00077675 seconds
[Worker0] Imported GUID: e4a1c749d40b4bf985d6b32d7db339bb - Path: Packages/com.unity.inputsystem/InputSystem/Devices/Haptics/DualMotorRumble.cs - Importer: ScriptedImporter/UnityEditor.QuickSearchModule:UnityEditor.Search:ASIAI0B -> (ImportResultId: '5b532b8b06db3720bb71b87bfeb24a60') in 0.000785542 seconds
[Worker0] Imported GUID: 0e297b4219a224ba5bcb4f9293e26ea9 - Path: Packages/com.unity.inputsystem/InputSystem/Actions/IInputActionCollection.cs - Importer: ScriptedImporter/UnityEditor.QuickSearchModule:UnityEditor.Search:ASIAI0B -> (ImportResultId: '8651f6f103ce5a302ca22dda4aa4d7d4') in 0.000635084 seconds
[Worker0] Imported GUID: b200cbcb815aa44418fe8ada8cb78696 - Path: Packages/com.unity.inputsystem/InputSystem/Devices/Commands/InitiateUserAccountPairingCommand.cs - Importer: ScriptedImporter/UnityEditor.QuickSearchModule:UnityEditor.Search:ASIAI0B -> (ImportResultId: 'b87b83223c327ac29aa3ea7e030036ae') in 0.00083325 seconds
[Worker1] Imported GUID: a89bfcdeffde84e7ebf930d44b695435 - Path: Packages/com.unity.inputsystem/InputSystem/Editor/Icons/d_ChevronUp@2x.png - Importer: ScriptedImporter/UnityEditor.QuickSearchModule:UnityEditor.Search:ASIAI0B -> (ImportResultId: '8240aecdcda1b71bd774dd5091c35e43') in 0.002616417 seconds
[Worker0] Imported GUID: d295e36fd3cd747f4a2123088241bd6a - Path: Packages/com.unity.inputsystem/InputSystem/Editor/AssetEditor/InputActionPropertiesView.cs - Importer: ScriptedImporter/UnityEditor.QuickSearchModule:UnityEditor.Search:ASIAI0B -> (ImportResultId: '75ceab6f53fa2eb922220218c48b881a') in 0.000766917 seconds
[Worker0] Imported GUID: f720cfe5a69dc41b28e4c0a6ac2054c5 - Path: Packages/com.unity.inputsystem/InputSystem/Plugins/Users/InputUserSettings.cs - Importer: ScriptedImporter/UnityEditor.QuickSearchModule:UnityEditor.Search:ASIAI0B -> (ImportResultId: '3ee4a3f757b7a490fa0b567d22a03219') in 0.001300333 seconds
[Worker1] Imported GUID: a4deca3e01bf64bfc9136f4cb3b41c9f - Path: Packages/com.unity.inputsystem/InputSystem/Editor/Icons/Stick@3x.png - Importer: ScriptedImporter/UnityEditor.QuickSearchModule:UnityEditor.Search:ASIAI0B -> (ImportResultId: '902ebaad74c2eb13e0f1008a965aa1f1') in 0.002154375 seconds
[Worker0] Imported GUID: 49207568c569440f97a5bfe8b4144a16 - Path: Packages/com.unity.inputsystem/InputSystem/Actions/InputBinding.cs - Importer: ScriptedImporter/UnityEditor.QuickSearchModule:UnityEditor.Search:ASIAI0B -> (ImportResultId: '6c726343423304cd42211ebda2399dad') in 0.000714208 seconds
[Worker1] Imported GUID: 31038076760c2c744a116e944e0e18d7 - Path: Packages/com.unity.inputsystem/InputSystem/Plugins/XR/Controls/PoseControl.cs - Importer: ScriptedImporter/UnityEditor.QuickSearchModule:UnityEditor.Search:ASIAI0B -> (ImportResultId: 'a2288eab8252503da1c6d014f43cb5f1') in 0.000732542 seconds
[Worker0] Imported GUID: d8afcd24f0b647f4f9f8c539d613ee6d - Path: Packages/com.unity.inputsystem/InputSystem/Editor/AssetEditor/InputBindingPropertiesView.cs - Importer: ScriptedImporter/UnityEditor.QuickSearchModule:UnityEditor.Search:ASIAI0B -> (ImportResultId: '9b23980695416d1ed1d5e0203492c417') in 0.000688834 seconds
[Worker1] Imported GUID: 09dcc9c0126b6b34ab2a877b8f2277f5 - Path: Packages/com.unity.inputsystem/InputSystem/Plugins/InputForUI/InputSystemForUI.asmdef - Importer: ScriptedImporter/UnityEditor.QuickSearchModule:UnityEditor.Search:ASIAI0B -> (ImportResultId: 'ac50e8eb6d4771896980decf419509ce') in 0.000842583 seconds
[Worker0] Imported GUID: b7430542eee4694469709e804d36cbbb - Path: Packages/com.unity.inputsystem/InputSystem/Plugins/UI/ExtendedSubmitCancelEventData.cs - Importer: ScriptedImporter/UnityEditor.QuickSearchModule:UnityEditor.Search:ASIAI0B -> (ImportResultId: '8dbb49a099b99bd92582a098c15e609d') in 0.000681333 seconds
[Worker0] Imported GUID: d2c401960c5dc624c8970b2bee0371dc - Path: Packages/com.unity.inputsystem/InputSystem/Utilities/DisplayStringFormatAttribute.cs - Importer: ScriptedImporter/UnityEditor.QuickSearchModule:UnityEditor.Search:ASIAI0B -> (ImportResultId: '3cbd003d4eee36dfe54abebef7e5c6fe') in 0.000677291 seconds
[Worker1] Imported GUID: 06ad495fb07444736b59782982d96250 - Path: Packages/com.unity.inputsystem/InputSystem/Editor/Icons/d_ChevronDown.png - Importer: ScriptedImporter/UnityEditor.QuickSearchModule:UnityEditor.Search:ASIAI0B -> (ImportResultId: '9d23e8c80e5140481270fa473cbdef9b') in 0.001975167 seconds
[Worker0] Imported GUID: 66ed65ecd8caca54ba814d536ed4d5b2 - Path: Packages/com.unity.inputsystem/InputSystem/Editor/UITKAssetEditor/Views/ControlSchemesView.cs - Importer: ScriptedImporter/UnityEditor.QuickSearchModule:UnityEditor.Search:ASIAI0B -> (ImportResultId: '007e3bfec6ca7a677a1521e64c4a6b5a') in 0.000637917 seconds
[Worker1] Imported GUID: ab2c7c4773181604f9b207518e96ca1b - Path: Packages/com.unity.inputsystem/InputSystem/State/IInputStateChangeMonitor.cs - Importer: ScriptedImporter/UnityEditor.QuickSearchModule:UnityEditor.Search:ASIAI0B -> (ImportResultId: '32b45b84ff339174f4dd29629f04b408') in 0.000743375 seconds
[Worker0] Imported GUID: 2552e303d22424da2ad62552efbd06e8 - Path: Packages/com.unity.inputsystem/InputSystem/Editor/Icons/d_Position@2x.png - Importer: ScriptedImporter/UnityEditor.QuickSearchModule:UnityEditor.Search:ASIAI0B -> (ImportResultId: '282f96be78cc550fbf259fa089fdf98d') in 0.00220075 seconds
[Worker1] Imported GUID: a43c2c10c85c448b584c8f2840f86915 - Path: Packages/com.unity.inputsystem/InputSystem/Editor/Icons/Position@3x.png - Importer: ScriptedImporter/UnityEditor.QuickSearchModule:UnityEditor.Search:ASIAI0B -> (ImportResultId: 'ce473fabe2ed610b2928b766d518c9cf') in 0.001994625 seconds
[Worker0] Imported GUID: 25ea971cc17caa84a8a2fdf9917af7b4 - Path: Packages/com.unity.inputsystem/InputSystem/Plugins/XR/Controls - Importer: ScriptedImporter/UnityEditor.QuickSearchModule:UnityEditor.Search:ASIAI0B -> (ImportResultId: 'b0477d118f1c53147138aa5e22d463d3') in 0.000654667 seconds
[Worker1] Imported GUID: a3882f27ee264cbfaa87fbdceacfcea1 - Path: Packages/com.unity.inputsystem/InputSystem/Editor/Internal/InputEventTreeView.cs - Importer: ScriptedImporter/UnityEditor.QuickSearchModule:UnityEditor.Search:ASIAI0B -> (ImportResultId: '2186b61f48e6d1aeb0e09ceb4954fdaf') in 0.000796709 seconds
[Worker0] Imported GUID: e04d6d4984c7d164096e271f20932849 - Path: Packages/com.unity.inputsystem/InputSystem/Plugins/UI/PointerModel.cs - Importer: ScriptedImporter/UnityEditor.QuickSearchModule:UnityEditor.Search:ASIAI0B -> (ImportResultId: '38aab291ab0c2a0fa532951257aa2e55') in 0.000743125 seconds
[Worker0] Imported GUID: 4dc89088b67654c86810b41295276666 - Path: Packages/com.unity.inputsystem/InputSystem/Editor/Icons - Importer: ScriptedImporter/UnityEditor.QuickSearchModule:UnityEditor.Search:ASIAI0B -> (ImportResultId: 'e4261ec0b12d20b42e82739c3b90cfba') in 0.000603958 seconds
[Worker1] Imported GUID: a99745fe0133ddf4b9a4d6c58af7795a - Path: Packages/com.unity.inputsystem/InputSystem/Plugins/Switch/SwitchSupportHID.cs - Importer: ScriptedImporter/UnityEditor.QuickSearchModule:UnityEditor.Search:ASIAI0B -> (ImportResultId: 'd2fa2e8ba3c13836a2cf42cb0da3b072') in 0.001438583 seconds
[Worker0] Imported GUID: 914fdb42cb964faf92803ee51a7279fd - Path: Packages/com.unity.inputsystem/InputSystem/Controls/Vector3Control.cs - Importer: ScriptedImporter/UnityEditor.QuickSearchModule:UnityEditor.Search:ASIAI0B -> (ImportResultId: '0685f7458d93a040f85a63d34d48db67') in 0.000676375 seconds
[Worker1] Imported GUID: 09dbcfc6e83454e45ace8503dacc86ad - Path: Packages/com.unity.inputsystem/InputSystem/Editor/UITKAssetEditor/Views/VisualElementExtensions.cs - Importer: ScriptedImporter/UnityEditor.QuickSearchModule:UnityEditor.Search:ASIAI0B -> (ImportResultId: 'cc2d25887ec4db5cbc29f05f42521ae9') in 0.000713333 seconds
[Worker0] Imported GUID: 4e49477f346c4f3a8c9e5fcdcde317ed - Path: Packages/com.unity.inputsystem/InputSystem/Devices/Commands/QueryKeyNameCommand.cs - Importer: ScriptedImporter/UnityEditor.QuickSearchModule:UnityEditor.Search:ASIAI0B -> (ImportResultId: '49921db7743c69bd845ebc67dc191d2b') in 0.000631375 seconds
[Worker1] Imported GUID: 854faad156b245d4b50a15e233e9ad55 - Path: Packages/com.unity.inputsystem/InputSystem/Controls/StickControl.cs - Importer: ScriptedImporter/UnityEditor.QuickSearchModule:UnityEditor.Search:ASIAI0B -> (ImportResultId: 'a09cfebe6a84952a7a114749242c301e') in 0.000666583 seconds
[Worker0] Imported GUID: bd4bfc3c0efb44494be7101204897b7e - Path: Packages/com.unity.inputsystem/InputSystem/Plugins/WebGL/WebGLSupport.cs - Importer: ScriptedImporter/UnityEditor.QuickSearchModule:UnityEditor.Search:ASIAI0B -> (ImportResultId: 'a6b27f994bc98bd67fff384270e09e0f') in 0.000622542 seconds
[Worker1] Imported GUID: cf0897af2cae4ebbaf8b79eaae98fb08 - Path: Packages/com.unity.inputsystem/InputSystem/Plugins/UnityRemote - Importer: ScriptedImporter/UnityEditor.QuickSearchModule:UnityEditor.Search:ASIAI0B -> (ImportResultId: 'a1e10ba8e386d11d7de11bbbb8425211') in 0.000707375 seconds
[Worker0] Imported GUID: 9f8944bd1ba848ab8f95afe7acfb4b79 - Path: Packages/com.unity.inputsystem/InputSystem/Utilities/Observables - Importer: ScriptedImporter/UnityEditor.QuickSearchModule:UnityEditor.Search:ASIAI0B -> (ImportResultId: 'ce7c0a314252a17926dd811235d387cf') in 0.000577167 seconds
[Worker1] Imported GUID: afe3cda3e244f60419474164d6ba3b0b - Path: Packages/com.unity.inputsystem/InputSystem/Plugins/UI/TrackedDeviceRaycaster.cs - Importer: ScriptedImporter/UnityEditor.QuickSearchModule:UnityEditor.Search:ASIAI0B -> (ImportResultId: '80895a90f050dc6ece057242fed88f1d') in 0.000717417 seconds
[Worker0] Imported GUID: e31057ef324a04478bb4f7d469b3cdc0 - Path: Packages/com.unity.inputsystem/InputSystem/Plugins/EnhancedTouch/TouchSimulation.cs - Importer: ScriptedImporter/UnityEditor.QuickSearchModule:UnityEditor.Search:ASIAI0B -> (ImportResultId: 'a53bc62e8faa67ea6989e105ad5ab829') in 0.000730583 seconds
[Worker0] Imported GUID: d0821e88149544e9b53290bf15b8d100 - Path: Packages/com.unity.inputsystem/InputSystem/Editor/Internal/InputStateWindow.cs - Importer: ScriptedImporter/UnityEditor.QuickSearchModule:UnityEditor.Search:ASIAI0B -> (ImportResultId: '304c5f1bd79b091256b3f0e4ddcda4b9') in 0.000611583 seconds
[Worker1] Imported GUID: 4ae0b2f68c2464272b1b10105262b09b - Path: Packages/com.unity.inputsystem/InputSystem/Editor/Icons/Gamepad@3x.png - Importer: ScriptedImporter/UnityEditor.QuickSearchModule:UnityEditor.Search:ASIAI0B -> (ImportResultId: '5767692af511b18256a9e44a6d3b94f6') in 0.002002833 seconds
[Worker1] Imported GUID: 7ffe30fd9a2d64031a59c21418fb2067 - Path: Packages/com.unity.inputsystem/InputSystem/Plugins/Steam/SteamControllerType.cs - Importer: ScriptedImporter/UnityEditor.QuickSearchModule:UnityEditor.Search:ASIAI0B -> (ImportResultId: '3343f869975851933f44abcfda75c6f3') in 0.000688625 seconds
[Worker1] Imported GUID: 0962795d1cafc460b9027de55b1c0a80 - Path: Packages/com.unity.inputsystem/InputSystem/Editor/Icons/d_Button@2x.png - Importer: ScriptedImporter/UnityEditor.QuickSearchModule:UnityEditor.Search:ASIAI0B -> (ImportResultId: 'a8b4ea67489d9d6933a5be1fae3710a6') in 0.001965417 seconds
[Worker1] Imported GUID: 6247927155f224aa5a61c15611fcd34a - Path: Packages/com.unity.inputsystem/InputSystem/Plugins/PlayerInput/PlayerInputManagerEditor.cs - Importer: ScriptedImporter/UnityEditor.QuickSearchModule:UnityEditor.Search:ASIAI0B -> (ImportResultId: '1f72e2a6649ca5d7a8f7ff811e040bc8') in 0.001052541 seconds
[Worker0] Imported GUID: ca9f5fa95ffab41fb9a615ab714db018 - Path: Packages/com.unity.inputsystem/InputSystem/Plugins/PlayerInput/DefaultInputActions.inputactions - Importer: ScriptedImporter/UnityEditor.QuickSearchModule:UnityEditor.Search:ASIAI0B -> (ImportResultId: 'e309af930599b582abc159f84634c118') in 0.066097875 seconds
[Worker1] Imported GUID: d09b647cbe6a34b61a86d63fe01504b3 - Path: Assets/Editor - Importer: ScriptedImporter/UnityEditor.QuickSearchModule:UnityEditor.Search:ASIAI0B -> (ImportResultId: '17b2edfbcc01c3421a19358e8fcb6faf') in 0.000919958 seconds
[Worker0] Imported GUID: b6d36b1cdfcf14aacbb64fd51fe77979 - Path: Assets/Scenes/Nivel5_Escape.unity - Importer: ScriptedImporter/UnityEditor.QuickSearchModule:UnityEditor.Search:ASIAI0B -> (ImportResultId: '2fb60fd67ef5673b843b0fd93ec1cb47') in 0.001933542 seconds
[Worker1] Imported GUID: 76206f6891c65428e84a4d016819f8ab - Path: Assets/Scenes/Nivel2_Ruinas.unity - Importer: ScriptedImporter/UnityEditor.QuickSearchModule:UnityEditor.Search:ASIAI0B -> (ImportResultId: 'af84d0fc3bf94d98b3b4014050d889a2') in 0.001424417 seconds
[Worker1] Imported GUID: 3d2dbd5e535742a18f979fdaa69e3627 - Path: Packages/com.unity.inputsystem/InputSystem/Plugins/XInput/IXboxOneRumble.cs - Importer: ScriptedImporter/UnityEditor.QuickSearchModule:UnityEditor.Search:ASIAI0B -> (ImportResultId: 'de9f5d8b31c9ae0874a9e4b09311877c') in 0.00078075 seconds
[Worker0] Imported GUID: 7b68264611f07452688dec2f79a5d942 - Path: Assets/Sprites/Hazard.png - Importer: ScriptedImporter/UnityEditor.QuickSearchModule:UnityEditor.Search:ASIAI0B -> (ImportResultId: 'd347500464809e731bf7c6e40630fe76') in 0.002195125 seconds
[Worker1] Imported GUID: 129669c532f9840c7b21e65ac60372ff - Path: Assets/Scenes/Nivel1_Bosque.unity - Importer: ScriptedImporter/UnityEditor.QuickSearchModule:UnityEditor.Search:ASIAI0B -> (ImportResultId: '62c62718f3fdb3d576863e836eeac0e1') in 0.001230125 seconds
[Worker0] Imported GUID: 4cc0c6a7fa1c14a518fec64497f4937f - Path: Packages/com.unity.inputsystem/InputSystem/Plugins/EnhancedTouch/TouchHistory.cs - Importer: ScriptedImporter/UnityEditor.QuickSearchModule:UnityEditor.Search:ASIAI0B -> (ImportResultId: 'dae82e7c48963e1168233bc13257934a') in 0.000934542 seconds
[Worker1] Imported GUID: 110e42b335c6744e482ada733cbda674 - Path: Packages/com.unity.inputsystem/InputSystem/Controls/Processors/AxisDeadzoneProcessor.cs - Importer: ScriptedImporter/UnityEditor.QuickSearchModule:UnityEditor.Search:ASIAI0B -> (ImportResultId: 'f95bfb137ede2f2a7ef1c46d4eb92b02') in 0.000825708 seconds
[Worker0] Imported GUID: bdf4b325f88d407f9013b427a6b33c58 - Path: Packages/com.unity.inputsystem/InputSystem/State/IInputStateTypeInfo.cs - Importer: ScriptedImporter/UnityEditor.QuickSearchModule:UnityEditor.Search:ASIAI0B -> (ImportResultId: '58f3d41a8d76182489d583b90d661a0e') in 0.000759 seconds
[Worker0] Imported GUID: e5a64639c3eeaf5429cee8a5cb3c38d2 - Path: Packages/com.unity.inputsystem/InputSystem/Editor/InputDiagnostics.cs - Importer: ScriptedImporter/UnityEditor.QuickSearchModule:UnityEditor.Search:ASIAI0B -> (ImportResultId: 'cad7b335ecdfc163db588c81842d52c3') in 0.000740125 seconds
[Worker1] Imported GUID: c4d706f0363fb48d99d70236ea243e49 - Path: Assets/Sprites/Crystal.png - Importer: ScriptedImporter/UnityEditor.QuickSearchModule:UnityEditor.Search:ASIAI0B -> (ImportResultId: 'bbb20bc5222c4f1667632317c5097ee4') in 0.00295075 seconds
[Worker0] Imported GUID: a1b7d9ffed68a47128c5622c13ba4752 - Path: Packages/com.unity.inputsystem/InputSystem/Editor/Icons/d_Dpad@3x.png - Importer: ScriptedImporter/UnityEditor.QuickSearchModule:UnityEditor.Search:ASIAI0B -> (ImportResultId: 'ff4c6341f0d39c2133e722e178e7c7cb') in 0.002207834 seconds
[Worker1] Imported GUID: 9af5cfc54cf34eb1ac27c9c90a9a7440 - Path: Packages/com.unity.inputsystem/InputSystem/Events/DeviceRemoveEvent.cs - Importer: ScriptedImporter/UnityEditor.QuickSearchModule:UnityEditor.Search:ASIAI0B -> (ImportResultId: '73be4ef6d256a05eb238b6885a7ac27f') in 0.000838625 seconds
[Worker0] Imported GUID: 6e4e169a1433dc94cb99eff69a1c6be8 - Path: Packages/com.unity.inputsystem/InputSystem/Utilities/PredictiveParser.cs - Importer: ScriptedImporter/UnityEditor.QuickSearchModule:UnityEditor.Search:ASIAI0B -> (ImportResultId: '8cb4f125393d4e888ee0db4e40a6a597') in 0.000799042 seconds
[Worker1] Imported GUID: 4e9c0b68df9234a0bad68ad7e0391330 - Path: Packages/com.unity.inputsystem/InputSystem/Actions/Composites/Vector2Composite.cs - Importer: ScriptedImporter/UnityEditor.QuickSearchModule:UnityEditor.Search:ASIAI0B -> (ImportResultId: '4d95e6cbc74f6f836d63ace0a76be52f') in 0.000702583 seconds
[Worker0] Imported GUID: 425bde5d5c63e4c5d8d95b068a911236 - Path: Packages/com.unity.inputsystem/InputSystem/Plugins/Steam/IStreamControllerAPI.cs - Importer: ScriptedImporter/UnityEditor.QuickSearchModule:UnityEditor.Search:ASIAI0B -> (ImportResultId: 'fab72f78f25df568f3de75b948b09a2f') in 0.000645709 seconds
[Worker1] Imported GUID: 0e0c005ff24ec4cfb951eefa16239b9b - Path: Packages/com.unity.inputsystem/InputSystem/Utilities/NamedValue.cs - Importer: ScriptedImporter/UnityEditor.QuickSearchModule:UnityEditor.Search:ASIAI0B -> (ImportResultId: '94abd5e6855337692357cd96b5e3d207') in 0.000809959 seconds
[Worker1] Imported GUID: df9f1a9604d91428aa7ff33f595e57ae - Path: Assets/Editor/UmbraLevelBuilder.cs - Importer: ScriptedImporter/UnityEditor.QuickSearchModule:UnityEditor.Search:ASIAI0B -> (ImportResultId: '3031177540e4e16509970ae78f0213f5') in 0.000830834 seconds
[Worker0] Imported GUID: 86d296bd5925944e89dfbed2e27686b4 - Path: Assets/Scenes/Nivel3_Fabrica.unity - Importer: ScriptedImporter/UnityEditor.QuickSearchModule:UnityEditor.Search:ASIAI0B -> (ImportResultId: 'f6eee8b02ad2e5bd8184cd81d7981c37') in 0.001597125 seconds
[Worker1] Imported GUID: 01614664b831546d2ae94a42149d80ac - Path: Packages/com.unity.inputsystem/InputSystem/Plugins/UI/InputSystemUIInputModule.cs - Importer: ScriptedImporter/UnityEditor.QuickSearchModule:UnityEditor.Search:ASIAI0B -> (ImportResultId: '087a61f68340ef0f1c996559b107a8d3') in 0.000974375 seconds
[Worker1] Imported GUID: 47449b4dc481d4fce97c1a262b710f01 - Path: Assets/Scenes/Nivel4_Cavernas.unity - Importer: ScriptedImporter/UnityEditor.QuickSearchModule:UnityEditor.Search:ASIAI0B -> (ImportResultId: '46092c1e224cfb14ade5cd8a84437958') in 0.001151167 seconds
[Worker0] Imported GUID: f4aad3caed1cc4627bd9b2763c2dd98e - Path: Assets/Sprites/Ground.png - Importer: ScriptedImporter/UnityEditor.QuickSearchModule:UnityEditor.Search:ASIAI0B -> (ImportResultId: '17a121ea23fc615ae698a3f0afafd001') in 0.002693542 seconds
[Worker1] Imported GUID: 7f7d79a325939429ea8b37e018fa903d - Path: Assets/Sprites/Fog.png - Importer: ScriptedImporter/UnityEditor.QuickSearchModule:UnityEditor.Search:ASIAI0B -> (ImportResultId: '8fdfd383d6a34a8548ec6689e0ae3114') in 0.0021635 seconds
[Worker0] Imported GUID: 70f56ff96fe2647bd97b5a6c07dc194c - Path: Assets/Sprites/Box.png - Importer: ScriptedImporter/UnityEditor.QuickSearchModule:UnityEditor.Search:ASIAI0B -> (ImportResultId: 'd9a1c1601d0fcbea841a516b69debb0d') in 0.002199833 seconds
[Worker1] Imported GUID: 16d9da7caddbf4772911a8341cbdc370 - Path: Assets/Sprites/Player.png - Importer: ScriptedImporter/UnityEditor.QuickSearchModule:UnityEditor.Search:ASIAI0B -> (ImportResultId: '8deec8589a78376dfa99c40bedbe5272') in 0.002072167 seconds
[Worker0] Imported GUID: 0068f400a72d84c92a1b8f5889a574b2 - Path: Packages/com.unity.inputsystem/InputSystem/Editor/Icons/d_ChevronDown@2x.png - Importer: ScriptedImporter/UnityEditor.QuickSearchModule:UnityEditor.Search:ASIAI0B -> (ImportResultId: 'c916849cf30da2da8a555024c18ff1ed') in 0.00236075 seconds
[Worker1] Imported GUID: 7be622e2320c433e83fcfd2dbb7bd468 - Path: Packages/com.unity.inputsystem/InputSystem - Importer: ScriptedImporter/UnityEditor.QuickSearchModule:UnityEditor.Search:ASIAI0B -> (ImportResultId: '5ad2b993f0514a2797f1723c992d9608') in 0.000761667 seconds
[Worker0] Imported GUID: 060ae4265f580481f9bc2f2e7ab367ef - Path: Packages/com.unity.inputsystem/InputSystem/Editor/AssetEditor/PropertiesViewBase.cs - Importer: ScriptedImporter/UnityEditor.QuickSearchModule:UnityEditor.Search:ASIAI0B -> (ImportResultId: '3d46b4c0bf740c5dfd82723c31381b3a') in 0.000852709 seconds
Worker ready: AssetImportWorkerHW2 2
Worker ready: AssetImportWorkerHW3 3
Importing 'GUID: 15dd6f89c6b864607bcff312093e462d - Path: Assets/Sprites/2.jpeg' with importer (TextureImporter)
Imported 'GUID: 15dd6f89c6b864607bcff312093e462d' -> (Import Result ID: '3d58a3e1a9d04f814cf4a48dce22f758') in 0.023 seconds [static and dynamic dependencies]. Details - ImportResultOutputID=7660df400b1b88e531eb6dc5aa4c975a DependenciesID=1837b4792baea2c100c92c1bb9b7954e StaticDependenciesID=b711332dbc24d72aa0777cdb94879e3a 
Importing 'GUID: 4691547cc97ed4681a87ccbf98963092 - Path: Assets/Sprites/3.jpeg' with importer (TextureImporter)
Imported 'GUID: 4691547cc97ed4681a87ccbf98963092' -> (Import Result ID: 'f871843d6f81bc787a20347681e832cf') in 0.015 seconds [static and dynamic dependencies]. Details - ImportResultOutputID=334f0350c3af5549205b78be811ae190 DependenciesID=893bbe3d1ee6415cbf3cb311c36ef9e7 StaticDependenciesID=d3fa9a41cc398edb0d7f050252a6530c 
Importing 'GUID: c6c1d7a196c4a4ac0ba57d0b092310ad - Path: Assets/Sprites/1.jpeg' with importer (TextureImporter)
Imported 'GUID: c6c1d7a196c4a4ac0ba57d0b092310ad' -> (Import Result ID: '47c5996e581f4ad2365161834217f417') in 0.013 seconds [static and dynamic dependencies]. Details - ImportResultOutputID=815e9b48b0cb29a5ef8a761b830f3c62 DependenciesID=118055f6c0b575460a7e9bcfd953ea91 StaticDependenciesID=6dd66e85f0bd5e581d3345dfe9bd541a 
Asset Pipeline Refresh (id=70eca6f1ebeaf4382ae292315dfde4fa): Total: 0.085 seconds - Initiated by RefreshV2(NoUpdateAssetOptions)
[Worker0] Imported GUID: 4691547cc97ed4681a87ccbf98963092 - Path: Assets/Sprites/3.jpeg - Importer: PreviewImporter -> (ImportResultId: '2f35206f0d2a205999da65a5efe4795b') in 0.019774625 seconds
[Worker3] Imported GUID: c6c1d7a196c4a4ac0ba57d0b092310ad - Path: Assets/Sprites/1.jpeg - Importer: PreviewImporter -> (ImportResultId: '7aa86ec4fbba0cab906c1c79a2ebea50') in 0.072841042 seconds
[Worker2] Imported GUID: 15dd6f89c6b864607bcff312093e462d - Path: Assets/Sprites/2.jpeg - Importer: PreviewImporter -> (ImportResultId: '6cde8e6d6f344144fb6c0f28699596e3') in 0.072845375 seconds
[Worker0] Imported GUID: c6c1d7a196c4a4ac0ba57d0b092310ad - Path: Assets/Sprites/1.jpeg - Importer: ScriptedImporter/UnityEditor.QuickSearchModule:UnityEditor.Search:ASIAI0B -> (ImportResultId: 'fad6a27ed373f62047efbaead904f082') in 0.00703925 seconds
[Worker2] Imported GUID: 15dd6f89c6b864607bcff312093e462d - Path: Assets/Sprites/2.jpeg - Importer: ScriptedImporter/UnityEditor.QuickSearchModule:UnityEditor.Search:ASIAI0B -> (ImportResultId: '4323f1372c44dc98bc73e8ca591f1ca1') in 0.088343292 seconds
[Worker3] Imported GUID: 4691547cc97ed4681a87ccbf98963092 - Path: Assets/Sprites/3.jpeg - Importer: ScriptedImporter/UnityEditor.QuickSearchModule:UnityEditor.Search:ASIAI0B -> (ImportResultId: 'e2bccda78daab89d3b5c2a01f6cfdfaa') in 0.088382 seconds
Asset Pipeline Refresh (id=b3f4d1b6ccc2a4228a37c06ccf842f93): Total: 0.013 seconds - Initiated by RefreshV2(AllowForceSynchronousImport)
2026-08-27 03:32:44.126 Unity[50702:8275043] NSEventModifierFlagFunction specified to -setKeyEquivalentModifierMask: for item <NSMenuItem: 0x75e429040 SDF, ke='Command-F12'>, but is only supported for system-provided menu items; will not be used
2026-08-27 03:32:52.254 Unity[50702:8275043] NSEventModifierFlagFunction specified to -setKeyEquivalentModifierMask: for item <NSMenuItem: 0x75e42a1c0 SDF, ke='Command-F12'>, but is only supported for system-provided menu items; will not be used
Asset Pipeline Refresh (id=ad629f82760b44461bfe2a9f2e7216d5): Total: 0.020 seconds - Initiated by RefreshV2(AllowForceSynchronousImport)
Importing 'GUID: 9f8cabc93f43547eeaaf1ccb86f436ad - Path: Assets/Sprites/4.jpeg' with importer (TextureImporter)
Imported 'GUID: 9f8cabc93f43547eeaaf1ccb86f436ad' -> (Import Result ID: '13e1e830147ac8ca4d3639c2b7985754') in 0.018 seconds [static and dynamic dependencies]. Details - ImportResultOutputID=8699bf8541c9d7c753d94a734a07bdac DependenciesID=ac3f19f34e0a2cbd8a915b6c3d17059f StaticDependenciesID=dd96a4822c2f221f5d520734ff919d7c 
Asset Pipeline Refresh (id=fed033c752dee43a1b41792a0c33d8d6): Total: 0.039 seconds - Initiated by RefreshV2(NoUpdateAssetOptions)
[Worker2] Imported GUID: 9f8cabc93f43547eeaaf1ccb86f436ad - Path: Assets/Sprites/4.jpeg - Importer: PreviewImporter -> (ImportResultId: '5b87ede63873f67e86f88596fa033599') in 0.006914375 seconds
[Worker2] Imported GUID: 9f8cabc93f43547eeaaf1ccb86f436ad - Path: Assets/Sprites/4.jpeg - Importer: ScriptedImporter/UnityEditor.QuickSearchModule:UnityEditor.Search:ASIAI0B -> (ImportResultId: 'f68e65289945a8d2b9eedd6ee21e7b5c') in 0.005952459 seconds
Asset Pipeline Refresh (id=3db87d20de2a34ab89968b7c3d29bf21): Total: 0.012 seconds - Initiated by RefreshV2(AllowForceSynchronousImport)
Asset Pipeline Refresh (id=dae8646dabb2e4b0083564f4aad96f10): Total: 0.013 seconds - Initiated by RefreshV2(AllowForceSynchronousImport)
[Licensing::Client] Successfully updated the access token
[Licensing::Module] Successfully updated access token: "P3iO9Nda"... (expires: 2026-08-27T10:36:22Z)
Asset Pipeline Refresh (id=d57fc43ee5d4743f4b181c4dd0b55e83): Total: 0.017 seconds - Initiated by RefreshV2(AllowForceSynchronousImport)
Importing 'GUID: 9f8cabc93f43547eeaaf1ccb86f436ad - Path: Assets/Sprites/4.jpeg' with importer (TextureImporter)
Imported 'GUID: 9f8cabc93f43547eeaaf1ccb86f436ad' -> (Import Result ID: '161b977102b3f6544ced1739148315c0') in 0.009 seconds [static and dynamic dependencies]. Details - ImportResultOutputID=fe65baa64bb46fbcd0cb894c3dfa10b1 DependenciesID=24016f086c177abba8c8ed42cb3b582a StaticDependenciesID=aa08904fe929deb79608b4e90a62c558 
Asset Pipeline Refresh (id=a6226c298d2f84ce58b8f274558e0a58): Total: 0.018 seconds - Initiated by StopAssetImportingV2(NoUpdateAssetOptions)
[Worker2] Imported GUID: 9f8cabc93f43547eeaaf1ccb86f436ad - Path: Assets/Sprites/4.jpeg - Importer: PreviewImporter -> (ImportResultId: '55a9f532322fbd44a36c18e20bfd0dd6') in 0.006964167 seconds
[Worker2] Imported GUID: 9f8cabc93f43547eeaaf1ccb86f436ad - Path: Assets/Sprites/4.jpeg - Importer: ScriptedImporter/UnityEditor.QuickSearchModule:UnityEditor.Search:ASIAI0B -> (ImportResultId: '3e67051b4f891bd89c2f8f0f39a5adb6') in 0.00354425 seconds
Importing 'GUID: 4691547cc97ed4681a87ccbf98963092 - Path: Assets/Sprites/3.jpeg' with importer (TextureImporter)
Imported 'GUID: 4691547cc97ed4681a87ccbf98963092' -> (Import Result ID: 'a6374a030ecf676446e811f3a5ddf3fb') in 0.009 seconds [static and dynamic dependencies]. Details - ImportResultOutputID=65fbf3e9ae0bce2c4a10bf1d5c8ab71e DependenciesID=d0fb9cd6f7c8560b997f21d9e4d41dc1 StaticDependenciesID=e0db0154666093dce2d7125aec5c9ef1 
Asset Pipeline Refresh (id=969e5a089d97e4b748817e8680a61617): Total: 0.021 seconds - Initiated by StopAssetImportingV2(NoUpdateAssetOptions)
[Worker2] Imported GUID: 4691547cc97ed4681a87ccbf98963092 - Path: Assets/Sprites/3.jpeg - Importer: PreviewImporter -> (ImportResultId: '1565ce995158975b67d4467f5a94055b') in 0.00657375 seconds
[Worker2] Imported GUID: 4691547cc97ed4681a87ccbf98963092 - Path: Assets/Sprites/3.jpeg - Importer: ScriptedImporter/UnityEditor.QuickSearchModule:UnityEditor.Search:ASIAI0B -> (ImportResultId: 'e574291df9d3025d97b8b5c6c3cd086a') in 0.002317791 seconds
Importing 'GUID: c6c1d7a196c4a4ac0ba57d0b092310ad - Path: Assets/Sprites/1.jpeg' with importer (TextureImporter)
Imported 'GUID: c6c1d7a196c4a4ac0ba57d0b092310ad' -> (Import Result ID: '1934bf2f1b61c2d0ed797946a868c350') in 0.009 seconds [static and dynamic dependencies]. Details - ImportResultOutputID=c9c29f297b21f919555398d329266151 DependenciesID=b8c90d91cf9f5178fec5c3f12d57102b StaticDependenciesID=6c87ae49d47c9feb88b793604fd86791 
Asset Pipeline Refresh (id=4ff3d831e6ad1402a863b184312f8dc8): Total: 0.017 seconds - Initiated by StopAssetImportingV2(NoUpdateAssetOptions)
[Worker2] Imported GUID: c6c1d7a196c4a4ac0ba57d0b092310ad - Path: Assets/Sprites/1.jpeg - Importer: PreviewImporter -> (ImportResultId: '1d4d0b52b4b14a4c8ee72d846734ebdc') in 0.006544292 seconds
[Worker2] Imported GUID: c6c1d7a196c4a4ac0ba57d0b092310ad - Path: Assets/Sprites/1.jpeg - Importer: ScriptedImporter/UnityEditor.QuickSearchModule:UnityEditor.Search:ASIAI0B -> (ImportResultId: '8381eb1c952c5cafb9582e3a0b4e1716') in 0.002739792 seconds
Importing 'GUID: 15dd6f89c6b864607bcff312093e462d - Path: Assets/Sprites/2.jpeg' with importer (TextureImporter)
Imported 'GUID: 15dd6f89c6b864607bcff312093e462d' -> (Import Result ID: 'c2cf757ef5780a7d9d2379b7a46a37ae') in 0.009 seconds [static and dynamic dependencies]. Details - ImportResultOutputID=081bd5bbcc898e521ee47984f2601b94 DependenciesID=96fc7dcff69f53050d8ba55d9fbdd5e3 StaticDependenciesID=392c188144a1c50dbec1d0e5446a3ad2 
Asset Pipeline Refresh (id=7681200d0e1974690a53b25e2bb53210): Total: 0.016 seconds - Initiated by StopAssetImportingV2(NoUpdateAssetOptions)
[Worker2] Imported GUID: 15dd6f89c6b864607bcff312093e462d - Path: Assets/Sprites/2.jpeg - Importer: PreviewImporter -> (ImportResultId: '0f9722ad826504060d323114e0f94a1c') in 0.006427917 seconds
[Worker2] Imported GUID: 15dd6f89c6b864607bcff312093e462d - Path: Assets/Sprites/2.jpeg - Importer: ScriptedImporter/UnityEditor.QuickSearchModule:UnityEditor.Search:ASIAI0B -> (ImportResultId: '3f123aed527f4cab593c306231b6a430') in 0.002149541 seconds
Asset Pipeline Refresh (id=9dd01bf61e6cd4fe390b2e9dc41630bb): Total: 0.019 seconds - Initiated by RefreshV2(AllowForceSynchronousImport)
Asset Pipeline Refresh (id=d6356d849aa324c789a6b66f139e043a): Total: 0.018 seconds - Initiated by RefreshV2(AllowForceSynchronousImport)
Asset Pipeline Refresh (id=4f9acce0f8a8d4f049d538174bffa9a1): Total: 0.016 seconds - Initiated by RefreshV2(AllowForceSynchronousImport)
Asset Pipeline Refresh (id=2f6c5b14cc211470293b8b1ee4c60903): Total: 0.022 seconds - Initiated by RefreshV2(AllowForceSynchronousImport)
Asset Pipeline Refresh (id=7c4ffdbf36f2846c9836a46dbfdd270a): Total: 0.021 seconds - Initiated by RefreshV2(AllowForceSynchronousImport)
[Licensing::Client] Successfully resolved entitlement details
Asset Pipeline Refresh (id=385bcebbb331646dc9feb9b6a446ff0c): Total: 0.033 seconds - Initiated by RefreshV2(AllowForceSynchronousImport)
[Licensing::Client] Successfully resolved entitlement details
[Licensing::Client] Successfully updated the access token
[Licensing::Module] Successfully updated access token: "NYUfNjmC"... (expires: 2026-08-27T12:36:11Z)
[ScriptCompilation] Requested script compilation because: AssetDatabase observed changes in script compilation related files
[Licensing::Client] Successfully resolved entitlement details
info: Microsoft.AspNetCore.Hosting.Diagnostics[1]
      Request starting HTTP/2 POST http://ilpp/UnityILPP.PostProcessing/Ping - application/grpc -
info: Microsoft.AspNetCore.Routing.EndpointMiddleware[0]
      Executing endpoint 'gRPC - /UnityILPP.PostProcessing/Ping'
info: Microsoft.AspNetCore.Routing.EndpointMiddleware[1]
      Executed endpoint 'gRPC - /UnityILPP.PostProcessing/Ping'
info: Microsoft.AspNetCore.Hosting.Diagnostics[2]
      Request finished HTTP/2 POST http://ilpp/UnityILPP.PostProcessing/Ping - 200 - application/grpc 1.8226ms
Starting: /Applications/Unity/Hub/Editor/6000.5.2f1/Unity.app/Contents/Resources/BuildPipeline/bee_backend --ipc --defer-dag-verification --dagfile="Library/Bee/200b0aE.dag" --continue-on-failure --profile="Library/Bee/backend1.traceevents" ScriptAssemblies
WorkingDir: /Users/andrew/ProyectosPersonales/Umbra/My project
ExitCode: 0 Duration: 1s57ms
[264/267    1s] Csc Library/Bee/artifacts/200b0aE.dag/Assembly-CSharp-Editor.dll (+2 others)
[265/267    0s] CopyFiles Library/ScriptAssemblies/Assembly-CSharp-Editor.pdb
[266/267    0s] CopyFiles Library/ScriptAssemblies/Assembly-CSharp-Editor.dll
*** Tundra build success (1.03 seconds), 3 items updated, 267 evaluated
Reloading assemblies after forced synchronous recompile.
Begin MonoManager ReloadAssembly
2026-08-27 05:40:47.526 Unity[50702:8275043] NSEventModifierFlagFunction specified to -setKeyEquivalentModifierMask: for item <NSMenuItem: 0x75e4f69e0 SDF, ke='Command-F12'>, but is only supported for system-provided menu items; will not be used
2026-08-27 05:40:47.528 Unity[50702:8275043] NSEventModifierFlagFunction specified to -setKeyEquivalentModifierMask: for item <NSMenuItem: 0x75e4e2a80 SDF, ke='Command-F12'>, but is only supported for system-provided menu items; will not be used
2026-08-27 05:40:47.530 Unity[50702:8275043] NSEventModifierFlagFunction specified to -setKeyEquivalentModifierMask: for item <NSMenuItem: 0x75e4e1040 SDF, ke='Command-F12'>, but is only supported for system-provided menu items; will not be used
2026-08-27 05:40:47.532 Unity[50702:8275043] NSEventModifierFlagFunction specified to -setKeyEquivalentModifierMask: for item <NSMenuItem: 0x75e4f1180 SDF, ke='Command-F12'>, but is only supported for system-provided menu items; will not be used
Total cache size 157736056
Total cache size after purge 157736056, took 00:00:00.1161422
Thread 0x178e37000 may have been prematurely finalized
Native extension for OSXStandalone target not found
Native extension for WebGL target not found
[MODES] ModeService[none].Initialize
[MODES] ModeService[none].LoadModes
2026-08-27 05:40:48.175 Unity[50702:8275043] NSEventModifierFlagFunction specified to -setKeyEquivalentModifierMask: for item <NSMenuItem: 0x75e4f0460 SDF, ke='Command-F12'>, but is only supported for system-provided menu items; will not be used
ScheduleIndexationOnStartup MainProcess:True IndexOnStartup:True
Mono: successfully reloaded assembly
- Finished resetting the current domain, in  0.702 seconds
Domain Reload Profiling: 1036ms
	BeginReloadAssembly (248ms)
		DisableScriptedObjects (58ms)
		CreateAndSetChildDomain (62ms)
	RebuildCommonClasses (4ms)
	RebuildNativeTypeToScriptingClass (7ms)
	initialDomainReloadingComplete (17ms)
	LoadAllAssembliesAndSetupDomain (57ms)
		LoadAssemblies (59ms)
		AnalyzeDomain (14ms)
			TypeCache.Refresh (4ms)
			BuildScriptInfoCaches (9ms)
	FinalizeReload (703ms)
		SetupLoadedEditorAssemblies (0ms)
			BeforeProcessingInitializeOnLoad (75ms)
			ProcessInitializeOnLoadAttributes (83ms)
			ProcessInitializeOnLoadMethodAttributes (53ms)
		AwakeInstancesAfterBackupRestoration (246ms)

Asset Pipeline Refresh (id=624faa306391b488db1b59abf6a178dd): Total: 2.416 seconds - Initiated by RefreshV2(AllowForceSynchronousImport)
	(Values over 0.05ms)
	Summary:
		Imports: total=0 (actual=0, local cache=0, cache server=0)
		Asset DB Process Time: managed=0 ms, native=806 ms
		Asset DB Callback time: managed=17 ms, native=4 ms
		Scripting: domain reloads=1, domain reload time=349 ms, compile time=1 ms, other=0 ms
		Project Asset Count: scripts=273, non-scripts=309
		Asset File Changes: new=0, changed=1, moved=0, deleted=0
		Scan Filter Count: 1
	InvokePackagesCallback: 0.376ms
	ApplyChangesToAssetFolders: 0.097ms
	Scan: 29.091ms
	ProcessAssetsWithTransientArtifactChanges: 2.805ms
	CategorizeAssets: 3.732ms
	CompileScripts: 0.862ms
	ImportOutOfDateAssets: 705.592ms (704.259ms without children)
		UnloadImportedAssets: 0.153ms
		ImportSchedulerStart: 1.126ms
	PostProcessAllAssets: 17.434ms
		MonoPostProcessAllAssets: 17.085ms
			WindowAssetPostprocessingWatcher.OnPostprocessAllAssets 2.968ms
			AssetChangedListener.OnPostprocessAllAssets 2.777ms
			BuilderAssetPostprocessor.OnPostprocessAllAssets 2.750ms
			AssetPostprocessor.OnPostprocessAllAssets 1.603ms
			SyncVS.PostprocessSyncProject 0.618ms
			RetainedModeAssetPostprocessor.OnPostprocessAllAssets 0.485ms
			SpeedTree9Postprocessor.OnPostprocessAllAssets 0.410ms
			ArtifactBrowserPostProcessor.OnPostprocessAllAssets 0.304ms
			TMPro_TexturePostProcessor.OnPostprocessAllAssets 0.279ms
			AudioMixerPostprocessor.OnPostprocessAllAssets 0.153ms
			InputActionAssetPostprocessor.OnPostprocessAllAssets 0.152ms
			TextAssetPostProcessor.OnPostprocessAllAssets 0.141ms
			ReferencedClipsPostProcessor.OnPostprocessAllAssets 0.133ms
			InputActionJsonNameModifierAssetProcessor.OnPostprocessAllAssets 0.125ms
			ProjectSettingsPostprocessor.OnPostprocessAllAssets 0.124ms
			AssetEvents.OnPostprocessAllAssets 0.101ms
			StyleCatalogPostProcessor.OnPostprocessAllAssets 0.089ms
			SpeedTreePostProcessor.OnPostprocessAllAssets 0.078ms
			TerrainToolbarOverlayPostProcessor.OnPostprocessAllAssets 0.059ms
			AssetDatabaseCallbacks.OnPostprocessAllAssets 0.058ms
	PostAssetChangesProfiler: 3.573ms
	GenerateScriptTypeHashes: 0.402ms
	GenerateScriptTypeSerializationHashes: 0.843ms
	Untracked: 362.351ms

[Licensing::Client] Successfully resolved entitlement details
[Licensing::Client] Successfully resolved entitlement details
[Licensing::Client] Successfully resolved entitlement details
[Licensing::Client] Successfully updated the access token
[Licensing::Module] Successfully updated access token: "RmVutICs"... (expires: 2026-08-27T14:35:42Z)
[Licensing::Client] Successfully resolved entitlement details
